date,dividend_yield,close,trailing_12m_dividends
2018-01-02,0.0,94.21499633789062,0.0
2018-01-03,0.0,94.3550033569336,0.0
2018-01-04,0.0,95.01499938964844,0.0
2018-01-05,0.0,95.87000274658203,0.0
2018-01-08,0.0,96.44999694824219,0.0
2018-01-09,0.0,97.06999969482422,0.0
2018-01-10,0.0,96.93499755859375,0.0
2018-01-11,0.0,97.88500213623047,0.0
2018-01-12,0.0,99.38999938964844,0.0
2018-01-16,0.0,98.33000183105469,0.0
2018-01-17,0.0,99.49500274658203,0.0
2018-01-18,0.0,98.69499969482422,0.0
2018-01-19,0.0,99.40499877929688,0.0
2018-01-22,0.0,99.0,0.0
2018-01-23,0.0,98.67500305175781,0.0
2018-01-24,0.0,99.20500183105469,0.0
2018-01-25,0.0,100.69000244140625,0.0
2018-01-26,0.0,102.00499725341797,0.0
2018-01-29,0.0,102.125,0.0
2018-01-30,0.0,101.36000061035156,0.0
2018-01-31,0.0,101.625,0.0
2018-02-01,0.0,102.20500183105469,0.0
2018-02-02,0.0,100.12000274658203,0.0
2018-02-05,0.0,94.91999816894531,0.0
2018-02-06,0.0,95.9800033569336,0.0
2018-02-07,0.0,97.29000091552734,0.0
2018-02-08,0.0,94.17500305175781,0.0
2018-02-09,0.0,95.6050033569336,0.0
2018-02-12,0.0,96.9749984741211,0.0
2018-02-13,0.0,97.3499984741211,0.0
2018-02-14,0.0,98.93499755859375,0.0
2018-02-15,0.0,101.30000305175781,0.0
2018-02-16,0.0,101.38500213623047,0.0
2018-02-20,0.0,100.54000091552734,0.0
2018-02-21,0.0,100.55500030517578,0.0
2018-02-22,0.0,100.92500305175781,0.0
2018-02-23,0.0,101.55000305175781,0.0
2018-02-26,0.0,102.6500015258789,0.0
2018-02-27,0.0,101.43000030517578,0.0
2018-02-28,0.0,101.43499755859375,0.0
2018-03-01,0.0,99.4000015258789,0.0
2018-03-02,0.0,99.79499816894531,0.0
2018-03-05,0.0,100.58999633789062,0.0
2018-03-06,0.0,100.41999816894531,0.0
2018-03-07,0.0,100.7249984741211,0.0
2018-03-08,0.0,101.11499786376953,0.0
2018-03-09,0.0,102.54499816894531,0.0
2018-03-12,0.0,100.7699966430664,0.0
2018-03-13,0.0,100.48999786376953,0.0
2018-03-14,0.0,99.3499984741211,0.0
2018-03-15,0.0,99.30500030517578,0.0
2018-03-16,0.0,99.08000183105469,0.0
2018-03-19,0.0,99.34500122070312,0.0
2018-03-20,0.0,100.02999877929688,0.0
2018-03-21,0.0,100.24500274658203,0.0
2018-03-22,0.002153529040988675,97.05000305175781,0.209
2018-03-23,0.0021466721311603873,97.36000061035156,0.209
2018-03-26,0.0020918826177489446,99.91000366210938,0.209
2018-03-27,0.002125495739937975,98.33000183105469,0.209
2018-03-28,0.002142490963215135,97.55000305175781,0.209
2018-03-29,0.002111537612767311,98.9800033569336,0.209
2018-04-02,0.0021439195639478418,97.48500061035156,0.209
2018-04-03,0.002117313361751173,98.70999908447266,0.209
2018-04-04,0.002104627152285572,99.30500030517578,0.209
2018-04-05,0.002073824196581898,100.77999877929688,0.209
2018-04-06,0.0021258200153588948,98.31500244140625,0.209
2018-04-09,0.002131674271030773,98.04499816894531,0.209
2018-04-10,0.002112604865614921,98.93000030517578,0.209
2018-04-11,0.002111111111111111,99.0,0.209
2018-04-12,0.002086348825884389,100.17500305175781,0.209
2018-04-13,0.0020943982170810818,99.79000091552734,0.209
2018-04-16,0.0020725903172357438,100.83999633789062,0.209
2018-04-17,0.0020524403048401215,101.83000183105469,0.209
2018-04-18,0.0020349544450015784,102.70500183105469,0.209
2018-04-19,0.002030900714824793,102.91000366210938,0.209
2018-04-20,0.0020423120327335955,102.33499908447266,0.209
2018-04-23,0.002040218615960538,102.44000244140625,0.209
2018-04-24,0.002088120767778266,100.08999633789062,0.209
2018-04-25,0.0021084489281210594,99.125,0.209
2018-04-26,0.0021096194674856644,99.06999969482422,0.209
2018-04-27,0.0021405161952731196,97.63999938964844,0.209
2018-04-30,0.0021731218442231186,96.17500305175781,0.209
2018-05-01,0.0022144522788956856,94.37999725341797,0.209
2018-05-02,0.0022267206332933897,93.86000061035156,0.209
2018-05-03,0.002223759096054957,93.98500061035156,0.209
2018-05-04,0.0021976866808980414,95.0999984741211,0.209
2018-05-07,0.002168499750528766,96.37999725341797,0.209
2018-05-08,0.0021358131197201694,97.8550033569336,0.209
2018-05-09,0.0021146355232054092,98.83499908447266,0.209
2018-05-10,0.0021105781043121775,99.0250015258789,0.209
2018-05-11,0.0021061117419713953,99.23500061035156,0.209
2018-05-14,0.0021178497762631776,98.68499755859375,0.209
2018-05-15,0.0021288514744411597,98.17500305175781,0.209
2018-05-16,0.0021284179505019767,98.19499969482422,0.209
2018-05-17,0.0021135662181820847,98.88500213623047,0.209
2018-05-18,0.0020994474494524847,99.55000305175781,0.209
2018-05-21,0.0020683854103352643,101.04499816894531,0.209
2018-05-22,0.0020956582068085284,99.7300033569336,0.209
2018-05-23,0.0020813623272863207,100.41500091552734,0.209
2018-05-24,0.002067260169677435,101.0999984741211,0.209
2018-05-25,0.002077121787865381,100.62000274658203,0.209
2018-05-29,0.0021011359951255324,99.47000122070312,0.209
2018-05-30,0.0020739270338421085,100.7750015258789,0.209
2018-05-31,0.0020995530046149617,99.54499816894531,0.209
2018-06-01,0.002078981423831882,100.52999877929688,0.209
2018-06-04,0.0020714604980797396,100.8949966430664,0.209
2018-06-05,0.0020712551660312935,100.90499877929688,0.209
2018-06-06,0.00205133234154077,101.88500213623047,0.209
2018-06-07,0.002053146065714649,101.79499816894531,0.209
2018-06-08,0.0020390243902439023,102.5,0.209
2018-06-11,0.002046812249052247,102.11000061035156,0.209
2018-06-12,0.0020664425673448334,101.13999938964844,0.209
2018-06-13,0.0020774314698692956,100.6050033569336,0.209
2018-06-14,0.00209261576971214,99.875,0.209
2018-06-15,0.00210240410724038,99.41000366210938,0.209
2018-06-18,0.002100502512562814,99.5,0.209
2018-06-19,0.0021503163810507172,97.19499969482422,0.209
2018-06-20,0.002141283672064473,97.6050033569336,0.209
2018-06-21,0.002163785152955978,96.58999633789062,0.209
2018-06-22,0.0021575306500894505,96.87000274658203,0.209
2018-06-25,0.0021783313425897542,95.94499969482422,0.209
2018-06-26,0.004430807789005435,96.1449966430664,0.426
2018-06-27,0.00446283580564982,95.45500183105469,0.426
2018-06-28,0.004439812543504248,95.94999694824219,0.426
2018-06-29,0.004426663867596808,96.23500061035156,0.426
2018-07-02,0.004416338420519164,96.45999908447266,0.426
2018-07-03,0.004414050259771748,96.51000213623047,0.426
2018-07-05,0.004409253319041363,96.61499786376953,0.426
2018-07-06,0.004400144494731805,96.81500244140625,0.426
2018-07-09,0.004326630143826409,98.45999908447266,0.426
2018-07-10,0.004311086267012974,98.81500244140625,0.426
2018-07-11,0.004372594166342331,97.42500305175781,0.426
2018-07-12,0.004300206828864363,99.06500244140625,0.426
2018-07-13,0.004259148313314118,100.0199966430664,0.426
2018-07-16,0.004247046495228595,100.30500030517578,0.426
2018-07-17,0.004220328806186476,100.94000244140625,0.426
2018-07-18,0.004192706913295225,101.6050033569336,0.426
2018-07-19,0.004203878263667691,101.33499908447266,0.426
2018-07-20,0.004199319841111249,101.44499969482422,0.426
2018-07-23,0.0042419714917055545,100.42500305175781,0.426
2018-07-24,0.00421469218760544,101.07499694824219,0.426
2018-07-25,0.0042128163412693265,101.12000274658203,0.426
2018-07-26,0.004167074107516472,102.2300033569336,0.426
2018-07-27,0.004184675709522428,101.80000305175781,0.426
2018-07-30,0.00424514206753934,100.3499984741211,0.426
2018-07-31,0.0041391372675766295,102.91999816894531,0.426
2018-08-01,0.004163205596922504,102.32499694824219,0.426
2018-08-02,0.004166870420665565,102.23500061035156,0.426
2018-08-03,0.004180979512728112,101.88999938964844,0.426
2018-08-06,0.0041879669178896545,101.72000122070312,0.426
2018-08-07,0.004169929372839297,102.16000366210938,0.426
2018-08-08,0.004175447131867418,102.0250015258789,0.426
2018-08-09,0.004182826794580099,101.84500122070312,0.426
2018-08-10,0.004199733920769524,101.43499755859375,0.426
2018-08-13,0.004204915706898702,101.30999755859375,0.426
2018-08-14,0.00417176721257265,102.11499786376953,0.426
2018-08-15,0.004224723596646501,100.83499908447266,0.426
2018-08-16,0.004167278125299699,102.2249984741211,0.426
2018-08-17,0.004144976829727728,102.7750015258789,0.426
2018-08-20,0.004119922569763027,103.4000015258789,0.426
2018-08-21,0.004092022345356637,104.1050033569336,0.426
2018-08-22,0.004122713562867376,103.33000183105469,0.426
2018-08-23,0.004147600075915113,102.70999908447266,0.426
2018-08-24,0.00412171628042835,103.3550033569336,0.426
2018-08-27,0.00408888045287343,104.18499755859375,0.426
2018-08-28,0.004079678294101839,104.41999816894531,0.426
2018-08-29,0.004082610522941631,104.34500122070312,0.426
2018-08-30,0.004120719784464063,103.37999725341797,0.426
2018-08-31,0.004106617800101406,103.73500061035156,0.426
2018-09-04,0.004104244014789684,103.79499816894531,0.426
2018-09-05,0.004093988743939395,104.05500030517578,0.426
2018-09-06,0.004050392085944229,105.17500305175781,0.426
2018-09-07,0.0040672141368007135,104.73999786376953,0.426
2018-09-10,0.004064303678646983,104.81500244140625,0.426
2018-09-11,0.0040637221459420255,104.83000183105469,0.426
2018-09-12,0.004046929202204432,105.26499938964844,0.426
2018-09-13,0.004019247179790907,105.98999786376953,0.426
2018-09-14,0.00396223784977313,107.51499938964844,0.426
2018-09-17,0.003962606491638749,107.50499725341797,0.426
2018-09-18,0.0039152612362038245,108.80500030517578,0.426
2018-09-19,0.003947002675766426,107.93000030517578,0.426
2018-09-20,0.003978891236967357,107.06500244140625,0.426
2018-09-21,0.00394572328485778,107.96499633789062,0.426
2018-09-24,0.003986897576822863,106.8499984741211,0.426
2018-09-25,0.003946819934551265,107.93499755859375,0.426
2018-09-26,0.008035297688170129,107.08999633789062,0.8605
2018-09-27,0.007999070642911702,107.57499694824219,0.8605
2018-09-28,0.007951762963731698,108.21499633789062,0.8605
2018-10-01,0.007925032100652356,108.58000183105469,0.8605
2018-10-02,0.007930875576036866,108.5,0.8605
2018-10-03,0.00790791692959208,108.81500244140625,0.8605
2018-10-04,0.007943321198701602,108.33000183105469,0.8605
2018-10-05,0.008000929573064627,107.55000305175781,0.8605
2018-10-08,0.007989415397344074,107.70500183105469,0.8605
2018-10-09,0.008096918255893515,106.2750015258789,0.8605
2018-10-10,0.008364113753622907,102.87999725341797,0.8605
2018-10-11,0.008597692040479814,100.08499908447266,0.8605
2018-10-12,0.008561336998418179,100.51000213623047,0.8605
2018-10-15,0.008441239742902732,101.94000244140625,0.8605
2018-10-16,0.008258949801675288,104.19000244140625,0.8605
2018-10-17,0.008337774184710814,103.20500183105469,0.8605
2018-10-18,0.008475327591311524,101.52999877929688,0.8605
2018-10-19,0.00852191149297752,100.9749984741211,0.8605
2018-10-22,0.008531627947577907,100.86000061035156,0.8605
2018-10-23,0.00859082505999965,100.16500091552734,0.8605
2018-10-24,0.008895435928781278,96.73500061035156,0.8605
2018-10-25,0.0089087900675532,96.58999633789062,0.8605
2018-10-26,0.00895887530098576,96.05000305175781,0.8605
2018-10-29,0.00931125890250812,92.41500091552734,0.8605
2018-10-30,0.00910244847586437,94.53500366210938,0.8605
2018-10-31,0.00897663253203733,95.86000061035156,0.8605
2018-11-01,0.008768532952243264,98.13500213623047,0.8605
2018-11-02,0.008778820949499276,98.0199966430664,0.8605
2018-11-05,0.008725410424203453,98.62000274658203,0.8605
2018-11-06,0.008621812508079071,99.80500030517578,0.8605
2018-11-07,0.008547730363080975,100.66999816894531,0.8605
2018-11-08,0.008572425020371276,100.37999725341797,0.8605
2018-11-09,0.00856431961252167,100.4749984741211,0.8605
2018-11-12,0.00880306905370844,97.75,0.8605
2018-11-13,0.008837878281515379,97.36499786376953,0.8605
2018-11-14,0.008911095927555478,96.56500244140625,0.8605
2018-11-15,0.008812083835676674,97.6500015258789,0.8605
2018-11-16,0.00884741909417925,97.26000213623047,0.8605
2018-11-19,0.009088988352390904,94.67500305175781,0.8605
2018-11-20,0.009245729051483536,93.06999969482422,0.8605
2018-11-21,0.009198289384596992,93.55000305175781,0.8605
2018-11-23,0.009135304451275266,94.19499969482422,0.8605
2018-11-26,0.009081315233418577,94.75499725341797,0.8605
2018-11-27,0.009219971960974254,93.33000183105469,0.8605
2018-11-28,0.009019915998288264,95.4000015258789,0.8605
2018-11-29,0.009005284885686832,95.55500030517578,0.8605
2018-11-30,0.008963075096274371,96.00499725341797,0.8605
2018-12-03,0.008896355787798002,96.7249984741211,0.8605
2018-12-04,0.009264642823493771,92.87999725341797,0.8605
2018-12-06,0.00931226677525581,92.40499877929688,0.8605
2018-12-07,0.009448257247694679,91.07499694824219,0.8605
2018-12-10,0.00931377860899101,92.38999938964844,0.8605
2018-12-11,0.009356311716632827,91.97000122070312,0.8605
2018-12-12,0.00924771597827201,93.05000305175781,0.8605
2018-12-13,0.009318822115297226,92.33999633789062,0.8605
2018-12-14,0.009402316778441357,91.5199966430664,0.8605
2018-12-17,0.010871989258275337,89.68000030517578,0.975
2018-12-18,0.010803922326180299,90.24500274658203,0.975
2018-12-19,0.011065085668019895,88.11499786376953,0.975
2018-12-20,0.011384202676350194,85.6449966430664,0.975
2018-12-21,0.011675947932087285,83.50499725341797,0.975
2018-12-24,0.01203480845948854,81.01499938964844,0.975
2018-12-26,0.011599547872941512,84.05500030517578,0.975
2018-12-27,0.011426897566623193,85.32499694824219,0.975
2018-12-28,0.011413520224392163,85.42500305175781,0.975
2018-12-31,0.011280805236114444,86.43000030517578,0.975
2019-01-02,0.011235954858603209,86.7750015258789,0.975
2019-01-03,0.01158369990745382,84.16999816894531,0.975
2019-01-04,0.011217211465017574,86.91999816894531,0.975
2019-01-07,0.011125057129052898,87.63999938964844,0.975
2019-01-08,0.01094583253891698,89.07499694824219,0.975
2019-01-09,0.01088898805037786,89.54000091552734,0.975
2019-01-10,0.010746762374188569,90.7249984741211,0.975
2019-01-11,0.010726072427209157,90.9000015258789,0.975
2019-01-14,0.01073079455701566,90.86000061035156,0.975
2019-01-15,0.010708401618018141,91.05000305175781,0.975
2019-01-16,0.010730204401278705,90.86499786376953,0.975
2019-01-17,0.010567959868029504,92.26000213623047,0.975
2019-01-18,0.010407771101876604,93.68000030517578,0.975
2019-01-22,0.010659815656670976,91.46499633789062,0.975
2019-01-23,0.010525179225085458,92.63500213623047,0.975
2019-01-24,0.010431154244855648,93.47000122070312,0.975
2019-01-25,0.010338246476936269,94.30999755859375,0.975
2019-01-28,0.010350318806652508,94.19999694824219,0.975
2019-01-29,0.01015519194152869,96.01000213623047,0.975
2019-01-30,0.010015922623386223,97.34500122070312,0.975
2019-01-31,0.010025706940874035,97.25,0.975
2019-02-01,0.010010266783629826,97.4000015258789,0.975
2019-02-04,0.009805893563386087,99.43000030517578,0.975
2019-02-05,0.009701492537313432,100.5,0.975
2019-02-06,0.009692330515120452,100.59500122070312,0.975
2019-02-07,0.009740259888735834,100.0999984741211,0.975
2019-02-08,0.0097121227804344,100.38999938964844,0.975
2019-02-11,0.009672618754776886,100.80000305175781,0.975
2019-02-12,0.009559291864744553,101.99500274658203,0.975
2019-02-13,0.009548993369028582,102.1050033569336,0.975
2019-02-14,0.00956069786139804,101.9800033569336,0.975
2019-02-15,0.009365994373596285,104.0999984741211,0.975
2019-02-19,0.00937274679834966,104.0250015258789,0.975
2019-02-20,0.009325235494755526,104.55500030517578,0.975
2019-02-21,0.00940166802743389,103.70500183105469,0.975
2019-02-22,0.00931009801103922,104.7249984741211,0.975
2019-02-25,0.009310542290246294,104.72000122070312,0.975
2019-02-26,0.009373197764518386,104.0199966430664,0.975
2019-02-27,0.009350275576433581,104.2750015258789,0.975
2019-02-28,0.009324789812218823,104.55999755859375,0.975
2019-03-01,0.00931587966638859,104.66000366210938,0.975
2019-03-04,0.009466938734086446,102.98999786376953,0.975
2019-03-05,0.009516837765183837,102.44999694824219,0.975
2019-03-06,0.00960685802071596,101.48999786376953,0.975
2019-03-07,0.009677899383779397,100.74500274658203,0.975
2019-03-08,0.009702458162271737,100.48999786376953,0.975
2019-03-11,0.009731996044914468,100.18499755859375,0.975
2019-03-12,0.009832097927680588,99.16500091552734,0.975
2019-03-13,0.009767581676826582,99.81999969482422,0.975
2019-03-14,0.009836561470773577,99.12000274658203,0.975
2019-03-15,0.00985246573383389,98.95999908447266,0.975
2019-03-18,0.009785226876479612,99.63999938964844,0.975
2019-03-19,0.009804414530565336,99.44499969482422,0.975
2019-03-20,0.01282648325225074,98.77999877929688,1.267
2019-03-21,0.012729190268592082,99.53500366210938,1.267
2019-03-22,0.013043030759325037,97.13999938964844,1.267
2019-03-25,0.010813573585450624,97.83999633789062,1.0579999999999998
2019-03-26,0.010798673299081067,97.9749984741211,1.0579999999999998
2019-03-27,0.010794816620138595,98.01000213623047,1.0579999999999998
2019-03-28,0.010719894658001439,98.69499969482422,1.0579999999999998
2019-03-29,0.010602264658716672,99.79000091552734,1.0579999999999998
2019-04-01,0.010368482854835067,102.04000091552734,1.0579999999999998
2019-04-02,0.010434439913484113,101.3949966430664,1.0579999999999998
2019-04-03,0.010560990185436629,100.18000030517578,1.0579999999999998
2019-04-04,0.010414411242629323,101.58999633789062,1.0579999999999998
2019-04-05,0.010355796902256003,102.16500091552734,1.0579999999999998
2019-04-08,0.010455578362226362,101.19000244140625,1.0579999999999998
2019-04-09,0.010586881731594326,99.93499755859375,1.0579999999999998
2019-04-10,0.010619824341279798,99.625,1.0579999999999998
2019-04-11,0.010482512600822261,100.93000030517578,1.0579999999999998
2019-04-12,0.010319937911074386,102.5199966430664,1.0579999999999998
2019-04-15,0.010403658028171928,101.69499969482422,1.0579999999999998
2019-04-16,0.010325980962851042,102.45999908447266,1.0579999999999998
2019-04-17,0.010375092089542869,101.9749984741211,1.0579999999999998
2019-04-18,0.010288826034820545,102.83000183105469,1.0579999999999998
2019-04-22,0.010319937911074386,102.5199966430664,1.0579999999999998
2019-04-23,0.010122948918131919,104.51499938964844,1.0579999999999998
2019-04-24,0.010162816059594652,104.1050033569336,1.0579999999999998
2019-04-25,0.010169654085236837,104.03500366210938,1.0579999999999998
2019-04-26,0.010127794353028196,104.46499633789062,1.0579999999999998
2019-04-29,0.010112788876165128,104.62000274658203,1.0579999999999998
2019-04-30,0.010094456870953821,104.80999755859375,1.0579999999999998
2019-05-01,0.010071394281433067,105.05000305175781,1.0579999999999998
2019-05-02,0.010122464925186016,104.5199966430664,1.0579999999999998
2019-05-03,0.01001893953870917,105.5999984741211,1.0579999999999998
2019-05-06,0.010052733834285161,105.24500274658203,1.0579999999999998
2019-05-07,0.010301348338811817,102.70500183105469,1.0579999999999998
2019-05-08,0.010213834139605582,103.58499908447266,1.0579999999999998
2019-05-09,0.010208906047102076,103.63500213623047,1.0579999999999998
2019-05-10,0.010174544345722467,103.98500061035156,1.0579999999999998
2019-05-13,0.010478879199473101,100.96499633789062,1.0579999999999998
2019-05-14,0.01037305722348691,101.99500274658203,1.0579999999999998
2019-05-15,0.010361882035315116,102.1050033569336,1.0579999999999998
2019-05-16,0.010207921600340729,103.6449966430664,1.0579999999999998
2019-05-17,0.010286825626606223,102.8499984741211,1.0579999999999998
2019-05-20,0.010282826380368733,102.88999938964844,1.0579999999999998
2019-05-21,0.010121980239704221,104.5250015258789,1.0579999999999998
2019-05-22,0.010177480461396533,103.95500183105469,1.0579999999999998
2019-05-23,0.010346176196931185,102.26000213623047,1.0579999999999998
2019-05-24,0.010296836982968368,102.75,1.0579999999999998
2019-05-28,0.010336573350601432,102.3550033569336,1.0579999999999998
2019-05-29,0.010360867865966817,102.11499786376953,1.0579999999999998
2019-05-30,0.010352757015112388,102.19499969482422,1.0579999999999998
2019-05-31,0.010478359782202963,100.97000122070312,1.0579999999999998
2019-06-03,0.010422618241896218,101.51000213623047,1.0579999999999998
2019-06-04,0.010212847990087788,103.59500122070312,1.0579999999999998
2019-06-05,0.010068998626963074,105.07499694824219,1.0579999999999998
2019-06-06,0.010041761521174971,105.36000061035156,1.0579999999999998
2019-06-07,0.009983015347119081,105.9800033569336,1.0579999999999998
2019-06-10,0.010044621490627063,105.33000183105469,1.0579999999999998
2019-06-11,0.010282326979125213,102.8949966430664,1.0579999999999998
2019-06-12,0.010250944766834804,103.20999908447266,1.0579999999999998
2019-06-13,0.010162816059594652,104.1050033569336,1.0579999999999998
2019-06-14,0.010209891435464413,103.625,1.0579999999999998
2019-06-17,0.013193504852880478,103.45999908447266,1.3649999999999998
2019-06-18,0.012891953488938492,105.87999725341797,1.3649999999999998
2019-06-19,0.012874321908562542,106.0250015258789,1.3649999999999998
2019-06-20,0.012644157073297732,107.95500183105469,1.3649999999999998
2019-06-21,0.012725493010460302,107.26499938964844,1.3649999999999998
2019-06-24,0.012686462981677539,107.59500122070312,1.3649999999999998
2019-06-25,0.012785687267579853,106.76000213623047,1.3649999999999998
2019-06-26,0.01278928096193416,106.7300033569336,1.3649999999999998
2019-06-27,0.01081182893859947,106.18000030517578,1.1480000000000001
2019-06-28,0.010718453517752332,107.1050033569336,1.1480000000000001
2019-07-01,0.01081539437850639,106.1449966430664,1.1480000000000001
2019-07-02,0.010745039679422601,106.83999633789062,1.1480000000000001
2019-07-03,0.010705459910159053,107.23500061035156,1.1480000000000001
2019-07-05,0.010700969547564384,107.27999877929688,1.1480000000000001
2019-07-08,0.010808266625062889,106.21499633789062,1.1480000000000001
2019-07-09,0.010753090830169725,106.76000213623047,1.1480000000000001
2019-07-10,0.010759138077172294,106.69999694824219,1.1480000000000001
2019-07-11,0.010676586688759095,107.5250015258789,1.1480000000000001
2019-07-12,0.010541781303163621,108.9000015258789,1.1480000000000001
2019-07-15,0.01061292428060317,108.16999816894531,1.1480000000000001
2019-07-16,0.010589428661750338,108.41000366210938,1.1480000000000001
2019-07-17,0.01067757993319144,107.51499938964844,1.1480000000000001
2019-07-18,0.010733485861777388,106.95500183105469,1.1480000000000001
2019-07-19,0.010582595542726121,108.4800033569336,1.1480000000000001
2019-07-22,0.010588940555324776,108.41500091552734,1.1480000000000001
2019-07-23,0.010521492013364412,109.11000061035156,1.1480000000000001
2019-07-24,0.010484496746001824,109.49500274658203,1.1480000000000001
2019-07-25,0.010506566662817,109.26499938964844,1.1480000000000001
2019-07-26,0.010559720725482707,108.71499633789062,1.1480000000000001
2019-07-29,0.010610471863192007,108.19499969482422,1.1480000000000001
2019-07-30,0.010593826628808705,108.36499786376953,1.1480000000000001
2019-07-31,0.01066518029087244,107.63999938964844,1.1480000000000001
2019-08-01,0.010824572124808854,106.05500030517578,1.1480000000000001
2019-08-02,0.010865038427134592,105.66000366210938,1.1480000000000001
2019-08-05,0.011115414538813142,103.27999877929688,1.1480000000000001
2019-08-06,0.010838880140458943,105.91500091552734,1.1480000000000001
2019-08-07,0.010781367053039696,106.4800033569336,1.1480000000000001
2019-08-08,0.010548077453549442,108.83499908447266,1.1480000000000001
2019-08-09,0.010611943027930228,108.18000030517578,1.1480000000000001
2019-08-12,0.010761658937501977,106.67500305175781,1.1480000000000001
2019-08-13,0.010717453418241615,107.11499786376953,1.1480000000000001
2019-08-14,0.011007766707470407,104.29000091552734,1.1480000000000001
2019-08-15,0.01090218391955532,105.30000305175781,1.1480000000000001
2019-08-16,0.0107803551791654,106.48999786376953,1.1480000000000001
2019-08-19,0.010663198596973811,107.66000366210938,1.1480000000000001
2019-08-20,0.010662703666353999,107.66500091552734,1.1480000000000001
2019-08-21,0.01057479758490583,108.55999755859375,1.1480000000000001
2019-08-22,0.010456325625530085,109.79000091552734,1.1480000000000001
2019-08-23,0.010661713187490445,107.67500305175781,1.1480000000000001
2019-08-26,0.010550015845638245,108.81500244140625,1.1480000000000001
2019-08-27,0.010636523642675722,107.93000030517578,1.1480000000000001
2019-08-28,0.010517154622677143,109.15499877929688,1.1480000000000001
2019-08-29,0.010378808368730478,110.61000061035156,1.1480000000000001
2019-08-30,0.010351201592676112,110.90499877929688,1.1480000000000001
2019-09-03,0.010462996602513557,109.72000122070312,1.1480000000000001
2019-09-04,0.010361478577304337,110.79499816894531,1.1480000000000001
2019-09-05,0.010285356107798157,111.61499786376953,1.1480000000000001
2019-09-06,0.010236290542850293,112.1500015258789,1.1480000000000001
2019-09-09,0.010367560419008293,110.7300033569336,1.1480000000000001
2019-09-10,0.010306594047517529,111.38500213623047,1.1480000000000001
2019-09-11,0.010172795884115682,112.8499984741211,1.1480000000000001
2019-09-12,0.010136865342163357,113.25,1.1480000000000001
2019-09-13,0.01009142034495781,113.76000213623047,1.1480000000000001
2019-09-16,0.00998825444281887,114.93499755859375,1.1480000000000001
2019-09-17,0.00995836235388796,115.27999877929688,1.1480000000000001
2019-09-18,0.009934233508597264,115.55999755859375,1.1480000000000001
2019-09-19,0.00998130683903931,115.01499938964844,1.1480000000000001
2019-09-20,0.010117657753950288,113.46499633789062,1.1480000000000001
2019-09-23,0.010136865342163357,113.25,1.1480000000000001
2019-09-24,0.012755689330623153,112.93000030517578,1.4405000000000001
2019-09-25,0.012649835345773876,113.875,1.4405000000000001
2019-09-26,0.012650390491390752,113.87000274658203,1.4405000000000001
2019-09-27,0.008938646908944432,112.54499816894531,1.0059999999999998
2019-09-30,0.008954161225304545,112.3499984741211,1.0059999999999998
2019-10-01,0.009155025530716251,109.88500213623047,1.0059999999999998
2019-10-02,0.009297597304750601,108.19999694824219,1.0059999999999998
2019-10-03,0.009232746039398231,108.95999908447266,1.0059999999999998
2019-10-04,0.00913258600288844,110.15499877929688,1.0059999999999998
2019-10-07,0.009146701772217086,109.98500061035156,1.0059999999999998
2019-10-08,0.009220053105787974,109.11000061035156,1.0059999999999998
2019-10-09,0.009153776033052284,109.9000015258789,1.0059999999999998
2019-10-10,0.009114795460410132,110.37000274658203,1.0059999999999998
2019-10-11,0.00904594917976633,111.20999908447266,1.0059999999999998
2019-10-14,0.009053683295151455,111.11499786376953,1.0059999999999998
2019-10-15,0.009041071540849075,111.2699966430664,1.0059999999999998
2019-10-16,0.00902768449805039,111.43499755859375,1.0059999999999998
2019-10-17,0.009081061663524825,110.77999877929688,1.0059999999999998
2019-10-18,0.009318266103474688,107.95999908447266,1.0059999999999998
2019-10-21,0.009372089009890207,107.33999633789062,1.0059999999999998
2019-10-22,0.009298456209434243,108.19000244140625,1.0059999999999998
2019-10-23,0.009275308947923647,108.45999908447266,1.0059999999999998
2019-10-24,0.009136732839821938,110.1050033569336,1.0059999999999998
2019-10-25,0.009215829665176105,109.16000366210938,1.0059999999999998
2019-10-28,0.009187214611872144,109.5,1.0059999999999998
2019-10-29,0.009143376378535012,110.0250015258789,1.0059999999999998
2019-10-30,0.009086803435274292,110.70999908447266,1.0059999999999998
2019-10-31,0.00914129915586523,110.05000305175781,1.0059999999999998
2019-11-01,0.00899821084561395,111.80000305175781,1.0059999999999998
2019-11-04,0.009019185868232818,111.54000091552734,1.0059999999999998
2019-11-05,0.008959344232888643,112.28500366210938,1.0059999999999998
2019-11-06,0.008931901132311097,112.62999725341797,1.0059999999999998
2019-11-07,0.008878298664509166,113.30999755859375,1.0059999999999998
2019-11-08,0.008864217278491592,113.48999786376953,1.0059999999999998
2019-11-11,0.008779125858714713,114.58999633789062,1.0059999999999998
2019-11-12,0.008763448025143537,114.79499816894531,1.0059999999999998
2019-11-13,0.008750869937470951,114.95999908447266,1.0059999999999998
2019-11-14,0.008686266708054172,115.81500244140625,1.0059999999999998
2019-11-15,0.008609696516668375,116.84500122070312,1.0059999999999998
2019-11-18,0.008620763551401928,116.69499969482422,1.0059999999999998
2019-11-19,0.008651902703059504,116.2750015258789,1.0059999999999998
2019-11-20,0.008642611570553446,116.4000015258789,1.0059999999999998
2019-11-21,0.008720904778505496,115.3550033569336,1.0059999999999998
2019-11-22,0.008703175290872736,115.58999633789062,1.0059999999999998
2019-11-25,0.008684392539737526,115.83999633789062,1.0059999999999998
2019-11-26,0.008642240544217257,116.40499877929688,1.0059999999999998
2019-11-27,0.00865450807370977,116.23999786376953,1.0059999999999998
2019-11-29,0.008689643510154237,115.7699966430664,1.0059999999999998
2019-12-02,0.008884570963305529,113.2300033569336,1.0059999999999998
2019-12-03,0.008913698339176946,112.86000061035156,1.0059999999999998
2019-12-04,0.008899504528063163,113.04000091552734,1.0059999999999998
2019-12-05,0.008893210533717005,113.12000274658203,1.0059999999999998
2019-12-06,0.008798321079415899,114.33999633789062,1.0059999999999998
2019-12-09,0.008861484135463097,113.5250015258789,1.0059999999999998
2019-12-10,0.008881825854597944,113.26499938964844,1.0059999999999998
2019-12-11,0.00882456140350877,114.0,1.0059999999999998
2019-12-12,0.008820305969122406,114.05500030517578,1.0059999999999998
2019-12-13,0.008844344592802162,113.74500274658203,1.0059999999999998
2019-12-16,0.013653957119117327,112.38500213623047,1.5345
2019-12-17,0.012721734143152781,111.62000274658203,1.42
2019-12-18,0.012801442063854848,110.92500305175781,1.42
2019-12-19,0.01272458429559622,111.59500122070312,1.42
2019-12-20,0.012678571428571428,112.0,1.42
2019-12-23,0.012542508023954742,113.21499633789062,1.42
2019-12-24,0.012616614495754314,112.55000305175781,1.42
2019-12-26,0.01262783493585677,112.44999694824219,1.42
2019-12-27,0.01266104957831022,112.15499877929688,1.42
2019-12-30,0.015310468295342562,111.5250015258789,1.7074999999999998
2019-12-31,0.015377341371772544,111.04000091552734,1.7074999999999998
2020-01-02,0.015018910751453401,113.69000244140625,1.7074999999999998
2020-01-03,0.014849117590409055,114.98999786376953,1.7074999999999998
2020-01-06,0.014829128922492517,115.1449966430664,1.7074999999999998
2020-01-07,0.014762460437336823,115.66500091552734,1.7074999999999998
2020-01-08,0.01486139562112118,114.8949966430664,1.7074999999999998
2020-01-09,0.014749708538871916,115.76499938964844,1.7074999999999998
2020-01-10,0.014940717900734625,114.28500366210938,1.7074999999999998
2020-01-13,0.014820119379185853,115.21499633789062,1.7074999999999998
2020-01-14,0.014824622290987013,115.18000030517578,1.7074999999999998
2020-01-15,0.01479059296213548,115.44499969482422,1.7074999999999998
2020-01-16,0.014624014806095698,116.76000213623047,1.7074999999999998
2020-01-17,0.014706515228725764,116.1050033569336,1.7074999999999998
2020-01-21,0.014822691996384621,115.19499969482422,1.7074999999999998
2020-01-22,0.014919179078459775,114.44999694824219,1.7074999999999998
2020-01-23,0.014768205841877798,115.62000274658203,1.7074999999999998
2020-01-24,0.014733799370030177,115.88999938964844,1.7074999999999998
2020-01-27,0.01484459880329441,115.0250015258789,1.7074999999999998
2020-01-28,0.014719827586206895,116.0,1.7074999999999998
2020-01-29,0.014712851626470154,116.05500030517578,1.7074999999999998
2020-01-30,0.01470398277717976,116.125,1.7074999999999998
2020-01-31,0.014997804329247546,113.8499984741211,1.7074999999999998
2020-02-03,0.015023536301432208,113.65499877929688,1.7074999999999998
2020-02-04,0.014776513309597731,115.55500030517578,1.7074999999999998
2020-02-05,0.014538720289811104,117.44499969482422,1.7074999999999998
2020-02-06,0.014371080797158216,118.81500244140625,1.7074999999999998
2020-02-07,0.014388034178143704,118.67500305175781,1.7074999999999998
2020-02-10,0.014297676000560647,119.42500305175781,1.7074999999999998
2020-02-11,0.014297077749618001,119.43000030517578,1.7074999999999998
2020-02-12,0.014241034013927492,119.9000015258789,1.7074999999999998
2020-02-13,0.01431625763443218,119.2699966430664,1.7074999999999998
2020-02-14,0.01434331577355954,119.04499816894531,1.7074999999999998
2020-02-18,0.014450133176240915,118.16500091552734,1.7074999999999998
2020-02-19,0.014471565648907529,117.98999786376953,1.7074999999999998
2020-02-20,0.01456476300686974,117.23500061035156,1.7074999999999998
2020-02-21,0.01460337785276055,116.92500305175781,1.7074999999999998
2020-02-24,0.01505997566910794,113.37999725341797,1.7074999999999998
2020-02-25,0.01584686774941995,107.75,1.7074999999999998
2020-02-26,0.015959435779914318,106.98999786376953,1.7074999999999998
2020-02-27,0.01660749851144628,102.81500244140625,1.7074999999999998
2020-02-28,0.01699935293133347,100.44499969482422,1.7074999999999998
2020-03-02,0.01648404706368292,103.58499908447266,1.7074999999999998
2020-03-03,0.01675662389039667,101.9000015258789,1.7074999999999998
2020-03-04,0.0161710394849902,105.58999633789062,1.7074999999999998
2020-03-05,0.01727626868838869,98.83499908447266,1.7074999999999998
2020-03-06,0.01750922947884865,97.5199966430664,1.7074999999999998
2020-03-09,0.019365997907000124,88.16999816894531,1.7074999999999998
2020-03-10,0.018629644020961917,91.65499877929688,1.7074999999999998
2020-03-11,0.020488361831420946,83.33999633789062,1.7074999999999998
2020-03-12,0.02304940547779803,74.08000183105469,1.7074999999999998
2020-03-13,0.02169907163583366,78.69000244140625,1.7074999999999998
2020-03-16,0.025450888257623136,67.08999633789062,1.7074999999999998
2020-03-17,0.02491791261551671,68.5250015258789,1.7074999999999998
2020-03-18,0.02767198686218424,61.70500183105469,1.7074999999999998
2020-03-19,0.02254878479638845,62.775001525878906,1.4155
2020-03-20,0.02344513457556936,60.375,1.4155
2020-03-23,0.024091566237212682,58.755001068115234,1.4155
2020-03-24,0.021453469657201078,65.9800033569336,1.4155
2020-03-25,0.025025937723625633,72.28500366210938,1.809
2020-03-26,0.02274613388364487,79.52999877929688,1.809
2020-03-27,0.0242769914086761,74.51499938964844,1.809
2020-03-30,0.024517177071429367,73.78500366210938,1.809
2020-03-31,0.025151198098639343,71.92500305175781,1.809
2020-04-01,0.026511320932348117,68.23500061035156,1.809
2020-04-02,0.026634276336407782,67.91999816894531,1.809
2020-04-03,0.026622517751956974,67.94999694824219,1.809
2020-04-06,0.024635707374122004,73.43000030517578,1.809
2020-04-07,0.02496549852134414,72.45999908447266,1.809
2020-04-08,0.023968201875754536,75.4749984741211,1.809
2020-04-09,0.023268376565586148,77.74500274658203,1.809
2020-04-13,0.024019118918669227,75.31500244140625,1.809
2020-04-14,0.023623899080567008,76.57499694824219,1.809
2020-04-15,0.0241264326354917,74.9800033569336,1.809
2020-04-16,0.024500575911572387,73.83499908447266,1.809
2020-04-17,0.02296122251587855,78.78500366210938,1.809
2020-04-20,0.02369662151925098,76.33999633789062,1.809
2020-04-21,0.02453546612825267,73.7300033569336,1.809
2020-04-22,0.0242769914086761,74.51499938964844,1.809
2020-04-23,0.024194196619209726,74.7699966430664,1.809
2020-04-24,0.024337413634291195,74.33000183105469,1.809
2020-04-27,0.023950748434221545,75.52999877929688,1.809
2020-04-28,0.02350266300260135,76.97000122070312,1.809
2020-04-29,0.02271899529042386,79.625,1.809
2020-04-30,0.023228043962477248,77.87999725341797,1.809
2020-05-01,0.024054251126326053,75.20500183105469,1.809
2020-05-04,0.024538795035884648,73.72000122070312,1.809
2020-05-05,0.024537131738768283,73.7249984741211,1.809
2020-05-06,0.025050198597750702,72.21499633789062,1.809
2020-05-07,0.024772337722703354,73.0250015258789,1.809
2020-05-08,0.02384027497995876,75.87999725341797,1.809
2020-05-11,0.02418934159812777,74.78500366210938,1.809
2020-05-12,0.024770642615878417,73.02999877929688,1.809
2020-05-13,0.02553281635793911,70.8499984741211,1.809
2020-05-14,0.025637755989118164,70.55999755859375,1.809
2020-05-15,0.02571428627202398,70.3499984741211,1.809
2020-05-18,0.02390011813515791,75.69000244140625,1.809
2020-05-19,0.024259085522372072,74.56999969482422,1.809
2020-05-20,0.024108748073713968,75.03500366210938,1.809
2020-05-21,0.023594626884088327,76.66999816894531,1.809
2020-05-22,0.023645514214029727,76.50499725341797,1.809
2020-05-26,0.02271899529042386,79.625,1.809
2020-05-27,0.02164004992623869,83.59500122070312,1.809
2020-05-28,0.021728425436056728,83.25499725341797,1.809
2020-05-29,0.021987237513827262,82.2750015258789,1.809
2020-06-01,0.021759787737007017,83.13500213623047,1.809
2020-06-02,0.021711473915336246,83.31999969482422,1.809
2020-06-03,0.020615384615384615,87.75,1.809
2020-06-04,0.020283680546288103,89.18499755859375,1.809
2020-06-05,0.01936105364443942,93.43499755859375,1.809
2020-06-08,0.018664878602728162,96.91999816894531,1.809
2020-06-09,0.0193300210257751,93.58499908447266,1.809
2020-06-10,0.01998011908225817,90.54000091552734,1.809
2020-06-11,0.021820155921065468,82.90499877929688,1.809
2020-06-12,0.021154183627568133,85.51499938964844,1.809
2020-06-15,0.02345829659058971,86.0250015258789,2.018
2020-06-16,0.019516368606542014,87.66999816894531,1.711
2020-06-17,0.019776917437101915,86.51499938964844,1.7109999999999999
2020-06-18,0.019866473149492015,86.125,1.7109999999999999
2020-06-19,0.020295356073855034,84.30500030517578,1.7109999999999999
2020-06-22,0.020161433371466073,84.86499786376953,1.7109999999999999
2020-06-23,0.020358141915365235,84.04499816894531,1.7109999999999999
2020-06-24,0.021293011368561692,80.3550033569336,1.7109999999999999
2020-06-25,0.02121775809710183,80.63999938964844,1.7109999999999999
2020-06-26,0.021630847446347076,79.0999984741211,1.7109999999999999
2020-06-29,0.02046161138245044,83.62000274658203,1.7109999999999999
2020-06-30,0.02077464773336767,82.36000061035156,1.7109999999999999
2020-07-01,0.0209694218322515,81.59500122070312,1.7109999999999999
2020-07-02,0.02091814949938597,81.79499816894531,1.7109999999999999
2020-07-06,0.020562432626192395,83.20999908447266,1.7109999999999999
2020-07-07,0.021344809404103958,80.16000366210938,1.7109999999999999
2020-07-08,0.02130096563965625,80.32499694824219,1.7109999999999999
2020-07-09,0.022131678360269275,77.30999755859375,1.7109999999999999
2020-07-10,0.021645898407676938,79.04499816894531,1.7109999999999999
2020-07-13,0.02178923867242611,78.5250015258789,1.7109999999999999
2020-07-14,0.021439759331584544,79.80500030517578,1.7109999999999999
2020-07-15,0.020715539375415898,82.59500122070312,1.7109999999999999
2020-07-16,0.02093350446226467,81.73500061035156,1.7109999999999999
2020-07-17,0.020905369594730893,81.84500122070312,1.7109999999999999
2020-07-20,0.021154797948854942,80.87999725341797,1.7109999999999999
2020-07-21,0.020743165270526477,82.48500061035156,1.7109999999999999
2020-07-22,0.0204640591736602,83.61000061035156,1.7109999999999999
2020-07-23,0.02066175643574135,82.80999755859375,1.7109999999999999
2020-07-24,0.020962998559463424,81.62000274658203,1.7109999999999999
2020-07-27,0.021248059206184843,80.5250015258789,1.7109999999999999
2020-07-28,0.021178363418871506,80.79000091552734,1.7109999999999999
2020-07-29,0.02135146882621004,80.13500213623047,1.7109999999999999
2020-07-30,0.02158718084638918,79.26000213623047,1.7109999999999999
2020-07-31,0.021837907253631165,78.3499984741211,1.7109999999999999
2020-08-03,0.021535557781262513,79.44999694824219,1.7109999999999999
2020-08-04,0.02136213214212096,80.09500122070312,1.7109999999999999
2020-08-05,0.020645550527903466,82.875,1.7109999999999999
2020-08-06,0.02075700586759025,82.43000030517578,1.7109999999999999
2020-08-07,0.020625639952182813,82.95500183105469,1.7109999999999999
2020-08-10,0.019984816243557475,85.61499786376953,1.7109999999999999
2020-08-11,0.01987916818945789,86.06999969482422,1.7109999999999999
2020-08-12,0.020021062699857598,85.45999908447266,1.7109999999999999
2020-08-13,0.020135334283307816,84.9749984741211,1.7109999999999999
2020-08-14,0.019942887540258962,85.79499816894531,1.7109999999999999
2020-08-17,0.020301376658542404,84.27999877929688,1.7109999999999999
2020-08-18,0.020530358473535133,83.33999633789062,1.7109999999999999
2020-08-19,0.02053405415739526,83.32499694824219,1.7109999999999999
2020-08-20,0.02068673702018224,82.70999908447266,1.7109999999999999
2020-08-21,0.020850597744391658,82.05999755859375,1.7109999999999999
2020-08-24,0.020201901011454405,84.69499969482422,1.7109999999999999
2020-08-25,0.020354509275441662,84.05999755859375,1.7109999999999999
2020-08-26,0.020538983179064878,83.30500030517578,1.7109999999999999
2020-08-27,0.02036056316341275,84.03500366210938,1.7109999999999999
2020-08-28,0.020199515530530454,84.70500183105469,1.7109999999999999
2020-08-31,0.020484884390811694,83.5250015258789,1.7109999999999999
2020-09-01,0.02045794172651547,83.63500213623047,1.7109999999999999
2020-09-02,0.020072736307836587,85.23999786376953,1.7109999999999999
2020-09-03,0.020519277521929533,83.38500213623047,1.7109999999999999
2020-09-04,0.02053528572091781,83.31999969482422,1.7109999999999999
2020-09-08,0.02110521779253486,81.06999969482422,1.7109999999999999
2020-09-09,0.021068834124973446,81.20999908447266,1.7109999999999999
2020-09-10,0.021382155358391344,80.0199966430664,1.7109999999999999
2020-09-11,0.020993865030674845,81.5,1.7109999999999999
2020-09-14,0.020633101441456393,82.92500305175781,1.7109999999999999
2020-09-15,0.020782217441353373,82.33000183105469,1.7109999999999999
2020-09-16,0.020409137218168106,83.83499908447266,1.7109999999999999
2020-09-17,0.02035692965943582,84.05000305175781,1.7109999999999999
2020-09-18,0.02067049191735829,82.7750015258789,1.7109999999999999
2020-09-21,0.021431703132978142,79.83499908447266,1.7109999999999999
2020-09-22,0.021221705426356586,80.625,1.7109999999999999
2020-09-23,0.02070836032671921,78.3499984741211,1.6224999999999998
2020-09-24,0.020901771336553947,77.625,1.6225
2020-09-25,0.020480938841187252,79.22000122070312,1.6225
2020-09-28,0.020053144562639864,80.91000366210938,1.6225
2020-09-29,0.020299011557678385,79.93000030517578,1.6225
2020-09-30,0.02048481740409291,79.20500183105469,1.6225
2020-10-01,0.020384445946562513,79.59500122070312,1.6225
2020-10-02,0.020170312664794538,80.44000244140625,1.6225
2020-10-05,0.020008633287381967,81.08999633789062,1.6225
2020-10-06,0.020384445946562513,79.59500122070312,1.6225
2020-10-07,0.019947136378763157,81.33999633789062,1.6225
2020-10-08,0.01961436141267756,82.72000122070312,1.6225
2020-10-09,0.019756468797564687,82.125,1.6225
2020-10-12,0.019685756321835675,82.41999816894531,1.6225
2020-10-13,0.019947136378763157,81.33999633789062,1.6225
2020-10-14,0.019837388211741396,81.79000091552734,1.6225
2020-10-15,0.019745649703728423,82.16999816894531,1.6225
2020-10-16,0.019600145251582008,82.77999877929688,1.6225
2020-10-19,0.01974324645868629,82.18000030517578,1.6225
2020-10-20,0.019867752180377514,81.66500091552734,1.6225
2020-10-21,0.02018160417623366,80.3949966430664,1.6225
2020-10-22,0.01978537960297748,82.00499725341797,1.6225
2020-10-23,0.019685756321835675,82.41999816894531,1.6225
2020-10-26,0.02022689115593203,80.21499633789062,1.6225
2020-10-27,0.020882939782134853,77.69499969482422,1.6225
2020-10-28,0.021712947917448367,74.7249984741211,1.6225
2020-10-29,0.02145029102448729,75.63999938964844,1.6225
2020-10-30,0.0214857976973302,75.51499938964844,1.6225
2020-11-02,0.020951703884922252,77.44000244140625,1.6225
2020-11-03,0.02030536292831262,79.90499877929688,1.6225
2020-11-04,0.02031425997502465,79.87000274658203,1.6225
2020-11-05,0.02008168867839186,80.79499816894531,1.6225
2020-11-06,0.020096612221886436,80.73500061035156,1.6225
2020-11-09,0.01879089671737673,86.34500122070312,1.6225
2020-11-10,0.018184365679429982,89.2249984741211,1.6225
2020-11-11,0.01851534920522567,87.62999725341797,1.6225
2020-11-12,0.018749638080970413,86.53500366210938,1.6225
2020-11-13,0.018154861252502902,89.37000274658203,1.6225
2020-11-16,0.017655059554521405,91.9000015258789,1.6225
2020-11-17,0.017526330580460343,92.57499694824219,1.6225
2020-11-18,0.017578547631143335,92.30000305175781,1.6225
2020-11-19,0.01749231899136531,92.75499725341797,1.6225
2020-11-20,0.01781694346347777,91.06500244140625,1.6225
2020-11-23,0.01735944004249899,93.46499633789062,1.6225
2020-11-24,0.016939862400068312,95.77999877929688,1.6225
2020-11-25,0.017045753444509208,95.18499755859375,1.6225
2020-11-27,0.01713938609104129,94.66500091552734,1.6225
2020-11-30,0.017558573902210984,92.40499877929688,1.6225
2020-12-01,0.017429370113097645,93.08999633789062,1.6225
2020-12-02,0.017265230394728926,93.9749984741211,1.6225
2020-12-03,0.016982415579360834,95.54000091552734,1.6225
2020-12-04,0.016796066517896103,96.5999984741211,1.6225
2020-12-07,0.016815214384093412,96.48999786376953,1.6225
2020-12-08,0.016737156582812062,96.94000244140625,1.6225
2020-12-09,0.016827422016302947,96.41999816894531,1.6225
2020-12-10,0.016876430313090864,96.13999938964844,1.6225
2020-12-11,0.01686064577990161,96.2300033569336,1.6225
2020-12-14,0.019295000404008736,94.61000061035156,1.8255000000000001
2020-12-15,0.01358826654235829,95.44999694824219,1.2970000000000002
2020-12-16,0.013753976225092213,94.30000305175781,1.2970000000000002
2020-12-17,0.01382139866384776,93.83999633789062,1.2970000000000002
2020-12-18,0.01376857794074698,94.19999694824219,1.2970000000000002
2020-12-21,0.01387314182946014,93.48999786376953,1.2970000000000002
2020-12-22,0.013917801974686034,93.19000244140625,1.2970000000000002
2020-12-23,0.013679991914338338,94.80999755859375,1.2970000000000002
2020-12-24,0.013770038925382111,94.19000244140625,1.2970000000000002
2020-12-28,0.013748145541098291,94.33999633789062,1.2970000000000002
2020-12-29,0.01075308936444655,93.87999725341797,1.0095
2020-12-30,0.010653228970475388,94.76000213623047,1.0095
2020-12-31,0.010657727903189172,94.72000122070312,1.0095
2021-01-04,0.01111539312257376,90.81999969482422,1.0095
2021-01-05,0.010867693041588045,92.88999938964844,1.0095
2021-01-06,0.010757673054089678,93.83999633789062,1.0095
2021-01-07,0.010778346791891045,93.66000366210938,1.0095
2021-01-08,0.010817616837776198,93.31999969482422,1.0095
2021-01-11,0.010811823608272889,93.37000274658203,1.0095
2021-01-12,0.01063079201487764,94.95999908447266,1.0095
2021-01-13,0.010668991446805536,94.62000274658203,1.0095
2021-01-14,0.010488311688311689,96.25,1.0095
2021-01-15,0.010705195835952652,94.30000305175781,1.0095
2021-01-19,0.010598425196850395,95.25,1.0095
2021-01-20,0.010589530899087275,95.33000183105469,1.0095
2021-01-21,0.010754234265075248,93.87000274658203,1.0095
2021-01-22,0.010745077517736821,93.94999694824219,1.0095
2021-01-25,0.010819935337408123,93.30000305175781,1.0095
2021-01-26,0.0109454620324928,92.2300033569336,1.0095
2021-01-27,0.011222901992769081,89.94999694824219,1.0095
2021-01-28,0.01111661741152053,90.80999755859375,1.0095
2021-01-29,0.011332509870336268,89.08000183105469,1.0095
2021-02-01,0.011141154322922184,90.61000061035156,1.0095
2021-02-02,0.010840850195712154,93.12000274658203,1.0095
2021-02-03,0.010682539682539684,94.5,1.0095
2021-02-04,0.010476338663405462,96.36000061035156,1.0095
2021-02-05,0.010516720725764551,95.98999786376953,1.0095
2021-02-08,0.01036447622366596,97.4000015258789,1.0095
2021-02-09,0.010276900799156332,98.2300033569336,1.0095
2021-02-10,0.01034111833228099,97.62000274658203,1.0095
2021-02-11,0.01028108743150717,98.19000244140625,1.0095
2021-02-12,0.010310488839157004,97.91000366210938,1.0095
2021-02-16,0.010337941466723536,97.6500015258789,1.0095
2021-02-17,0.010290520037737895,98.0999984741211,1.0095
2021-02-18,0.01042871867948426,96.80000305175781,1.0095
2021-02-19,0.010195939584073561,99.01000213623047,1.0095
2021-02-22,0.010302071864553524,97.98999786376953,1.0095
2021-02-23,0.010291569351502218,98.08999633789062,1.0095
2021-02-24,0.009968401633882318,101.2699966430664,1.0095
2021-02-25,0.010366605344760034,97.37999725341797,1.0095
2021-02-26,0.01055851891596686,95.61000061035156,1.0095
2021-03-01,0.01021657752193924,98.80999755859375,1.0095
2021-03-02,0.01025289467181399,98.45999908447266,1.0095
2021-03-03,0.010219680223478392,98.77999877929688,1.0095
2021-03-04,0.01041580704779109,96.91999816894531,1.0095
2021-03-05,0.01029576714512812,98.05000305175781,1.0095
2021-03-08,0.010259146182375866,98.4000015258789,1.0095
2021-03-09,0.01024145280638575,98.56999969482422,1.0095
2021-03-10,0.009968401633882318,101.2699966430664,1.0095
2021-03-11,0.009828643841869265,102.70999908447266,1.0095
2021-03-12,0.009563281767221068,105.55999755859375,1.0095
2021-03-15,0.009518197465941796,106.05999755859375,1.0095
2021-03-16,0.009717944038228057,103.87999725341797,1.0095
2021-03-17,0.0095406863556629,105.80999755859375,1.0095
2021-03-18,0.009693681639298577,104.13999938964844,1.0095
2021-03-19,0.00970953148165379,103.97000122070312,1.0095
2021-03-22,0.00978956529395031,103.12000274658203,1.0095
2021-03-23,0.010057785915865956,100.37000274658203,1.0095
2021-03-24,0.010069825436408978,100.25,1.0095
2021-03-25,0.009102463933431816,102.27999877929688,0.931
2021-03-26,0.009070537855964702,102.63999938964844,0.931
2021-03-29,0.009023066459065504,103.18000030517578,0.931
2021-03-30,0.00896571680309549,103.83999633789062,0.931
2021-03-31,0.008942464648371461,104.11000061035156,0.931
2021-04-01,0.008914208906901519,104.44000244140625,0.931
2021-04-05,0.00877887763516258,106.05000305175781,0.931
2021-04-06,0.008825481266975656,105.48999786376953,0.931
2021-04-07,0.008867511371969216,104.98999786376953,0.931
2021-04-08,0.008799621674344857,105.80000305175781,0.931
2021-04-09,0.008800453652925078,105.79000091552734,0.931
2021-04-12,0.008778050362349491,106.05999755859375,0.931
2021-04-13,0.008807113878187056,105.70999908447266,0.931
2021-04-14,0.008774740936750161,106.0999984741211,0.931
2021-04-15,0.008790482181175459,105.91000366210938,0.931
2021-04-16,0.00878467607577303,105.9800033569336,0.931
2021-04-19,0.008844765163457564,105.26000213623047,0.931
2021-04-20,0.009023066459065504,103.18000030517578,0.931
2021-04-21,0.008903978784795616,104.55999755859375,0.931
2021-04-22,0.008935598216571406,104.19000244140625,0.931
2021-04-23,0.008826317504461872,105.4800033569336,0.931
2021-04-26,0.008783847709824731,105.98999786376953,0.931
2021-04-27,0.008743425719843169,106.4800033569336,0.931
2021-04-28,0.00878467607577303,105.9800033569336,0.931
2021-04-29,0.008726215940535775,106.69000244140625,0.931
2021-04-30,0.00874671156187264,106.44000244140625,0.931
2021-05-03,0.008705002585933238,106.94999694824219,0.931
2021-05-04,0.00875740778271461,106.30999755859375,0.931
2021-05-05,0.00884560570071259,105.25,0.931
2021-05-06,0.00878467607577303,105.9800033569336,0.931
2021-05-07,0.008650808179147424,107.62000274658203,0.931
2021-05-10,0.008736862062032936,106.55999755859375,0.931
2021-05-11,0.00883637048791484,105.36000061035156,0.931
2021-05-12,0.009106025229387409,102.23999786376953,0.931
2021-05-13,0.008964853285308431,103.8499984741211,0.931
2021-05-14,0.008785505230494539,105.97000122070312,0.931
2021-05-17,0.00878301886792453,106.0,0.931
2021-05-18,0.008896320940518792,104.6500015258789,0.931
2021-05-19,0.008939030113875396,104.1500015258789,0.931
2021-05-20,0.008850650997166701,105.19000244140625,0.931
2021-05-21,0.008776395021963998,106.08000183105469,0.931
2021-05-24,0.008683891502195132,107.20999908447266,0.931
2021-05-25,0.008692810581364858,107.0999984741211,0.931
2021-05-26,0.008650004866282151,107.62999725341797,0.931
2021-05-27,0.008418482962559051,110.58999633789062,0.931
2021-05-28,0.008440616266920067,110.30000305175781,0.931
2021-06-01,0.008354271173760142,111.44000244140625,0.931
2021-06-02,0.008348278587021314,111.5199966430664,0.931
2021-06-03,0.008388898646954626,110.9800033569336,0.931
2021-06-04,0.008319928394144744,111.9000015258789,0.931
2021-06-07,0.00829990207005059,112.16999816894531,0.931
2021-06-08,0.008246235495281163,112.9000015258789,0.931
2021-06-09,0.008350524870738592,111.48999786376953,0.931
2021-06-10,0.010078286940347719,111.12999725341797,1.12
2021-06-11,0.010036741972897634,111.58999633789062,1.12
2021-06-14,0.0100683209412824,111.23999786376953,1.12
2021-06-15,0.00814702202187689,111.81999969482422,0.911
2021-06-16,0.008225733634311512,110.75,0.911
2021-06-17,0.008331047212731315,109.3499984741211,0.911
2021-06-18,0.008419593583129025,108.19999694824219,0.911
2021-06-21,0.00822053783169743,110.81999969482422,0.911
2021-06-22,0.008240614878802706,110.55000305175781,0.911
2021-06-23,0.008264537532944718,110.2300033569336,0.911
2021-06-24,0.008179940536348409,111.37000274658203,0.911
2021-06-25,0.008133202237528843,112.01000213623047,0.911
2021-06-28,0.008284077383719205,109.97000122070312,0.911
2021-06-29,0.00839399253889775,108.52999877929688,0.911
2021-06-30,0.00831735606822809,109.52999877929688,0.911
2021-07-01,0.008276551308492804,110.06999969482422,0.911
2021-07-02,0.008283323987938093,109.9800033569336,0.911
2021-07-06,0.008348606827986313,109.12000274658203,0.911
2021-07-07,0.008356265162827255,109.0199966430664,0.911
2021-07-08,0.008360099016195293,108.97000122070312,0.911
2021-07-09,0.008257046903660796,110.33000183105469,0.911
2021-07-12,0.008324195720735166,109.44000244140625,0.911
2021-07-13,0.00845711093275509,107.72000122070312,0.911
2021-07-14,0.008543562069451319,106.62999725341797,0.911
2021-07-15,0.008585430164544994,106.11000061035156,0.911
2021-07-16,0.008681150932016237,104.94000244140625,0.911
2021-07-19,0.0089568381496434,101.70999908447266,0.911
2021-07-20,0.008608144989492732,105.83000183105469,0.911
2021-07-21,0.008469691527314594,107.55999755859375,0.911
2021-07-22,0.008538756951480228,106.69000244140625,0.911
2021-07-23,0.008512427850641517,107.0199966430664,0.911
2021-07-26,0.008471266433367342,107.54000091552734,0.911
2021-07-27,0.00845240313896711,107.77999877929688,0.911
2021-07-28,0.00836854671038255,108.86000061035156,0.911
2021-07-29,0.008341727018011896,109.20999908447266,0.911
2021-07-30,0.008437528847830713,107.97000122070312,0.911
2021-08-02,0.008462610191240888,107.6500015258789,0.911
2021-08-03,0.00839167299638433,108.55999755859375,0.911
2021-08-04,0.008570084420001674,106.30000305175781,0.911
2021-08-05,0.00847363019159495,107.51000213623047,0.911
2021-08-06,0.00840095886656074,108.44000244140625,0.911
2021-08-09,0.008439873813181762,107.94000244140625,0.911
2021-08-10,0.008387809546823381,108.61000061035156,0.911
2021-08-11,0.00830825341835487,109.6500015258789,0.911
2021-08-12,0.00837008480937308,108.83999633789062,0.911
2021-08-13,0.008458681762431274,107.69999694824219,0.911
2021-08-16,0.00849258906039953,107.2699966430664,0.911
2021-08-17,0.008582194883698633,106.1500015258789,0.911
2021-08-18,0.008668760412465018,105.08999633789062,0.911
2021-08-19,0.008829230444907276,103.18000030517578,0.911
2021-08-20,0.00875120089676535,104.0999984741211,0.911
2021-08-23,0.008634252502656115,105.51000213623047,0.911
2021-08-24,0.008580578465776664,106.16999816894531,0.911
2021-08-25,0.00856202995240018,106.4000015258789,0.911
2021-08-26,0.008649829117353954,105.31999969482422,0.911
2021-08-27,0.008539557530876771,106.68000030517578,0.911
2021-08-30,0.008612214128502143,105.77999877929688,0.911
2021-08-31,0.008595961229891763,105.9800033569336,0.911
2021-09-01,0.008638346367425017,105.45999908447266,0.911
2021-09-02,0.008580578465776664,106.16999816894531,0.911
2021-09-03,0.008666285922729593,105.12000274658203,0.911
2021-09-07,0.00877564802451519,103.80999755859375,0.911
2021-09-08,0.008811297082677135,103.38999938964844,0.911
2021-09-09,0.008773957275685298,103.83000183105469,0.911
2021-09-10,0.008866180048661802,102.75,0.911
2021-09-13,0.008796832961342633,103.55999755859375,0.911
2021-09-14,0.008893010330813637,102.44000244140625,0.911
2021-09-15,0.008791738813479716,103.62000274658203,0.911
2021-09-16,0.008885204436225464,102.52999877929688,0.911
2021-09-17,0.008896484242432055,102.4000015258789,0.911
2021-09-20,0.008949798524474062,101.79000091552734,0.911
2021-09-21,0.009023375676120713,100.95999908447266,0.911
2021-09-22,0.008814707435415348,103.3499984741211,0.911
2021-09-23,0.006726926834105384,105.0999984741211,0.7070000000000001
2021-09-24,0.008432247845281005,105.30999755859375,0.888
2021-09-27,0.008338811323256859,106.48999786376953,0.888
2021-09-28,0.008449900380097625,105.08999633789062,0.888
2021-09-29,0.008399545873502157,105.72000122070312,0.888
2021-09-30,0.00851880293743406,104.23999786376953,0.888
2021-10-01,0.008361582161181956,106.19999694824219,0.888
2021-10-04,0.008413871444920132,105.54000091552734,0.888
2021-10-05,0.008366308697064158,106.13999938964844,0.888
2021-10-06,0.008323179114066347,106.69000244140625,0.888
2021-10-07,0.008232894446273318,107.86000061035156,0.888
2021-10-08,0.008239005474646314,107.77999877929688,0.888
2021-10-11,0.008243594410852382,107.72000122070312,0.888
2021-10-12,0.008252021140817451,107.61000061035156,0.888
2021-10-13,0.008273548726830149,107.33000183105469,0.888
2021-10-14,0.00826892639023142,107.38999938964844,0.888
2021-10-15,0.00822603080225895,107.94999694824219,0.888
2021-10-18,0.008245125581821043,107.69999694824219,0.888
2021-10-19,0.008208541296865891,108.18000030517578,0.888
2021-10-20,0.00819339382269633,108.37999725341797,0.888
2021-10-21,0.008187350244290457,108.45999908447266,0.888
2021-10-22,0.008191126003165766,108.41000366210938,0.888
2021-10-25,0.008212337210356588,108.12999725341797,0.888
2021-10-26,0.008400340627100005,105.70999908447266,0.888
2021-10-27,0.008495981903180704,104.5199966430664,0.888
2021-10-28,0.00850819178529801,104.37000274658203,0.888
2021-10-29,0.008497607655502393,104.5,0.888
2021-11-01,0.00842824596484251,105.36000061035156,0.888
2021-11-02,0.00848786060683803,104.62000274658203,0.888
2021-11-03,0.008420254197885198,105.45999908447266,0.888
2021-11-04,0.008436252916380577,105.26000213623047,0.888
2021-11-05,0.008149779804160666,108.95999908447266,0.888
2021-11-08,0.008184331797235022,108.5,0.888
2021-11-09,0.008174537627285632,108.62999725341797,0.888
2021-11-10,0.008255857383375807,107.55999755859375,0.888
2021-11-11,0.008323179114066347,106.69000244140625,0.888
2021-11-12,0.008309938189481716,106.86000061035156,0.888
2021-11-15,0.008195662321232932,108.3499984741211,0.888
2021-11-16,0.008304498246195346,106.93000030517578,0.888
2021-11-17,0.008321619413538282,106.70999908447266,0.888
2021-11-18,0.008335680185632131,106.52999877929688,0.888
2021-11-19,0.00852370894028384,104.18000030517578,0.888
2021-11-22,0.008493543511045072,104.55000305175781,0.888
2021-11-23,0.008499234030136254,104.4800033569336,0.888
2021-11-24,0.008495981903180704,104.5199966430664,0.888
2021-11-26,0.008890669047045973,99.87999725341797,0.888
2021-11-29,0.008879111899131794,100.01000213623047,0.888
2021-11-30,0.009051987908381624,98.0999984741211,0.888
2021-12-01,0.009295509382885559,95.52999877929688,0.888
2021-12-02,0.008960645950281136,99.0999984741211,0.888
2021-12-03,0.009028060131046253,98.36000061035156,0.888
2021-12-06,0.008798176927722277,100.93000030517578,0.888
2021-12-07,0.008728988210924665,101.7300033569336,0.888
2021-12-08,0.008633093473952731,102.86000061035156,0.888
2021-12-09,0.00870076446445327,102.05999755859375,0.888
2021-12-10,0.008717847974465422,101.86000061035156,0.888
2021-12-13,0.010473615412369642,99.87000274658203,1.046
2021-12-14,0.008499697493507746,99.18000030517578,0.843
2021-12-15,0.00845451818012579,99.70999908447266,0.843
2021-12-16,0.008560113436883302,98.4800033569336,0.843
2021-12-17,0.008558375634517766,98.5,0.843
2021-12-20,0.008687139242030982,97.04000091552734,0.843
2021-12-21,0.008369737785772786,100.72000122070312,0.843
2021-12-22,0.008329216555929508,101.20999908447266,0.843
2021-12-23,0.008238858507762901,102.31999969482422,0.843
2021-12-27,0.008213172301372978,102.63999938964844,0.843
2021-12-28,0.00816385805307106,103.26000213623047,0.843
2021-12-29,0.008198794033282176,102.81999969482422,0.843
2021-12-30,0.008206775603406965,102.72000122070312,0.843
2021-12-31,0.008201984919363579,102.77999877929688,0.843
2022-01-03,0.008125301204819278,103.75,0.843
2022-01-04,0.007933370817358286,106.26000213623047,0.843
2022-01-05,0.008014069592493586,105.19000244140625,0.843
2022-01-06,0.00798749282440053,105.54000091552734,0.843
2022-01-07,0.007922187491665096,106.41000366210938,0.843
2022-01-10,0.007996585227112359,105.41999816894531,0.843
2022-01-11,0.007905101320563494,106.63999938964844,0.843
2022-01-12,0.007902137210240523,106.68000030517578,0.843
2022-01-13,0.007864539423448683,107.19000244140625,0.843
2022-01-14,0.0077997778101238,108.08000183105469,0.843
2022-01-18,0.007901396388691362,106.69000244140625,0.843
2022-01-19,0.00800569777368043,105.30000305175781,0.843
2022-01-20,0.008089434866194211,104.20999908447266,0.843
2022-01-21,0.008246918312785767,102.22000122070312,0.843
2022-01-24,0.008190827973162203,102.91999816894531,0.843
2022-01-25,0.008214772728877927,102.62000274658203,0.843
2022-01-26,0.008365585274215681,100.7699966430664,0.843
2022-01-27,0.008530661835694711,98.81999969482422,0.843
2022-01-28,0.008456214057126554,99.69000244140625,0.843
2022-01-31,0.008335805625382912,101.12999725341797,0.843
2022-02-01,0.008237248682486863,102.33999633789062,0.843
2022-02-02,0.008187645760450791,102.95999908447266,0.843
2022-02-03,0.008240468962385967,102.30000305175781,0.843
2022-02-04,0.008230814441232878,102.41999816894531,0.843
2022-02-07,0.008124517951466435,103.76000213623047,0.843
2022-02-08,0.008024749885867747,105.05000305175781,0.843
2022-02-09,0.007928893927950587,106.31999969482422,0.843
2022-02-10,0.00798673591308779,105.55000305175781,0.843
2022-02-11,0.008014831693801744,105.18000030517578,0.843
2022-02-14,0.008098760972798045,104.08999633789062,0.843
2022-02-15,0.00796033982864481,105.9000015258789,0.843
2022-02-16,0.007880714129008017,106.97000122070312,0.843
2022-02-17,0.007983710855547138,105.58999633789062,0.843
2022-02-18,0.008082454221805438,104.30000305175781,0.843
2022-02-22,0.00819560562898891,102.86000061035156,0.843
2022-02-23,0.008289900479506196,101.69000244140625,0.843
2022-02-24,0.008067757845100871,104.48999786376953,0.843
2022-02-25,0.007832388939071807,107.62999725341797,0.843
2022-02-28,0.007533511961615487,111.9000015258789,0.843
2022-03-01,0.007614488365741778,110.70999908447266,0.843
2022-03-02,0.007557826726560902,111.54000091552734,0.843
2022-03-03,0.007674101153479737,109.8499984741211,0.843
2022-03-04,0.007710600803818423,109.33000183105469,0.843
2022-03-07,0.00787041354865354,107.11000061035156,0.843
2022-03-08,0.008024749885867747,105.05000305175781,0.843
2022-03-09,0.007840402030503246,107.5199966430664,0.843
2022-03-10,0.007847700748180685,107.41999816894531,0.843
2022-03-11,0.007964852883297074,105.83999633789062,0.843
2022-03-14,0.008001898549690823,105.3499984741211,0.843
2022-03-15,0.00786820986375186,107.13999938964844,0.843
2022-03-16,0.007885874536642754,106.9000015258789,0.843
2022-03-17,0.007765291257905587,108.55999755859375,0.843
2022-03-18,0.007719780435521064,109.19999694824219,0.843
2022-03-21,0.007622061587977785,110.5999984741211,0.843
2022-03-22,0.007531492876812032,111.93000030517578,0.843
2022-03-23,0.007561216397457178,111.48999786376953,0.843
2022-03-24,0.006112295797109072,112.55999755859375,0.688
2022-03-25,0.006091190956961838,112.94999694824219,0.688
2022-03-28,0.006174279800015788,111.43000030517578,0.688
2022-03-29,0.006141760583980382,112.0199966430664,0.688
2022-03-30,0.006129722140898959,112.23999786376953,0.688
2022-03-31,0.006209946694779528,110.79000091552734,0.688
2022-04-01,0.006162665744906777,111.63999938964844,0.688
2022-04-04,0.006179825641645569,111.33000183105469,0.688
2022-04-05,0.00625397678974697,110.01000213623047,0.688
2022-04-06,0.006277945277767334,109.58999633789062,0.688
2022-04-07,0.006188720080344381,111.16999816894531,0.688
2022-04-08,0.006273937415868638,109.66000366210938,0.688
2022-04-11,0.006252271849108271,110.04000091552734,0.688
2022-04-12,0.006217241796780955,110.66000366210938,0.688
2022-04-13,0.006163769782034587,111.62000274658203,0.688
2022-04-14,0.0061472481348815895,111.91999816894531,0.688
2022-04-18,0.0061604584358880485,111.68000030517578,0.688
2022-04-19,0.006107412256376639,112.6500015258789,0.688
2022-04-20,0.006111209706964299,112.58000183105469,0.688
2022-04-21,0.006297482837528604,109.25,0.688
2022-04-22,0.006352137526619409,108.30999755859375,0.688
2022-04-25,0.006391675993136096,107.63999938964844,0.688
2022-04-26,0.006480783499120779,106.16000366210938,0.688
2022-04-27,0.006533713011022699,105.30000305175781,0.688
2022-04-28,0.00649853577171284,105.87000274658203,0.688
2022-04-29,0.0066887030518913045,102.86000061035156,0.688
2022-05-02,0.006685453070810802,102.91000366210938,0.688
2022-05-03,0.006632603660800057,103.7300033569336,0.688
2022-05-04,0.00646252119027442,106.45999908447266,0.688
2022-05-05,0.006622389104263986,103.88999938964844,0.688
2022-05-06,0.0066666668638086495,103.19999694824219,0.688
2022-05-09,0.006976272367056334,98.62000274658203,0.688
2022-05-10,0.006963562537944267,98.80000305175781,0.688
2022-05-11,0.007040523858018936,97.72000122070312,0.688
2022-05-12,0.007086938473665308,97.08000183105469,0.688
2022-05-13,0.006969205748507584,98.72000122070312,0.688
2022-05-16,0.006980519653432268,98.55999755859375,0.688
2022-05-17,0.0068193081986537354,100.88999938964844,0.688
2022-05-18,0.006994713254684483,98.36000061035156,0.688
2022-05-19,0.007080374734635724,97.16999816894531,0.688
2022-05-20,0.00714656719632857,96.2699966430664,0.688
2022-05-23,0.007012536904697657,98.11000061035156,0.688
2022-05-24,0.006960744895700213,98.83999633789062,0.688
2022-05-25,0.006902086656236459,99.68000030517578,0.688
2022-05-26,0.0067917075940113845,101.30000305175781,0.688
2022-05-27,0.006652485130352582,103.41999816894531,0.688
2022-05-31,0.006733215873411485,102.18000030517578,0.688
2022-06-01,0.006741132828315146,102.05999755859375,0.688
2022-06-02,0.006610299653114718,104.08000183105469,0.688
2022-06-03,0.006614112884090922,104.0199966430664,0.688
2022-06-06,0.006586883868851836,104.44999694824219,0.688
2022-06-07,0.006434717656026187,106.91999816894531,0.688
2022-06-08,0.0065567521013917655,104.93000030517578,0.688
2022-06-09,0.007584927581824584,102.44000244140625,0.777
2022-06-10,0.007752169749341325,100.2300033569336,0.777
2022-06-13,0.008053482306851106,96.4800033569336,0.777
2022-06-14,0.008126764930863051,95.61000061035156,0.777
2022-06-15,0.008015266973710307,96.94000244140625,0.777
2022-06-16,0.008295963801188055,93.66000366210938,0.777
2022-06-17,0.00826683708543323,93.98999786376953,0.777
2022-06-21,0.008046810476859293,96.55999755859375,0.777
2022-06-22,0.00808112311668419,96.1500015258789,0.777
2022-06-23,0.00814550796699469,95.38999938964844,0.777
2022-06-24,0.007893934751508304,98.43000030517578,0.777
2022-06-27,0.007878726205236587,98.62000274658203,0.777
2022-06-28,0.00793099918667556,97.97000122070312,0.777
2022-06-29,0.007977412606031154,97.4000015258789,0.777
2022-06-30,0.007835030899933145,99.16999816894531,0.777
2022-07-01,0.007750623441396509,100.25,0.777
2022-07-05,0.0079979412022245,97.1500015258789,0.777
2022-07-06,0.007896341340966864,98.4000015258789,0.777
2022-07-07,0.007829504400701591,99.23999786376953,0.777
2022-07-08,0.007823197768701676,99.31999969482422,0.777
2022-07-11,0.007888324873096446,98.5,0.777
2022-07-12,0.007876330339398618,98.6500015258789,0.777
2022-07-13,0.0079979412022245,97.1500015258789,0.777
2022-07-14,0.008085327911937891,96.0999984741211,0.777
2022-07-15,0.008015266973710307,96.94000244140625,0.777
2022-07-18,0.008114882506527416,95.75,0.777
2022-07-19,0.007832661531284134,99.19999694824219,0.777
2022-07-20,0.007732112812395014,100.48999786376953,0.777
2022-07-21,0.007711393246592763,100.76000213623047,0.777
2022-07-22,0.007770777243726084,99.98999786376953,0.777
2022-07-25,0.007740585985855294,100.37999725341797,0.777
2022-07-26,0.00785642050568305,98.9000015258789,0.777
2022-07-27,0.007799638411741149,99.62000274658203,0.777
2022-07-28,0.0076363636363636364,101.75,0.777
2022-07-29,0.007485548912870112,103.80000305175781,0.777
2022-08-01,0.007429718745417658,104.58000183105469,0.777
2022-08-02,0.007424039487983522,104.66000366210938,0.777
2022-08-03,0.00739084961761224,105.12999725341797,0.777
2022-08-04,0.007442528626854431,104.4000015258789,0.777
2022-08-05,0.0074546673220299035,104.2300033569336,0.777
2022-08-08,0.0074884346954797384,103.76000213623047,0.777
2022-08-09,0.007476905443520234,103.91999816894531,0.777
2022-08-10,0.007337803423162147,105.88999938964844,0.777
2022-08-11,0.00735308047188315,105.66999816894531,0.777
2022-08-12,0.007215824645225716,107.68000030517578,0.777
2022-08-15,0.007158651128119211,108.54000091552734,0.777
2022-08-16,0.007150087541107954,108.66999816894531,0.777
2022-08-17,0.007194444444444444,108.0,0.777
2022-08-18,0.0071791552794978515,108.2300033569336,0.777
2022-08-19,0.0072773253201226734,106.7699966430664,0.777
2022-08-22,0.007438966229793426,104.44999694824219,0.777
2022-08-23,0.007422621300485248,104.68000030517578,0.777
2022-08-24,0.007355865002399761,105.62999725341797,0.777
2022-08-25,0.007203782640489153,107.86000061035156,0.777
2022-08-26,0.007407054229720994,104.9000015258789,0.777
2022-08-29,0.007456098328627405,104.20999908447266,0.777
2022-08-30,0.007561307744718801,102.76000213623047,0.777
2022-08-31,0.007639366896018575,101.70999908447266,0.777
2022-09-01,0.007727498522302795,100.55000305175781,0.777
2022-09-02,0.007759912327107118,100.12999725341797,0.777
2022-09-06,0.007767669793882024,100.02999877929688,0.777
2022-09-07,0.007640118223360772,101.69999694824219,0.777
2022-09-08,0.007628866093674284,101.8499984741211,0.777
2022-09-09,0.007534910582862199,103.12000274658203,0.777
2022-09-12,0.007521780997534812,103.30000305175781,0.777
2022-09-13,0.007850070455120577,98.9800033569336,0.777
2022-09-14,0.007728267285901731,100.54000091552734,0.777
2022-09-15,0.007794943796360072,99.68000030517578,0.777
2022-09-16,0.007885122719514456,98.54000091552734,0.777
2022-09-19,0.007830292993189826,99.2300033569336,0.777
2022-09-20,0.007840565206495995,99.0999984741211,0.777
2022-09-21,0.007918874625460266,98.12000274658203,0.777
2022-09-22,0.008007007344078379,97.04000091552734,0.777
2022-09-23,0.008219612927469663,94.52999877929688,0.777
2022-09-26,0.010549023941947146,92.70999908447266,0.9780000000000001
2022-09-27,0.010603924584227792,92.2300033569336,0.978
2022-09-28,0.010398723745514232,94.05000305175781,0.978
2022-09-29,0.010640843880231376,91.91000366210938,0.978
2022-09-30,0.010724859894903608,91.19000244140625,0.978
2022-10-03,0.010423105413137845,93.83000183105469,0.978
2022-10-04,0.010088714414785946,96.94000244140625,0.978
2022-10-05,0.010162094988659361,96.23999786376953,0.978
2022-10-06,0.010229055472823764,95.61000061035156,0.978
2022-10-07,0.01027203034769798,95.20999908447266,0.978
2022-10-10,0.010183256879185233,96.04000091552734,0.978
2022-10-11,0.010186438685964163,96.01000213623047,0.978
2022-10-12,0.01041977406392792,93.86000061035156,0.978
2022-10-13,0.01021943606256263,95.69999694824219,0.978
2022-10-14,0.010508219654097498,93.06999969482422,0.978
2022-10-17,0.010238693827163057,95.5199966430664,0.978
2022-10-18,0.009844977210120629,99.33999633789062,0.978
2022-10-19,0.009796654132643398,99.83000183105469,0.978
2022-10-20,0.00981533526686878,99.63999938964844,0.978
2022-10-21,0.009592938001719701,101.94999694824219,0.978
2022-10-24,0.00949053829245197,103.05000305175781,0.978
2022-10-25,0.00945018861907219,103.48999786376953,0.978
2022-10-26,0.009489617923229308,103.05999755859375,0.978
2022-10-27,0.009332060796954299,104.80000305175781,0.978
2022-10-28,0.00909090893617818,107.58000183105469,0.978
2022-10-31,0.009122283446989086,107.20999908447266,0.978
2022-11-01,0.009111235637845551,107.33999633789062,0.978
2022-11-02,0.009244730045715067,105.79000091552734,0.978
2022-11-03,0.00917965075648375,106.54000091552734,0.978
2022-11-04,0.009125688314916808,107.16999816894531,0.978
2022-11-07,0.008999724086491093,108.66999816894531,0.978
2022-11-08,0.008926615752039936,109.55999755859375,0.978
2022-11-09,0.008988144673685439,108.80999755859375,0.978
2022-11-10,0.008689471110456141,112.55000305175781,0.978
2022-11-11,0.008994757378876086,108.7300033569336,0.978
2022-11-14,0.009105297147895037,107.41000366210938,0.978
2022-11-15,0.008958505234070834,109.16999816894531,0.978
2022-11-16,0.009022140094403198,108.4000015258789,0.978
2022-11-17,0.008971653800885054,109.01000213623047,0.978
2022-11-18,0.008904670706501512,109.83000183105469,0.978
2022-11-21,0.008860300999597242,110.37999725341797,0.978
2022-11-22,0.00882671455833037,110.80000305175781,0.978
2022-11-23,0.008809223829688158,111.0199966430664,0.978
2022-11-25,0.008761085945203272,111.62999725341797,0.978
2022-11-28,0.008907103577574472,109.80000305175781,0.978
2022-11-29,0.00889090909090909,110.0,0.978
2022-11-30,0.008738384703363656,111.91999816894531,0.978
2022-12-01,0.008731363104613839,112.01000213623047,0.978
2022-12-02,0.008570677370685073,114.11000061035156,0.978
2022-12-05,0.008659465015572233,112.94000244140625,0.978
2022-12-06,0.00882193753035826,110.86000061035156,0.978
2022-12-07,0.00885308218695587,110.47000122070312,0.978
2022-12-08,0.008807636814988902,111.04000091552734,0.978
2022-12-09,0.00887316266710672,110.22000122070312,0.978
2022-12-12,0.008756379072630686,111.69000244140625,0.978
2022-12-13,0.009518678108748744,111.36000061035156,1.06
2022-12-14,0.009493954191790199,111.6500015258789,1.06
2022-12-15,0.009679481137087002,109.51000213623047,1.06
2022-12-16,0.009638115726909306,109.9800033569336,1.06
2022-12-19,0.009695417380839299,109.33000183105469,1.06
2022-12-20,0.009616256624502087,110.2300033569336,1.06
2022-12-21,0.009458374256147647,112.06999969482422,1.06
2022-12-22,0.009629360304942903,110.08000183105469,1.06
2022-12-23,0.00956160918423288,110.86000061035156,1.06
2022-12-27,0.009532374362324621,111.19999694824219,1.06
2022-12-28,0.009603189222467359,110.37999725341797,1.06
2022-12-29,0.009505021806920078,111.5199966430664,1.06
2022-12-30,0.009476130826177622,111.86000061035156,1.06
2023-01-03,0.00950928490528381,111.47000122070312,1.06
2023-01-04,0.009454999502534353,112.11000061035156,1.06
2023-01-05,0.009467667101356807,111.95999908447266,1.06
2023-01-06,0.009323599060931543,113.69000244140625,1.06
2023-01-09,0.009505021806920078,111.5199966430664,1.06
2023-01-10,0.009450784284862646,112.16000366210938,1.06
2023-01-11,0.009394664387112079,112.83000183105469,1.06
2023-01-12,0.009321139541168273,113.72000122070312,1.06
2023-01-13,0.00943480208630499,112.3499984741211,1.06
2023-01-17,0.009482064507727978,111.79000091552734,1.06
2023-01-18,0.0096486436747764,109.86000061035156,1.06
2023-01-19,0.009775892253219906,108.43000030517578,1.06
2023-01-20,0.00969364439681141,109.3499984741211,1.06
2023-01-23,0.009590156624506779,110.52999877929688,1.06
2023-01-24,0.009446573466256094,112.20999908447266,1.06
2023-01-25,0.009407170723545966,112.68000030517578,1.06
2023-01-26,0.009327701563649923,113.63999938964844,1.06
2023-01-27,0.00932195944538307,113.70999908447266,1.06
2023-01-30,0.009364784672998994,113.19000244140625,1.06
2023-01-31,0.009243917475591858,114.66999816894531,1.06
2023-02-01,0.009235863300550491,114.7699966430664,1.06
2023-02-02,0.009287654652670686,114.12999725341797,1.06
2023-02-03,0.009338384107576949,113.51000213623047,1.06
2023-02-06,0.009275463872266257,114.27999877929688,1.06
2023-02-07,0.00919420584250545,115.29000091552734,1.06
2023-02-08,0.00923344923189677,114.80000305175781,1.06
2023-02-09,0.009286840771580847,114.13999938964844,1.06
2023-02-10,0.00917113672959982,115.58000183105469,1.06
2023-02-13,0.009111226004523862,116.33999633789062,1.06
2023-02-14,0.009044368836187913,117.19999694824219,1.06
2023-02-15,0.00901513848862722,117.58000183105469,1.06
2023-02-16,0.00911200879665962,116.33000183105469,1.06
2023-02-17,0.009073788758509678,116.81999969482422,1.06
2023-02-21,0.009163208827832042,115.68000030517578,1.06
2023-02-22,0.009137931034482759,116.0,1.06
2023-02-23,0.009126129884413525,116.1500015258789,1.06
2023-02-24,0.009176694488758252,115.51000213623047,1.06
2023-02-27,0.009177489177489178,115.5,1.06
2023-02-28,0.009240693997560005,114.70999908447266,1.06
2023-03-01,0.009156876126803751,115.76000213623047,1.06
2023-03-02,0.009053638396158976,117.08000183105469,1.06
2023-03-03,0.009002887882047252,117.73999786376953,1.06
2023-03-06,0.009020508728875113,117.51000213623047,1.06
2023-03-07,0.009093248715578959,116.56999969482422,1.06
2023-03-08,0.009129273916354607,116.11000061035156,1.06
2023-03-09,0.009288468055454439,114.12000274658203,1.06
2023-03-10,0.009378041329273683,113.02999877929688,1.06
2023-03-13,0.009418873212873326,112.54000091552734,1.06
2023-03-14,0.00931295029732988,113.81999969482422,1.06
2023-03-15,0.009525521312255874,111.27999877929688,1.06
2023-03-16,0.009387176914527402,112.91999816894531,1.06
2023-03-17,0.009596234010371308,110.45999908447266,1.06
2023-03-20,0.009452470178074995,112.13999938964844,1.06
2023-03-21,0.00936644002076932,113.16999816894531,1.06
2023-03-22,0.009557298395096276,110.91000366210938,1.06
2023-03-23,0.012123405544187815,110.52999877929688,1.34
2023-03-24,0.012043860994710923,111.26000213623047,1.34
2023-03-27,0.01050756872603246,112.30000305175781,1.1800000000000002
2023-03-28,0.01045635813872518,112.8499984741211,1.1800000000000002
2023-03-29,0.010344525319162783,114.06999969482422,1.1800000000000002
2023-03-30,0.010316489144387864,114.37999725341797,1.1800000000000002
2023-03-31,0.010253736367960098,115.08000183105469,1.1800000000000002
2023-04-03,0.01009582501479305,116.87999725341797,1.1800000000000002
2023-04-04,0.010209378623516781,115.58000183105469,1.1800000000000002
2023-04-05,0.010295785653223552,114.61000061035156,1.1800000000000002
2023-04-06,0.010312882528259501,114.41999816894531,1.1800000000000002
2023-04-10,0.010212913195861165,115.54000091552734,1.1800000000000002
2023-04-11,0.0102031991736373,115.6500015258789,1.1800000000000002
2023-04-12,0.010143556962319202,116.33000183105469,1.1800000000000002
2023-04-13,0.010094961127226243,116.88999938964844,1.1800000000000002
2023-04-14,0.010266225638907018,114.94000244140625,1.1800000000000002
2023-04-17,0.010161026676208502,116.12999725341797,1.1800000000000002
2023-04-18,0.010050250942806252,117.41000366210938,1.1800000000000002
2023-04-19,0.010088919367618687,116.95999908447266,1.1800000000000002
2023-04-20,0.010137456911782375,116.4000015258789,1.1800000000000002
2023-04-21,0.01021026220572748,115.56999969482422,1.1800000000000002
2023-04-24,0.01020584649687602,115.62000274658203,1.1800000000000002
2023-04-25,0.010326420186095274,114.2699966430664,1.1800000000000002
2023-04-26,0.010545129436187753,111.9000015258789,1.1800000000000002
2023-04-27,0.010391897563068653,113.55000305175781,1.1800000000000002
2023-04-28,0.010354510437696012,113.95999908447266,1.1800000000000002
2023-05-01,0.010328227571115975,114.25,1.1800000000000002
2023-05-02,0.010380014046730043,113.68000030517578,1.1800000000000002
2023-05-03,0.010503828008422353,112.33999633789062,1.1800000000000002
2023-05-04,0.010657514333366503,110.72000122070312,1.1800000000000002
2023-05-05,0.01055833909667998,111.76000213623047,1.1800000000000002
2023-05-08,0.010617239576032472,111.13999938964844,1.1800000000000002
2023-05-09,0.01049541934356535,112.43000030517578,1.1800000000000002
2023-05-10,0.010582959641255607,111.5,1.1800000000000002
2023-05-11,0.010618195169294917,111.12999725341797,1.1800000000000002
2023-05-12,0.010641175998691122,110.88999938964844,1.1800000000000002
2023-05-15,0.010515059589772181,112.22000122070312,1.1800000000000002
2023-05-16,0.010618195169294917,111.12999725341797,1.1800000000000002
2023-05-17,0.01043878264723115,113.04000091552734,1.1800000000000002
2023-05-18,0.010412070775036876,113.33000183105469,1.1800000000000002
2023-05-19,0.010482366555911561,112.56999969482422,1.1800000000000002
2023-05-22,0.010436936365476754,113.05999755859375,1.1800000000000002
2023-05-23,0.010638298047956235,110.91999816894531,1.1800000000000002
2023-05-24,0.010746812087462044,109.80000305175781,1.1800000000000002
2023-05-25,0.010825688073394497,109.0,1.1800000000000002
2023-05-26,0.01075955156105888,109.66999816894531,1.1800000000000002
2023-05-30,0.010780193768221837,109.45999908447266,1.1800000000000002
2023-05-31,0.010859561570321166,108.66000366210938,1.1800000000000002
2023-06-01,0.010711691728146455,110.16000366210938,1.1800000000000002
2023-06-02,0.010472133446966264,112.68000030517578,1.1800000000000002
2023-06-05,0.010552673969061175,111.81999969482422,1.1800000000000002
2023-06-06,0.010458211298860617,112.83000183105469,1.1800000000000002
2023-06-07,0.01237338492435061,114.5199966430664,1.4170000000000003
2023-06-08,0.012273711887885634,115.44999694824219,1.4170000000000003
2023-06-09,0.012312103962883583,115.08999633789062,1.4170000000000003
2023-06-12,0.009831679024617625,115.8499984741211,1.1390000000000002
2023-06-13,0.009839322555122145,115.76000213623047,1.1390000000000002
2023-06-14,0.009947598253275111,114.5,1.1390000000000002
2023-06-15,0.009841023164184325,115.73999786376953,1.1390000000000002
2023-06-16,0.009829133819438406,115.87999725341797,1.1390000000000002
2023-06-20,0.009883721113449378,115.23999786376953,1.1390000000000002
2023-06-21,0.009793636888324955,116.30000305175781,1.1390000000000002
2023-06-22,0.009946729357711064,114.51000213623047,1.1390000000000002
2023-06-23,0.010021997225760195,113.6500015258789,1.1390000000000002
2023-06-26,0.010037895370994183,113.47000122070312,1.1390000000000002
2023-06-27,0.00991469383035794,114.87999725341797,1.1390000000000002
2023-06-28,0.009925925925925928,114.75,1.1390000000000002
2023-06-29,0.009788587092003444,116.36000061035156,1.1390000000000002
2023-06-30,0.009762578365267978,116.66999816894531,1.1390000000000002
2023-07-03,0.009741703881607876,116.91999816894531,1.1390000000000002
2023-07-05,0.009757559901006765,116.7300033569336,1.1390000000000002
2023-07-06,0.009811353569904816,116.08999633789062,1.1390000000000002
2023-07-07,0.009815580756752566,116.04000091552734,1.1390000000000002
2023-07-10,0.0097558886509636,116.75,1.1390000000000002
2023-07-11,0.00963865632266148,118.16999816894531,1.1390000000000002
2023-07-12,0.009700221578620648,117.41999816894531,1.1390000000000002
2023-07-13,0.009688669816723198,117.55999755859375,1.1390000000000002
2023-07-14,0.00980206566190646,116.19999694824219,1.1390000000000002
2023-07-17,0.009751712073973774,116.80000305175781,1.1390000000000002
2023-07-18,0.009795321740257826,116.27999877929688,1.1390000000000002
2023-07-19,0.009852088867630502,115.61000061035156,1.1390000000000002
2023-07-20,0.00973421057350212,117.01000213623047,1.1390000000000002
2023-07-21,0.009786905197461232,116.37999725341797,1.1390000000000002
2023-07-24,0.009737539438431695,116.97000122070312,1.1390000000000002
2023-07-25,0.009941520494317112,114.56999969482422,1.1390000000000002
2023-07-26,0.009794479241834093,116.29000091552734,1.1390000000000002
2023-07-27,0.009832527935150147,115.83999633789062,1.1390000000000002
2023-07-28,0.009740870580922966,116.93000030517578,1.1390000000000002
2023-07-31,0.009675501088932092,117.72000122070312,1.1390000000000002
2023-08-01,0.009675501088932092,117.72000122070312,1.1390000000000002
2023-08-02,0.009878577362124672,115.30000305175781,1.1390000000000002
2023-08-03,0.009900043196761982,115.05000305175781,1.1390000000000002
2023-08-04,0.009848681236248208,115.6500015258789,1.1390000000000002
2023-08-07,0.009707661997994887,117.33000183105469,1.1390000000000002
2023-08-08,0.009750042826360873,116.81999969482422,1.1390000000000002
2023-08-09,0.00969444225644364,117.48999786376953,1.1390000000000002
2023-08-10,0.009742536689092167,116.91000366210938,1.1390000000000002
2023-08-11,0.009715942739778433,117.2300033569336,1.1390000000000002
2023-08-14,0.009744204003314145,116.88999938964844,1.1390000000000002
2023-08-15,0.009882863340563994,115.25,1.1390000000000002
2023-08-16,0.009921602523707947,114.80000305175781,1.1390000000000002
2023-08-17,0.010009666849774819,113.79000091552734,1.1390000000000002
2023-08-18,0.009935450157572556,114.63999938964844,1.1390000000000002
2023-08-21,0.00993025309768725,114.69999694824219,1.1390000000000002
2023-08-22,0.009890586694855766,115.16000366210938,1.1390000000000002
2023-08-23,0.009858057737360903,115.54000091552734,1.1390000000000002
2023-08-24,0.010040549854433525,113.44000244140625,1.1390000000000002
2023-08-25,0.009985972509028721,114.05999755859375,1.1390000000000002
2023-08-28,0.009867452109405638,115.43000030517578,1.1390000000000002
2023-08-29,0.009843574531259718,115.70999908447266,1.1390000000000002
2023-08-30,0.009758396059697529,116.72000122070312,1.1390000000000002
2023-08-31,0.009804596866254225,116.16999816894531,1.1390000000000002
2023-09-01,0.009781861698029045,116.44000244140625,1.1390000000000002
2023-09-05,0.009919010553320121,114.83000183105469,1.1390000000000002
2023-09-06,0.010046749337618233,113.37000274658203,1.1390000000000002
2023-09-07,0.010051182519126171,113.31999969482422,1.1390000000000002
2023-09-08,0.01015785274145524,112.12999725341797,1.1390000000000002
2023-09-11,0.010306759370033362,110.51000213623047,1.1390000000000002
2023-09-12,0.01036113887781344,109.93000030517578,1.1390000000000002
2023-09-13,0.010402776712236083,109.48999786376953,1.1390000000000002
2023-09-14,0.010344201195953145,110.11000061035156,1.1390000000000002
2023-09-15,0.010371517056684904,109.81999969482422,1.1390000000000002
2023-09-18,0.010350781447869654,110.04000091552734,1.1390000000000002
2023-09-19,0.010410382614715661,109.41000366210938,1.1390000000000002
2023-09-20,0.010450500250708114,108.98999786376953,1.1390000000000002
2023-09-21,0.010632934753507961,107.12000274658203,1.1390000000000002
2023-09-22,0.01073212126144023,106.12999725341797,1.1390000000000002
2023-09-25,0.010687810859169197,106.56999969482422,1.1390000000000002
2023-09-26,0.012941176283238445,105.4000015258789,1.364
2023-09-27,0.009230190860359633,106.38999938964844,0.982
2023-09-28,0.009276402742661375,105.86000061035156,0.982
2023-09-29,0.009266773508427108,105.97000122070312,0.982
2023-10-02,0.009372017669788617,104.77999877929688,0.982
2023-10-03,0.009441399671483457,104.01000213623047,0.982
2023-10-04,0.009482425870514231,103.55999755859375,0.982
2023-10-05,0.009519193147922388,103.16000366210938,0.982
2023-10-06,0.009434143861551222,104.08999633789062,0.982
2023-10-09,0.009032376646193429,108.72000122070312,0.982
2023-10-10,0.008968036529680366,109.5,0.982
2023-10-11,0.008914306166982897,110.16000366210938,0.982
2023-10-12,0.009024906001594172,108.80999755859375,0.982
2023-10-13,0.009037363950894392,108.66000366210938,0.982
2023-10-16,0.008981981007532256,109.33000183105469,0.982
2023-10-17,0.008954951369742737,109.66000366210938,0.982
2023-10-18,0.008983624754667255,109.30999755859375,0.982
2023-10-19,0.009071593533487297,108.25,0.982
2023-10-20,0.009187874487605267,106.87999725341797,0.982
2023-10-23,0.009193895912798754,106.80999755859375,0.982
2023-10-24,0.00909848973615641,107.93000030517578,0.982
2023-10-25,0.00911538076116469,107.7300033569336,0.982
2023-10-26,0.00908838475024943,108.05000305175781,0.982
2023-10-27,0.009156177156177156,107.25,0.982
2023-10-30,0.00911622715254171,107.72000122070312,0.982
2023-10-31,0.008938649140217381,109.86000061035156,0.982
2023-11-01,0.008881251720270805,110.56999969482422,0.982
2023-11-02,0.008703358894475528,112.83000183105469,0.982
2023-11-03,0.008658085133604543,113.41999816894531,0.982
2023-11-06,0.008681046465318192,113.12000274658203,0.982
2023-11-07,0.00869642238685463,112.91999816894531,0.982
2023-11-08,0.008708761807343719,112.76000213623047,0.982
2023-11-09,0.00870798997279546,112.7699966430664,0.982
2023-11-10,0.008617058686286002,113.95999908447266,0.982
2023-11-13,0.008517651072962595,115.29000091552734,0.982
2023-11-14,0.008452401423829676,116.18000030517578,0.982
2023-11-15,0.008453129168271858,116.16999816894531,0.982
2023-11-16,0.008489669020014249,115.66999816894531,0.982
2023-11-17,0.008483801295896327,115.75,0.982
2023-11-20,0.008391728150491148,117.0199966430664,0.982
2023-11-21,0.008381699976999812,117.16000366210938,0.982
2023-11-22,0.008324855947962303,117.95999908447266,0.982
2023-11-24,0.008287619357787704,118.48999786376953,0.982
2023-11-27,0.008331919183052774,117.86000061035156,0.982
2023-11-28,0.008327679912215377,117.91999816894531,0.982
2023-11-29,0.008336162772156623,117.80000305175781,0.982
2023-11-30,0.008192891665271615,119.86000061035156,0.982
2023-12-01,0.008096965780705734,121.27999877929688,0.982
2023-12-04,0.008033377103739733,122.23999786376953,0.982
2023-12-05,0.00810364744617068,121.18000030517578,0.982
2023-12-06,0.008076986224795168,121.58000183105469,0.982
2023-12-07,0.008092295116175216,121.3499984741211,0.982
2023-12-08,0.008030749180595032,122.27999877929688,0.982
2023-12-11,0.007953348913026015,123.47000122070312,0.982
2023-12-12,0.007933430357766709,123.77999877929688,0.982
2023-12-13,0.007819094104899895,125.58999633789062,0.982
2023-12-14,0.0059431318307448895,124.8499984741211,0.742
2023-12-15,0.005940276825282656,124.91000366210938,0.742
2023-12-18,0.005929359146707636,125.13999938964844,0.742
2023-12-19,0.005867468016541416,126.45999908447266,0.742
2023-12-20,0.009475042172075851,124.01000213623047,1.175
2023-12-21,0.009384984254318683,125.19999694824219,1.175
2023-12-22,0.009331321609642314,125.91999816894531,1.175
2023-12-26,0.009281200743775581,126.5999984741211,1.175
2023-12-27,0.009275339415609339,126.68000030517578,1.175
2023-12-28,0.009280467532861955,126.61000061035156,1.175
2023-12-29,0.009281200743775581,126.5999984741211,1.175
2024-01-02,0.009367027878916452,125.44000244140625,1.175
2024-01-03,0.009496484022637468,123.7300033569336,1.175
2024-01-04,0.009497251765330384,123.72000122070312,1.175
2024-01-05,0.009488049376181158,123.83999633789062,1.175
2024-01-08,0.009597320894152822,122.43000030517578,1.175
2024-01-09,0.009673170232912908,121.47000122070312,1.175
2024-01-10,0.009610665626283358,122.26000213623047,1.175
2024-01-11,0.009673170232912908,121.47000122070312,1.175
2024-01-12,0.009604381520126661,122.33999633789062,1.175
2024-01-16,0.009849119613938577,119.30000305175781,1.175
2024-01-17,0.00984746901613484,119.31999969482422,1.175
2024-01-18,0.009693919716814195,121.20999908447266,1.175
2024-01-19,0.009654095874115429,121.70999908447266,1.175
2024-01-22,0.009617745908247677,122.16999816894531,1.175
2024-01-23,0.009597320894152822,122.43000030517578,1.175
2024-01-24,0.009570742299652574,122.7699966430664,1.175
2024-01-25,0.009657269809180481,121.66999816894531,1.175
2024-01-26,0.009627990750453222,122.04000091552734,1.175
2024-01-29,0.009610665626283358,122.26000213623047,1.175
2024-01-30,0.009624048122240289,122.08999633789062,1.175
2024-01-31,0.009580105873476711,122.6500015258789,1.175
2024-02-01,0.00949878762318512,123.69999694824219,1.175
2024-02-02,0.009504165866731144,123.62999725341797,1.175
2024-02-05,0.009538886159189503,123.18000030517578,1.175
2024-02-06,0.009467407898006227,124.11000061035156,1.175
2024-02-07,0.009397744633062916,125.02999877929688,1.175
2024-02-08,0.009441543019793512,124.44999694824219,1.175
2024-02-09,0.00942563745774334,124.66000366210938,1.175
2024-02-12,0.009408279331750804,124.88999938964844,1.175
2024-02-13,0.009468170946392284,124.0999984741211,1.175
2024-02-14,0.009375997469369034,125.31999969482422,1.175
2024-02-15,0.009307668091597943,126.23999786376953,1.175
2024-02-16,0.009352117205572106,125.63999938964844,1.175
2024-02-20,0.00936777483170838,125.43000030517578,1.175
2024-02-21,0.009361058249079438,125.5199966430664,1.175
2024-02-22,0.009326877033579086,125.9800033569336,1.175
2024-02-23,0.009294415575214232,126.41999816894531,1.175
2024-02-26,0.009308405044381704,126.2300033569336,1.175
2024-02-27,0.009297357378825406,126.37999725341797,1.175
2024-02-28,0.009170373489602635,128.1300048828125,1.175
2024-02-29,0.00918830173003147,127.87999725341797,1.175
2024-03-01,0.009187583123056188,127.88999938964844,1.175
2024-03-04,0.009117007724110497,128.8800048828125,1.175
2024-03-05,0.00912621359223301,128.75,1.175
2024-03-06,0.009071257709204915,129.52999877929688,1.175
2024-03-07,0.009047509387674535,129.8699951171875,1.175
2024-03-08,0.009095835784331097,129.17999267578125,1.175
2024-03-11,0.00918471036658367,127.93000030517578,1.175
2024-03-12,0.009255612668340987,126.94999694824219,1.175
2024-03-13,0.009255612668340987,126.94999694824219,1.175
2024-03-14,0.00926875468261098,126.7699966430664,1.175
2024-03-15,0.009236695294838827,127.20999908447266,1.175
2024-03-18,0.009246144027933622,127.08000183105469,1.175
2024-03-19,0.009162507405402712,128.24000549316406,1.175
2024-03-20,0.009060765471645808,129.67999267578125,1.175
2024-03-21,0.01111968547512543,129.58999633789062,1.441
2024-03-22,0.01107609479167473,130.10000610351562,1.441
2024-03-25,0.008915681071391493,130.22000122070312,1.161
2024-03-26,0.008932143700278774,129.97999572753906,1.161
2024-03-27,0.00880546034323652,131.85000610351562,1.161
2024-03-28,0.008800121764981557,131.92999267578125,1.161
2024-04-01,0.008870043589379211,130.88999938964844,1.161
2024-04-02,0.00891499683704965,130.22999572753906,1.161
2024-04-03,0.008954187623081795,129.66000366210938,1.161
2024-04-04,0.00891910591020489,130.1699981689453,1.161
2024-04-05,0.008838979414169402,131.35000610351562,1.161
2024-04-08,0.008857861716053126,131.07000732421875,1.161
2024-04-09,0.008952807414962368,129.67999267578125,1.161
2024-04-10,0.008984677209660862,129.22000122070312,1.161
2024-04-11,0.008988850782609518,129.16000366210938,1.161
2024-04-12,0.009090197219727278,127.72000122070312,1.161
2024-04-15,0.00913813437318085,127.05000305175781,1.161
2024-04-16,0.009094469424213209,127.66000366210938,1.161
2024-04-17,0.009105168069557388,127.51000213623047,1.161
2024-04-18,0.009108740062288566,127.45999908447266,1.161
2024-04-19,0.0090703125,128.0,1.161
2024-04-22,0.009035019455252919,128.5,1.161
2024-04-23,0.008974260213493313,129.3699951171875,1.161
2024-04-24,0.009034316781783397,128.50999450683594,1.161
2024-04-25,0.008999302762845102,129.00999450683594,1.161
2024-04-26,0.008963174638627154,129.52999877929688,1.161
2024-04-29,0.008853808867295901,131.1300048828125,1.161
2024-04-30,0.008941085448039624,129.85000610351562,1.161
2024-05-01,0.008923218772989775,130.11000061035156,1.161
2024-05-02,0.008791458590515841,132.05999755859375,1.161
2024-05-03,0.008757636990700392,132.57000732421875,1.161
2024-05-06,0.008689469311401608,133.61000061035156,1.161
2024-05-07,0.008700539409161037,133.44000244140625,1.161
2024-05-08,0.00865836402198431,134.08999633789062,1.161
2024-05-09,0.008577127620899355,135.36000061035156,1.161
2024-05-10,0.008593633956688534,135.10000610351562,1.161
2024-05-13,0.008644181528582822,134.30999755859375,1.161
2024-05-14,0.008621713711765493,134.66000366210938,1.161
2024-05-15,0.008640964533536572,134.36000061035156,1.161
2024-05-16,0.008603823766078041,134.94000244140625,1.161
2024-05-17,0.008568265682656827,135.5,1.161
2024-05-20,0.008512978137796773,136.3800048828125,1.161
2024-05-21,0.008506117321961331,136.49000549316406,1.161
2024-05-22,0.008496158447540694,136.64999389648438,1.161
2024-05-23,0.008653845917625743,134.16000366210938,1.161
2024-05-24,0.008565104934425482,135.5500030517578,1.161
2024-05-28,0.008646112679135664,134.27999877929688,1.161
2024-05-29,0.008753015721821598,132.63999938964844,1.161
2024-05-30,0.008677779043736124,133.7899932861328,1.161
2024-05-31,0.008535509215794518,136.02000427246094,1.161
2024-06-03,0.008501134493196392,136.57000732421875,1.161
2024-06-04,0.00848870339791143,136.77000427246094,1.161
2024-06-05,0.00845039671852182,137.38999938964844,1.161
2024-06-06,0.008484361524924437,136.83999633789062,1.161
2024-06-07,0.006770718778742306,136.47000122070312,0.924
2024-06-10,0.006785635693800912,136.1699981689453,0.924
2024-06-11,0.009080109717364046,134.69000244140625,1.223
2024-06-12,0.009069335889100236,134.85000610351562,1.223
2024-06-13,0.009148028855306644,133.69000244140625,1.223
2024-06-14,0.00924484134907126,132.2899932861328,1.223
2024-06-17,0.009166541873665415,133.4199981689453,1.223
2024-06-18,0.00914460856712401,133.74000549316406,1.223
2024-06-20,0.009121419923166627,134.0800018310547,1.223
2024-06-21,0.009101056374172111,134.3800048828125,1.223
2024-06-24,0.009176858713830793,133.27000427246094,1.223
2024-06-25,0.00924484134907126,132.2899932861328,1.223
2024-06-26,0.009227403515554261,132.5399932861328,1.223
2024-06-27,0.009211417945654717,132.77000427246094,1.223
2024-06-28,0.009261643102883063,132.0500030517578,1.223
2024-07-01,0.009294725512850353,131.5800018310547,1.223
2024-07-02,0.009228099383269975,132.52999877929688,1.223
2024-07-03,0.009185129974176375,133.14999389648438,1.223
2024-07-05,0.009237160546670346,132.39999389648438,1.223
2024-07-08,0.009179614495380503,133.22999572753906,1.223
2024-07-09,0.009208644096694838,132.80999755859375,1.223
2024-07-10,0.009156933380920893,133.55999755859375,1.223
2024-07-11,0.009152136161878585,133.6300048828125,1.223
2024-07-12,0.009187889673143695,133.11000061035156,1.223
2024-07-15,0.009135045976959093,133.8800048828125,1.223
2024-07-16,0.008904907766206104,137.33999633789062,1.223
2024-07-17,0.00901651434313804,135.63999938964844,1.223
2024-07-18,0.009076066790352505,134.75,1.223
2024-07-19,0.009133682268465814,133.89999389648438,1.223
2024-07-22,0.00901385661865756,135.67999267578125,1.223
2024-07-23,0.008774572802090732,139.3800048828125,1.223
2024-07-24,0.008996615992611487,135.94000244140625,1.223
2024-07-25,0.008765768080193508,139.52000427246094,1.223
2024-07-26,0.008679915209212194,140.89999389648438,1.223
2024-07-29,0.008689782238635787,140.74000549316406,1.223
2024-07-30,0.008635175865537354,141.6300048828125,1.223
2024-07-31,0.008541696204506576,143.17999267578125,1.223
2024-08-01,0.008644331615299471,141.47999572753906,1.223
2024-08-02,0.008914643765841047,137.19000244140625,1.223
2024-08-05,0.009055905015650286,135.0500030517578,1.223
2024-08-06,0.009004564379683411,135.82000732421875,1.223
2024-08-07,0.008959050979514592,136.50999450683594,1.223
2024-08-08,0.008765140189920691,139.52999877929688,1.223
2024-08-09,0.00872200819678375,140.22000122070312,1.223
2024-08-12,0.008726364989379273,140.14999389648438,1.223
2024-08-13,0.008674373731117398,140.99000549316406,1.223
2024-08-14,0.00865044530882372,141.3800048828125,1.223
2024-08-15,0.008531565733710885,143.35000610351562,1.223
2024-08-16,0.008500138716259497,143.8800048828125,1.223
2024-08-19,0.008464253259772084,144.49000549316406,1.223
2024-08-20,0.008532161512806676,143.33999633789062,1.223
2024-08-21,0.008499548302089878,143.88999938964844,1.223
2024-08-22,0.008496005737601611,143.9499969482422,1.223
2024-08-23,0.008445549482901854,144.80999755859375,1.223
2024-08-26,0.00846952944386361,144.39999389648438,1.223
2024-08-27,0.008449050086355787,144.75,1.223
2024-08-28,0.008417067958108378,145.3000030517578,1.223
2024-08-29,0.00833333364524645,146.75999450683594,1.223
2024-08-30,0.008279736946794028,147.7100067138672,1.223
2024-09-03,0.00857283028603223,142.66000366210938,1.223
2024-09-04,0.008516120011156416,143.61000061035156,1.223
2024-09-05,0.008597539543057997,142.25,1.223
2024-09-06,0.00873758654950347,139.97000122070312,1.223
2024-09-09,0.008556636554052179,142.92999267578125,1.223
2024-09-10,0.008589086349057955,142.38999938964844,1.223
2024-09-11,0.008595123042424026,142.2899932861328,1.223
2024-09-12,0.008483040962286966,144.1699981689453,1.223
2024-09-13,0.008411857797195065,145.38999938964844,1.223
2024-09-16,0.00837269760167407,146.07000732421875,1.223
2024-09-17,0.008392808054864625,145.72000122070312,1.223
2024-09-18,0.008387627875163619,145.80999755859375,1.223
2024-09-19,0.008303910986804795,147.27999877929688,1.223
2024-09-20,0.008269659916474405,147.88999938964844,1.223
2024-09-23,0.008174041170380366,149.6199951171875,1.223
2024-09-24,0.008196501206150925,149.2100067138672,1.223
2024-09-25,0.009748554164646985,148.74000549316406,1.45
2024-09-26,0.008288227163101068,147.8000030517578,1.2249999999999999
2024-09-27,0.008248603092794626,148.50999450683594,1.2249999999999999
2024-09-30,0.008186313853224601,149.63999938964844,1.2249999999999999
2024-10-01,0.008093821939869383,151.35000610351562,1.2249999999999999
2024-10-02,0.008093287493791287,151.36000061035156,1.2249999999999999
2024-10-03,0.00814657205412106,150.3699951171875,1.2249999999999999
2024-10-04,0.008069828559768363,151.8000030517578,1.2249999999999999
2024-10-07,0.0080948918600265,151.3300018310547,1.2249999999999999
2024-10-08,0.008092217997669552,151.3800048828125,1.2249999999999999
2024-10-09,0.00806770303967868,151.83999633789062,1.2249999999999999
2024-10-10,0.008145488429893022,150.38999938964844,1.2249999999999999
2024-10-11,0.008013868867648322,152.86000061035156,1.2249999999999999
2024-10-14,0.007967479674796748,153.75,1.2249999999999999
2024-10-15,0.00800862935559052,152.9600067138672,1.2249999999999999
2024-10-16,0.007919063809337048,154.69000244140625,1.2249999999999999
2024-10-17,0.007908328265129794,154.89999389648438,1.2249999999999999
2024-10-18,0.007910370626190707,154.86000061035156,1.2249999999999999
2024-10-21,0.007872244683472546,155.61000061035156,1.2249999999999999
2024-10-22,0.008138453130672182,150.52000427246094,1.2249999999999999
2024-10-23,0.008113657667673104,150.97999572753906,1.2249999999999999
2024-10-24,0.00820001342127914,149.38999938964844,1.2249999999999999
2024-10-25,0.00818740836771541,149.6199951171875,1.2249999999999999
2024-10-28,0.008238063383594984,148.6999969482422,1.2249999999999999
2024-10-29,0.00830339598817855,147.52999877929688,1.2249999999999999
2024-10-30,0.008314103640879304,147.33999633789062,1.2249999999999999
2024-10-31,0.008481617822621506,144.42999267578125,1.2249999999999999
2024-11-01,0.008475162978422018,144.5399932861328,1.2249999999999999
2024-11-04,0.0084622827195683,144.75999450683594,1.2249999999999999
2024-11-05,0.00836234523902154,146.49000549316406,1.2249999999999999
2024-11-06,0.008103995569742535,151.16000366210938,1.2249999999999999
2024-11-07,0.008152535902989599,150.25999450683594,1.2249999999999999
2024-11-08,0.007861634850594702,155.82000732421875,1.2249999999999999
2024-11-11,0.007787171947184859,157.30999755859375,1.2249999999999999
2024-11-12,0.00787781350482315,155.5,1.2249999999999999
2024-11-13,0.007849041728146993,156.07000732421875,1.2249999999999999
2024-11-14,0.008103459779307256,151.1699981689453,1.2249999999999999
2024-11-15,0.008161769804046197,150.08999633789062,1.2249999999999999
2024-11-18,0.008149823830064738,150.30999755859375,1.2249999999999999
2024-11-19,0.008113657667673104,150.97999572753906,1.2249999999999999
2024-11-20,0.00807727792707454,151.66000366210938,1.2249999999999999
2024-11-21,0.008010724657782336,152.9199981689453,1.2249999999999999
2024-11-22,0.007928289712972597,154.50999450683594,1.2249999999999999
2024-11-25,0.008012820256900189,152.8800048828125,1.2249999999999999
2024-11-26,0.007919063809337048,154.69000244140625,1.2249999999999999
2024-11-27,0.007961783407906622,153.86000061035156,1.2249999999999999
2024-11-29,0.007874268447175774,155.57000732421875,1.2249999999999999
2024-12-02,0.007987220701572022,153.3699951171875,1.2249999999999999
2024-12-03,0.007985137675233376,153.41000366210938,1.2249999999999999
2024-12-04,0.007891007193077833,155.24000549316406,1.2249999999999999
2024-12-05,0.008018065255842893,152.77999877929688,1.2249999999999999
2024-12-06,0.008053382388301921,152.11000061035156,1.2249999999999999
2024-12-09,0.008204956295783392,149.3000030517578,1.2249999999999999
2024-12-10,0.008178662104311112,149.77999877929688,1.2249999999999999
2024-12-11,0.008205506431044814,149.2899932861328,1.2249999999999999
2024-12-12,0.00830283350782243,147.5399932861328,1.2249999999999999
2024-12-13,0.00825638633358756,148.3699951171875,1.2249999999999999
2024-12-16,0.00818740836771541,149.6199951171875,1.2249999999999999
2024-12-17,0.011240362458673252,147.86000061035156,1.662
2024-12-18,0.011619939971925449,143.02999877929688,1.662
2024-12-19,0.011516873592386994,144.30999755859375,1.662
2024-12-20,0.008399398158016476,146.32000732421875,1.229
2024-12-23,0.00838850621854782,146.50999450683594,1.229
2024-12-24,0.008311916643627815,147.86000061035156,1.229
2024-12-26,0.008278881948569503,148.4499969482422,1.229
2024-12-27,0.008325430433894566,147.6199951171875,1.229
2024-12-30,0.008434561412198716,145.7100067138672,1.229
2024-12-31,0.008455452001321064,145.35000610351562,1.229
2025-01-02,0.008484053533216518,144.86000061035156,1.229
2025-01-03,0.008406292925129755,146.1999969482422,1.229
2025-01-06,0.008477615987110077,144.97000122070312,1.229
2025-01-07,0.008485225290484833,144.83999633789062,1.229
2025-01-08,0.008417808219178083,146.0,1.229
2025-01-10,0.008471188202983121,145.0800018310547,1.229
2025-01-13,0.008410319297433709,146.1300048828125,1.229
2025-01-14,0.008299567698561843,148.0800018310547,1.229
2025-01-15,0.008254416045658512,148.88999938964844,1.229
2025-01-16,0.008174259728023133,150.35000610351562,1.229
2025-01-17,0.008105791053812544,151.6199951171875,1.229
2025-01-21,0.00785303514376997,156.5,1.229
2025-01-22,0.007899472846995973,155.5800018310547,1.229
2025-01-23,0.007753943217665616,158.5,1.229
2025-01-24,0.007842011169137523,156.72000122070312,1.229
2025-01-27,0.007928009070622442,155.02000427246094,1.229
2025-01-28,0.00793261510424197,154.92999267578125,1.229
2025-01-29,0.00798259253316403,153.9600067138672,1.229
2025-01-30,0.007817071558692764,157.22000122070312,1.229
2025-01-31,0.007849022771924959,156.5800018310547,1.229
2025-02-03,0.007838510444714064,156.7899932861328,1.229
2025-02-04,0.007886799624968483,155.8300018310547,1.229
2025-02-05,0.007812102356867872,157.32000732421875,1.229
2025-02-06,0.00782653002326861,157.02999877929688,1.229
2025-02-07,0.007855545055757246,156.4499969482422,1.229
2025-02-10,0.00781906131358007,157.17999267578125,1.229
2025-02-11,0.0078041658200596505,157.47999572753906,1.229
2025-02-12,0.007857553680869376,156.41000366210938,1.229
2025-02-13,0.007926475174526396,155.0500030517578,1.229
2025-02-14,0.008003907362904678,153.5500030517578,1.229
2025-02-18,0.007942354635978694,154.74000549316406,1.229
2025-02-19,0.007961391713895077,154.3699951171875,1.229
2025-02-20,0.008036882126052646,152.9199981689453,1.229
2025-02-21,0.0082289919636707,149.35000610351562,1.229
2025-02-24,0.008215790026653666,149.58999633789062,1.229
2025-02-25,0.008168827018473126,150.4499969482422,1.229
2025-02-26,0.008131533710222936,151.13999938964844,1.229
2025-02-27,0.008069599313023883,152.3000030517578,1.229
2025-02-28,0.007939789736460326,154.7899932861328,1.229
2025-03-03,0.008030055377289878,153.0500030517578,1.229
2025-03-04,0.0082289919636707,149.35000610351562,1.229
2025-03-05,0.008057959386130891,152.52000427246094,1.229
2025-03-06,0.008224587166155897,149.42999267578125,1.229
2025-03-07,0.008207559469176768,149.74000549316406,1.229
2025-03-10,0.008297326765556919,148.1199951171875,1.229
2025-03-11,0.008285579348942569,148.3300018310547,1.229
2025-03-12,0.00823009432083471,149.3300018310547,1.229
2025-03-13,0.008252199425508049,148.92999267578125,1.229
2025-03-14,0.008126156806147101,151.24000549316406,1.229
2025-03-17,0.008010167885473648,153.42999267578125,1.229
2025-03-18,0.009703398425046755,152.72999572753906,1.4820000000000002
2025-03-19,0.009476914910640757,156.3800048828125,1.4820000000000002
2025-03-20,0.009553277595262921,155.1300048828125,1.4820000000000002
2025-03-21,0.009577355224182607,154.74000549316406,1.4820000000000002
2025-03-24,0.009372628672936938,158.1199951171875,1.4820000000000002
2025-03-25,0.007623824451410659,159.5,1.2160000000000002
2025-03-26,0.0077388147534704944,157.1300048828125,1.2160000000000002
2025-03-27,0.007776427946350578,156.3699951171875,1.2160000000000002
2025-03-28,0.00793578303142546,153.22999572753906,1.2160000000000002
2025-03-31,0.007942520911317438,153.10000610351562,1.2160000000000002
2025-04-01,0.007885350801237288,154.2100067138672,1.2160000000000002
2025-04-02,0.00785631224699719,154.77999877929688,1.2160000000000002
2025-04-03,0.008228447760485128,147.77999877929688,1.2160000000000002
2025-04-04,0.008986771280321926,135.30999755859375,1.2160000000000002
2025-04-07,0.008954344423221721,135.8000030517578,1.2160000000000002
2025-04-08,0.00885007317333741,137.39999389648438,1.2160000000000002
2025-04-09,0.008115864547416462,149.8300018310547,1.2160000000000002
2025-04-10,0.008267609361310548,147.0800018310547,1.2160000000000002
2025-04-11,0.008155053282962583,149.11000061035156,1.2160000000000002
2025-04-14,0.00805991939653394,150.8699951171875,1.2160000000000002
2025-04-15,0.00808994757335406,150.30999755859375,1.2160000000000002
2025-04-16,0.0081250833238344,149.66000366210938,1.2160000000000002
2025-04-17,0.008131059680280677,149.5500030517578,1.2160000000000002
2025-04-21,0.008302607840075063,146.4600067138672,1.2160000000000002
2025-04-22,0.00831964949050721,146.16000366210938,1.2160000000000002
2025-04-23,0.00809371642398754,150.24000549316406,1.2160000000000002
2025-04-24,0.007954991463722744,152.86000061035156,1.2160000000000002
2025-04-25,0.00785885111857193,154.72999572753906,1.2160000000000002
2025-04-28,0.00780888768602406,155.72000122070312,1.2160000000000002
2025-04-29,0.007773445355330911,156.42999267578125,1.2160000000000002
2025-04-30,0.0077496652324254576,156.91000366210938,1.2160000000000002
2025-05-01,0.007669504740425917,158.5500030517578,1.2160000000000002
2025-05-02,0.007535944443483049,161.36000061035156,1.2160000000000002
2025-05-05,0.0075410852713178305,161.25,1.2160000000000002
2025-05-06,0.007593829781557192,160.1300048828125,1.2160000000000002
2025-05-07,0.0075853035900368525,160.30999755859375,1.2160000000000002
2025-05-08,0.007440039046964283,163.44000244140625,1.2160000000000002
2025-05-09,0.007445049815512807,163.3300018310547,1.2160000000000002
2025-05-12,0.007341221954121749,165.63999938964844,1.2160000000000002
2025-05-13,0.007284054044666737,166.94000244140625,1.2160000000000002
2025-05-14,0.007276208924894472,167.1199951171875,1.2160000000000002
2025-05-15,0.0071248609190016415,170.6699981689453,1.2160000000000002
2025-05-16,0.0070722343999872215,171.94000244140625,1.2160000000000002
2025-05-19,0.007016733863742804,173.3000030517578,1.2160000000000002
2025-05-20,0.007012282880573515,173.41000366210938,1.2160000000000002
2025-05-21,0.0071198550723213395,170.7899932861328,1.2160000000000002
2025-05-22,0.0071445359682925594,170.1999969482422,1.2160000000000002
2025-05-23,0.0071090323198185045,171.0500030517578,1.2160000000000002
2025-05-27,0.006937471522527347,175.27999877929688,1.2160000000000002
2025-05-28,0.00692877492877493,175.5,1.2160000000000002
2025-05-29,0.006896942980195337,176.30999755859375,1.2160000000000002
2025-05-30,0.00686075356755109,177.24000549316406,1.2160000000000002
2025-06-02,0.006822261908237187,178.24000549316406,1.2160000000000002
2025-06-03,0.006780038799096334,179.35000610351562,1.2160000000000002
2025-06-04,0.006750305340957365,180.13999938964844,1.2160000000000002
2025-06-05,0.006746559936418329,180.24000549316406,1.2160000000000002
2025-06-06,0.006682787179229801,181.9600067138672,1.2160000000000002
2025-06-09,0.006657906285937712,182.63999938964844,1.2160000000000002
2025-06-10,0.00678836580613902,179.1300048828125,1.2160000000000002
2025-06-11,0.006729758058386888,180.69000244140625,1.2160000000000002
2025-06-12,0.006775505609456284,179.47000122070312,1.2160000000000002
2025-06-13,0.005088225467699407,180.22000122070312,0.9169999999999999
2025-06-16,0.006078365582386472,179.16000366210938,1.089
2025-06-17,0.00605067244055596,179.97999572753906,1.089
2025-06-18,0.006091285420268772,178.77999877929688,1.089
2025-06-20,0.006035247091917036,180.44000244140625,1.089
2025-06-23,0.005950494687104768,183.00999450683594,1.089
2025-06-24,0.005991746905089408,181.75,1.089
2025-06-25,0.0059822019345402615,182.0399932861328,1.089
2025-06-26,0.005902439024390244,184.5,1.089
2025-06-27,0.005806451518422373,187.5500030517578,1.089
2025-06-30,0.0057729007820372085,188.63999938964844,1.089
2025-07-01,0.005886168489993455,185.00999450683594,1.089
2025-07-02,0.005895090267885795,184.72999572753906,1.089
2025-07-03,0.00582789252083344,186.86000061035156,1.089
2025-07-07,0.005790396967032838,188.07000732421875,1.089
2025-07-08,0.005831013236403472,186.75999450683594,1.089
2025-07-09,0.005764649721503479,188.91000366210938,1.089
2025-07-10,0.005772594938951091,188.64999389648438,1.089
2025-07-11,0.0057382232427266675,189.77999877929688,1.089
2025-07-14,0.0056238380677159595,193.63999938964844,1.089
2025-07-15,0.005636062483801061,193.22000122070312,1.089
2025-07-16,0.005600987712919093,194.42999267578125,1.089
2025-07-17,0.005560093927327621,195.86000061035156,1.089
2025-07-18,0.005553005948756892,196.11000061035156,1.089
2025-07-21,0.005594657252232612,194.64999389648438,1.089
2025-07-22,0.005666562813524538,192.17999267578125,1.089
2025-07-23,0.005531007178505048,196.88999938964844,1.089
2025-07-24,0.005532412214287232,196.83999633789062,1.089
2025-07-25,0.00549251009498898,198.27000427246094,1.089
2025-07-28,0.005498611377023831,198.0500030517578,1.089
2025-07-29,0.005521472512245985,197.22999572753906,1.089
2025-07-30,0.005482279517449244,198.63999938964844,1.089
2025-07-31,0.005539165646956337,196.60000610351562,1.089
2025-08-01,0.005562365955613431,195.77999877929688,1.089
2025-08-04,0.005502501035062601,197.91000366210938,1.089
2025-08-05,0.00551280772001751,197.5399932861328,1.089
2025-08-06,0.0055164377680877435,197.41000366210938,1.089
2025-08-07,0.005529041241260923,196.9600067138672,1.089
2025-08-08,0.005543395352085009,196.4499969482422,1.089
2025-08-11,0.005548762001835626,196.25999450683594,1.089
2025-08-12,0.0054933412521397055,198.24000549316406,1.089
2025-08-13,0.005533255492652429,196.80999755859375,1.089
2025-08-14,0.005556405783344821,195.99000549316406,1.089
2025-08-15,0.005582325147521311,195.0800018310547,1.089
2025-08-18,0.005558107695140083,195.92999267578125,1.089
2025-08-19,0.005635479036655915,193.24000549316406,1.089
2025-08-20,0.005604446573427672,194.30999755859375,1.089
2025-08-21,0.005585760989423177,194.9600067138672,1.089
2025-08-22,0.005561513781614394,195.80999755859375,1.089
2025-08-25,0.005574324306908796,195.36000061035156,1.089
2025-08-26,0.005445544670796464,199.97999572753906,1.089
2025-08-27,0.005465769775023238,199.24000549316406,1.089
2025-08-28,0.005440647382472793,200.16000366210938,1.089
2025-08-29,0.005488358079072088,198.4199981689453,1.089
2025-09-02,0.005486146095717884,198.5,1.089
2025-09-03,0.005529602856199823,196.94000244140625,1.089
2025-09-04,0.005485593273035548,198.52000427246094,1.089
2025-09-05,0.0054963911228090275,198.1300048828125,1.089
2025-09-08,0.005509739608544304,197.64999389648438,1.089
2025-09-09,0.005549610272183117,196.22999572753906,1.089
2025-09-10,0.005475113290183205,198.89999389648438,1.089
2025-09-11,0.005443094717516787,200.07000732421875,1.089
2025-09-12,0.005460836475775199,199.4199981689453,1.089
2025-09-15,0.005395897138436572,201.82000732421875,1.089
2025-09-16,0.009108920726928742,201.88999938964844,1.839
2025-09-17,0.00917115480159884,200.52000427246094,1.839
2025-09-18,0.009060452229097293,202.97000122070312,1.839
2025-09-19,0.009041298206409561,203.39999389648438,1.839
2025-09-22,0.009001909346701375,204.2899932861328,1.839
2025-09-23,0.008920255953303488,206.16000366210938,1.839
2025-09-24,0.009029312203727423,203.6699981689453,1.839
2025-09-25,0.009054207052699279,203.11000061035156,1.839
2025-09-26,0.008940204313482442,205.6999969482422,1.839
2025-09-29,0.007846573115475697,205.44000244140625,1.6119999999999999
2025-09-30,0.007703335765629777,209.25999450683594,1.6119999999999999
2025-10-01,0.007703703703703703,209.25,1.6119999999999999
2025-10-02,0.007698920443249665,209.3800048828125,1.6119999999999999
2025-10-03,0.007692674667257551,209.5500030517578,1.6119999999999999
2025-10-06,0.0075840977504359934,212.5500030517578,1.6119999999999999
2025-10-07,0.007569496380444246,212.9600067138672,1.6119999999999999
2025-10-08,0.007492098775623325,215.16000366210938,1.6119999999999999
2025-10-09,0.007631130269271679,211.24000549316406,1.6119999999999999
2025-10-10,0.007823723803763553,206.0399932861328,1.6119999999999999
2025-10-13,0.007708492911434227,209.1199951171875,1.6119999999999999
2025-10-14,0.007648873072360616,210.75,1.6119999999999999
2025-10-15,0.0077619417221213355,207.67999267578125,1.6119999999999999
2025-10-16,0.007815757575757575,206.25,1.6119999999999999
2025-10-17,0.007827902963789995,205.92999267578125,1.6119999999999999
2025-10-20,0.007690472760393625,209.61000061035156,1.6119999999999999
2025-10-21,0.007555305565188448,213.36000061035156,1.6119999999999999
2025-10-22,0.007656502571505373,210.5399932861328,1.6119999999999999
2025-10-23,0.007472649688847177,215.72000122070312,1.6119999999999999
2025-10-24,0.00743336712839174,216.86000061035156,1.6119999999999999
2025-10-27,0.007364093398569479,218.89999389648438,1.6119999999999999
2025-10-28,0.007410131698770984,217.5399932861328,1.6119999999999999
2025-10-29,0.007413198540461193,217.4499969482422,1.6119999999999999
2025-10-30,0.007486879468108839,215.30999755859375,1.6119999999999999
2025-10-31,0.0074702259147972775,215.7899932861328,1.6119999999999999
2025-11-03,0.0074983720905968075,214.97999572753906,1.6119999999999999
2025-11-04,0.0076123915839446344,211.75999450683594,1.6119999999999999
2025-11-05,0.007695612692060636,209.47000122070312,1.6119999999999999
2025-11-06,0.007766054550848955,207.57000732421875,1.6119999999999999
2025-11-07,0.007711443033742845,209.0399932861328,1.6119999999999999
2025-11-10,0.00764089676576164,210.97000122070312,1.6119999999999999
2025-11-11,0.007657593663314893,210.50999450683594,1.6119999999999999
2025-11-12,0.007689372279589869,209.63999938964844,1.6119999999999999
2025-11-13,0.007861880866092586,205.0399932861328,1.6119999999999999
2025-11-14,0.00782752248659725,205.94000244140625,1.6119999999999999
2025-11-17,0.00790932740940033,203.80999755859375,1.6119999999999999
2025-11-18,0.007950286267864601,202.75999450683594,1.6119999999999999
2025-11-19,0.007935804466356297,203.1300048828125,1.6119999999999999
2025-11-20,0.00810987556145733,198.77000427246094,1.6119999999999999
2025-11-21,0.008131968091325813,198.22999572753906,1.6119999999999999
2025-11-24,0.008032288506601827,200.69000244140625,1.6119999999999999
2025-11-25,0.007964427117643306,202.39999389648438,1.6119999999999999
2025-11-26,0.007913598547620943,203.6999969482422,1.6119999999999999
2025-11-28,0.00785958045845406,205.10000610351562,1.6119999999999999
2025-12-01,0.00809074460728876,199.24000549316406,1.6119999999999999
2025-12-02,0.008007550641049545,201.30999755859375,1.6119999999999999
2025-12-03,0.007995238761230292,201.6199951171875,1.6119999999999999
2025-12-04,0.007876093293699895,204.6699981689453,1.6119999999999999
2025-12-05,0.007964033253469883,202.41000366210938,1.6119999999999999
2025-12-08,0.007888426483253563,204.35000610351562,1.6119999999999999
2025-12-09,0.007955386473648223,202.6300048828125,1.6119999999999999
2025-12-10,0.007884953926578087,204.44000244140625,1.6119999999999999
2025-12-11,0.0077399527869177216,208.27000427246094,1.6119999999999999
2025-12-12,0.007697817543621365,209.41000366210938,1.6119999999999999
2025-12-15,0.007689372279589869,209.63999938964844,1.6119999999999999
2025-12-16,0.007751863542470834,207.9499969482422,1.6119999999999999
2025-12-17,0.007871093632711565,204.8000030517578,1.6119999999999999
2025-12-18,0.007740696278511404,208.25,1.6119999999999999
2025-12-19,0.005492964236754542,213.91000366210938,1.1749999999999998
2025-12-22,0.005356491597058063,219.36000061035156,1.1749999999999998
2025-12-23,0.005348445477455831,219.69000244140625,1.1749999999999998
2025-12-24,0.005336058202926236,220.1999969482422,1.1749999999999998
2025-12-26,0.0053881779269766865,218.07000732421875,1.1749999999999998
2025-12-29,0.005414746543778801,217.0,1.1749999999999998
2025-12-30,0.005431265692381847,216.33999633789062,1.1749999999999998
2025-12-31,0.005473007530104639,214.69000244140625,1.1749999999999998
2026-01-02,0.005292554520394893,222.00999450683594,1.1749999999999998
2026-01-05,0.005188096176995487,226.47999572753906,1.1749999999999998
2026-01-06,0.005104035297042633,230.2100067138672,1.1749999999999998
2026-01-07,0.00518970001764388,226.41000366210938,1.1749999999999998
2026-01-08,0.005166425000395844,227.42999267578125,1.1749999999999998
2026-01-09,0.00504356781492596,232.97000122070312,1.1749999999999998
2026-01-12,0.00496723730645189,236.5500030517578,1.1749999999999998
2026-01-13,0.004946535460176736,237.5399932861328,1.1749999999999998
2026-01-14,0.004913028859374271,239.16000366210938,1.1749999999999998
2026-01-15,0.004871273858027918,241.2100067138672,1.1749999999999998
2026-01-16,0.0048201172392264725,243.77000427246094,1.1749999999999998
2026-01-20,0.004939050147732533,237.89999389648438,1.1749999999999998
2026-01-21,0.004890331623199937,240.27000427246094,1.1749999999999998
2026-01-22,0.004982613703274731,235.82000732421875,1.1749999999999998
2026-01-23,0.004998510926063778,235.07000732421875,1.1749999999999998
2026-01-26,0.005034707238908511,233.3800048828125,1.1749999999999998
2026-01-27,0.004957387472870456,237.02000427246094,1.1749999999999998
2026-01-28,0.00502802853234858,233.69000244140625,1.1749999999999998
2026-01-29,0.005047684535448595,232.77999877929688,1.1749999999999998
2026-01-30,0.005056373075611835,232.3800048828125,1.1749999999999998
2026-02-02,0.005083059272301786,231.16000366210938,1.1749999999999998
2026-02-03,0.005010874546780007,234.49000549316406,1.1749999999999998
2026-02-04,0.005153508771929824,228.0,1.1749999999999998
2026-02-05,0.005194977619812328,226.17999267578125,1.1749999999999998
2026-02-06,0.005022870246606251,233.92999267578125,1.1749999999999998
2026-02-09,0.0050034066527125795,234.83999633789062,1.1749999999999998
2026-02-10,0.005038377283019613,233.2100067138672,1.1749999999999998
2026-02-11,0.00508768138353051,230.9499969482422,1.1749999999999998
2026-02-12,0.005053111453009714,232.52999877929688,1.1749999999999998
2026-02-13,0.005002767592402503,234.8699951171875,1.1749999999999998
2026-02-17,0.004933450934346972,238.1699981689453,1.1749999999999998
2026-02-18,0.00488931409865843,240.32000732421875,1.1749999999999998
2026-02-19,0.00482566008251615,243.49000549316406,1.1749999999999998
2026-02-20,0.004822491399278274,243.64999389648438,1.1749999999999998
2026-02-23,0.0048702645558864385,241.25999450683594,1.1749999999999998
2026-02-24,0.004833203064662279,243.11000061035156,1.1749999999999998
2026-02-25,0.0048710720257601646,241.22000122070312,1.1749999999999998
2026-02-26,0.004838975226745271,242.82000732421875,1.1749999999999998
2026-02-27,0.004821106163281062,243.72000122070312,1.1749999999999998
2026-03-02,0.004689121204461499,250.5800018310547,1.1749999999999998
2026-03-03,0.0047963099864970484,244.97999572753906,1.1749999999999998
2026-03-04,0.004757662850517496,246.97000122070312,1.1749999999999998
2026-03-05,0.004895017633996409,240.0399932861328,1.1749999999999998
2026-03-06,0.004851362571449973,242.1999969482422,1.1749999999999998
2026-03-09,0.004855572434098698,241.99000549316406,1.1749999999999998
2026-03-10,0.0049015517854858175,239.72000122070312,1.1749999999999998
2026-03-11,0.004922909485740179,238.67999267578125,1.1749999999999998
2026-03-12,0.005075813089626877,231.49000549316406,1.1749999999999998
2026-03-13,0.005123397657462468,229.33999633789062,1.1749999999999998
2026-03-16,0.005047034115037414,232.80999755859375,1.1749999999999998
2026-03-17,0.005693430806139732,232.89999389648438,1.3259999999999998
2026-03-18,0.005729594443092094,231.42999267578125,1.326
2026-03-19,0.0047202180425307515,227.32000732421875,1.073
2026-03-20,0.0048211718717219585,222.55999755859375,1.073
2026-03-23,0.004804118964307073,223.35000610351562,1.073
2026-03-24,0.004819439467038953,222.63999938964844,1.073
2026-03-25,0.004750730528205013,225.86000061035156,1.073
2026-03-26,0.004874613955123687,220.1199951171875,1.073
2026-03-27,0.004966672992712381,216.0399932861328,1.073
2026-03-30,0.0050903744683149016,210.7899932861328,1.073
2026-03-31,0.004905142857142857,218.75,1.073
2026-04-01,0.004797889478306203,223.63999938964844,1.073
2026-04-02,0.00483529350769513,221.91000366210938,1.073
2026-04-06,0.004764653705775173,225.1999969482422,1.073
2026-04-07,0.004805194739524001,223.3000030517578,1.073
2026-04-08,0.0046216135093355174,232.1699981689453,1.073
2026-04-09,0.004629789547084024,231.75999450683594,1.073
2026-04-10,0.004672530930377489,229.63999938964844,1.073
2026-04-13,0.004608908600370337,232.80999755859375,1.073
2026-04-14,0.004557618117406414,235.42999267578125,1.073
2026-04-15,0.004585470085470085,234.0,1.073
2026-04-16,0.004684975792337094,229.02999877929688,1.073
2026-04-17,0.0046261963814157765,231.94000244140625,1.073
2026-04-20,0.004627992114526538,231.85000610351562,1.073
2026-04-21,0.004809718129964202,223.08999633789062,1.073
2026-04-22,0.004896189960684335,219.14999389648438,1.073
2026-04-23,0.0048970836429695465,219.11000061035156,1.073
2026-04-24,0.004972196407905749,215.8000030517578,1.073
2026-04-27,0.004966672992712381,216.0399932861328,1.073
2026-04-28,0.004962767525464307,216.2100067138672,1.073
2026-04-29,0.0050342498032873335,213.13999938964844,1.073
2026-04-30,0.00490940708265857,218.55999755859375,1.073
2026-05-01,0.004961390756011707,216.27000427246094,1.073
2026-05-04,0.005006298655499433,214.3300018310547,1.073
2026-05-05,0.004982123899924673,215.3699951171875,1.073
2026-05-06,0.004802613950379772,223.4199981689453,1.073
2026-05-07,0.004822255298590802,222.50999450683594,1.073
2026-05-08,0.004801109551329892,223.49000549316406,1.073
2026-05-11,0.004747997583603125,225.99000549316406,1.073
2026-05-12,0.004760637130776265,225.38999938964844,1.073
2026-05-13,0.004753887590638563,225.7100067138672,1.073
2026-05-14,0.004780361614119607,224.4600067138672,1.073
2026-05-15,0.004938555616975256,217.27000427246094,1.073
2026-05-18,0.0048721791800217734,220.22999572753906,1.073
2026-05-19,0.004914803792611313,218.32000732421875,1.073
2026-05-20,0.0048056252502071016,223.27999877929688,1.073
2026-05-21,0.004808424957868236,223.14999389648438,1.073
2026-05-22,0.0047610596940469525,225.3699951171875,1.073
2026-05-26,0.004675584880893481,229.49000549316406,1.073
2026-05-27,0.004655501648257762,230.47999572753906,1.073
2026-05-28,0.004554909227146277,235.57000732421875,1.073
2026-05-29,0.00455742434961551,235.44000244140625,1.073
2026-06-01,0.004667043551427846,229.91000366210938,1.073
2026-06-02,0.004699338638791459,228.3300018310547,1.073
2026-06-03,0.004771221499008949,224.88999938964844,1.073
2026-06-04,0.0046335879693509005,231.57000732421875,1.073
2026-06-05,0.0046764001493625655,229.4499969482422,1.073
2026-06-08,0.004721464516130332,227.25999450683594,1.073
2026-06-09,0.004656107677193808,230.4499969482422,1.073
2026-06-10,0.00477164594342977,224.8699951171875,1.073
2026-06-11,0.004545839817489259,236.0399932861328,1.073
2026-06-12,0.004589589079147489,233.7899932861328,1.073
2026-06-15,0.005210615129751772,237.39999389648438,1.2369999999999999
2026-06-16,0.005164495565860447,239.52000427246094,1.2369999999999999
2026-06-17,0.004386506979078319,242.7899932861328,1.065
2026-06-18,0.004456253297297249,238.99000549316406,1.065
2026-06-22,0.004522101077833821,235.50999450683594,1.065
2026-06-23,0.0045140509179074145,235.92999267578125,1.065
2026-06-24,0.004509081624926965,236.19000244140625,1.065
2026-06-25,0.0044864772857585835,237.3800048828125,1.065
2026-06-26,0.00449784612505505,236.77999877929688,1.065
2026-06-29,0.004453644370232466,239.1300048828125,1.065
2026-06-30,0.0043932019142157944,242.4199981689453,1.065
2026-07-01,0.004367259892292447,243.86000061035156,1.065
2026-07-02,0.004291067285240185,248.19000244140625,1.065
2026-07-06,0.004246750160236148,250.77999877929688,1.065
2026-07-07,0.004344987953767817,245.11000061035156,1.065
2026-07-08,0.004444351618324351,239.6300048828125,1.065
2026-07-09,0.004444537274442209,239.6199951171875,1.065
2026-07-10,0.004454948593977827,239.05999755859375,1.065
2026-07-13,0.004530950802691493,235.0500030517578,1.065
2026-07-14,0.004526713905979477,235.27000427246094,1.065
2026-07-15,0.004504695069149577,236.4199981689453,1.065
2026-07-16,0.00461258609214474,230.88999938964844,1.065
2026-07-17,0.004615784768867335,230.72999572753906,1.065
2026-07-20,0.004645178087641898,229.27000427246094,1.065
2026-07-21,0.0046356750001544204,229.74000549316406,1.065
2026-07-22,0.004608195219537799,231.11000061035156,1.065
2026-07-23,0.004470469794316029,238.22999572753906,1.065
2026-07-24,0.004434912978707654,240.13999938964844,1.065
2026-07-27,0.004366364577138679,243.91000366210938,1.065
2026-07-28,0.004347293732442006,244.97999572753906,1.065
2026-07-29,0.004507745808692911,236.25999450683594,1.065
2026-07-30,0.004472346945627885,238.1300048828125,1.065
2026-07-31,0.004443795308880645,239.66000366210938,1.065
2026-08-03,0.004327860826054332,246.0800018310547,1.065
2026-08-04,0.004248952826385597,250.64999389648438,1.065
2026-08-05,0.004221499941149509,252.27999877929688,1.065
2026-08-06,0.0042601703132052705,249.99000549316406,1.065
2026-08-07,0.004247258225324028,250.75,1.065
2026-08-10,0.004240831359426654,251.1300048828125,1.065
2026-08-11,0.004227868304108219,251.89999389648438,1.065
2026-08-12,0.004232573009565457,251.6199951171875,1.065
2026-08-13,0.0042652889166033756,249.69000244140625,1.065
2026-08-14,0.004205828903190631,253.22000122070312,1.065
2026-08-17,0.0042396497330349685,251.1999969482422,1.065
2026-08-18,0.004223508821910885,252.16000366210938,1.065
2026-08-19,0.004326630210878144,246.14999389648438,1.065
2026-08-20,0.004483078005325032,237.55999755859375,1.065
2026-08-21,0.004487233573913963,237.33999633789062,1.065
2026-08-24,0.0045629821244654355,233.39999389648438,1.065
2026-08-25,0.004545454486249994,234.3000030517578,1.065
