date,contract,target_date,target_t1,naive_forecast,crr_forecast,pred_naive_random_walk,pred_crr_binomial_roll-down,pred_ols,pred_ridge,pred_xgboost,pred_elasticnet_delta,origem
2026-03-02,ITA US 10/16/26 C255 Equity,2026-03-09,14.700000000000001,19.0,18.486246503449497,19.0,18.486246503449497,17.751820262835068,16.874609315078853,19.235327,17.075739243029656,2026-03
2026-03-02,ITA US 10/16/26 C235 Equity,2026-03-09,24.15,30.2,29.79196763938928,30.2,29.79196763938928,24.593515594940634,23.782250301296756,25.726763,25.1350380834874,2026-03
2026-03-02,ITA US 10/16/26 C230 Equity,2026-03-09,27.0,33.65,33.25431187317403,33.65,33.25431187317403,26.710857163089386,26.28330890873469,26.519299,27.680640577211168,2026-03
2026-03-02,ITA US 12/18/26 C240 Equity,2026-03-09,24.55,29.549999999999997,29.04053163808926,29.549999999999997,29.04053163808926,25.2221582733076,26.20169066173159,25.565886,27.84963450473091,2026-03
2026-03-02,ITA US 07/17/26 C250 Equity,2026-03-09,11.899999999999999,16.3,15.912971255375146,16.3,15.912971255375146,16.04379099268196,16.414895275580005,16.464138,16.30886425578811,2026-03
2026-03-02,ITA US 12/18/26 C235 Equity,2026-03-09,27.1,32.65,32.14761226242915,32.65,32.14761226242915,27.882008462415968,28.596732036223308,27.068983,30.14914606120189,2026-03
2026-03-02,ITA US 10/16/26 C240 Equity,2026-03-09,21.5,27.05,26.606717096072085,27.05,26.606717096072085,23.221709330581255,22.07364031321757,23.580774,23.309636821329722,2026-03
2026-03-02,ITA US 07/17/26 C230 Equity,2026-03-09,22.450000000000003,29.15,28.941181744500888,29.15,28.941181744500888,24.52732044598155,25.977119248383552,23.027046,26.64985685738132,2026-03
2026-03-02,ITA US 07/17/26 C280 Equity,2026-03-09,3.9499999999999997,5.75,5.391086204309179,5.75,5.391086204309179,3.06727462395863,6.688486540775298,7.360137,5.088135219022658,2026-03
2026-03-02,ITA US 10/16/26 C245 Equity,2026-03-09,18.9,24.25,23.75579585700091,24.25,23.75579585700091,22.690872437827913,22.32097655494637,22.923746,23.3025583957833,2026-03
2026-03-02,ITA US 12/18/26 C250 Equity,2026-03-09,19.85,23.4,23.56193208011563,23.4,23.56193208011563,21.78835309632819,22.732894785482326,21.33396,23.978689494943264,2026-03
2026-03-02,ITA US 12/18/26 C230 Equity,2026-03-09,30.35,36.2,35.71786185325815,36.2,35.71786185325815,29.9882833859852,30.57395987099096,27.298159,32.488274918568536,2026-03
2026-03-02,ITA US 10/16/26 C250 Equity,2026-03-09,16.5,21.450000000000003,21.027442345439837,21.450000000000003,21.027442345439837,20.919915069474683,19.741588409461833,21.715765,20.485798656167674,2026-03
2026-03-02,ITA US 12/18/26 C245 Equity,2026-03-09,21.75,26.1,25.46988310516173,26.1,25.46988310516173,23.340378311272516,23.339318196405507,24.308231,24.93375064146238,2026-03
2026-03-03,ITA US 10/16/26 C255 Equity,2026-03-10,14.15,16.35,15.51347652568757,16.35,15.51347652568757,14.702785182483167,14.568376119710546,16.997583,14.414649326799033,2026-03
2026-03-03,ITA US 10/16/26 C240 Equity,2026-03-10,20.4,23.8,23.014585128629303,23.8,23.014585128629303,21.67579914550967,20.73392722230616,24.686127,21.091117229000208,2026-03
2026-03-03,ITA US 12/18/26 C230 Equity,2026-03-10,28.75,32.45,31.811936142765067,32.45,31.811936142765067,27.02523706406049,28.54504932294534,28.203815,29.45259980645597,2026-03
2026-03-03,ITA US 12/18/26 C235 Equity,2026-03-10,26.15,29.05,28.64260410999524,29.05,28.64260410999524,25.410671699416255,26.571079609374685,28.102066,27.303346578815773,2026-03
2026-03-03,ITA US 12/18/26 C250 Equity,2026-03-10,19.15,20.4,19.635763346029734,20.4,19.635763346029734,15.70365138268442,18.083402026905844,19.2645,19.94093965166153,2026-03
2026-03-03,ITA US 10/16/26 C245 Equity,2026-03-10,18.049999999999997,21.1,20.18933126180424,21.1,20.18933126180424,19.878691340705803,19.766099738824412,22.964674,20.466350066193122,2026-03
2026-03-03,ITA US 12/18/26 C240 Equity,2026-03-10,23.55,26.05,25.59441632413436,26.05,25.59441632413436,23.40528788994967,24.814223514249505,26.137802,25.421504581361912,2026-03
2026-03-03,ITA US 10/16/26 C235 Equity,2026-03-10,23.1,26.8,26.12381848112806,26.8,26.12381848112806,23.021450943326535,22.81768302091785,26.435606,23.249883868186284,2026-03
2026-03-03,ITA US 07/17/26 C250 Equity,2026-03-10,11.25,13.7,13.528590514607718,13.7,13.528590514607718,12.444756807031068,13.740093581848186,14.419677,13.309330281547957,2026-03
2026-03-03,ITA US 10/16/26 C230 Equity,2026-03-10,25.75,29.85,29.274684750211506,29.85,29.274684750211506,24.233388876853645,24.533699132296476,26.856514,25.049753372267823,2026-03
2026-03-03,ITA US 10/16/26 C250 Equity,2026-03-10,16.1,18.55,17.68339335784077,18.55,17.68339335784077,16.299985338471238,17.45586089126908,19.383278,18.065983973063783,2026-03
2026-03-03,ITA US 07/17/26 C295 Equity,2026-03-10,1.875,2.575,2.2938145138802946,2.575,2.2938145138802946,1.8122659401116064,2.8099194513832675,2.9032683,2.1893637983044467,2026-03
2026-03-03,ITA US 12/18/26 C245 Equity,2026-03-10,21.2,23.3,23.10440511489461,23.3,23.10440511489461,21.374143621567036,21.75807217811203,23.032167,22.97942030294798,2026-03
2026-03-03,ITA US 07/17/26 C230 Equity,2026-03-10,21.15,25.4,25.0432931892309,25.4,25.0432931892309,20.911986194799233,23.74956799146647,23.29594,23.426381982258974,2026-03
2026-03-03,ITA US 07/17/26 C280 Equity,2026-03-10,3.625,4.5,4.137638964664254,4.5,4.137638964664254,2.0757434671341795,3.7736109089232865,4.8632064,3.4953100035393705,2026-03
2026-03-04,ITA US 07/17/26 C280 Equity,2026-03-11,3.375,4.800000000000001,4.4748508049932125,4.800000000000001,4.4748508049932125,1.1135255976754,4.162309940729736,4.982218,3.4602141231770394,2026-03
2026-03-04,ITA US 12/18/26 C250 Equity,2026-03-11,18.2,22.4,21.8254245130253,22.4,21.8254245130253,20.442398359379727,21.180005561333278,20.978687,22.922683190823413,2026-03
2026-03-04,ITA US 10/16/26 C230 Equity,2026-03-11,24.8,30.85,30.243631739896944,30.85,30.243631739896944,23.9928112705822,25.021979927513947,27.371347,25.65393378096622,2026-03
2026-03-04,ITA US 12/18/26 C245 Equity,2026-03-11,21.0,24.450000000000003,23.545936231613577,24.450000000000003,23.545936231613577,21.398182778988268,22.138271141389854,22.89117,23.663995770130672,2026-03
2026-03-04,ITA US 10/16/26 C250 Equity,2026-03-11,15.3,19.1,18.55735506736411,19.1,18.55735506736411,15.383017383988719,17.888403081054655,20.713858,18.54814082244791,2026-03
2026-03-04,ITA US 10/16/26 C245 Equity,2026-03-11,17.4,21.45,20.92104818163736,21.45,20.92104818163736,19.899742760545273,19.964623057572613,23.028704,20.621143676703817,2026-03
2026-03-04,ITA US 10/16/26 C240 Equity,2026-03-11,19.8,24.15,23.626582916117627,24.15,23.626582916117627,20.156649179626015,20.67891327579425,24.850233,20.937320868106887,2026-03
2026-03-04,ITA US 12/18/26 C240 Equity,2026-03-11,22.549999999999997,26.7,26.029563233711404,26.7,26.029563233711404,22.30734869591744,23.952282387216453,25.611471,25.19062584981472,2026-03
2026-03-04,ITA US 07/17/26 C295 Equity,2026-03-11,1.8250000000000002,2.575,2.3982823377221427,2.575,2.3982823377221427,-0.5837372008472261,2.6610917736762474,2.728469,1.664571393821923,2026-03
2026-03-04,ITA US 07/17/26 C250 Equity,2026-03-11,10.25,13.9,13.710431473735634,13.9,13.710431473735634,11.411874794805152,13.285767227581392,14.640069,13.266772304235532,2026-03
2026-03-04,ITA US 12/18/26 C235 Equity,2026-03-11,25.1,30.45,29.615930057703785,30.45,29.615930057703785,26.54307642653459,27.438627495917245,28.36634,28.460295951767925,2026-03
2026-03-04,ITA US 10/16/26 C255 Equity,2026-03-11,13.5,16.55,15.708270897530879,16.55,15.708270897530879,13.854550419215554,14.774866566736396,17.601065,14.517483007510638,2026-03
2026-03-04,ITA US 10/16/26 C235 Equity,2026-03-11,22.2,27.15,26.649473739654898,27.15,26.649473739654898,20.958882039697308,22.109188143933984,25.497458,22.76225842355172,2026-03
2026-03-04,ITA US 12/18/26 C230 Equity,2026-03-11,28.45,33.65,32.59912434040848,33.65,32.59912434040848,27.067194022311938,28.550860774400515,27.948963,30.13861879598606,2026-03
2026-03-04,ITA US 07/17/26 C230 Equity,2026-03-11,20.4,26.35,26.221606264324848,26.35,26.221606264324848,20.81599712987868,23.52618277495927,22.748426,23.666359719453844,2026-03
2026-03-05,ITA US 07/17/26 C295 Equity,2026-03-12,1.4,1.8250000000000002,1.7334901351651344,1.8250000000000002,1.7334901351651344,-1.0701000471541153,0.7183820302133714,3.8155673,0.9717463511242659,2026-03
2026-03-05,ITA US 07/17/26 C230 Equity,2026-03-12,15.7,20.799999999999997,20.81277228606279,20.799999999999997,20.81277228606279,16.97460166632991,20.165806498064676,18.77755,19.519434988424756,2026-03
2026-03-05,ITA US 12/18/26 C230 Equity,2026-03-12,23.7,29.2,28.514967505932635,29.2,28.514967505932635,25.61530033108179,27.14536781418257,26.93003,27.362995017462556,2026-03
2026-03-05,ITA US 12/18/26 C250 Equity,2026-03-12,15.2,18.95,17.765904178415415,18.95,17.765904178415415,17.40157968056104,19.275473507906085,18.128489,19.66108530659966,2026-03
2026-03-05,ITA US 10/16/26 C255 Equity,2026-03-12,10.65,13.75,13.241625400669962,13.75,13.241625400669962,11.38540729912308,12.748426813041032,13.69407,11.906190274238517,2026-03
2026-03-05,ITA US 12/18/26 C245 Equity,2026-03-12,17.15,21.1,20.115179240757314,21.1,20.115179240757314,19.449803048773266,20.944582057086926,20.571447,21.161958535980528,2026-03
2026-03-05,ITA US 07/17/26 C250 Equity,2026-03-12,7.45,11.7,11.463747252690894,11.7,11.463747252690894,10.618645431196931,13.040210390443892,11.484769,11.887719305109345,2026-03
2026-03-05,ITA US 10/16/26 C235 Equity,2026-03-12,18.25,22.9,22.49937152968342,22.9,22.49937152968342,19.26453083446608,20.20183824173334,22.892153,20.120627097918383,2026-03
2026-03-05,ITA US 12/18/26 C235 Equity,2026-03-12,21.25,26.2,25.48927707456596,26.2,25.48927707456596,23.97949705845876,25.32992715020069,25.679554,25.4725989369911,2026-03
2026-03-05,ITA US 10/16/26 C245 Equity,2026-03-12,13.850000000000001,18.25,17.30810074627175,18.25,17.30810074627175,17.714607630076255,18.279967241218998,18.886238,18.28060576027727,2026-03
2026-03-05,ITA US 10/16/26 C250 Equity,2026-03-12,12.4,15.7,15.055700403335646,15.7,15.055700403335646,12.712067635688758,15.465161825371439,16.627937,15.401443673030604,2026-03
2026-03-05,ITA US 10/16/26 C230 Equity,2026-03-12,20.6,26.25,25.591773240343592,26.25,25.591773240343592,21.584534795267544,22.799014276383623,25.28392,22.40296840958902,2026-03
2026-03-05,ITA US 12/18/26 C240 Equity,2026-03-12,19.15,23.6,22.829769697596486,23.6,22.829769697596486,22.855218954211097,23.431024938343946,22.321098,24.129075864959677,2026-03
2026-03-05,ITA US 07/17/26 C280 Equity,2026-03-12,2.575,3.575,3.2965898367421778,3.575,3.2965898367421778,0.7713671507884907,2.200763740559916,5.069171,2.3993898805939575,2026-03
2026-03-05,ITA US 10/16/26 C240 Equity,2026-03-12,15.95,20.55,19.795881571340583,20.55,19.795881571340583,19.453960447056957,19.30483560798048,21.506218,18.94317929956925,2026-03
2026-03-06,ITA US 10/16/26 C235 Equity,2026-03-13,17.3,24.25,23.644918007503556,24.25,23.644918007503556,20.424791745224205,21.034869455482564,23.494633,21.260107799324064,2026-03
2026-03-06,ITA US 07/17/26 C250 Equity,2026-03-13,7.85,12.05,11.547096508436107,12.05,11.547096508436107,9.457064894692751,12.385035813172303,11.388356,11.661522178848996,2026-03
2026-03-06,ITA US 10/16/26 C240 Equity,2026-03-13,15.1,21.4,20.611435886194897,21.4,20.611435886194897,19.56060615456488,19.852506099524362,21.890717,19.78950574433922,2026-03
2026-03-06,ITA US 12/18/26 C250 Equity,2026-03-13,14.45,20.0,18.926943609645406,20.0,18.926943609645406,19.50237972274524,20.644864548309016,19.068085,21.006473978799704,2026-03
2026-03-06,ITA US 10/16/26 C245 Equity,2026-03-13,13.05,18.9,18.54821619985509,18.9,18.54821619985509,19.02672082650148,19.407127584395283,20.492352,19.05624272959347,2026-03
2026-03-06,ITA US 10/16/26 C230 Equity,2026-03-13,20.05,27.15,26.301676430806356,27.15,26.301676430806356,21.798521628907928,22.83780468415369,24.234632,23.034689766550958,2026-03
2026-03-06,ITA US 07/17/26 C230 Equity,2026-03-13,15.149999999999999,22.4,22.134501264624205,22.4,22.134501264624205,19.026416326300172,21.169761751129357,19.058378,21.127744804608458,2026-03
2026-03-06,ITA US 10/16/26 C250 Equity,2026-03-13,11.5,16.95,16.19183897530662,16.95,16.19183897530662,15.767572349411768,16.968745404725322,18.280064,17.0573836956788,2026-03
2026-03-06,ITA US 12/18/26 C245 Equity,2026-03-13,15.9,21.95,21.24966699882005,21.95,21.24966699882005,20.826601238883907,21.622339772341533,21.975925,22.0744436626119,2026-03
2026-03-06,ITA US 12/18/26 C235 Equity,2026-03-13,20.25,27.35,26.315952035779283,27.35,26.315952035779283,24.64681032785937,25.271644613098523,25.430613,26.16770792496613,2026-03
2026-03-06,ITA US 07/17/26 C280 Equity,2026-03-13,2.4499999999999997,3.8499999999999996,3.608346333961272,3.8499999999999996,3.608346333961272,1.5210800992538154,3.778463952274965,4.24928,3.1319446981660457,2026-03
2026-03-06,ITA US 10/16/26 C255 Equity,2026-03-13,9.850000000000001,14.700000000000001,14.074594155218689,14.700000000000001,14.074594155218689,12.86535006948031,13.556821740578478,13.503859,12.968411767266005,2026-03
2026-03-06,ITA US 07/17/26 C295 Equity,2026-03-13,1.775,2.65,1.7693640129391874,2.65,1.7693640129391874,-0.2762792807414094,1.715473048828155,3.8078897,1.9896146206119636,2026-03
2026-03-06,ITA US 12/18/26 C230 Equity,2026-03-13,22.7,30.05,29.399876995281023,30.05,29.399876995281023,26.034773090540185,27.38036290082264,27.10942,27.903916498177427,2026-03
2026-03-06,ITA US 12/18/26 C240 Equity,2026-03-13,18.25,24.35,23.66872422910385,24.35,23.66872422910385,22.245599058493575,23.59783678783422,22.76058,24.22952275240675,2026-03
2026-03-09,ITA US 12/18/26 C245 Equity,2026-03-16,16.95,21.75,22.07247865987735,21.75,22.07247865987735,21.19113196574257,21.74358900682602,23.301603,21.932005410753742,2026-03
2026-03-09,ITA US 10/16/26 C255 Equity,2026-03-16,10.5,14.700000000000001,14.448274039277269,14.700000000000001,14.448274039277269,13.4348945018993,13.63335650719958,13.990759,12.936015626037031,2026-03
2026-03-09,ITA US 07/17/26 C250 Equity,2026-03-16,7.85,11.899999999999999,12.024407379846535,11.899999999999999,12.024407379846535,10.464809657842816,13.095785835109746,11.490899,12.013088656083621,2026-03
2026-03-09,ITA US 07/17/26 C295 Equity,2026-03-16,1.825,1.8250000000000002,1.7619790483696405,1.8250000000000002,1.7619790483696405,0.00059130622439163,0.7656635750691283,3.8357675,1.137892347320891,2026-03
2026-03-09,ITA US 10/16/26 C240 Equity,2026-03-16,16.3,21.5,21.423178774362807,21.5,21.423178774362807,19.990631870359383,20.224468681423634,23.596832,20.20943156242646,2026-03
2026-03-09,ITA US 10/16/26 C230 Equity,2026-03-16,20.75,27.0,27.036055729697015,27.0,27.036055729697015,22.1380439296353,23.026227866523246,26.157654,22.923502596275988,2026-03
2026-03-09,ITA US 12/18/26 C250 Equity,2026-03-16,14.75,19.85,19.502993933885417,19.85,19.502993933885417,19.8319777979179,20.517671602530942,19.570803,20.825785751974838,2026-03
2026-03-09,ITA US 10/16/26 C235 Equity,2026-03-16,18.45,24.15,24.063216359748957,24.15,24.063216359748957,21.117873667204833,21.3045017354833,25.791752,21.205276739428065,2026-03
2026-03-09,ITA US 10/16/26 C250 Equity,2026-03-16,12.3,16.5,16.4194487353673,16.5,16.4194487353673,15.802440041985292,16.69837061695855,17.94028,16.58685179948377,2026-03
2026-03-09,ITA US 07/17/26 C280 Equity,2026-03-16,2.5500000000000003,3.9499999999999997,3.896954856487562,3.9499999999999997,3.896954856487562,2.1921475312112335,3.6291087749286692,4.26212,3.011544257664325,2026-03
2026-03-09,ITA US 10/16/26 C245 Equity,2026-03-16,14.2,18.9,18.729852375346717,18.9,18.729852375346717,19.555326139278336,19.212054402548706,21.250816,19.039346072078978,2026-03
2026-03-09,ITA US 12/18/26 C240 Equity,2026-03-16,19.05,24.55,24.70457687378035,24.55,24.70457687378035,23.21369785634139,23.887296426743085,24.940565,24.508166193746263,2026-03
2026-03-09,ITA US 12/18/26 C230 Equity,2026-03-16,24.1,30.35,29.98535501771799,30.35,29.98535501771799,26.913373075145216,27.686795818799823,28.974176,28.19994972003601,2026-03
2026-03-09,ITA US 07/17/26 C230 Equity,2026-03-16,16.2,22.450000000000003,22.94139488331779,22.450000000000003,22.94139488331779,20.00430533008798,22.392333237898576,20.578382,21.49405401392802,2026-03
2026-03-09,ITA US 12/18/26 C235 Equity,2026-03-16,21.4,27.1,27.375657414499898,27.1,27.375657414499898,25.598767883622827,26.31744742368175,26.808931,26.411303993024895,2026-03
2026-03-10,ITA US 10/16/26 C255 Equity,2026-03-17,10.899999999999999,14.15,13.40193289402674,14.15,13.40193289402674,13.712670902461996,13.326928408886488,13.710038,12.557655881851854,2026-03
2026-03-10,ITA US 10/16/26 C250 Equity,2026-03-17,12.45,16.1,15.418802258754702,16.1,15.418802258754702,16.95565690076786,16.667538513358167,17.363678,16.469749460807716,2026-03
2026-03-10,ITA US 07/17/26 C280 Equity,2026-03-17,3.125,3.625,3.211151917843905,3.625,3.211151917843905,3.1226416825819765,3.71994926426124,4.7633452,3.2055417351787683,2026-03
2026-03-10,ITA US 12/18/26 C245 Equity,2026-03-17,17.15,21.2,20.41189562551285,21.2,20.41189562551285,21.792142910406206,21.047893155338887,21.262285,21.354619278026096,2026-03
2026-03-10,ITA US 07/17/26 C230 Equity,2026-03-17,15.8,21.15,20.482475156394013,21.15,20.482475156394013,19.01857754993548,20.24465243292559,20.544588,19.97070186424636,2026-03
2026-03-10,ITA US 10/16/26 C245 Equity,2026-03-17,14.35,18.049999999999997,17.280767489459052,18.049999999999997,17.280767489459052,19.07271912216644,18.39783382582857,19.556805,18.1699945412253,2026-03
2026-03-10,ITA US 12/18/26 C230 Equity,2026-03-17,24.25,28.75,28.118488385762177,28.75,28.118488385762177,25.767709377711327,26.1768254629944,28.653631,26.753318274929985,2026-03
2026-03-10,ITA US 07/17/26 C250 Equity,2026-03-17,7.65,11.25,10.609371583216447,11.25,10.609371583216447,11.168331186140936,12.509247013452413,11.247939,11.370246861830447,2026-03
2026-03-10,ITA US 07/17/26 C295 Equity,2026-03-17,1.825,1.875,1.5270885257771623,1.875,1.5270885257771623,-0.5163765996539791,-0.3774975287482878,4.103491,0.8980904982261038,2026-03
2026-03-10,ITA US 12/18/26 C250 Equity,2026-03-17,15.9,19.15,18.930916611925294,19.15,18.930916611925294,19.546034063757734,20.032704782234756,18.862644,20.086503880897823,2026-03
2026-03-10,ITA US 12/18/26 C235 Equity,2026-03-17,21.4,26.15,25.18212465225851,26.15,25.18212465225851,25.205420646255376,24.724571691500458,26.712406,25.369543844411883,2026-03
2026-03-10,ITA US 12/18/26 C240 Equity,2026-03-17,19.7,23.55,22.611514492889622,23.55,22.611514492889622,23.010769199568493,22.415938619746946,24.076847,23.59763527607209,2026-03
2026-03-10,ITA US 10/16/26 C235 Equity,2026-03-17,18.549999999999997,23.1,22.251415453949317,23.1,22.251415453949317,21.57750151437684,20.60620991164661,24.615541,20.62348671078059,2026-03
2026-03-10,ITA US 10/16/26 C230 Equity,2026-03-17,20.9,25.75,25.15206484197437,25.75,25.15206484197437,22.02580136477173,21.903951125699063,26.421316,21.981718630688153,2026-03
2026-03-10,ITA US 10/16/26 C240 Equity,2026-03-17,16.25,20.4,19.882728312697036,20.4,19.882728312697036,19.938845450655414,19.27305791596489,22.231459,19.310805739080127,2026-03
2026-03-11,ITA US 07/17/26 C230 Equity,2026-03-18,16.1,20.4,19.75725370996152,20.4,19.75725370996152,20.308406401769552,20.861544603048095,21.768898,20.17343222324173,2026-03
2026-03-11,ITA US 07/17/26 C250 Equity,2026-03-18,8.0,10.25,9.736983390489298,10.25,9.736983390489298,10.655887834589905,11.873146047441185,11.123269,10.620536840550987,2026-03
2026-03-11,ITA US 12/18/26 C230 Equity,2026-03-18,23.15,28.45,27.609336729258647,28.45,27.609336729258647,26.93706878694445,26.091509415726062,28.953209,26.82926907975201,2026-03
2026-03-11,ITA US 12/18/26 C245 Equity,2026-03-18,16.6,21.0,20.143898193250823,21.0,20.143898193250823,22.00852441453548,20.560638469974013,21.89015,21.11286329058771,2026-03
2026-03-11,ITA US 10/16/26 C245 Equity,2026-03-18,14.05,17.4,16.48344409014472,17.4,16.48344409014472,18.47904940060229,17.875769699090757,20.407694,17.628178968445926,2026-03
2026-03-11,ITA US 10/16/26 C255 Equity,2026-03-18,10.55,13.5,12.831502097782028,13.5,12.831502097782028,13.037746378595214,12.841031978129983,13.595038,11.88496766964334,2026-03
2026-03-11,ITA US 10/16/26 C240 Equity,2026-03-18,15.65,19.8,18.814942549048762,19.8,18.814942549048762,20.333360334562617,19.08209246034939,22.596666,19.08663615933035,2026-03
2026-03-11,ITA US 12/18/26 C250 Equity,2026-03-18,14.75,18.2,17.397689618210244,18.2,17.397689618210244,17.604387097610537,18.07270568978351,18.592808,18.69882045889332,2026-03
2026-03-11,ITA US 07/17/26 C280 Equity,2026-03-18,2.6,3.375,3.0626842183003493,3.375,3.0626842183003493,1.9403604160110284,3.161875667491783,4.797082,2.7174558612308557,2026-03
2026-03-11,ITA US 12/18/26 C235 Equity,2026-03-18,21.1,25.1,24.28661952686479,25.1,24.28661952686479,24.606610206383635,24.299433881288756,27.441496,24.800217317328087,2026-03
2026-03-11,ITA US 12/18/26 C240 Equity,2026-03-18,18.25,22.549999999999997,22.106471210932988,22.549999999999997,22.106471210932988,23.12690417355379,22.9041142523115,24.605778,23.311562522366202,2026-03
2026-03-11,ITA US 10/16/26 C235 Equity,2026-03-18,17.950000000000003,22.2,21.386741459804494,22.2,21.386741459804494,20.98360877557463,20.141339434050927,24.97629,20.02842024287531,2026-03
2026-03-11,ITA US 10/16/26 C230 Equity,2026-03-18,20.0,24.8,23.961565419221408,24.8,23.961565419221408,21.171574785075933,21.122808472499603,26.765835,21.264037379189105,2026-03
2026-03-11,ITA US 10/16/26 C250 Equity,2026-03-18,12.2,15.3,14.416527203176717,15.3,14.416527203176717,16.62544433937088,16.354767071946824,17.218912,15.84128100554412,2026-03
2026-03-11,ITA US 07/17/26 C295 Equity,2026-03-18,1.9749999999999999,1.8250000000000002,1.6927675731515122,1.8250000000000002,1.6927675731515122,0.6969913869854398,0.6393116880299381,4.471112,1.4159159178190843,2026-03
2026-03-12,ITA US 10/16/26 C240 Equity,2026-03-19,13.95,15.95,15.420038734150264,15.95,15.420038734150264,16.193503237261865,16.52204481721577,19.156,15.425899958094865,2026-03
2026-03-12,ITA US 12/18/26 C235 Equity,2026-03-19,18.85,21.25,20.486117938499188,21.25,20.486117938499188,21.146216364590522,21.753880308945533,25.208502,21.66917807246897,2026-03
2026-03-12,ITA US 07/17/26 C250 Equity,2026-03-19,6.4,7.45,7.902928867493176,7.45,7.902928867493176,8.527106893178722,10.64831266359241,10.678532,8.350668283072748,2026-03
2026-03-12,ITA US 07/17/26 C230 Equity,2026-03-19,13.6,15.7,15.260415215168699,15.7,15.260415215168699,17.091336561300665,17.988448168212123,20.198042,16.676917525087973,2026-03
2026-03-12,ITA US 12/18/26 C250 Equity,2026-03-19,13.149999999999999,15.2,15.115500500898909,15.2,15.115500500898909,15.717615271457225,16.793243455938388,16.595798,16.395098761185718,2026-03
2026-03-12,ITA US 10/16/26 C235 Equity,2026-03-19,16.0,18.25,17.777476853867036,18.25,17.777476853867036,18.19231817868741,18.233154139838767,22.81221,17.277067467467926,2026-03
2026-03-12,ITA US 10/16/26 C230 Equity,2026-03-19,18.35,20.6,20.19229597813311,20.6,20.19229597813311,20.049132544502807,20.034109863875887,24.70789,19.352993967865345,2026-03
2026-03-12,ITA US 12/18/26 C230 Equity,2026-03-19,21.25,23.7,24.06268317452606,23.7,24.06268317452606,24.39943481255886,24.060886116044003,26.577494,23.56159763005992,2026-03
2026-03-12,ITA US 10/16/26 C245 Equity,2026-03-19,12.0,13.850000000000001,13.292905036161606,13.850000000000001,13.292905036161606,14.541955254648059,15.155547104879561,15.511151,14.147295238446855,2026-03
2026-03-12,ITA US 07/17/26 C280 Equity,2026-03-19,2.325,2.575,2.334097141829493,2.575,2.334097141829493,2.926468274639884,2.326016320771842,4.6941957,2.418139227892231,2026-03
2026-03-12,ITA US 07/17/26 C295 Equity,2026-03-19,1.775,1.4,1.2278563604450647,1.4,1.2278563604450647,0.2935627781006005,-0.7732054737670087,4.498088,0.84491340780334,2026-03
2026-03-12,ITA US 10/16/26 C255 Equity,2026-03-19,8.65,10.65,10.290939534329404,10.65,10.290939534329404,10.240549012640452,10.872078482415551,11.492215,9.492102401653959,2026-03
2026-03-12,ITA US 10/16/26 C250 Equity,2026-03-19,10.149999999999999,12.4,12.262032057852327,12.4,12.262032057852327,13.906376472421483,14.516838469527723,13.701214,13.183697693990759,2026-03
2026-03-12,ITA US 12/18/26 C245 Equity,2026-03-19,14.6,17.15,16.514286814374167,17.15,16.514286814374167,17.607115259428742,17.326122039408276,19.169472,17.322991710488424,2026-03
2026-03-12,ITA US 12/18/26 C240 Equity,2026-03-19,16.75,19.15,18.63250652644017,19.15,18.63250652644017,18.92390294016517,19.886578394118413,21.303875,19.637086897945487,2026-03
2026-03-13,ITA US 10/16/26 C250 Equity,2026-03-20,8.9,11.5,10.490914111030413,11.5,10.490914111030413,12.636132600802089,12.716676878565437,11.496908,12.034835655946386,2026-03
2026-03-13,ITA US 07/17/26 C280 Equity,2026-03-20,1.775,2.4499999999999997,2.0980850055705855,2.4499999999999997,2.0980850055705855,5.01983640086018,3.8282451010651375,4.6995373,3.0295292394362074,2026-03
2026-03-13,ITA US 10/16/26 C240 Equity,2026-03-20,11.5,15.1,14.077668122108179,15.1,14.077668122108179,15.728700450650354,15.417504897917102,17.286385,14.653770045391857,2026-03
2026-03-13,ITA US 10/16/26 C245 Equity,2026-03-20,9.95,13.05,11.900675648007585,13.05,11.900675648007585,13.922275223204723,14.048454382065568,13.804059,13.441616356438415,2026-03
2026-03-13,ITA US 12/18/26 C230 Equity,2026-03-20,18.200000000000003,22.7,21.35918117566733,22.7,21.35918117566733,23.66768700982687,22.327599403210186,25.192566,22.710054780659956,2026-03
2026-03-13,ITA US 10/16/26 C230 Equity,2026-03-20,15.05,20.05,18.816335760142227,20.05,18.816335760142227,20.06416716622504,18.862753833687364,23.094248,18.852525618621762,2026-03
2026-03-13,ITA US 10/16/26 C235 Equity,2026-03-20,13.3,17.3,16.11162579982974,17.3,16.11162579982974,17.521713649628463,16.938426137467538,20.519848,16.31678670050611,2026-03
2026-03-13,ITA US 07/17/26 C230 Equity,2026-03-20,10.649999999999999,15.149999999999999,14.311228277378211,15.149999999999999,14.311228277378211,17.476228068122463,17.360861920489622,19.455795,16.478766142663485,2026-03
2026-03-13,ITA US 10/16/26 C255 Equity,2026-03-20,7.55,9.850000000000001,8.886235911511555,9.850000000000001,8.886235911511555,9.175820982315958,9.675058214447084,9.804699,8.619203291536666,2026-03
2026-03-13,ITA US 12/18/26 C250 Equity,2026-03-20,11.1,14.45,12.911456603976,14.45,12.911456603976,14.758317637066526,15.364785943829403,15.496941,15.522371370626189,2026-03
2026-03-13,ITA US 12/18/26 C240 Equity,2026-03-20,14.450000000000001,18.25,16.976580392326763,18.25,16.976580392326763,18.302683021861974,18.43487588198861,19.142666,18.793237692063506,2026-03
2026-03-13,ITA US 12/18/26 C245 Equity,2026-03-20,12.899999999999999,15.9,14.917402212521006,15.9,14.917402212521006,16.873117133883493,17.012091475868242,17.789415,16.610670847482524,2026-03
2026-03-13,ITA US 07/17/26 C250 Equity,2026-03-20,4.8,7.85,7.118267707339713,7.85,7.118267707339713,9.601311172375707,10.006738452045251,10.725124,8.412952723395854,2026-03
2026-03-13,ITA US 12/18/26 C235 Equity,2026-03-20,16.25,20.25,19.0617154918943,20.25,19.0617154918943,21.01353255124907,20.974567883204983,22.14127,20.84055684797275,2026-03
2026-03-16,ITA US 12/18/26 C235 Equity,2026-03-23,16.55,21.4,20.780027287910247,21.4,20.780027287910247,22.966367819116684,22.177010141607692,23.846386,22.223975540109713,2026-03
2026-03-16,ITA US 12/18/26 C240 Equity,2026-03-23,14.850000000000001,19.05,18.436082859392187,19.05,18.436082859392187,20.137522154940875,19.840627041500294,20.285625,20.00186783959907,2026-03
2026-03-16,ITA US 12/18/26 C250 Equity,2026-03-23,11.15,14.75,14.185535937247723,14.75,14.185535937247723,15.78854163219322,16.828032948515247,14.433248,16.37981059898278,2026-03
2026-03-16,ITA US 10/16/26 C235 Equity,2026-03-23,14.35,18.45,17.95629249274223,18.45,17.95629249274223,19.481247187303644,18.223152478089123,21.82926,17.696215598538267,2026-03
2026-03-16,ITA US 12/18/26 C230 Equity,2026-03-23,18.9,24.1,23.541722301784155,24.1,23.541722301784155,25.726685231345677,24.178652915546355,25.76512,24.20564010044349,2026-03
2026-03-16,ITA US 10/16/26 C255 Equity,2026-03-23,8.3,10.5,10.097521262270188,10.5,10.097521262270188,10.844437688354194,11.114827684357113,9.763688,9.711926338892848,2026-03
2026-03-16,ITA US 07/17/26 C250 Equity,2026-03-23,4.5,7.85,7.77991311334612,7.85,7.77991311334612,9.87502697289439,10.249465580286197,9.819981,8.536633922083091,2026-03
2026-03-16,ITA US 10/16/26 C240 Equity,2026-03-23,12.45,16.3,15.623578412182916,16.3,15.623578412182916,17.886878038428318,16.929011804509624,18.715185,16.164142207814205,2026-03
2026-03-16,ITA US 07/17/26 C295 Equity,2026-03-23,1.625,1.825,1.6464321781311444,1.825,1.6464321781311444,5.854116215830954,3.6594826952959636,4.0885754,2.531258828912091,2026-03
2026-03-16,ITA US 10/16/26 C245 Equity,2026-03-23,10.75,14.2,13.650475434515272,14.2,13.650475434515272,16.339756050484475,15.95750622257779,13.582346,15.020780879944743,2026-03
2026-03-16,ITA US 07/17/26 C230 Equity,2026-03-23,11.100000000000001,16.2,16.03192944268778,16.2,16.03192944268778,18.050969678854425,18.479446466099397,19.040827,17.287156508728806,2026-03
2026-03-16,ITA US 12/18/26 C245 Equity,2026-03-23,13.15,16.95,16.168974854648727,16.95,16.168974854648727,18.032832594006496,18.183032678446867,18.567394,17.766814209909146,2026-03
2026-03-16,ITA US 10/16/26 C250 Equity,2026-03-23,9.0,12.3,11.680735001681128,12.3,11.680735001681128,14.50205233324503,14.40372991775063,11.094762,13.430433479969464,2026-03
2026-03-16,ITA US 07/17/26 C280 Equity,2026-03-23,2.25,2.5500000000000003,2.3639375373175766,2.5500000000000003,2.3639375373175766,5.630390876569754,4.720248945010242,4.1614637,3.215423505391939,2026-03
2026-03-16,ITA US 10/16/26 C230 Equity,2026-03-23,16.7,20.75,20.238602639009834,20.75,20.238602639009834,20.31285158051572,19.835535898905686,22.346601,19.798499554129712,2026-03
2026-03-17,ITA US 12/18/26 C230 Equity,2026-03-24,18.5,24.25,24.108531479039982,24.25,24.108531479039982,27.346809713162884,24.85696121174918,28.887413,24.601216340396125,2026-03
2026-03-17,ITA US 07/17/26 C250 Equity,2026-03-24,4.55,7.65,7.489008856242945,7.65,7.489008856242945,10.057017614861522,9.450953887760807,10.866313,8.380775490521993,2026-03
2026-03-17,ITA US 07/17/26 C280 Equity,2026-03-24,0.975,3.125,3.1171268586887773,3.125,3.1171268586887773,7.421202971401437,5.920101419200398,5.3462276,3.9775825976847647,2026-03
2026-03-17,ITA US 07/17/26 C295 Equity,2026-03-24,1.575,1.825,1.663604871485527,1.825,1.663604871485527,6.964751260440208,3.7472087194383494,4.745449,2.725768457762606,2026-03
2026-03-17,ITA US 12/18/26 C240 Equity,2026-03-24,14.5,19.7,18.715939439286306,19.7,18.715939439286306,22.4439637021446,20.756605296813273,23.578476,21.023486453722104,2026-03
2026-03-17,ITA US 07/17/26 C230 Equity,2026-03-24,10.7,15.8,15.667374174412444,15.8,15.667374174412444,17.694484435216637,17.499217650200112,22.178125,16.598951181657323,2026-03
2026-03-17,ITA US 10/16/26 C250 Equity,2026-03-24,8.55,12.45,11.96049860526956,12.45,11.96049860526956,15.593843802477073,14.381070344508185,12.506415,13.514193492911236,2026-03
2026-03-17,ITA US 10/16/26 C255 Equity,2026-03-24,7.3500000000000005,10.899999999999999,10.252541939134112,10.899999999999999,10.252541939134112,12.265334014615958,11.221213559540592,11.12101,10.21066417605559,2026-03
2026-03-17,ITA US 12/18/26 C235 Equity,2026-03-24,16.35,21.4,21.079813699209236,21.4,21.079813699209236,24.210358607700442,22.233720554073557,27.038927,22.31123008914193,2026-03
2026-03-17,ITA US 10/16/26 C240 Equity,2026-03-24,11.45,16.25,15.950569179781917,16.25,15.950569179781917,18.57341414038691,16.69623617557126,21.718628,16.023632552007804,2026-03
2026-03-17,ITA US 12/18/26 C250 Equity,2026-03-24,11.35,15.9,15.045885016904602,15.9,15.045885016904602,18.595497679796757,17.47527501381908,18.47213,17.52914350030833,2026-03
2026-03-17,ITA US 12/18/26 C245 Equity,2026-03-24,12.85,17.15,16.328754537285104,17.15,16.328754537285104,19.81310756686201,18.554305335452916,21.222862,18.20544510444193,2026-03
2026-03-17,ITA US 10/16/26 C245 Equity,2026-03-24,10.0,14.35,13.811219535912173,14.35,13.811219535912173,17.511641739779073,15.8595461193319,16.743269,15.10020094424908,2026-03
2026-03-17,ITA US 10/16/26 C235 Equity,2026-03-24,13.3,18.549999999999997,18.11647103082545,18.549999999999997,18.11647103082545,20.464654826221174,18.27958883274712,24.968424,17.98201461062962,2026-03
2026-03-17,ITA US 10/16/26 C230 Equity,2026-03-24,15.35,20.9,20.67062792632799,20.9,20.67062792632799,21.37581057220141,19.877659081696628,25.380863,19.94836173259865,2026-03
2026-03-18,ITA US 12/18/26 C235 Equity,2026-03-25,18.049999999999997,21.1,19.823897599690362,21.1,19.823897599690362,24.757576916789283,21.658790504375318,26.87647,22.149776375656234,2026-03
2026-03-18,ITA US 01/15/27 C250 Equity,2026-03-25,13.2,15.85,14.849978692454783,15.85,14.849978692454783,16.88114946702482,16.15208954079413,20.123154,15.564224609754149,2026-03
2026-03-18,ITA US 07/17/26 C230 Equity,2026-03-25,12.350000000000001,16.1,15.293150229880624,16.1,15.293150229880624,21.48770345336659,18.775923718648265,22.701633,17.904854889790585,2026-03
2026-03-18,ITA US 07/17/26 C250 Equity,2026-03-25,5.75,8.0,7.256720999451974,8.0,7.256720999451974,12.104113445475543,9.938851699614172,11.195204,9.041080339789664,2026-03
2026-03-18,ITA US 01/15/27 C240 Equity,2026-03-25,16.6,19.85,18.744647188014184,19.85,18.744647188014184,21.492769406175324,19.433363539619837,24.37964,18.957697299167243,2026-03
2026-03-18,ITA US 01/15/27 C230 Equity,2026-03-25,20.700000000000003,25.4,24.059697055697477,25.4,24.059697055697477,27.17122236776248,22.982006718853434,29.20057,23.686116047346754,2026-03
2026-03-18,ITA US 10/16/26 C250 Equity,2026-03-25,9.85,12.2,11.131861595669648,12.2,11.131861595669648,16.021592678510387,13.957086651210185,12.970315,13.455367821653557,2026-03
2026-03-18,ITA US 12/18/26 C245 Equity,2026-03-25,14.3,16.6,15.519522401721767,16.6,15.519522401721767,19.857664569817587,17.918538425247334,21.024513,17.700180053911645,2026-03
2026-03-18,ITA US 10/16/26 C255 Equity,2026-03-25,8.45,10.55,9.494403043294321,10.55,9.494403043294321,12.25151158793749,10.604929629603172,11.279549,9.937328200429755,2026-03
2026-03-18,ITA US 10/16/26 C240 Equity,2026-03-25,13.2,15.65,14.725041434190592,15.65,14.725041434190592,17.699019708116584,15.646508053919739,20.807251,15.427106656842954,2026-03
2026-03-18,ITA US 12/18/26 C230 Equity,2026-03-25,20.45,23.15,22.24424838314885,23.15,22.24424838314885,26.463680286546584,23.545897742217434,28.250874,23.564315186075845,2026-03
2026-03-18,ITA US 10/16/26 C230 Equity,2026-03-25,17.2,20.0,19.240292552645283,20.0,19.240292552645283,22.078884549009157,19.456658237591988,25.529016,19.58978571337154,2026-03
2026-03-18,ITA US 12/18/26 C240 Equity,2026-03-25,15.85,18.25,17.57527244996315,18.25,17.57527244996315,20.476105276149692,19.63523862893839,23.47449,19.461218267317097,2026-03
2026-03-18,ITA US 12/18/26 C250 Equity,2026-03-25,12.55,14.75,13.725497487961889,14.75,13.725497487961889,18.04610200706151,16.883309538459873,17.559889,16.696059233984542,2026-03
2026-03-18,ITA US 10/16/26 C235 Equity,2026-03-25,15.05,17.950000000000003,16.56846655144754,17.950000000000003,16.56846655144754,19.498826257318292,16.75549481640668,24.334715,17.11051704753108,2026-03
2026-03-18,ITA US 07/17/26 C295 Equity,2026-03-25,1.6749999999999998,1.9749999999999999,1.6605439365095174,1.9749999999999999,1.6605439365095174,7.994600696313997,4.149171484051012,5.030315,3.0889583713871955,2026-03
2026-03-18,ITA US 07/17/26 C280 Equity,2026-03-25,2.2,2.6,2.196173314122834,2.6,2.196173314122834,6.222135289762889,3.764465485966314,5.485846,3.0566769720377045,2026-03
2026-03-18,ITA US 10/16/26 C245 Equity,2026-03-25,11.45,14.05,12.831073035973503,14.05,12.831073035973503,17.79317635035758,15.410231196206274,17.000395,14.978340383016693,2026-03
2026-03-19,ITA US 10/16/26 C245 Equity,2026-03-26,9.25,12.0,11.091000184205843,12.0,11.091000184205843,15.2763051898845,13.880210338390599,14.293561,12.940786495427274,2026-03
2026-03-19,ITA US 10/16/26 C235 Equity,2026-03-26,12.649999999999999,16.0,15.030113884757172,16.0,15.030113884757172,18.179673771515745,16.000305248750948,21.274685,15.631069791235332,2026-03
2026-03-19,ITA US 12/18/26 C240 Equity,2026-03-26,13.65,16.75,15.660880650007535,16.75,15.660880650007535,18.645184967302562,17.657657868835358,21.126568,17.794898019235625,2026-03
2026-03-19,ITA US 01/15/27 C240 Equity,2026-03-26,14.0,17.35,16.386246027259013,17.35,16.386246027259013,18.53535205019295,17.640315215499946,21.647038,16.70390160123069,2026-03
2026-03-19,ITA US 10/16/26 C250 Equity,2026-03-26,8.1,10.149999999999999,9.265639303428978,10.149999999999999,9.265639303428978,12.833874110501101,12.29587516905012,12.442668,11.374793576429719,2026-03
2026-03-19,ITA US 12/18/26 C235 Equity,2026-03-26,15.35,18.85,17.819488946156156,18.85,17.819488946156156,21.447747772186673,20.10210187972545,24.313086,19.917584117978297,2026-03
2026-03-19,ITA US 01/15/27 C250 Equity,2026-03-26,11.15,13.7,12.845769980742686,13.7,12.845769980742686,13.989564872645474,14.361210523359087,16.787823,13.429263912256758,2026-03
2026-03-19,ITA US 07/17/26 C295 Equity,2026-03-26,1.625,1.775,1.5150137072563676,1.775,1.5150137072563676,8.276767679774691,3.7403669733459584,5.097236,2.9120960689480846,2026-03
2026-03-19,ITA US 07/17/26 C250 Equity,2026-03-26,4.1,6.4,5.8581709684812955,6.4,5.8581709684812955,10.006131455069065,8.482339119204537,11.12068,7.507290428646156,2026-03
2026-03-19,ITA US 10/16/26 C255 Equity,2026-03-26,6.85,8.65,7.875880833869846,8.65,7.875880833869846,10.026265807777714,9.050568438434087,10.435738,8.100841144789255,2026-03
2026-03-19,ITA US 12/18/26 C245 Equity,2026-03-26,12.0,14.6,13.627320211064486,14.6,13.627320211064486,17.07412404871463,16.211736981463556,18.036562,15.727787408980245,2026-03
2026-03-19,ITA US 01/15/27 C230 Equity,2026-03-26,18.15,21.85,21.237503108478197,21.85,21.237503108478197,22.80937545294921,20.698328004860976,27.006973,20.845162354268115,2026-03
2026-03-19,ITA US 12/18/26 C250 Equity,2026-03-26,10.8,13.149999999999999,12.291492044363148,13.149999999999999,12.291492044363148,16.27487333083223,15.444025619508992,14.749864,14.92936387023231,2026-03
2026-03-19,ITA US 10/16/26 C240 Equity,2026-03-26,10.75,13.95,12.994399392595923,13.95,12.994399392595923,15.524556712585227,14.288314431389757,17.04108,13.735813607206655,2026-03
2026-03-19,ITA US 10/16/26 C230 Equity,2026-03-26,14.5,18.35,17.35915447041961,18.35,17.35915447041961,20.838563871727672,18.6804229716177,25.02117,18.44716885882093,2026-03
2026-03-19,ITA US 07/17/26 C280 Equity,2026-03-26,1.3499999999999999,2.325,1.6436967724679077,2.325,1.6436967724679077,5.1317584163261,2.7396783077833504,5.5263476,2.720545339777284,2026-03
2026-03-19,ITA US 07/17/26 C230 Equity,2026-03-26,10.2,13.6,12.74479597389545,13.6,12.74479597389545,18.06278900927622,16.509616986869233,19.673937,15.36088535708771,2026-03
2026-03-19,ITA US 12/18/26 C230 Equity,2026-03-26,17.3,21.25,20.164737064157904,21.25,20.164737064157904,24.39090265511501,21.838375801854568,27.106253,21.927720327784453,2026-03
2026-03-20,ITA US 10/16/26 C235 Equity,2026-03-27,11.0,13.3,13.026384106127491,13.3,13.026384106127491,15.697468164363714,14.650017834534987,16.948315,13.135809441817083,2026-03
2026-03-20,ITA US 01/15/27 C240 Equity,2026-03-27,12.5,15.1,14.81286471807357,15.1,14.81286471807357,16.93244872970677,17.704681177934813,19.296606,16.1480768043827,2026-03
2026-03-20,ITA US 10/16/26 C245 Equity,2026-03-27,8.1,9.95,9.770201364276097,9.95,9.770201364276097,13.358962069971106,12.663656904839769,12.403292,11.157211295083522,2026-03
2026-03-20,ITA US 12/18/26 C230 Equity,2026-03-27,15.7,18.200000000000003,17.756106713419715,18.200000000000003,17.756106713419715,20.6882438919898,20.072223398939638,23.729752,19.14790802323713,2026-03
2026-03-20,ITA US 12/18/26 C235 Equity,2026-03-27,13.7,16.25,15.403015939351572,16.25,15.403015939351572,17.896717648331272,17.54785983554123,20.800652,17.1110505158153,2026-03
2026-03-20,ITA US 10/16/26 C230 Equity,2026-03-27,12.85,15.05,14.823591582239525,15.05,14.823591582239525,17.307181978610444,16.681120459898157,20.976988,15.264132795367455,2026-03
2026-03-20,ITA US 07/17/26 C230 Equity,2026-03-27,8.25,10.649999999999999,10.86945821959191,10.649999999999999,10.86945821959191,14.082331177783217,15.029322583168994,14.765145,12.670569957249567,2026-03
2026-03-20,ITA US 12/18/26 C250 Equity,2026-03-27,9.1,11.1,10.665987439128912,11.1,10.665987439128912,13.176176262322077,13.396285102148322,11.889103,12.989137388817568,2026-03
2026-03-20,ITA US 12/18/26 C240 Equity,2026-03-27,12.1,14.450000000000001,13.80414669068579,14.450000000000001,13.80414669068579,16.566375144815513,16.242452940139678,17.467703,15.839131885750195,2026-03
2026-03-20,ITA US 01/15/27 C230 Equity,2026-03-27,16.049999999999997,18.8,18.852328632130344,18.8,18.852328632130344,20.428697710878897,20.943522963323304,24.401022,19.749078846022392,2026-03
2026-03-20,ITA US 01/15/27 C250 Equity,2026-03-27,9.7,12.600000000000001,11.443659565399395,12.600000000000001,11.443659565399395,12.673787375630747,12.56786890796365,13.266975,12.302392538025531,2026-03
2026-03-20,ITA US 12/18/26 C245 Equity,2026-03-27,10.6,12.899999999999999,11.799302073254388,12.899999999999999,11.799302073254388,15.056019888325633,14.668652027750127,14.91259,14.061126993556048,2026-03
2026-03-20,ITA US 10/16/26 C240 Equity,2026-03-27,9.45,11.5,11.219479888800691,11.5,11.219479888800691,13.798992810491786,13.13489298334818,13.4425745,11.647265674612893,2026-03
2026-03-20,ITA US 07/17/26 C280 Equity,2026-03-27,1.525,1.775,1.7287550660790176,1.775,1.7287550660790176,5.4356805301540945,2.5795474361723123,5.464646,2.541721177100357,2026-03
2026-03-20,ITA US 10/16/26 C250 Equity,2026-03-27,7.3,8.9,7.878782104206475,8.9,7.878782104206475,10.922173675270436,10.864292527077623,11.661614,10.130878141664255,2026-03
2026-03-20,ITA US 10/16/26 C255 Equity,2026-03-27,5.3,7.55,7.230116910143642,7.55,7.230116910143642,9.397699077976707,8.527900822032372,8.608796,7.30650802126665,2026-03
2026-03-20,ITA US 07/17/26 C250 Equity,2026-03-27,3.55,4.8,4.642746883328697,4.8,4.642746883328697,8.469410089190703,8.096072905894612,9.443701,6.343057254539795,2026-03
2026-03-23,ITA US 10/16/26 C235 Equity,2026-03-30,9.15,14.35,13.413504543345958,14.35,13.413504543345958,17.821777566323103,15.237939889789077,16.257153,14.193404690314877,2026-03
2026-03-23,ITA US 12/18/26 C250 Equity,2026-03-30,7.300000000000001,11.15,10.055642596543562,11.15,10.055642596543562,13.181518511575696,13.050534095597795,11.648894,12.899475898208081,2026-03
2026-03-23,ITA US 10/16/26 C245 Equity,2026-03-30,6.7,10.75,9.986348291472282,10.75,9.986348291472282,14.940984283146829,13.045079046456381,12.36371,11.880199833534196,2026-03
2026-03-23,ITA US 10/16/26 C250 Equity,2026-03-30,6.0,9.0,8.847060791523935,9.0,8.847060791523935,12.426907224184863,12.23977562409673,12.220695,10.62868977145126,2026-03
2026-03-23,ITA US 01/15/27 C230 Equity,2026-03-30,13.45,19.75,18.604946844453902,19.75,18.604946844453902,20.83176844905688,20.51133191801334,24.157982,20.13589181379153,2026-03
2026-03-23,ITA US 01/15/27 C250 Equity,2026-03-30,7.9,11.95,11.087753118681787,11.95,11.087753118681787,12.33040626312145,12.321199241154646,11.367749,11.816504514702283,2026-03
2026-03-23,ITA US 07/17/26 C250 Equity,2026-03-30,3.375,4.5,4.679626109297983,4.5,4.679626109297983,7.657772627134415,7.881884137642036,8.611173,5.743793639484847,2026-03
2026-03-23,ITA US 07/17/26 C230 Equity,2026-03-30,6.7,11.100000000000001,10.770623773862846,11.100000000000001,10.770623773862846,13.607906855092914,14.030249687028567,14.069757,12.458342427432562,2026-03
2026-03-23,ITA US 12/18/26 C240 Equity,2026-03-30,9.100000000000001,14.850000000000001,13.630457508875699,14.850000000000001,13.630457508875699,18.309379344599563,17.181144604778986,16.877306,16.62028077534143,2026-03
2026-03-23,ITA US 10/16/26 C240 Equity,2026-03-30,7.85,12.45,11.965853683768655,12.45,11.965853683768655,16.579280830252216,14.462716703542826,12.375986,12.913442919965194,2026-03
2026-03-23,ITA US 07/17/26 C280 Equity,2026-03-30,0.525,2.25,2.0039757173605555,2.25,2.0039757173605555,7.680973760024026,4.628790210379346,4.957325,3.3171706995105366,2026-03
2026-03-23,ITA US 10/16/26 C255 Equity,2026-03-30,5.1,8.3,6.852133019917671,8.3,6.852133019917671,10.853620996891477,8.911978221744777,8.150153,8.076748326014851,2026-03
2026-03-23,ITA US 10/16/26 C230 Equity,2026-03-30,10.2,16.7,15.664032934693562,16.7,15.664032934693562,21.200982640412604,18.229012449991938,22.145906,17.285657169839126,2026-03
2026-03-23,ITA US 12/18/26 C235 Equity,2026-03-30,11.4,16.55,15.623776758464958,16.55,15.623776758464958,19.535846324458003,18.43095099541365,20.975843,17.886595567682818,2026-03
2026-03-23,ITA US 01/15/27 C240 Equity,2026-03-30,10.0,16.0,14.608093545628128,16.0,14.608093545628128,17.331295335861643,17.681452072381088,19.259754,16.816681179776136,2026-03
2026-03-23,ITA US 12/18/26 C230 Equity,2026-03-30,12.95,18.9,17.65089044731998,18.9,17.65089044731998,21.491006911518685,19.90802211468756,23.966497,19.633445575999954,2026-03
2026-03-23,ITA US 12/18/26 C245 Equity,2026-03-30,8.95,13.15,11.95430776790616,13.15,11.95430776790616,15.950546177254203,14.992891825180427,13.966208,14.430398640385985,2026-03
2026-03-24,ITA US 12/18/26 C240 Equity,2026-03-31,12.649999999999999,14.5,13.784769138031228,14.5,13.784769138031228,18.39838825361472,17.107379161809924,16.925276,16.367883721776018,2026-03
2026-03-24,ITA US 10/16/26 C250 Equity,2026-03-31,6.5,8.55,7.754472997988267,8.55,7.754472997988267,11.738127915237845,10.618287260247362,12.031864,9.791284684118587,2026-03
2026-03-24,ITA US 01/15/27 C245 Equity,2026-03-31,11.100000000000001,13.55,12.87417359235328,13.55,12.87417359235328,16.114733464665136,15.675528657750336,15.57736,15.37198732317006,2026-03
2026-03-24,ITA US 01/15/27 C240 Equity,2026-03-31,12.75,15.1,14.46204973502479,15.1,14.46204973502479,17.525310390739303,17.445931411751538,18.963795,16.277968393314808,2026-03
2026-03-24,ITA US 10/16/26 C240 Equity,2026-03-31,9.35,11.45,10.768878752629986,11.45,10.768878752629986,15.302852893255409,13.029269041781394,12.1197,11.75672454134746,2026-03
2026-03-24,ITA US 07/17/26 C295 Equity,2026-03-31,1.4749999999999999,1.575,1.363218000840059,1.575,1.363218000840059,9.717132765408202,3.7756305637992558,4.913479,2.9336946779946826,2026-03
2026-03-24,ITA US 07/17/26 C250 Equity,2026-03-31,3.475,4.55,4.208414674559492,4.55,4.208414674559492,7.798175052224983,7.087475719346024,7.907774,5.898867705716476,2026-03
2026-03-24,ITA US 01/15/27 C250 Equity,2026-03-31,9.75,12.0,11.540807797331414,12.0,11.540807797331414,13.489822914059706,12.230373049750975,11.065553,11.95102848820032,2026-03
2026-03-24,ITA US 12/18/26 C245 Equity,2026-03-31,10.649999999999999,12.85,11.949437485053487,12.85,11.949437485053487,16.156257270875958,14.790793798664371,13.618135,14.30307088881547,2026-03
2026-03-24,ITA US 12/18/26 C235 Equity,2026-03-31,14.1,16.35,15.648725174355352,16.35,15.648725174355352,19.95778819823881,18.25914942701166,20.909206,17.73666928613227,2026-03
2026-03-24,ITA US 12/18/26 C250 Equity,2026-03-31,9.0,11.35,10.30983041387488,11.35,10.30983041387488,14.528379332173815,13.571305775855778,11.520735,13.555269510757412,2026-03
2026-03-24,ITA US 10/16/26 C245 Equity,2026-03-31,7.95,10.0,9.26235842604665,10.0,9.26235842604665,14.303403280551333,12.12851802850911,12.218451,11.227141777073335,2026-03
2026-03-24,ITA US 10/16/26 C255 Equity,2026-03-31,5.55,7.3500000000000005,6.765202873060419,7.3500000000000005,6.765202873060419,10.064422362673348,8.376524509477449,8.263148,7.263605605304371,2026-03
2026-03-24,ITA US 01/15/27 C230 Equity,2026-03-31,16.75,18.5,18.058336110740786,18.5,18.058336110740786,21.095167780636945,20.213586629371257,23.79773,19.44713632799649,2026-03
2026-03-24,ITA US 10/16/26 C235 Equity,2026-03-31,11.0,13.3,12.694287654894366,13.3,12.694287654894366,16.73244919520095,14.22324258149906,15.805058,13.189329537666529,2026-03
2026-03-24,ITA US 12/18/26 C230 Equity,2026-03-31,16.0,18.5,17.7162804295725,18.5,17.7162804295725,22.86228631744019,20.423321096884678,23.819433,19.787960282081468,2026-03
2026-03-24,ITA US 07/17/26 C280 Equity,2026-03-31,0.975,0.975,0.7924180211686533,0.975,0.7924180211686533,3.805382823776542,-0.36776427790792887,5.269394,1.0267511540081002,2026-03
2026-03-24,ITA US 10/16/26 C230 Equity,2026-03-31,13.0,15.35,14.702483664633501,15.35,14.702483664633501,19.49493476735745,16.89731821050775,21.07125,15.791013295361987,2026-03
2026-03-24,ITA US 07/17/26 C230 Equity,2026-03-31,8.75,10.7,10.279523315979116,10.7,10.279523315979116,14.329903354234009,13.653776519504385,13.43343,12.426717719582248,2026-03
2026-03-24,ITA US 01/15/27 C235 Equity,2026-03-31,14.5,16.5,16.060555382091188,16.5,16.060555382091188,19.167615225380224,17.168747359711535,20.62573,16.2741912068397,2026-03
2026-03-25,ITA US 12/18/26 C240 Equity,2026-04-01,14.9,15.85,15.192387174590825,15.85,15.192387174590825,20.249613917427084,18.217600416417294,19.40848,17.711998120554355,2026-03
2026-03-25,ITA US 10/16/26 C235 Equity,2026-04-01,13.8,15.05,14.504845762148337,15.05,14.504845762148337,19.675905051635112,16.266492012795165,18.268105,15.279851313980723,2026-03
2026-03-25,ITA US 01/15/27 C250 Equity,2026-04-01,12.05,13.2,12.616674583385004,13.2,12.616674583385004,15.828196779313327,13.602762176613744,13.132787,13.477862542970884,2026-03
2026-03-25,ITA US 10/16/26 C255 Equity,2026-04-01,6.95,8.45,8.02847026708538,8.45,8.02847026708538,12.262365123053655,9.94286360693484,8.637815,8.57768340132169,2026-03
2026-03-25,ITA US 07/17/26 C250 Equity,2026-04-01,5.2,5.75,5.217464703670029,5.75,5.217464703670029,9.437785478123821,8.295986928966595,9.429646,6.953485916481964,2026-03
2026-03-25,ITA US 12/18/26 C235 Equity,2026-04-01,16.9,18.049999999999997,17.468435095245653,18.049999999999997,17.468435095245653,23.79049530482672,20.284639856516606,22.556433,19.72982568810648,2026-03
2026-03-25,ITA US 12/18/26 C250 Equity,2026-04-01,10.95,12.55,11.895844807684623,12.55,11.895844807684623,16.416454562568852,15.093613738618476,12.028933,14.793148085042013,2026-03
2026-03-25,ITA US 10/16/26 C250 Equity,2026-04-01,8.75,9.85,9.394489127201778,9.85,9.394489127201778,14.609933094189177,12.69368167783249,11.836015,11.584137583888658,2026-03
2026-03-25,ITA US 10/16/26 C245 Equity,2026-04-01,10.0,11.45,11.01295289862738,11.45,11.01295289862738,17.1011747206219,14.419790323973569,12.976885,13.08931607469748,2026-03
2026-03-25,ITA US 10/16/26 C230 Equity,2026-04-01,15.45,17.2,16.66076316850013,17.2,16.66076316850013,22.2904708025698,18.641885554385624,23.82599,17.90371083953001,2026-03
2026-03-25,ITA US 01/15/27 C230 Equity,2026-04-01,20.0,20.700000000000003,19.950096690867944,20.700000000000003,19.950096690867944,25.26625404148863,22.37864896483481,25.159922,22.02884002777033,2026-03
2026-03-25,ITA US 01/15/27 C240 Equity,2026-04-01,15.6,16.6,15.980151878462358,16.6,15.980151878462358,20.924139639087983,18.914976695708816,20.335869,17.939757068938714,2026-03
2026-03-25,ITA US 01/15/27 C245 Equity,2026-04-01,13.850000000000001,14.649999999999999,14.316877277372923,14.649999999999999,14.316877277372923,19.8550760702766,17.85867360921353,16.42862,16.955967920185948,2026-03
2026-03-25,ITA US 10/16/26 C240 Equity,2026-04-01,11.7,13.2,12.688434059476338,13.2,12.688434059476338,18.210796142807627,15.17464185555778,14.339764,13.911388397899598,2026-03
2026-03-25,ITA US 07/17/26 C230 Equity,2026-04-01,11.0,12.350000000000001,11.785269454727969,12.350000000000001,11.785269454727969,18.043076956867587,15.93329667890943,14.781844,14.56095753011603,2026-03
2026-03-25,ITA US 12/18/26 C245 Equity,2026-04-01,13.05,14.3,13.528787426477198,14.3,13.528787426477198,19.09052297338871,16.657023778382378,15.778662,15.934748170982319,2026-03
2026-03-25,ITA US 07/17/26 C280 Equity,2026-04-01,1.325,2.2,2.012358900214163,2.2,2.012358900214163,6.029170932588794,5.543677502933313,5.529897,3.7557963343811536,2026-03
2026-03-25,ITA US 12/18/26 C230 Equity,2026-04-01,19.25,20.45,19.678737583238966,20.45,19.678737583238966,25.751025052897518,21.96891534790435,25.123453,21.68673742694328,2026-03
2026-03-25,ITA US 07/17/26 C295 Equity,2026-04-01,0.725,1.6749999999999998,1.4554286021749858,1.6749999999999998,1.4554286021749858,10.263647978287974,4.1186985562208935,4.9031672,3.0092088175754146,2026-03
2026-03-25,ITA US 01/15/27 C235 Equity,2026-04-01,17.65,18.5,17.925941541333586,18.5,17.925941541333586,21.820922174725048,19.018199676130177,22.66107,18.159855542979997,2026-03
2026-03-26,ITA US 07/17/26 C250 Equity,2026-04-02,3.95,4.1,3.81334502890907,4.1,3.81334502890907,9.764912645271025,6.373355055005769,7.028734,5.70180297662567,2026-03
2026-03-26,ITA US 07/17/26 C295 Equity,2026-04-02,1.6749999999999998,1.625,1.4330441608927857,1.625,1.4330441608927857,11.866895593322843,4.44863408966876,5.044365,3.476191823473812,2026-03
2026-03-26,ITA US 07/17/26 C280 Equity,2026-04-02,0.875,1.3499999999999999,1.2831670929844037,1.3499999999999999,1.2831670929844037,7.346846366329723,1.9109752300558807,5.4087653,2.3354386067900474,2026-03
2026-03-26,ITA US 10/16/26 C250 Equity,2026-04-02,8.05,8.1,7.378581145456932,8.1,7.378581145456932,14.30960890311499,10.899027126260687,10.05314,9.986241991339451,2026-03
2026-03-26,ITA US 01/15/27 C250 Equity,2026-04-02,11.15,11.15,10.264336417339083,11.15,10.264336417339083,14.791625929938627,12.433966960604916,11.30115,11.772874213579765,2026-03
2026-03-26,ITA US 12/18/26 C245 Equity,2026-04-02,12.4,12.0,11.323400230350057,12.0,11.323400230350057,17.44680685941937,14.552397297070971,14.160254,13.717328891831443,2026-03
2026-03-26,ITA US 10/16/26 C255 Equity,2026-04-02,6.65,6.85,6.1954660013675555,6.85,6.1954660013675555,11.175927642108192,7.749399686093279,8.16446,6.913588051574866,2026-03
2026-03-26,ITA US 12/18/26 C250 Equity,2026-04-02,10.6,10.8,10.041937339860441,10.8,10.041937339860441,15.646190905836246,13.710200566266636,10.168101,13.242706861406775,2026-03
2026-03-26,ITA US 10/16/26 C240 Equity,2026-04-02,11.0,10.75,9.957602709529784,10.75,9.957602709529784,16.27026800421482,12.882028653954317,12.388883,11.503642708164255,2026-03
2026-03-26,ITA US 01/15/27 C240 Equity,2026-04-02,14.1,14.0,13.3287255853105,14.0,13.3287255853105,18.126862488190884,16.454649017492297,17.172096,15.49099083216074,2026-03
2026-03-26,ITA US 01/15/27 C235 Equity,2026-04-02,16.15,16.15,15.44884532190252,16.15,15.44884532190252,20.00679541091513,17.090996421868688,20.056904,15.859509365729185,2026-03
2026-03-26,ITA US 07/17/26 C230 Equity,2026-04-02,10.45,10.2,9.96644216828254,10.2,9.96644216828254,18.282651972610267,15.571292076535766,12.558439,12.995607979616551,2026-03
2026-03-26,ITA US 01/15/27 C245 Equity,2026-04-02,13.05,12.2,11.547279587575442,12.2,11.547279587575442,17.31793347551651,15.382705105114383,13.741686,14.562803691622934,2026-03
2026-03-26,ITA US 12/18/26 C240 Equity,2026-04-02,13.9,13.65,12.907723974309292,13.65,12.907723974309292,18.48902811519802,16.370109727028193,16.586332,15.63633018014749,2026-03
2026-03-26,ITA US 10/16/26 C245 Equity,2026-04-02,9.399999999999999,9.25,8.482833100091792,9.25,8.482833100091792,15.255830996721999,11.934815290658374,11.930617,10.794642557174859,2026-03
2026-03-26,ITA US 10/16/26 C230 Equity,2026-04-02,14.95,14.5,13.72797081582244,14.5,13.72797081582244,20.210254091532256,16.642169242241582,17.93193,15.39771503593584,2026-03
2026-03-26,ITA US 12/18/26 C235 Equity,2026-04-02,15.95,15.35,14.385348931455518,15.35,14.385348931455518,21.324562900145768,17.79527635793986,19.235083,17.09356153202898,2026-03
2026-03-26,ITA US 10/16/26 C235 Equity,2026-04-02,12.7,12.649999999999999,11.86431263743968,12.649999999999999,11.86431263743968,18.009199045332057,14.257185266882132,14.564244,12.957038138719073,2026-03
2026-03-26,ITA US 12/18/26 C230 Equity,2026-04-02,17.9,17.3,16.372924939774336,17.3,16.372924939774336,21.88380186255361,18.57050986120808,21.290813,18.259423623484683,2026-03
2026-03-26,ITA US 01/15/27 C230 Equity,2026-04-02,18.549999999999997,18.15,17.445405247745843,18.15,17.445405247745843,23.481482592145724,20.521080741291684,21.872988,19.569554817756224,2026-03
2026-03-27,ITA US 10/16/26 C240 Equity,2026-04-06,11.65,9.45,8.780736733759912,9.45,8.780736733759912,15.32458427087615,12.025564793605865,11.073946,10.447771247859189,2026-03
2026-03-27,ITA US 01/15/27 C245 Equity,2026-04-06,13.5,11.1,10.164134669588528,11.1,10.164134669588528,16.069254097734763,13.953439009617576,10.568735,13.456200808943525,2026-03
2026-03-27,ITA US 01/15/27 C230 Equity,2026-04-06,19.65,16.049999999999997,15.181123904976383,16.049999999999997,15.181123904976383,21.572488375879452,18.910439634615933,20.280293,17.661335716606807,2026-03
2026-03-27,ITA US 01/15/27 C250 Equity,2026-04-06,11.850000000000001,9.7,8.745098622899285,9.7,8.745098622899285,12.789125682583377,11.618743959747063,9.366174,10.891649643949364,2026-03
2026-03-27,ITA US 01/15/27 C235 Equity,2026-04-06,17.95,14.350000000000001,13.657199524776418,14.350000000000001,13.657199524776418,18.35494590202606,15.572002472046039,17.522348,14.171244363184718,2026-03
2026-03-27,ITA US 07/17/26 C250 Equity,2026-04-06,4.5,3.55,3.0998843307028316,3.55,3.0998843307028316,10.032535623629814,6.378199585864484,6.02987,5.450442136221204,2026-03
2026-03-27,ITA US 12/18/26 C250 Equity,2026-04-06,10.75,9.1,8.31643183627185,9.1,8.31643183627185,13.0225385668169,11.809616187505451,9.919147,11.449145166687291,2026-03
2026-03-27,ITA US 12/18/26 C230 Equity,2026-04-06,18.85,15.7,14.661016123610976,15.7,14.661016123610976,21.533849131700492,17.89457030412273,19.360134,17.245479883737353,2026-03
2026-03-27,ITA US 12/18/26 C240 Equity,2026-04-06,15.05,12.1,11.111824919534895,12.1,11.111824919534895,17.502824002267353,15.0013905793331,13.605723,14.231317782470711,2026-03
2026-03-27,ITA US 07/17/26 C280 Equity,2026-04-06,1.625,1.525,1.2509280411541814,1.525,1.2509280411541814,8.721813124561937,3.4993926794033055,5.651017,3.3056006190780374,2026-03
2026-03-27,ITA US 10/16/26 C250 Equity,2026-04-06,8.8,7.3,6.522949495628973,7.3,6.522949495628973,13.781199018684255,10.52268401939958,10.002294,9.527009415534746,2026-03
2026-03-27,ITA US 10/16/26 C245 Equity,2026-04-06,9.55,8.1,7.371985370563184,8.1,7.371985370563184,14.307826649760448,11.056439993455264,10.493102,9.932629284822415,2026-03
2026-03-27,ITA US 12/18/26 C245 Equity,2026-04-06,12.55,10.6,9.930033075021798,10.6,9.930033075021798,16.352994134731368,13.856668414069379,11.166994,12.70857209283275,2026-03
2026-03-27,ITA US 10/16/26 C230 Equity,2026-04-06,16.15,12.85,12.183037860382665,12.85,12.183037860382665,18.960213731301593,15.456234691206099,14.568459,13.872325287217311,2026-03
2026-03-27,ITA US 10/16/26 C235 Equity,2026-04-06,13.7,11.0,10.328408516608782,11.0,10.328408516608782,16.76453619064862,13.201097601361225,11.871344,11.576607402368849,2026-03
2026-03-27,ITA US 07/17/26 C230 Equity,2026-04-06,10.5,8.25,8.107693476006391,8.25,8.107693476006391,16.000184626758177,13.435855935303026,12.450232,10.756121714269366,2026-03
2026-03-27,ITA US 01/15/27 C240 Equity,2026-04-06,15.899999999999999,12.5,11.157177687922434,12.5,11.157177687922434,15.46158426509756,13.753360406807197,13.642057,13.59806991861779,2026-03
2026-03-27,ITA US 12/18/26 C235 Equity,2026-04-06,16.6,13.7,12.642038793844176,13.7,12.642038793844176,19.939982966051623,16.67009092558038,17.017076,15.734380408069018,2026-03
2026-03-27,ITA US 10/16/26 C255 Equity,2026-04-06,6.85,5.3,4.93964732056893,5.3,4.93964732056893,9.059289145419715,6.413411954499962,7.541973,5.674720264705976,2026-03
2026-03-30,ITA US 07/17/26 C230 Equity,2026-04-07,9.8,6.7,6.335953428969086,6.7,6.335953428969086,17.25286243364826,12.675740682833103,11.394112,9.882466810961287,2026-03
2026-03-30,ITA US 12/18/26 C240 Equity,2026-04-07,14.2,9.100000000000001,8.478089305005478,9.100000000000001,8.478089305005478,14.47927731712115,12.502944730718253,10.053932,11.596856532912959,2026-03
2026-03-30,ITA US 12/18/26 C230 Equity,2026-04-07,18.05,12.95,12.41095991218072,12.95,12.41095991218072,19.87252205983725,16.435909044774768,15.481937,14.94238710898571,2026-03
2026-03-30,ITA US 10/16/26 C240 Equity,2026-04-07,11.05,7.85,7.2985322975775775,7.85,7.2985322975775775,14.546363800364617,10.360303978292878,8.867747,9.035157590886236,2026-03
2026-03-30,ITA US 07/17/26 C280 Equity,2026-04-07,1.7249999999999999,0.525,0.4324256371066645,0.525,0.4324256371066645,8.06174860382398,-0.255235217343019,5.495595,1.9338738627761654,2026-03
2026-03-30,ITA US 10/16/26 C245 Equity,2026-04-07,9.5,6.7,6.244727270520631,6.7,6.244727270520631,13.927451303852193,9.890850066348772,9.801692,8.843305329358515,2026-03
2026-03-30,ITA US 01/15/27 C235 Equity,2026-04-07,17.35,12.350000000000001,10.638670881614656,12.350000000000001,10.638670881614656,16.34533987955802,13.065640671553222,13.733468,12.30412539807422,2026-03
2026-03-30,ITA US 07/17/26 C250 Equity,2026-04-07,4.4,3.375,3.0846806738251145,3.375,3.0846806738251145,12.896319538006555,7.627047337837073,5.829949,6.100286702376809,2026-03
2026-03-30,ITA US 10/16/26 C235 Equity,2026-04-07,12.95,9.15,8.73954848689551,9.15,8.73954848689551,15.953366719147324,11.769472788565366,11.131359,10.01677148149181,2026-03
2026-03-30,ITA US 10/16/26 C255 Equity,2026-04-07,6.95,5.1,4.634632680540625,5.1,4.634632680540625,10.372336168987577,6.449662441046614,7.569177,5.919506599988736,2026-03
2026-03-30,ITA US 12/18/26 C245 Equity,2026-04-07,12.45,8.95,8.388610633240347,8.95,8.388610633240347,14.670122841645117,12.275730116726976,10.809171,11.187947814875212,2026-03
2026-03-30,ITA US 10/16/26 C250 Equity,2026-04-07,7.949999999999999,6.0,5.5827807478254075,6.0,5.5827807478254075,12.672435002996401,9.084100001863535,9.1342125,8.262308065558786,2026-03
2026-03-30,ITA US 01/15/27 C240 Equity,2026-04-07,14.9,10.0,9.54360271747638,10.0,9.54360271747638,14.458433685076669,13.057310219171548,10.280108,12.14314770009636,2026-03
2026-03-30,ITA US 01/15/27 C230 Equity,2026-04-07,19.05,13.45,12.385002858203183,13.45,12.385002858203183,18.16791992389312,15.60979944952477,16.31779,14.798605747180597,2026-03
2026-03-30,ITA US 12/18/26 C250 Equity,2026-04-07,10.7,7.300000000000001,6.665947843295262,7.300000000000001,6.665947843295262,10.577239474091112,9.30749837964569,9.225763,9.650103128736122,2026-03
2026-03-30,ITA US 01/15/27 C245 Equity,2026-04-07,13.1,9.350000000000001,8.700842567973273,9.350000000000001,8.700842567973273,15.210775583762494,12.717839495438914,10.032552,12.247762333742141,2026-03
2026-03-30,ITA US 10/16/26 C230 Equity,2026-04-07,15.1,10.2,9.900737799003467,10.2,9.900737799003467,16.401315741973704,12.795928393276935,11.670532,11.22547372255043,2026-03
2026-03-30,ITA US 12/18/26 C235 Equity,2026-04-07,16.1,11.4,10.815692457710973,11.4,10.815692457710973,18.379370218731978,15.096751990012608,13.802308,13.800853885677325,2026-03
2026-03-30,ITA US 01/15/27 C250 Equity,2026-04-07,11.649999999999999,7.9,6.432146040263764,7.9,6.432146040263764,9.800137316386756,9.109570211184426,8.951897,9.083251030592802,2026-03
2026-03-31,ITA US 07/17/26 C280 Equity,2026-04-08,1.825,0.975,0.8486844983009322,0.975,0.8486844983009322,5.611398216188924,3.058296065656556,5.712832,3.056965438898776,2026-03
2026-03-31,ITA US 07/17/26 C295 Equity,2026-04-08,1.525,1.4749999999999999,1.2799859718483084,1.4749999999999999,1.2799859718483084,13.65236908899762,4.943960576134263,5.2090855,3.270520636370585,2026-03
2026-03-31,ITA US 12/18/26 C230 Equity,2026-04-08,23.2,16.0,15.134819252436996,16.0,15.134819252436996,22.46206924198091,18.7140643788703,18.189184,17.83733008148326,2026-03
2026-03-31,ITA US 07/17/26 C230 Equity,2026-04-08,14.25,8.75,8.370015739127298,8.75,8.370015739127298,16.523027191763067,14.080468846591767,12.453411,11.549270949876096,2026-03
2026-03-31,ITA US 01/15/27 C230 Equity,2026-04-08,23.7,16.75,15.649130066778476,16.75,15.649130066778476,21.562439676678192,18.531875331557774,19.916294,18.415534201641254,2026-03
2026-03-31,ITA US 01/15/27 C240 Equity,2026-04-08,18.25,12.75,11.852143955361027,12.75,11.852143955361027,16.519720053855174,15.76710765295024,13.551434,14.752470547344295,2026-03
2026-03-31,ITA US 12/18/26 C245 Equity,2026-04-08,16.35,10.649999999999999,9.782671630231231,10.649999999999999,9.782671630231231,15.682953361638265,13.561737513315055,12.653146,12.59798822246376,2026-03
2026-03-31,ITA US 01/15/27 C250 Equity,2026-04-08,14.85,9.75,9.001592432045197,9.75,9.001592432045197,12.656193088342574,12.338610974953857,9.091282,11.290776277135015,2026-03
2026-03-31,ITA US 10/16/26 C230 Equity,2026-04-08,20.4,13.0,12.224512430178972,13.0,12.224512430178972,18.393596165056827,15.028429453316093,14.193375,14.052617007809538,2026-03
2026-03-31,ITA US 10/16/26 C235 Equity,2026-04-08,17.65,11.0,10.366537810588738,11.0,10.366537810588738,16.34477404541149,13.022405938762539,12.505563,11.56413375010019,2026-03
2026-03-31,ITA US 12/18/26 C240 Equity,2026-04-08,18.5,12.649999999999999,11.579691805881838,12.649999999999999,11.579691805881838,18.18681726588558,15.81850303452316,12.947279,15.241922197146971,2026-03
2026-03-31,ITA US 01/15/27 C245 Equity,2026-04-08,16.85,11.100000000000001,10.261293826768883,11.100000000000001,10.261293826768883,16.502829071571924,14.882706540760816,12.313161,13.942223408364068,2026-03
2026-03-31,ITA US 10/16/26 C240 Equity,2026-04-08,15.25,9.35,8.783220102951269,9.35,8.783220102951269,14.475719161655965,11.815796061160588,11.506358,10.361094655105498,2026-03
2026-03-31,ITA US 07/17/26 C250 Equity,2026-04-08,5.95,3.475,3.1102210846238294,3.475,3.1102210846238294,10.763311251080705,7.2668224518551465,5.961347,5.438556526321133,2026-03
2026-03-31,ITA US 12/18/26 C250 Equity,2026-04-08,14.100000000000001,9.0,8.381740969014906,9.0,8.381740969014906,12.058531752409584,11.416047490202267,9.840796,11.473268246928189,2026-03
2026-03-31,ITA US 10/16/26 C255 Equity,2026-04-08,9.75,5.55,5.124668947957167,5.55,5.124668947957167,9.95401932707306,7.494133799565175,7.903374,6.276372784345594,2026-03
2026-03-31,ITA US 10/16/26 C245 Equity,2026-04-08,12.9,7.95,7.39958480046077,7.95,7.39958480046077,13.631860200850971,11.194064292832053,11.940407,9.866126202525967,2026-03
2026-03-31,ITA US 12/18/26 C235 Equity,2026-04-08,20.4,14.1,13.339199013090594,14.1,13.339199013090594,20.447521694320262,17.39732478370339,15.458276,16.35373232325624,2026-03
2026-03-31,ITA US 10/16/26 C250 Equity,2026-04-08,11.6,6.5,6.023758333107984,6.5,6.023758333107984,11.535182186117305,9.348586406238056,9.697695,8.427002313954645,2026-03
2026-03-31,ITA US 01/15/27 C235 Equity,2026-04-08,20.95,14.5,13.66022566621001,14.5,13.66022566621001,18.06567103966405,15.801880066731908,15.114451,14.675998193227668,2026-03
2026-04-01,ITA US 10/16/26 C250 Equity,2026-04-09,10.95,8.75,7.95277213120617,8.75,7.95277213120617,9.100840607400885,8.432748592432745,8.101916,8.757373004661519,2026-04
2026-04-01,ITA US 12/18/26 C235 Equity,2026-04-09,20.65,16.9,15.83792238033957,16.9,15.83792238033957,17.01289036742772,15.981657784015415,13.908687,16.63279084553524,2026-04
2026-04-01,ITA US 01/15/27 C240 Equity,2026-04-09,19.1,15.6,14.481177503840629,15.6,14.481177503840629,15.726672809239432,15.306606084097846,12.794833,15.478940755529301,2026-04
2026-04-01,ITA US 01/15/27 C235 Equity,2026-04-09,20.95,17.65,16.587943873067772,17.65,16.587943873067772,17.943917977445373,16.23415013775077,14.168942,17.47368509811662,2026-04
2026-04-01,ITA US 01/15/27 C250 Equity,2026-04-09,14.3,12.05,11.361187417829044,12.05,11.361187417829044,13.04450794617133,11.807892098739963,9.606587,12.007455546326197,2026-04
2026-04-01,ITA US 10/16/26 C235 Equity,2026-04-09,17.5,13.8,12.845806356554771,13.8,12.845806356554771,14.068349084416694,12.7404689246312,10.816017,13.645221492589679,2026-04
2026-04-01,ITA US 10/16/26 C240 Equity,2026-04-09,15.15,11.7,10.809499998391722,11.7,10.809499998391722,12.025913219992182,11.045306195866322,10.108611,11.603176699358626,2026-04
2026-04-01,ITA US 07/17/26 C230 Equity,2026-04-09,14.45,11.0,10.032147077221534,11.0,10.032147077221534,11.69558963007221,9.929680169982268,9.441904,10.530644755341758,2026-04
2026-04-01,ITA US 12/18/26 C250 Equity,2026-04-09,13.5,10.95,9.915200702650607,10.95,9.915200702650607,11.353451056264642,10.403678510303557,9.731625,10.809103425728795,2026-04
2026-04-01,ITA US 07/17/26 C295 Equity,2026-04-09,1.525,0.725,0.6304559330967181,0.725,0.6304559330967181,4.183926791714725,-2.4399344006695607,2.6527314,-0.5992795777299748,2026-04
2026-04-01,ITA US 12/18/26 C230 Equity,2026-04-09,23.25,19.25,18.316298195130667,19.25,18.316298195130667,19.626473566804265,17.48440500417928,16.09563,18.942554841259593,2026-04
2026-04-01,ITA US 01/15/27 C245 Equity,2026-04-09,16.45,13.850000000000001,13.11984136617365,13.850000000000001,13.11984136617365,14.89283387310495,13.558225914752873,11.904226,13.816017622161908,2026-04
2026-04-01,ITA US 12/18/26 C245 Equity,2026-04-09,16.25,13.05,12.14240275018755,13.05,12.14240275018755,13.733175595860345,12.529247093910465,10.804959,12.947006408771792,2026-04
2026-04-01,ITA US 07/17/26 C280 Equity,2026-04-09,1.7249999999999999,1.325,0.9619017839778191,1.325,0.9619017839778191,0.35584547676579525,-0.7305234893711905,2.5111613,0.8469071559487631,2026-04
2026-04-01,ITA US 10/16/26 C230 Equity,2026-04-09,19.700000000000003,15.45,14.585264261249096,15.45,14.585264261249096,15.583411338128064,14.3697706603386,13.612874,15.139820175184045,2026-04
2026-04-01,ITA US 07/17/26 C250 Equity,2026-04-09,6.199999999999999,5.2,3.950043447313503,5.2,3.950043447313503,4.579232351346041,4.860501944223595,4.515969,5.0373046634359655,2026-04
2026-04-01,ITA US 10/16/26 C255 Equity,2026-04-09,9.45,6.95,6.23483659141987,6.95,6.23483659141987,7.482482269621617,6.9326551267645975,5.808012,6.976143428216291,2026-04
2026-04-01,ITA US 12/18/26 C240 Equity,2026-04-09,18.299999999999997,14.9,13.879520245004356,14.9,13.879520245004356,15.06079857714107,14.47396699778996,12.3803005,14.67172419634566,2026-04
2026-04-01,ITA US 10/16/26 C245 Equity,2026-04-09,13.0,10.0,9.166386818212612,10.0,9.166386818212612,10.45056201077874,9.691459264129474,9.455932,9.949297289127948,2026-04
2026-04-01,ITA US 01/15/27 C230 Equity,2026-04-09,23.55,20.0,18.822058526769755,20.0,18.822058526769755,20.29074933344379,18.19476451952813,17.274342,19.736199187863228,2026-04
2026-04-02,ITA US 10/16/26 C230 Equity,2026-04-10,18.0,14.95,14.552367141246272,14.95,14.552367141246272,16.66634827208331,14.08641974979899,14.40452,14.623169009649628,2026-04
2026-04-02,ITA US 01/15/27 C230 Equity,2026-04-10,21.65,18.549999999999997,17.81352657091121,18.549999999999997,17.81352657091121,20.529541698924255,17.60853639463016,16.519203,18.119870166047455,2026-04
2026-04-02,ITA US 01/15/27 C235 Equity,2026-04-10,19.05,16.15,15.612493129548039,16.15,15.612493129548039,18.73524698742893,15.870741600099286,14.577381,15.895780536055215,2026-04
2026-04-02,ITA US 07/17/26 C295 Equity,2026-04-10,1.6749999999999998,1.6749999999999998,1.3992933474123592,1.6749999999999998,1.3992933474123592,4.208821271433193,-1.4837314267071875,2.798205,1.2075752814548237,2026-04
2026-04-02,ITA US 07/17/26 C250 Equity,2026-04-10,5.1,3.95,3.594125203623534,3.95,3.594125203623534,5.667217080424038,3.9064634185855223,4.59442,3.6013213745644377,2026-04
2026-04-02,ITA US 12/18/26 C240 Equity,2026-04-10,16.45,13.9,13.428345148628976,13.9,13.428345148628976,16.001888787844344,13.8133279826226,12.623043,13.614723503959286,2026-04
2026-04-02,ITA US 07/17/26 C280 Equity,2026-04-10,1.775,0.875,0.702010892003864,0.875,0.702010892003864,2.650313815363033,-0.8764927640013127,2.821056,0.5063220966007269,2026-04
2026-04-02,ITA US 07/17/26 C230 Equity,2026-04-10,13.0,10.45,9.833475047002466,10.45,9.833475047002466,13.327105432968942,10.291351196918281,9.286958,10.082174704954994,2026-04
2026-04-02,ITA US 12/18/26 C245 Equity,2026-04-10,14.55,12.4,11.83261730789545,12.4,11.83261730789545,14.87072002490881,12.280416009046252,11.167026,12.155180275763335,2026-04
2026-04-02,ITA US 12/18/26 C250 Equity,2026-04-10,12.75,10.6,10.032538507969708,10.6,10.032538507969708,13.227541657874921,10.670505825925101,9.727838,10.490209760575414,2026-04
2026-04-02,ITA US 10/16/26 C245 Equity,2026-04-10,11.45,9.399999999999999,8.877223277536803,9.399999999999999,8.877223277536803,11.578000573135036,9.23716721204643,9.952906,9.207598558749421,2026-04
2026-04-02,ITA US 10/16/26 C235 Equity,2026-04-10,15.6,12.7,12.208111973144796,12.7,12.208111973144796,14.68537482775823,12.077046362729503,10.9868765,12.369525776647606,2026-04
2026-04-02,ITA US 01/15/27 C250 Equity,2026-04-10,13.75,11.15,10.451316256972865,11.15,10.451316256972865,13.918025873437415,11.109510350841052,9.66647,10.943328997081442,2026-04
2026-04-02,ITA US 12/18/26 C235 Equity,2026-04-10,18.75,15.95,15.291371564932582,15.95,15.291371564932582,17.75447354475591,15.351609379634173,14.407455,15.588445396127115,2026-04
2026-04-02,ITA US 10/16/26 C240 Equity,2026-04-10,13.4,11.0,10.398557070222417,11.0,10.398557070222417,13.073336057321841,10.673719651485033,10.22536,10.777934374660092,2026-04
2026-04-02,ITA US 10/16/26 C255 Equity,2026-04-10,8.5,6.65,6.1516099434936695,6.65,6.1516099434936695,9.13913645267809,6.889298044090447,6.3995514,6.669958904859908,2026-04
2026-04-02,ITA US 01/15/27 C240 Equity,2026-04-10,17.35,14.1,13.507701745790273,14.1,13.507701745790273,16.532947800075156,14.42429522187811,13.404957,13.895205050149253,2026-04
2026-04-02,ITA US 01/15/27 C245 Equity,2026-04-10,15.600000000000001,13.05,11.726558893926672,13.05,11.726558893926672,15.553928384673842,13.02073025434966,11.767529,12.826210097544688,2026-04
2026-04-02,ITA US 10/16/26 C250 Equity,2026-04-10,10.05,8.05,7.754139905996161,8.05,7.754139905996161,10.550170483112787,8.165906589454183,7.9808373,7.868050390943611,2026-04
2026-04-02,ITA US 12/18/26 C230 Equity,2026-04-10,21.25,17.9,17.35346161982116,17.9,17.35346161982116,20.098373745404512,16.94513263944831,16.465641,17.43429704244334,2026-04
2026-04-06,ITA US 01/15/27 C245 Equity,2026-04-13,16.8,13.5,12.965277167496106,13.5,12.965277167496106,14.21462612662421,13.157780889251642,10.793391,12.66647529279217,2026-04
2026-04-06,ITA US 07/17/26 C250 Equity,2026-04-13,5.300000000000001,4.5,4.231561040043448,4.5,4.231561040043448,3.9394994598393076,3.2563656179901344,4.407285,3.435028855519064,2026-04
2026-04-06,ITA US 01/15/27 C250 Equity,2026-04-13,14.8,11.850000000000001,11.385135650033389,11.850000000000001,11.385135650033389,12.745177633321259,11.516910713591303,9.702898,11.03392769566117,2026-04
2026-04-06,ITA US 01/15/27 C230 Equity,2026-04-13,24.0,19.65,19.124093217738153,19.65,19.124093217738153,19.507500841845538,17.010984291762277,15.653332,18.44837248705705,2026-04
2026-04-06,ITA US 12/18/26 C235 Equity,2026-04-13,20.55,16.6,15.945270587011132,16.6,15.945270587011132,16.77865859438394,14.731560812501042,13.53328,15.45013537924266,2026-04
2026-04-06,ITA US 10/16/26 C255 Equity,2026-04-13,8.3,6.85,6.445457382245778,6.85,6.445457382245778,7.457380216239905,6.3347478730358535,5.5817046,6.0683007685337556,2026-04
2026-04-06,ITA US 10/16/26 C250 Equity,2026-04-13,9.9,8.8,8.16821628466023,8.8,8.16821628466023,8.059905439889597,6.914186690981033,8.198383,7.647594689111358,2026-04
2026-04-06,ITA US 07/17/26 C280 Equity,2026-04-13,0.775,1.625,1.433727353278087,1.625,1.433727353278087,0.7238002345720442,-0.2910035300215341,1.7746692,0.859106996688257,2026-04
2026-04-06,ITA US 12/18/26 C250 Equity,2026-04-13,13.25,10.75,10.095823656051259,10.75,10.095823656051259,11.197225750108073,9.736935660048484,9.140029,9.727337876685432,2026-04
2026-04-06,ITA US 12/18/26 C230 Equity,2026-04-13,23.25,18.85,18.390528403224152,18.85,18.390528403224152,19.487455991950014,16.983143327792327,15.640397,17.73385698418815,2026-04
2026-04-06,ITA US 07/17/26 C230 Equity,2026-04-13,14.149999999999999,10.5,10.296563013726116,10.5,10.296563013726116,12.240974861704771,9.343185757286673,8.453436,9.273358183993286,2026-04
2026-04-06,ITA US 01/15/27 C240 Equity,2026-04-13,18.9,15.899999999999999,15.112182497923872,15.899999999999999,15.112182497923872,15.44157370878525,14.01317706360668,11.879007,14.85184004825155,2026-04
2026-04-06,ITA US 12/18/26 C245 Equity,2026-04-13,15.899999999999999,12.55,12.051378412963459,12.55,12.051378412963459,13.406843307860637,11.780424730565526,9.946136,11.564714297851523,2026-04
2026-04-06,ITA US 10/16/26 C230 Equity,2026-04-13,19.25,16.15,15.774202722551541,16.15,15.774202722551541,15.849216644293854,13.396925173859186,12.873429,14.823884757004109,2026-04
2026-04-06,ITA US 10/16/26 C235 Equity,2026-04-13,16.65,13.7,13.083319662088503,13.7,13.083319662088503,13.578537042288389,11.65983130105391,10.195223,12.604601619178359,2026-04
2026-04-06,ITA US 12/18/26 C240 Equity,2026-04-13,18.25,15.05,14.550929478655354,15.05,14.550929478655354,14.628121653030522,12.725346415018496,11.720731,13.806820997420795,2026-04
2026-04-06,ITA US 07/17/26 C295 Equity,2026-04-13,0.47500000000000003,1.4749999999999999,1.2654242955254302,1.4749999999999999,1.2654242955254302,5.31834628761894,-1.464497704905714,1.9807082,-0.36671350485380705,2026-04
2026-04-06,ITA US 10/16/26 C245 Equity,2026-04-13,11.899999999999999,9.55,9.145795599139085,9.55,9.145795599139085,10.069781929951477,8.668028774384162,8.861554,8.606673436226338,2026-04
2026-04-06,ITA US 01/15/27 C235 Equity,2026-04-13,21.3,17.95,16.910392687500273,17.95,16.910392687500273,17.63391622484619,15.685931913369574,14.038585,16.90557808843658,2026-04
2026-04-06,ITA US 10/16/26 C240 Equity,2026-04-13,14.4,11.65,10.941431703433413,11.65,10.941431703433413,11.875120606066721,10.421707871024601,9.841543,10.695344103954561,2026-04
2026-04-07,ITA US 12/18/26 C240 Equity,2026-04-14,19.6,14.2,13.472905560645202,14.2,13.472905560645202,14.779787274877426,13.196105429504264,11.452755,13.323481097102736,2026-04
2026-04-07,ITA US 01/15/27 C250 Equity,2026-04-14,15.95,11.649999999999999,11.019921503676706,11.649999999999999,11.019921503676706,12.295579986232926,11.047137505852962,9.3068,10.932474725696112,2026-04
2026-04-07,ITA US 10/16/26 C240 Equity,2026-04-14,15.65,11.05,10.266590521688299,11.05,10.266590521688299,11.158398438363779,10.060720393377602,9.780097,10.294209785971915,2026-04
2026-04-07,ITA US 10/16/26 C255 Equity,2026-04-14,9.8,6.95,6.409499142001483,6.95,6.409499142001483,7.4068783745203035,6.354422376328159,5.5636687,6.369881673503804,2026-04
2026-04-07,ITA US 12/18/26 C235 Equity,2026-04-14,21.9,16.1,15.393659348669852,16.1,15.393659348669852,16.19032907302922,14.577602128357107,14.160153,15.192770432672337,2026-04
2026-04-07,ITA US 12/18/26 C230 Equity,2026-04-14,24.45,18.05,17.258226481785435,18.05,17.258226481785435,18.016643154931593,16.96045445029127,15.33828,17.056553394075856,2026-04
2026-04-07,ITA US 10/16/26 C245 Equity,2026-04-14,13.55,9.5,8.805358200399352,9.5,8.805358200399352,9.742123816385366,8.711837366022891,9.538361,8.82176496246764,2026-04
2026-04-07,ITA US 07/17/26 C280 Equity,2026-04-14,1.0,1.7249999999999999,1.490277598075693,1.7249999999999999,1.490277598075693,3.5118140684879204,0.0037641301697401985,2.1576288,0.661701845442682,2026-04
2026-04-07,ITA US 12/18/26 C250 Equity,2026-04-14,15.100000000000001,10.7,10.043500675684605,10.7,10.043500675684605,11.290198360593438,10.006272632881547,9.175257,10.023695065886919,2026-04
2026-04-07,ITA US 07/17/26 C230 Equity,2026-04-14,15.600000000000001,9.8,9.42610139592301,9.8,9.42610139592301,11.177680578382423,8.863869021382785,8.023923,8.836552376590525,2026-04
2026-04-07,ITA US 01/15/27 C240 Equity,2026-04-14,20.45,14.9,14.164280622255733,14.9,14.164280622255733,14.998649162403208,13.729323764548589,12.519393,13.989073537024652,2026-04
2026-04-07,ITA US 01/15/27 C230 Equity,2026-04-14,25.7,19.05,18.415865883988268,19.05,18.415865883988268,19.148003921759766,16.950351681847277,15.816437,18.058925786721638,2026-04
2026-04-07,ITA US 07/17/26 C295 Equity,2026-04-14,1.4249999999999998,1.525,1.2882134776152365,1.525,1.2882134776152365,5.312618287114924,-1.6337562887659054,1.9979218,-0.05986858491935143,2026-04
2026-04-07,ITA US 10/16/26 C250 Equity,2026-04-14,11.55,7.949999999999999,7.3936990930462265,7.949999999999999,7.3936990930462265,8.327002969572934,7.127820051906429,7.546565,7.189262539845817,2026-04
2026-04-07,ITA US 01/15/27 C235 Equity,2026-04-14,22.950000000000003,17.35,16.05568325226613,17.35,16.05568325226613,17.147380616632432,15.727440416723809,14.743585,16.50166267917803,2026-04
2026-04-07,ITA US 12/18/26 C245 Equity,2026-04-14,17.05,12.45,11.586598490764256,12.45,11.586598490764256,13.026188120788351,11.818260668455622,10.719058,11.740163873719965,2026-04
2026-04-07,ITA US 07/17/26 C250 Equity,2026-04-14,7.1000000000000005,4.4,4.0597156889673975,4.4,4.0597156889673975,4.596126732337492,3.726319208370189,3.6521897,3.526297301801379,2026-04
2026-04-07,ITA US 10/16/26 C230 Equity,2026-04-14,20.95,15.1,14.438479099333266,15.1,14.438479099333266,15.393655971574187,13.420521448758397,12.813853,14.099133620336984,2026-04
2026-04-07,ITA US 01/15/27 C245 Equity,2026-04-14,18.049999999999997,13.1,12.491538105876197,13.1,12.491538105876197,13.384640411899863,12.122428850258682,10.778229,12.266795285267333,2026-04
2026-04-07,ITA US 10/16/26 C235 Equity,2026-04-14,18.450000000000003,12.95,12.285935775974945,12.95,12.285935775974945,13.28138692591052,11.795886190951165,10.590046,12.14100501365712,2026-04
2026-04-08,ITA US 12/18/26 C230 Equity,2026-04-15,23.35,23.2,22.119991356099675,23.2,22.119991356099675,21.934778895958047,20.73430699579422,23.076815,22.2536781715544,2026-04
2026-04-08,ITA US 01/15/27 C235 Equity,2026-04-15,22.2,20.95,20.429770896511258,20.95,20.429770896511258,19.992894126172338,18.418303609120475,20.455036,20.117475522761822,2026-04
2026-04-08,ITA US 01/15/27 C240 Equity,2026-04-15,19.8,18.25,18.013214412377746,18.25,18.013214412377746,17.75660746481227,16.952444204743383,17.05286,17.51199484146035,2026-04
2026-04-08,ITA US 10/16/26 C245 Equity,2026-04-15,12.9,12.9,11.949185665842448,12.9,11.949185665842448,12.02520586607832,11.906312665685574,11.592926,12.34214027824319,2026-04
2026-04-08,ITA US 12/18/26 C240 Equity,2026-04-15,18.200000000000003,18.5,17.461049372337644,18.5,17.461049372337644,17.471437663373116,16.65423886137832,16.55227,17.7592614431573,2026-04
2026-04-08,ITA US 10/16/26 C235 Equity,2026-04-15,17.55,17.65,16.65266051004018,17.65,16.65266051004018,16.356330646361794,15.298015428997838,17.146545,16.90822625236342,2026-04
2026-04-08,ITA US 12/18/26 C235 Equity,2026-04-15,20.8,20.4,19.31272628263486,20.4,19.31272628263486,18.61674865520637,17.44102928390915,19.713951,19.423524894749264,2026-04
2026-04-08,ITA US 01/15/27 C250 Equity,2026-04-15,15.5,14.85,14.013519245119987,14.85,14.013519245119987,13.582421688390147,13.225490768845141,12.756315,14.07417694815847,2026-04
2026-04-08,ITA US 07/17/26 C230 Equity,2026-04-15,14.9,14.25,13.587005254569672,14.25,13.587005254569672,14.184398097766895,12.139554928443747,12.777124,13.25981638828873,2026-04
2026-04-08,ITA US 10/16/26 C230 Equity,2026-04-15,20.1,20.4,18.64300619595113,20.4,18.64300619595113,19.5125445023666,17.93909204991062,19.483465,19.567406883829193,2026-04
2026-04-08,ITA US 12/18/26 C250 Equity,2026-04-15,14.1,14.100000000000001,13.12102140421373,14.100000000000001,13.12102140421373,12.59813289402325,12.816281629774345,11.896242,13.353701282340161,2026-04
2026-04-08,ITA US 07/17/26 C250 Equity,2026-04-15,5.6,5.95,5.2780304640561715,5.95,5.2780304640561715,4.824822764584898,5.195844944010014,6.5125027,5.0915506591286075,2026-04
2026-04-08,ITA US 10/16/26 C240 Equity,2026-04-15,15.149999999999999,15.25,14.476664442937452,15.25,14.476664442937452,14.008794674779002,13.370338017216131,13.848041,14.59085734699136,2026-04
2026-04-08,ITA US 07/17/26 C295 Equity,2026-04-15,1.525,1.525,1.3247494953946106,1.525,1.3247494953946106,3.5733841177235472,-0.20948158137286121,2.928276,0.07327218751994868,2026-04
2026-04-08,ITA US 10/16/26 C250 Equity,2026-04-15,11.15,11.6,10.696882313056733,11.6,10.696882313056733,9.983686367188703,10.509818803210106,10.413642,10.995306537053072,2026-04
2026-04-08,ITA US 07/17/26 C280 Equity,2026-04-15,1.775,1.825,1.5596301292109511,1.825,1.5596301292109511,2.600255511615572,1.5534867824645673,3.2150912,0.89396317379333,2026-04
2026-04-08,ITA US 10/16/26 C255 Equity,2026-04-15,9.25,9.75,8.924985563967201,9.75,8.924985563967201,8.619145226956336,8.964921845185872,9.517792,9.205976303863554,2026-04
2026-04-08,ITA US 12/18/26 C245 Equity,2026-04-15,16.35,16.35,15.343382629224717,16.35,15.343382629224717,15.467822499254352,15.124545062063463,14.728633,15.728493812040563,2026-04
2026-04-08,ITA US 01/15/27 C245 Equity,2026-04-15,17.65,16.85,15.923215298257492,16.85,15.923215298257492,15.610845811136723,14.799849810721803,15.314509,16.051051645288855,2026-04
2026-04-08,ITA US 01/15/27 C230 Equity,2026-04-15,24.8,23.7,22.73044798550581,23.7,22.73044798550581,22.606934758046712,20.127823567506443,22.029976,22.574739249570015,2026-04
2026-04-09,ITA US 10/16/26 C245 Equity,2026-04-16,11.65,13.0,11.758713821078404,13.0,11.758713821078404,14.483947163124574,12.579590307855629,11.163214,12.735484065343936,2026-04
2026-04-09,ITA US 07/17/26 C230 Equity,2026-04-16,12.55,14.45,13.808959751413825,14.45,13.808959751413825,17.753890215657755,13.825205240320237,12.569413,13.945486686445603,2026-04
2026-04-09,ITA US 07/17/26 C250 Equity,2026-04-16,4.6,6.199999999999999,5.527365832696432,6.199999999999999,5.527365832696432,8.136645472419913,6.585512237184442,6.536451,6.0217318694492,2026-04
2026-04-09,ITA US 12/18/26 C240 Equity,2026-04-16,16.299999999999997,18.299999999999997,16.93579404040074,18.299999999999997,16.93579404040074,19.67104945535639,17.438280928633333,17.333254,17.866489770414816,2026-04
2026-04-09,ITA US 12/18/26 C230 Equity,2026-04-16,20.9,23.25,21.81594774258199,23.25,21.81594774258199,24.48362957666449,21.450129584890952,22.259735,22.598446874599368,2026-04
2026-04-09,ITA US 01/15/27 C240 Equity,2026-04-16,17.6,19.1,17.570593541205387,19.1,17.570593541205387,19.941136512402924,17.67622660418484,18.32892,18.65714937231343,2026-04
2026-04-09,ITA US 10/16/26 C255 Equity,2026-04-16,8.5,9.45,8.445676871028933,9.45,8.445676871028933,11.232098005042909,9.417995710441819,9.34023,9.21787305672286,2026-04
2026-04-09,ITA US 10/16/26 C235 Equity,2026-04-16,15.5,17.5,16.1151808002757,17.5,16.1151808002757,18.49622291243218,15.870361796660587,17.97597,17.009717246661342,2026-04
2026-04-09,ITA US 12/18/26 C250 Equity,2026-04-16,12.4,13.5,12.205464445786948,13.5,12.205464445786948,14.416944799006197,12.823130176809519,12.456665,13.065528062438494,2026-04
2026-04-09,ITA US 07/17/26 C295 Equity,2026-04-16,1.525,1.525,1.223775130007153,1.525,1.223775130007153,5.492652703914395,0.12834079347621064,1.886159,0.7467750475763473,2026-04
2026-04-09,ITA US 10/16/26 C240 Equity,2026-04-16,13.45,15.15,13.835801785577846,15.15,13.835801785577846,16.322027554969708,14.410399040370558,13.630708,14.726342988807332,2026-04
2026-04-09,ITA US 12/18/26 C245 Equity,2026-04-16,14.55,16.25,14.924366487404326,16.25,14.924366487404326,17.70450975461665,15.62766102681284,15.18665,15.870690341501163,2026-04
2026-04-09,ITA US 01/15/27 C235 Equity,2026-04-16,19.65,20.95,20.063549554133076,20.95,20.063549554133076,22.74196317500886,19.74131608175881,20.04362,20.559014625694942,2026-04
2026-04-09,ITA US 01/15/27 C230 Equity,2026-04-16,22.0,23.55,22.447631501592035,23.55,22.447631501592035,25.54816566258141,22.088829643794824,22.837847,23.0300870854916,2026-04
2026-04-09,ITA US 07/17/26 C280 Equity,2026-04-16,1.775,1.7249999999999999,1.3935212919707414,1.7249999999999999,1.3935212919707414,4.4765277104797505,1.9178652480051959,1.9390074,1.4609416381727791,2026-04
2026-04-09,ITA US 10/16/26 C250 Equity,2026-04-16,9.6,10.95,9.791725366549697,10.95,9.791725366549697,12.66318680891941,10.992648967606959,9.812336,10.659886173341302,2026-04
2026-04-09,ITA US 01/15/27 C245 Equity,2026-04-16,15.55,16.45,15.717571120834412,16.45,15.717571120834412,18.862752833398453,16.39904660694378,15.918035,16.203725296643125,2026-04
2026-04-09,ITA US 01/15/27 C250 Equity,2026-04-16,13.7,14.3,13.628470054866373,14.3,13.628470054866373,16.84842539230217,14.719176311301648,13.402865,14.131064532531958,2026-04
2026-04-09,ITA US 10/16/26 C230 Equity,2026-04-16,17.9,19.700000000000003,18.648613392742263,19.700000000000003,18.648613392742263,21.21274031011542,18.04779442924883,19.833395,19.105577737544017,2026-04
2026-04-09,ITA US 12/18/26 C235 Equity,2026-04-16,18.549999999999997,20.65,19.235038394817646,20.65,19.235038394817646,21.549324343743642,18.95803278577145,20.28619,20.202355467543192,2026-04
2026-04-10,ITA US 10/16/26 C250 Equity,2026-04-17,9.95,10.05,9.441763067627704,10.05,9.441763067627704,11.215688539693291,10.31912448792919,9.7297325,9.674305052816306,2026-04
2026-04-10,ITA US 12/18/26 C250 Equity,2026-04-17,13.100000000000001,12.75,12.025102718459854,12.75,12.025102718459854,13.589423847861735,12.57203452239623,12.701156,12.323941604873806,2026-04
2026-04-10,ITA US 07/17/26 C295 Equity,2026-04-17,0.7000000000000001,1.6749999999999998,1.4268353605842163,1.6749999999999998,1.4268353605842163,4.925395117854089,-0.08524529539265657,2.0096622,0.6660524436857844,2026-04
2026-04-10,ITA US 01/15/27 C240 Equity,2026-04-17,18.35,17.35,16.653538205906237,17.35,16.653538205906237,17.475085493182597,15.96421063036472,17.16853,16.60320448670763,2026-04
2026-04-10,ITA US 07/17/26 C230 Equity,2026-04-17,13.45,13.0,12.505690348928539,13.0,12.505690348928539,15.157299321440425,12.141402095665313,11.725306,12.175416214094522,2026-04
2026-04-10,ITA US 10/16/26 C255 Equity,2026-04-17,8.75,8.5,7.914808333407137,8.5,7.914808333407137,9.55737533891638,8.581198906100447,8.614672,8.097735951570204,2026-04
2026-04-10,ITA US 07/17/26 C280 Equity,2026-04-17,0.925,1.775,1.519317448711977,1.775,1.519317448711977,3.406634504640099,1.4140069032274774,2.0127814,1.2848829934286374,2026-04
2026-04-10,ITA US 12/18/26 C240 Equity,2026-04-17,17.4,16.45,15.730408675428547,16.45,15.730408675428547,17.060264619212976,15.736139636097327,16.258755,15.773361516418257,2026-04
2026-04-10,ITA US 07/17/26 C250 Equity,2026-04-17,4.949999999999999,5.1,4.788214657412262,5.1,4.788214657412262,6.23967779150146,5.142978153589649,6.409687,4.490657376729387,2026-04
2026-04-10,ITA US 01/15/27 C230 Equity,2026-04-17,23.15,21.65,21.30467083049665,21.65,21.30467083049665,21.90491941612125,20.093087361873962,21.276466,20.803718444701904,2026-04
2026-04-10,ITA US 01/15/27 C245 Equity,2026-04-17,16.2,15.600000000000001,14.84503248982005,15.600000000000001,14.84503248982005,16.33723423832579,14.921229700003275,14.913905,14.971405734133375,2026-04
2026-04-10,ITA US 12/18/26 C245 Equity,2026-04-17,15.0,14.55,13.97991151912691,14.55,13.97991151912691,15.556504379744123,14.307011996190282,13.683735,13.96265028192464,2026-04
2026-04-10,ITA US 10/16/26 C230 Equity,2026-04-17,19.0,18.0,17.319933561419944,18.0,17.319933561419944,18.88646931367645,16.627767696002863,18.502396,17.289288872335405,2026-04
2026-04-10,ITA US 10/16/26 C245 Equity,2026-04-17,11.95,11.45,10.827820779256344,11.45,10.827820779256344,12.151039997591212,11.727173169781405,11.123513,10.93223950475219,2026-04
2026-04-10,ITA US 12/18/26 C230 Equity,2026-04-17,22.25,21.25,20.478005569638963,21.25,20.478005569638963,21.683466505637313,19.60236633974771,21.181438,20.432831015040616,2026-04
2026-04-10,ITA US 12/18/26 C235 Equity,2026-04-17,19.35,18.75,18.0983678222976,18.75,18.0983678222976,19.53408429014292,17.82079744118203,18.838976,18.068394558868967,2026-04
2026-04-10,ITA US 01/15/27 C235 Equity,2026-04-17,20.25,19.05,18.976738211154633,19.05,18.976738211154633,19.946377419264152,17.924719381615528,18.901243,18.33399839108161,2026-04
2026-04-10,ITA US 10/16/26 C235 Equity,2026-04-17,16.450000000000003,15.6,14.8189393178038,15.6,14.8189393178038,16.380178663003292,14.76865712519135,15.447595,14.993623212766126,2026-04
2026-04-10,ITA US 10/16/26 C240 Equity,2026-04-17,14.25,13.4,12.738837048365138,13.4,12.738837048365138,14.073467234003944,13.061683116102635,11.930718,12.8445170618781,2026-04
2026-04-10,ITA US 01/15/27 C250 Equity,2026-04-17,13.75,13.75,12.504866832598193,13.75,12.504866832598193,13.196951301962308,12.579666149979701,13.722335,12.998483707639727,2026-04
2026-04-13,ITA US 10/16/26 C255 Equity,2026-04-20,7.35,8.3,8.055370893635253,8.3,8.055370893635253,8.231215614046615,8.106073713592036,8.873332,7.391261648393016,2026-04
2026-04-13,ITA US 01/15/27 C245 Equity,2026-04-20,15.149999999999999,16.8,15.885898459507612,16.8,15.885898459507612,16.286543206324552,15.706417098872002,15.163297,15.800071259347241,2026-04
2026-04-13,ITA US 01/15/27 C240 Equity,2026-04-20,17.4,18.9,18.432540711376564,18.9,18.432540711376564,18.351634938350315,17.224646191106835,16.745327,17.843842083435636,2026-04
2026-04-13,ITA US 07/17/26 C280 Equity,2026-04-20,1.575,0.775,0.6506740871728351,0.775,0.6506740871728351,0.3502231601266601,-0.580157203504541,1.8058684,-0.5311546154214896,2026-04
2026-04-13,ITA US 01/15/27 C230 Equity,2026-04-20,22.35,24.0,23.164445971921555,24.0,23.164445971921555,22.911592342131755,21.1408999790619,21.555023,22.63172663922704,2026-04
2026-04-13,ITA US 10/16/26 C230 Equity,2026-04-20,17.95,19.25,19.344352479853523,19.25,19.344352479853523,19.18073125400745,17.730746540436556,18.639523,17.943522964876763,2026-04
2026-04-13,ITA US 07/17/26 C230 Equity,2026-04-20,12.95,14.149999999999999,13.985368846942876,14.149999999999999,13.985368846942876,15.100146929966682,12.966803704180641,10.895841,12.733992871114385,2026-04
2026-04-13,ITA US 10/16/26 C235 Equity,2026-04-20,15.549999999999999,16.65,16.295017637571068,16.65,16.295017637571068,16.1406623236011,14.89338118719441,16.319654,15.569273305376,2026-04
2026-04-13,ITA US 12/18/26 C235 Equity,2026-04-20,18.95,20.55,19.95280932350685,20.55,19.95280932350685,19.995310960743293,18.692698969136444,18.682348,19.445204711160923,2026-04
2026-04-13,ITA US 10/16/26 C250 Equity,2026-04-20,9.3,9.9,9.644869206750089,9.9,9.644869206750089,10.019179746264454,9.772934708004016,9.80383,8.95632853419655,2026-04
2026-04-13,ITA US 12/18/26 C245 Equity,2026-04-20,14.0,15.899999999999999,15.066357780522683,15.899999999999999,15.066357780522683,15.315479452078947,14.854872724143684,13.2286215,14.89598811700436,2026-04
2026-04-13,ITA US 10/16/26 C240 Equity,2026-04-20,13.25,14.4,14.030222889456674,14.4,14.030222889456674,14.01408202930593,13.227987256421194,11.58652,13.391196882499854,2026-04
2026-04-13,ITA US 01/15/27 C235 Equity,2026-04-20,19.9,21.3,20.5135566439551,21.3,20.5135566439551,20.245083378954504,18.67235374586622,18.79826,20.1312935917604,2026-04
2026-04-13,ITA US 10/16/26 C245 Equity,2026-04-20,11.35,11.899999999999999,11.540224198658146,11.899999999999999,11.540224198658146,11.246343348879972,11.227633627508052,10.91455,10.925256999462023,2026-04
2026-04-13,ITA US 01/15/27 C250 Equity,2026-04-20,14.05,14.8,13.973212727751127,14.8,13.973212727751127,13.874129434037984,14.210450960370496,12.655986,13.930603084561712,2026-04
2026-04-13,ITA US 12/18/26 C230 Equity,2026-04-20,21.45,23.25,22.555259416008347,23.25,22.555259416008347,22.904002175751287,21.07958577892873,21.224644,21.959528655523386,2026-04
2026-04-13,ITA US 07/17/26 C250 Equity,2026-04-20,4.9,5.300000000000001,4.733051144634033,5.300000000000001,4.733051144634033,4.72052036822744,4.66289390007724,6.391032,4.267019506870167,2026-04
2026-04-13,ITA US 12/18/26 C240 Equity,2026-04-20,16.5,18.25,17.435285174661296,18.25,17.435285174661296,17.629615638532073,16.863052106756175,15.990996,17.244181705877004,2026-04
2026-04-13,ITA US 12/18/26 C250 Equity,2026-04-20,12.6,13.25,13.057856713584185,13.25,13.057856713584185,12.765967707931203,12.226761244357641,11.103485,12.155750850248486,2026-04
2026-04-14,ITA US 10/16/26 C255 Equity,2026-04-21,5.9,9.8,9.28393188132743,9.8,9.28393188132743,8.626981735657274,8.623310230745263,9.894129,8.52763142814078,2026-04
2026-04-14,ITA US 07/17/26 C280 Equity,2026-04-21,0.55,1.0,0.7520909646542736,1.0,0.7520909646542736,-2.124970404845026,-0.2673895618799307,1.4385995,-0.060919517377328036,2026-04
2026-04-14,ITA US 07/17/26 C230 Equity,2026-04-21,8.55,15.600000000000001,15.19125821307022,15.600000000000001,15.19125821307022,15.186768548392736,13.71993726320795,11.255299,13.57781834333932,2026-04
2026-04-14,ITA US 01/15/27 C245 Equity,2026-04-21,12.399999999999999,18.049999999999997,17.371992446324217,18.049999999999997,17.371992446324217,16.266420068031216,15.799852899258982,14.503356,16.408123363268395,2026-04
2026-04-14,ITA US 10/16/26 C230 Equity,2026-04-21,14.3,20.95,20.42361263684271,20.95,20.42361263684271,19.2148243693664,17.78964894030709,16.783958,18.87369954951748,2026-04
2026-04-14,ITA US 12/18/26 C250 Equity,2026-04-21,9.7,15.100000000000001,14.455886708581096,15.100000000000001,14.455886708581096,13.648890833721683,13.33490345806252,12.015066,13.576769645546944,2026-04
2026-04-14,ITA US 10/16/26 C240 Equity,2026-04-21,10.05,15.65,15.110494680506404,15.65,15.110494680506404,14.930322890957227,13.91194781789483,12.693269,14.190253495762313,2026-04
2026-04-14,ITA US 12/18/26 C230 Equity,2026-04-21,17.05,24.45,23.82802514707458,24.45,23.82802514707458,23.04835167969766,21.499471777981224,20.784227,22.387762551402606,2026-04
2026-04-14,ITA US 10/16/26 C235 Equity,2026-04-21,11.95,18.450000000000003,17.9000743962165,18.450000000000003,17.9000743962165,17.74025856891074,15.708667789111136,15.7671995,16.825457765341017,2026-04
2026-04-14,ITA US 01/15/27 C240 Equity,2026-04-21,13.9,20.45,19.764304119896263,20.45,19.764304119896263,18.678418915101894,17.774215625470156,16.086115,18.71968890678306,2026-04
2026-04-14,ITA US 01/15/27 C230 Equity,2026-04-21,18.0,25.7,25.0147031201159,25.7,25.0147031201159,23.706887570112652,22.21082959209651,21.768045,23.62710124749731,2026-04
2026-04-14,ITA US 12/18/26 C240 Equity,2026-04-21,12.9,19.6,18.96202476893745,19.6,18.96202476893745,18.054079630754398,17.38245384302847,15.931491,17.930060783000286,2026-04
2026-04-14,ITA US 12/18/26 C245 Equity,2026-04-21,11.0,17.05,16.423873916515202,17.05,16.423873916515202,15.910994784091573,15.2868884063889,14.011622,15.528267785422583,2026-04
2026-04-14,ITA US 07/17/26 C250 Equity,2026-04-21,2.925,7.1000000000000005,5.8124067533373625,7.1000000000000005,5.8124067533373625,5.511038530887323,6.261771118060809,7.0569057,5.915227105150996,2026-04
2026-04-14,ITA US 01/15/27 C235 Equity,2026-04-21,15.85,22.950000000000003,22.234497981150536,22.950000000000003,22.234497981150536,21.82782218857089,19.60767937186421,18.846546,21.230092870706557,2026-04
2026-04-14,ITA US 10/16/26 C250 Equity,2026-04-21,7.55,11.55,11.022307715914767,11.55,11.022307715914767,10.187502805672477,10.154383560207645,10.540958,10.169369195892742,2026-04
2026-04-14,ITA US 12/18/26 C235 Equity,2026-04-21,14.950000000000001,21.9,21.245315436725498,21.9,21.245315436725498,21.112662338112422,19.074822317195615,17.677036,20.136425285020895,2026-04
2026-04-14,ITA US 01/15/27 C250 Equity,2026-04-21,10.649999999999999,15.95,15.250955934518405,15.95,15.250955934518405,14.376682836647271,14.081093399412184,12.866634,14.413736790793996,2026-04
2026-04-14,ITA US 10/16/26 C245 Equity,2026-04-21,8.95,13.55,13.012218581921772,13.55,13.012218581921772,12.575674523550068,12.016339216379837,11.118545,12.183799081269463,2026-04
2026-04-15,ITA US 01/15/27 C240 Equity,2026-04-22,12.2,19.8,18.854824430739665,19.8,18.854824430739665,18.39211807759313,17.24007361045811,16.010473,18.102616894533313,2026-04
2026-04-15,ITA US 01/15/27 C235 Equity,2026-04-22,13.8,22.2,21.24174041831586,22.2,21.24174041831586,20.799526238455822,19.010788776928443,18.002512,20.443306818572967,2026-04
2026-04-15,ITA US 07/17/26 C280 Equity,2026-04-22,1.575,1.775,1.4968753634306315,1.775,1.4968753634306315,-0.3768184363494882,0.7117454954830826,1.4526107,0.8698438104618449,2026-04
2026-04-15,ITA US 12/18/26 C240 Equity,2026-04-22,11.149999999999999,18.200000000000003,17.41985239352174,18.200000000000003,17.41985239352174,16.96487030222363,16.104429765670087,15.392525,16.451963218576992,2026-04
2026-04-15,ITA US 12/18/26 C235 Equity,2026-04-22,12.85,20.8,19.91578325842509,20.8,19.91578325842509,19.816449321081052,18.306429037998942,16.970049,19.079637042648837,2026-04
2026-04-15,ITA US 10/16/26 C250 Equity,2026-04-22,6.35,11.15,10.447441863996852,11.15,10.447441863996852,10.393663236502459,9.83404416697687,9.208808,9.717290452412747,2026-04
2026-04-15,ITA US 10/16/26 C255 Equity,2026-04-22,5.3,9.25,8.693356696946253,9.25,8.693356696946253,8.823857246972883,8.2705128008756,9.210392,7.901467399154726,2026-04
2026-04-15,ITA US 12/18/26 C245 Equity,2026-04-22,9.85,16.35,15.510285538013466,16.35,15.510285538013466,15.575542071552698,14.641153536112244,13.60507,14.782648043690244,2026-04
2026-04-15,ITA US 10/16/26 C240 Equity,2026-04-22,8.350000000000001,15.149999999999999,14.387308063017615,15.149999999999999,14.387308063017615,14.102969810386432,13.191816204257858,12.198862,13.576629249797602,2026-04
2026-04-15,ITA US 10/16/26 C230 Equity,2026-04-22,11.8,20.1,19.352549851022292,20.1,19.352549851022292,19.53400493192232,17.624428472293342,16.818815,18.25777019449682,2026-04
2026-04-15,ITA US 07/17/26 C250 Equity,2026-04-22,2.3,5.6,5.088475626761472,5.6,5.088475626761472,5.392732527001812,5.01634051953525,6.7547464,4.193236568697028,2026-04
2026-04-15,ITA US 12/18/26 C230 Equity,2026-04-22,14.55,23.35,22.479903053244332,23.35,22.479903053244332,22.24359529174667,20.31128826864095,20.98552,21.328832489908468,2026-04
2026-04-15,ITA US 10/16/26 C235 Equity,2026-04-22,9.95,17.55,16.693923979722335,17.55,16.693923979722335,16.36113330771623,14.732818331777734,14.7973795,15.840249046240835,2026-04
2026-04-15,ITA US 01/15/27 C245 Equity,2026-04-22,10.7,17.65,16.74921647744152,17.65,16.74921647744152,16.46685601674171,15.549009736120727,14.467949,16.049944268374606,2026-04
2026-04-15,ITA US 10/16/26 C245 Equity,2026-04-22,7.300000000000001,12.9,12.151574182773484,12.9,12.151574182773484,12.088707418759142,11.471997597054678,10.532414,11.393455874495963,2026-04
2026-04-15,ITA US 12/18/26 C250 Equity,2026-04-22,8.4,14.1,13.298049642762626,14.1,13.298049642762626,13.205289186001878,12.653062444059948,11.574485,12.511760362885145,2026-04
2026-04-15,ITA US 01/15/27 C250 Equity,2026-04-22,9.149999999999999,15.5,14.767100502335037,15.5,14.767100502335037,14.665569584144045,13.805924509662079,12.493059,13.959643926870523,2026-04
2026-04-15,ITA US 01/15/27 C230 Equity,2026-04-22,15.5,24.8,23.854951074682678,24.8,23.854951074682678,23.29682643674048,21.47159605984892,21.518236,22.745792998058583,2026-04
2026-04-15,ITA US 07/17/26 C230 Equity,2026-04-22,6.4,14.9,14.194707217119632,14.9,14.194707217119632,15.24454534479199,13.115965667425021,11.371874,13.030720893851086,2026-04
2026-04-16,ITA US 12/18/26 C245 Equity,2026-04-23,9.5,14.55,13.498453422322731,14.55,13.498453422322731,13.0219942345542,12.951702480495232,12.127311,13.134392281093296,2026-04
2026-04-16,ITA US 10/16/26 C235 Equity,2026-04-23,9.6,15.5,14.35567529353977,15.5,14.35567529353977,13.65682925315992,13.182219275013068,12.758304,14.041841718241203,2026-04
2026-04-16,ITA US 10/16/26 C255 Equity,2026-04-23,4.85,8.5,7.663474981810014,8.5,7.663474981810014,7.349857128505365,7.4491975406371616,7.2987037,7.330635944901841,2026-04
2026-04-16,ITA US 10/16/26 C240 Equity,2026-04-23,8.1,13.45,12.548459101670206,13.45,12.548459101670206,11.700405353517835,11.578936278985879,10.3732605,12.033003083174592,2026-04
2026-04-16,ITA US 01/15/27 C230 Equity,2026-04-23,15.350000000000001,22.0,20.809955259751344,22.0,20.809955259751344,20.169441394728153,19.219940441850746,19.426168,20.381714381571655,2026-04
2026-04-16,ITA US 10/16/26 C250 Equity,2026-04-23,5.9,9.6,8.856744291332214,9.6,8.856744291332214,8.666166865275127,8.678225894142923,8.763152,8.351629234861306,2026-04
2026-04-16,ITA US 07/17/26 C280 Equity,2026-04-23,1.525,1.775,1.4656748674808195,1.775,1.4656748674808195,1.8349343887526324,0.39779774259733003,1.5090823,0.42904283929038023,2026-04
2026-04-16,ITA US 07/17/26 C230 Equity,2026-04-23,6.300000000000001,12.55,11.83119091487747,12.55,11.83119091487747,12.830668287723697,11.244297235568105,9.748793,11.063083125818357,2026-04
2026-04-16,ITA US 07/17/26 C250 Equity,2026-04-23,2.3,4.6,4.119194841701478,4.6,4.119194841701478,3.505221884652661,3.4580690061365598,6.0119376,3.3488821395349415,2026-04
2026-04-16,ITA US 10/16/26 C245 Equity,2026-04-23,6.75,11.65,10.626116545468582,11.65,10.626116545468582,9.967187151291048,10.139318283176713,9.781254,10.331796789904438,2026-04
2026-04-16,ITA US 12/18/26 C235 Equity,2026-04-23,12.2,18.549999999999997,17.32240763646355,18.549999999999997,17.32240763646355,16.379920071560207,16.267021959781598,16.155388,16.98492479789866,2026-04
2026-04-16,ITA US 10/16/26 C230 Equity,2026-04-23,11.4,17.9,16.721672426080826,17.9,16.721672426080826,16.35139140823765,15.531156990911835,15.392764,16.405299216267164,2026-04
2026-04-16,ITA US 12/18/26 C230 Equity,2026-04-23,14.45,20.9,19.68890580059419,20.9,19.68890580059419,19.1171093438318,18.200801961958803,18.32533,19.32524699398401,2026-04
2026-04-16,ITA US 01/15/27 C235 Equity,2026-04-23,13.55,19.65,18.48618941098356,19.65,18.48618941098356,17.733575525841015,17.138907212658854,16.555424,18.093499074425857,2026-04
2026-04-16,ITA US 01/15/27 C250 Equity,2026-04-23,9.149999999999999,13.7,12.643134417661336,13.7,12.643134417661336,12.338098150918595,12.166071542371304,11.337343,12.28368183836924,2026-04
2026-04-16,ITA US 12/18/26 C240 Equity,2026-04-23,11.100000000000001,16.299999999999997,15.149762227397337,16.299999999999997,15.149762227397337,14.134590483865768,14.548242717464088,14.010517,14.808277752291888,2026-04
2026-04-16,ITA US 12/18/26 C250 Equity,2026-04-23,8.25,12.4,11.453097112908816,12.4,11.453097112908816,10.922347257837663,10.973159783653553,10.8936405,11.00961585951236,2026-04
2026-04-16,ITA US 01/15/27 C240 Equity,2026-04-23,11.9,17.6,16.492776811369474,17.6,16.492776811369474,15.676999473855247,15.789920463035694,14.575431,16.073713136321636,2026-04
2026-04-16,ITA US 01/15/27 C245 Equity,2026-04-23,10.649999999999999,15.55,14.482764192122909,15.55,14.482764192122909,14.047380690482345,14.013211028460367,13.180289,14.090178562143507,2026-04
2026-04-17,ITA US 07/17/26 C250 Equity,2026-04-24,2.05,4.949999999999999,4.481647298706172,4.949999999999999,4.481647298706172,3.042846307567059,4.080674412983461,6.3403864,3.869647438447812,2026-04
2026-04-17,ITA US 12/18/26 C245 Equity,2026-04-24,8.7,15.0,14.044554845823193,15.0,14.044554845823193,12.558376357269726,13.403166577487445,14.643897,13.766599108736084,2026-04
2026-04-17,ITA US 12/18/26 C240 Equity,2026-04-24,9.6,17.4,16.313154980567102,17.4,16.313154980567102,14.525596567060928,15.496379181498295,17.980997,16.183762884445077,2026-04
2026-04-17,ITA US 10/16/26 C255 Equity,2026-04-24,4.55,8.75,8.276265368317231,8.75,8.276265368317231,6.409274940093098,7.695686815336035,8.893539,7.595777578732049,2026-04
2026-04-17,ITA US 01/15/27 C230 Equity,2026-04-24,13.95,23.15,21.82389546720933,23.15,21.82389546720933,20.5102650441698,20.33608471897045,22.873148,21.660655376024568,2026-04
2026-04-17,ITA US 10/16/26 C240 Equity,2026-04-24,7.2,14.25,13.57697087201532,14.25,13.57697087201532,11.755797374313584,12.224445767394023,11.699104,12.960685864472,2026-04
2026-04-17,ITA US 10/16/26 C235 Equity,2026-04-24,8.85,16.450000000000003,16.03537761732379,16.450000000000003,16.03537761732379,14.080322899778302,14.10434551175365,16.28272,15.166998925069269,2026-04
2026-04-17,ITA US 12/18/26 C235 Equity,2026-04-24,11.55,19.35,18.287852520995166,19.35,18.287852520995166,16.299335596363427,16.734066455257054,20.522444,17.990592926936195,2026-04
2026-04-17,ITA US 10/16/26 C230 Equity,2026-04-24,10.55,19.0,18.449998345433094,19.0,18.449998345433094,16.941418587876868,16.41786886148237,19.048553,17.54050973331346,2026-04
2026-04-17,ITA US 10/16/26 C250 Equity,2026-04-24,5.55,9.95,9.4174025564579,9.95,9.4174025564579,7.486992609375302,8.538154561211671,9.85369,8.73776962573624,2026-04
2026-04-17,ITA US 07/17/26 C280 Equity,2026-04-24,1.45,0.925,0.736983758357692,0.925,0.736983758357692,-1.4179310798142986,-0.844995478275365,2.5733879,-0.7122582702045646,2026-04
2026-04-17,ITA US 10/16/26 C245 Equity,2026-04-24,6.1,11.95,11.274820227784495,11.95,11.274820227784495,9.329301386173693,10.28959827212412,10.575801,10.675514497873563,2026-04
2026-04-17,ITA US 12/18/26 C230 Equity,2026-04-24,13.2,22.25,21.132583066438425,22.25,21.132583066438425,19.848283602842194,19.336934367777804,22.330084,20.784777426842357,2026-04
2026-04-17,ITA US 01/15/27 C245 Equity,2026-04-24,9.6,16.2,15.080657704028948,16.2,15.080657704028948,13.627427499221538,14.935447718194443,16.209543,14.991869323532434,2026-04
2026-04-17,ITA US 12/18/26 C250 Equity,2026-04-24,7.3,13.100000000000001,12.22339511920073,13.100000000000001,12.22339511920073,10.798872616072568,11.867686238981069,12.3183155,11.965904066420235,2026-04
2026-04-17,ITA US 01/15/27 C235 Equity,2026-04-24,12.600000000000001,20.25,19.371344446198496,20.25,19.371344446198496,17.91871919534508,18.14737608054024,20.43781,18.992377690205036,2026-04
2026-04-17,ITA US 01/15/27 C250 Equity,2026-04-24,8.15,13.75,12.440370161407968,13.75,12.440370161407968,11.0868938202017,12.478341745331885,12.521095,12.517086360939674,2026-04
2026-04-17,ITA US 07/17/26 C230 Equity,2026-04-24,5.45,13.45,13.072480852542961,13.45,13.072480852542961,13.375828169524343,12.635604229850882,11.828527,12.042931667360827,2026-04
2026-04-17,ITA US 01/15/27 C240 Equity,2026-04-24,10.7,18.35,17.10298433111254,18.35,17.10298433111254,15.45432004230703,16.27574636121208,18.193277,17.062722376506265,2026-04
2026-04-20,ITA US 12/18/26 C250 Equity,2026-04-27,7.5,12.6,11.456191340197405,12.6,11.456191340197405,11.615861498377397,11.958018505824054,12.968922,11.660523783850287,2026-04
2026-04-20,ITA US 10/16/26 C240 Equity,2026-04-27,7.5,13.25,12.841264675409622,13.25,12.841264675409622,12.661427310820955,12.330127930295712,12.2605505,12.209901773199288,2026-04
2026-04-20,ITA US 10/16/26 C230 Equity,2026-04-27,10.35,17.95,17.549586430808944,17.95,17.549586430808944,17.174101764112176,15.794122381181163,18.53335,16.54911701685683,2026-04
2026-04-20,ITA US 07/17/26 C230 Equity,2026-04-27,5.199999999999999,12.95,12.40802714709765,12.95,12.40802714709765,13.45413975888594,11.778682624625457,10.960668,11.626187870841315,2026-04
2026-04-20,ITA US 01/15/27 C250 Equity,2026-04-27,8.35,14.05,12.581186182026812,14.05,12.581186182026812,12.032532295066266,12.91655548396865,13.431182,13.15571596616283,2026-04
2026-04-20,ITA US 07/17/26 C280 Equity,2026-04-27,1.45,1.575,1.3069177975873572,1.575,1.3069177975873572,-1.043742480814636,0.31552666418574127,2.3354373,0.8770181254212481,2026-04
2026-04-20,ITA US 07/17/26 C250 Equity,2026-04-27,1.5750000000000002,4.9,4.363491350265692,4.9,4.363491350265692,3.9526358023934662,4.255610894621212,6.938962,3.980574085284197,2026-04
2026-04-20,ITA US 10/16/26 C255 Equity,2026-04-27,4.449999999999999,7.35,6.826312698756095,7.35,6.826312698756095,6.3267018571728375,6.592770458048353,8.242079,6.322434159288705,2026-04
2026-04-20,ITA US 01/15/27 C230 Equity,2026-04-27,13.95,22.35,21.3253858182739,22.35,21.3253858182739,20.693795391174277,19.66518324902647,21.868256,20.99310779041199,2026-04
2026-04-20,ITA US 10/16/26 C235 Equity,2026-04-27,8.9,15.549999999999999,15.116250774594683,15.549999999999999,15.116250774594683,14.750430037397257,13.915230756880725,16.165855,14.381533954449193,2026-04
2026-04-20,ITA US 12/18/26 C245 Equity,2026-04-27,8.5,14.0,13.181668739676946,14.0,13.181668739676946,12.975950781745594,13.031077445420362,14.351369,12.975299417803338,2026-04
2026-04-20,ITA US 12/18/26 C240 Equity,2026-04-27,9.649999999999999,16.5,15.697691529215902,16.5,15.697691529215902,15.704398814033537,15.596143865859252,17.473188,15.4859460082893,2026-04
2026-04-20,ITA US 01/15/27 C235 Equity,2026-04-27,12.05,19.9,18.94836000475714,19.9,18.94836000475714,18.013116441019687,17.479481686906805,20.095224,18.70463958059727,2026-04
2026-04-20,ITA US 12/18/26 C235 Equity,2026-04-27,11.45,18.95,18.025928927526465,18.95,18.025928927526465,17.526573262461763,17.063972568245674,20.204344,17.855042154472997,2026-04
2026-04-20,ITA US 10/16/26 C250 Equity,2026-04-27,4.6,9.3,8.579100820654762,9.3,8.579100820654762,7.928587281099233,8.246238656773606,10.548848,8.281791764381966,2026-04
2026-04-20,ITA US 01/15/27 C240 Equity,2026-04-27,10.5,17.4,16.565567639459786,17.4,16.565567639459786,16.028337591396962,15.761396126699314,18.43486,16.272902283571476,2026-04
2026-04-20,ITA US 12/18/26 C230 Equity,2026-04-27,13.2,21.45,20.499839791725506,21.45,20.499839791725506,20.480673386034283,19.266816606435395,21.655935,20.143252928642863,2026-04
2026-04-20,ITA US 01/15/27 C245 Equity,2026-04-27,9.2,15.149999999999999,14.370931524326995,15.149999999999999,14.370931524326995,13.464609629617254,13.609337880794973,16.568455,13.977707442301593,2026-04
2026-04-20,ITA US 10/16/26 C245 Equity,2026-04-27,6.35,11.35,10.295653124533311,11.35,10.295653124533311,10.186980840903308,10.475048626014768,11.527077,10.398693306876831,2026-04
2026-04-21,ITA US 12/18/26 C230 Equity,2026-04-28,12.75,17.05,16.18957903158763,17.05,16.18957903158763,15.89386468814216,15.652425138684217,18.63337,16.13197055350407,2026-04
2026-04-21,ITA US 01/15/27 C235 Equity,2026-04-28,11.8,15.85,14.96542106037708,15.85,14.96542106037708,14.548291863056992,14.498322882840371,16.760677,14.994827083748593,2026-04
2026-04-21,ITA US 12/18/26 C240 Equity,2026-04-28,9.55,12.9,12.166883182846806,12.9,12.166883182846806,11.763933887562892,12.508591843262133,14.049009,12.078933881223122,2026-04
2026-04-21,ITA US 10/16/26 C230 Equity,2026-04-28,10.1,14.3,13.794143943918117,14.3,13.794143943918117,13.52282877045023,13.283361696857504,13.8071575,13.465630943950023,2026-04
2026-04-21,ITA US 07/17/26 C230 Equity,2026-04-28,4.75,8.55,8.137341780560837,8.55,8.137341780560837,9.223577827725599,8.264494110765115,9.046971,7.646457552031761,2026-04
2026-04-21,ITA US 10/16/26 C235 Equity,2026-04-28,8.25,11.95,11.47006223160401,11.95,11.47006223160401,10.900669314936794,10.676228949126994,11.6460705,11.07684286044287,2026-04
2026-04-21,ITA US 01/15/27 C250 Equity,2026-04-28,7.7,10.649999999999999,9.896517165848072,10.649999999999999,9.896517165848072,9.936854738555834,10.201633735711834,10.331206,9.946140259848008,2026-04
2026-04-21,ITA US 01/15/27 C240 Equity,2026-04-28,10.3,13.9,13.065139709306445,13.9,13.065139709306445,12.797560402425885,13.2614598798917,14.744739,13.10462170895351,2026-04
2026-04-21,ITA US 12/18/26 C235 Equity,2026-04-28,10.9,14.950000000000001,14.113100719526205,14.950000000000001,14.113100719526205,13.815381802337507,13.913892679366343,16.498043,14.093130866755693,2026-04
2026-04-21,ITA US 12/18/26 C250 Equity,2026-04-28,7.35,9.7,8.980077593904051,9.7,8.980077593904051,8.927477599620286,9.031078932899316,10.334718,8.980584086383708,2026-04
2026-04-21,ITA US 10/16/26 C240 Equity,2026-04-28,6.75,10.05,9.627822143058225,10.05,9.627822143058225,9.047901718865615,9.179062987805192,10.027153,9.219927908192666,2026-04
2026-04-21,ITA US 01/15/27 C245 Equity,2026-04-28,8.95,12.399999999999999,11.583284616380535,12.399999999999999,11.583284616380535,11.783241102039211,11.605611930532636,13.373888,11.707254469066806,2026-04
2026-04-21,ITA US 10/16/26 C255 Equity,2026-04-28,4.2,5.9,5.539124626215107,5.9,5.539124626215107,4.863618112704369,4.745691383689483,5.6027775,5.335910455106397,2026-04
2026-04-21,ITA US 12/18/26 C245 Equity,2026-04-28,8.2,11.0,10.265166067022761,11.0,10.265166067022761,10.11614546709575,10.14827584788081,12.070688,10.281092124447035,2026-04
2026-04-21,ITA US 01/15/27 C230 Equity,2026-04-28,13.4,18.0,17.073767498568543,18.0,17.073767498568543,16.538011258746526,16.578485054969633,19.122393,17.086045789444864,2026-04
2026-04-21,ITA US 10/16/26 C250 Equity,2026-04-28,5.0,7.55,7.187425269084517,7.55,7.187425269084517,6.753625049320483,7.148845537943895,7.2947354,6.984729913092121,2026-04
2026-04-21,ITA US 10/16/26 C245 Equity,2026-04-28,5.75,8.95,8.502092123477208,8.95,8.502092123477208,8.226080293664127,8.634438486038663,10.151025,8.365212468154828,2026-04
2026-04-21,ITA US 07/17/26 C250 Equity,2026-04-28,2.175,2.925,2.595889768272144,2.925,2.595889768272144,2.052213396820168,2.1692608840406784,5.00402,2.1701807618773503,2026-04
2026-04-22,ITA US 10/16/26 C255 Equity,2026-04-29,3.2,5.3,5.020678511152167,5.3,5.020678511152167,3.744445143644466,4.679258248283601,4.955822,4.975982542801703,2026-04
2026-04-22,ITA US 01/15/27 C245 Equity,2026-04-29,8.5,10.7,10.075874991770203,10.7,10.075874991770203,9.146502681214987,10.128424938594517,9.739688,10.200046964895854,2026-04
2026-04-22,ITA US 01/15/27 C235 Equity,2026-04-29,11.0,13.8,13.164462671243756,13.8,13.164462671243756,11.663951484197822,12.715278851734173,12.98997,13.241345899613524,2026-04
2026-04-22,ITA US 12/18/26 C245 Equity,2026-04-29,7.449999999999999,9.85,9.248142755521673,9.85,9.248142755521673,8.072924465314227,9.215410280205294,9.673588,9.43604012416959,2026-04
2026-04-22,ITA US 10/16/26 C230 Equity,2026-04-29,8.899999999999999,11.8,11.462710537765,11.8,11.462710537765,10.148288818650881,11.12853496448249,10.351262,11.143315931421734,2026-04
2026-04-22,ITA US 01/15/27 C240 Equity,2026-04-29,9.649999999999999,12.2,11.369322875635152,12.2,11.369322875635152,9.567589638659138,11.160374788080976,11.68244,11.60315093207035,2026-04
2026-04-22,ITA US 10/16/26 C245 Equity,2026-04-29,4.9,7.300000000000001,7.010341447626108,7.300000000000001,7.010341447626108,5.431217756304054,6.6002892477615696,6.4614334,6.713565484700558,2026-04
2026-04-22,ITA US 12/18/26 C240 Equity,2026-04-29,8.6,11.149999999999999,10.563288914398111,11.149999999999999,10.563288914398111,8.844656311672937,10.51629038403879,10.81478,10.615044756465686,2026-04
2026-04-22,ITA US 10/16/26 C235 Equity,2026-04-29,7.1,9.95,9.621978569579493,9.95,9.621978569579493,8.029253146390516,9.092811543837913,9.266751,9.368261683577298,2026-04
2026-04-22,ITA US 01/15/27 C230 Equity,2026-04-29,12.2,15.5,14.850505565552975,15.5,14.850505565552975,13.358642690565684,14.407783469536254,15.887435,14.888085886666751,2026-04
2026-04-22,ITA US 12/18/26 C235 Equity,2026-04-29,10.05,12.85,12.249738269047807,12.85,12.249738269047807,10.815813529588144,11.964657643587291,12.332727,12.272254787248471,2026-04
2026-04-22,ITA US 10/16/26 C240 Equity,2026-04-29,5.3,8.350000000000001,8.042735853864063,8.350000000000001,8.042735853864063,6.2874880087460845,7.601215699858148,8.5865345,7.802302432280928,2026-04
2026-04-22,ITA US 07/17/26 C250 Equity,2026-04-29,1.9749999999999999,2.3,2.1019914224634038,2.3,2.1019914224634038,-0.39731580714311043,1.2608980978475195,3.1518834,1.771447151728675,2026-04
2026-04-22,ITA US 07/17/26 C230 Equity,2026-04-29,4.05,6.4,5.873172536497037,6.4,5.873172536497037,5.234096455519158,5.98436482901108,7.550039,5.772568205658168,2026-04
2026-04-22,ITA US 12/18/26 C250 Equity,2026-04-29,6.050000000000001,8.4,7.850846176479309,8.4,7.850846176479309,6.1870170622443865,7.590981300483332,8.157802,7.850738674950281,2026-04
2026-04-22,ITA US 10/16/26 C250 Equity,2026-04-29,3.9,6.35,6.067910882877198,6.35,6.067910882877198,4.543535609450267,5.711693694977715,4.875818,5.81632317647241,2026-04
2026-04-22,ITA US 12/18/26 C230 Equity,2026-04-29,11.25,14.55,13.929712617202847,14.55,13.929712617202847,12.652087943684437,13.803134563245118,14.241744,13.945059459229938,2026-04
2026-04-22,ITA US 01/15/27 C250 Equity,2026-04-29,7.0,9.149999999999999,8.578173102699964,9.149999999999999,8.578173102699964,7.522990271737486,8.455153996538138,8.878289,8.681795465561695,2026-04
2026-04-23,ITA US 01/15/27 C230 Equity,2026-04-30,14.600000000000001,15.350000000000001,15.246259668919869,15.350000000000001,15.246259668919869,13.228210976094747,14.27246259980209,14.687052,14.891977149432092,2026-04
2026-04-23,ITA US 10/16/26 C250 Equity,2026-04-30,5.7,5.9,5.959134619611385,5.9,5.959134619611385,3.7293570788493753,5.15009153955004,4.9137645,5.41068583188108,2026-04
2026-04-23,ITA US 10/16/26 C230 Equity,2026-04-30,10.3,11.4,11.592538530716084,11.4,11.592538530716084,9.779950013575158,10.694811802296456,9.9949665,10.953584304436234,2026-04
2026-04-23,ITA US 12/18/26 C230 Equity,2026-04-30,13.399999999999999,14.45,14.431055170462022,14.45,14.431055170462022,12.427910993547687,13.507956801901985,12.705147,14.018496525483396,2026-04
2026-04-23,ITA US 12/18/26 C240 Equity,2026-04-30,10.2,11.100000000000001,10.945349599213827,11.100000000000001,10.945349599213827,8.515434913907352,10.356707849898843,10.409467,10.63096524877934,2026-04
2026-04-23,ITA US 01/15/27 C245 Equity,2026-04-30,9.55,10.649999999999999,10.280071245212389,10.649999999999999,10.280071245212389,8.711631096009278,9.891680466816348,9.352283,10.260595822788575,2026-04
2026-04-23,ITA US 12/18/26 C235 Equity,2026-04-30,11.65,12.2,12.153615866794144,12.2,12.153615866794144,10.699912645056836,11.869683798653693,11.754765,11.855608535726333,2026-04
2026-04-23,ITA US 10/16/26 C235 Equity,2026-04-30,8.75,9.6,9.684732301408381,9.6,9.684732301408381,7.678225238290412,8.92871125932298,9.125866,9.211874903097932,2026-04
2026-04-23,ITA US 01/15/27 C235 Equity,2026-04-30,12.75,13.55,13.214064659461771,13.55,13.214064659461771,11.222233257503133,12.595014975624927,11.975679,13.10939488032545,2026-04
2026-04-23,ITA US 10/16/26 C255 Equity,2026-04-30,3.7249999999999996,4.85,4.912129696518993,4.85,4.912129696518993,3.1252546206058973,4.306143717204318,4.0834293,4.490826197419941,2026-04
2026-04-23,ITA US 01/15/27 C240 Equity,2026-04-30,11.15,11.9,11.655732484274514,11.9,11.655732484274514,9.792967380074371,11.045748445150913,11.294971,11.503550226215669,2026-04
2026-04-23,ITA US 07/17/26 C250 Equity,2026-04-30,1.9,2.3,2.2410411998404554,2.3,2.2410411998404554,0.2627598868218364,2.0542918836341997,2.7387533,2.034051862778716,2026-04
2026-04-23,ITA US 12/18/26 C250 Equity,2026-04-30,8.05,8.25,8.097795602325407,8.25,8.097795602325407,6.4960324755118535,7.937730847384024,7.7699285,7.963311308032412,2026-04
2026-04-23,ITA US 07/17/26 C230 Equity,2026-04-30,5.45,6.300000000000001,6.31566991858713,6.300000000000001,6.31566991858713,4.961125774253624,6.0648266806183955,7.297335,5.985270260256561,2026-04
2026-04-23,ITA US 10/16/26 C245 Equity,2026-04-30,6.25,6.75,6.898182295012682,6.75,6.898182295012682,5.020899549940445,6.328795254070732,5.958115,6.3684631477357145,2026-04
2026-04-23,ITA US 01/15/27 C250 Equity,2026-04-30,8.55,9.149999999999999,8.928183140612,9.149999999999999,8.928183140612,7.417852407364801,8.445774687960675,8.520066,8.826885538453936,2026-04
2026-04-23,ITA US 12/18/26 C245 Equity,2026-04-30,8.6,9.5,9.38772096559486,9.5,9.38772096559486,8.014417612125031,9.31619738089362,9.243549,9.19479929244875,2026-04
2026-04-23,ITA US 10/16/26 C240 Equity,2026-04-30,7.0,8.1,8.290822377367771,8.1,8.290822377367771,6.521655480023561,7.953240491547966,8.103326,7.823383467333047,2026-04
2026-04-24,ITA US 01/15/27 C245 Equity,2026-05-01,9.65,9.6,8.855209172140235,9.6,8.855209172140235,9.076176601067159,9.08363589050376,9.440216,9.520711502068897,2026-04
2026-04-24,ITA US 10/16/26 C245 Equity,2026-05-01,6.050000000000001,6.1,5.677997052592079,6.1,5.677997052592079,5.2833535520976085,5.630310220950161,5.6212435,6.069410271786177,2026-04
2026-04-24,ITA US 10/16/26 C255 Equity,2026-05-01,4.25,4.55,4.180037192573564,4.55,4.180037192573564,3.9626261929499194,4.0662154495422005,3.7217424,4.591313480535117,2026-04
2026-04-24,ITA US 01/15/27 C250 Equity,2026-05-01,8.2,8.15,7.443230701329243,8.15,7.443230701329243,7.8061655693296945,7.665947497598794,8.077279,8.099466613135226,2026-04
2026-04-24,ITA US 12/18/26 C235 Equity,2026-05-01,11.0,11.55,10.697708619441459,11.55,10.697708619441459,10.810665088620725,11.23135803327087,11.678382,11.550532393726884,2026-04
2026-04-24,ITA US 12/18/26 C230 Equity,2026-05-01,12.85,13.2,12.373926785059098,13.2,12.373926785059098,12.532880084196785,12.673179021402655,12.755249,13.079546775119923,2026-04
2026-04-24,ITA US 10/16/26 C230 Equity,2026-05-01,9.399999999999999,10.55,10.006443414331251,10.55,10.006443414331251,10.048842440889533,10.195855807916713,9.751002,10.477083208420156,2026-04
2026-04-24,ITA US 07/17/26 C250 Equity,2026-05-01,1.6,2.05,1.7972979136021277,2.05,1.7972979136021277,1.5980905838514197,2.2105865320541067,3.0287437,2.075046167675355,2026-04
2026-04-24,ITA US 01/15/27 C240 Equity,2026-05-01,10.6,10.7,9.818031408973004,10.7,9.818031408973004,9.826948454888663,10.224650727391026,10.439503,10.593370050941278,2026-04
2026-04-24,ITA US 01/15/27 C230 Equity,2026-05-01,14.1,13.95,13.099079602120025,13.95,13.099079602120025,12.823465212375556,13.08517488121374,14.309362,13.772572815431971,2026-04
2026-04-24,ITA US 10/16/26 C235 Equity,2026-05-01,8.7,8.85,8.347713120439984,8.85,8.347713120439984,8.06834794980622,8.441738693239266,9.428378,8.823806865522444,2026-04
2026-04-24,ITA US 07/17/26 C230 Equity,2026-05-01,4.699999999999999,5.45,5.117684818219869,5.45,5.117684818219869,5.568403850218896,5.651438378006651,7.0591383,5.394639144000948,2026-04
2026-04-24,ITA US 10/16/26 C250 Equity,2026-05-01,5.0,5.55,5.12258861720555,5.55,5.12258861720555,4.907370110330968,5.177106904387458,5.4264383,5.55912840472439,2026-04
2026-04-24,ITA US 01/15/27 C235 Equity,2026-05-01,11.75,12.600000000000001,11.738695510141248,12.600000000000001,11.738695510141248,11.378107510871947,12.825272375630938,12.276115,12.534247778104842,2026-04
2026-04-24,ITA US 12/18/26 C240 Equity,2026-05-01,9.1,9.6,8.893598249423412,9.6,8.893598249423412,8.568673634675177,9.056304206631062,9.951729,9.453942653430513,2026-04
2026-04-24,ITA US 12/18/26 C250 Equity,2026-05-01,6.8,7.3,6.531438321331442,7.3,6.531438321331442,6.544093173635282,6.8213854993392715,7.081363,7.19916045919747,2026-04
2026-04-24,ITA US 12/18/26 C245 Equity,2026-05-01,8.0,8.7,8.054611504779139,8.7,8.054611504779139,8.324064865736354,8.542231364822605,8.77779,8.693587739998897,2026-04
2026-04-24,ITA US 10/16/26 C240 Equity,2026-05-01,7.3,7.2,6.744506179100549,7.2,6.744506179100549,6.579666375781951,7.021601201665469,6.707743,7.176604409044929,2026-04
2026-04-27,ITA US 12/18/26 C240 Equity,2026-05-04,9.100000000000001,9.649999999999999,8.975469137339974,9.649999999999999,8.975469137339974,8.587937822890224,9.246133078263151,10.528148,9.863770729132614,2026-04
2026-04-27,ITA US 10/16/26 C250 Equity,2026-05-04,4.55,4.6,4.236816243328592,4.6,4.236816243328592,4.445501659760479,4.529521168388255,4.617091,4.82878828256063,2026-04
2026-04-27,ITA US 12/18/26 C235 Equity,2026-05-04,10.600000000000001,11.45,10.684843192620272,11.45,10.684843192620272,11.48110786608876,11.763115934158016,11.344734,11.835580657165469,2026-04
2026-04-27,ITA US 01/15/27 C245 Equity,2026-05-04,8.75,9.2,8.431464009650906,9.2,8.431464009650906,8.682157990862853,8.521587920430461,9.777163,9.373605928761371,2026-04
2026-04-27,ITA US 12/18/26 C230 Equity,2026-05-04,12.1,13.2,12.419424898849456,13.2,12.419424898849456,12.872198675258435,13.290422304863537,12.447797,13.494258822805723,2026-04
2026-04-27,ITA US 01/15/27 C230 Equity,2026-05-04,13.25,13.95,12.92840494182789,13.95,12.92840494182789,12.771517689497665,13.08241942028863,14.251192,14.103334413396764,2026-04
2026-04-27,ITA US 12/18/26 C245 Equity,2026-05-04,7.699999999999999,8.5,7.834682775092783,8.5,7.834682775092783,8.776942216793822,8.977672170978213,8.475746,8.91578827890873,2026-04
2026-04-27,ITA US 01/15/27 C235 Equity,2026-05-04,11.5,12.05,11.369728541175203,12.05,11.369728541175203,10.939859959785691,11.491909602502687,12.78699,12.16580323638117,2026-04
2026-04-27,ITA US 07/17/26 C230 Equity,2026-05-04,4.5,5.199999999999999,4.727816248791468,5.199999999999999,4.727816248791468,5.371405198142654,5.348856227367788,6.9305716,5.399661993333787,2026-04
2026-04-27,ITA US 01/15/27 C240 Equity,2026-05-04,10.0,10.5,9.781824352340816,10.5,9.781824352340816,9.655463507826681,9.790849175229312,11.285984,10.706428213759532,2026-04
2026-04-27,ITA US 12/18/26 C250 Equity,2026-05-04,6.4,7.5,6.866040481712087,7.5,6.866040481712087,7.365797933194873,7.961448268341974,6.816659,7.961808555043663,2026-04
2026-04-27,ITA US 01/15/27 C250 Equity,2026-05-04,7.5,8.35,7.071471231649084,8.35,7.071471231649084,7.678095757672512,7.895899402261216,8.041151,8.674792675191231,2026-04
2026-04-27,ITA US 10/16/26 C235 Equity,2026-05-04,7.85,8.9,8.408372993295556,8.9,8.408372993295556,8.805965406770138,9.116330400664346,9.163598,9.272156266710226,2026-04
2026-04-27,ITA US 07/17/26 C250 Equity,2026-05-04,1.375,1.5750000000000002,1.33409072634623,1.5750000000000002,1.33409072634623,1.4298857910539198,1.9267405890493592,2.994365,1.8639588588156901,2026-04
2026-04-27,ITA US 10/16/26 C255 Equity,2026-05-04,3.6500000000000004,4.449999999999999,4.074230737926424,4.449999999999999,4.074230737926424,4.500751280418699,4.601865402262181,3.4668663,4.861748199103663,2026-04
2026-04-27,ITA US 10/16/26 C240 Equity,2026-05-04,6.6,7.5,7.466081312960101,7.5,7.466081312960101,6.775003772293054,7.142276891067645,7.0073857,7.751247084022304,2026-04
2026-04-27,ITA US 10/16/26 C230 Equity,2026-05-04,9.7,10.35,9.929787281684611,10.35,9.929787281684611,10.67693493196858,10.72864086456593,9.634259,10.687370279090128,2026-04
2026-04-27,ITA US 10/16/26 C245 Equity,2026-05-04,5.65,6.35,5.911379381889672,6.35,5.911379381889672,6.283190233397113,6.734807684075918,5.343931,6.814004876135728,2026-04
2026-04-28,ITA US 07/17/26 C250 Equity,2026-05-05,1.1749999999999998,2.175,1.9754369937420762,2.175,1.9754369937420762,1.8206603043977818,2.31232767086971,2.8676066,2.69540146031429,2026-04
2026-04-28,ITA US 10/16/26 C245 Equity,2026-05-05,5.25,5.75,5.751388539887448,5.75,5.751388539887448,6.855469854270616,6.524295418440586,6.255174,6.202937839103191,2026-04
2026-04-28,ITA US 12/18/26 C240 Equity,2026-05-05,9.2,9.55,9.18085869274501,9.55,9.18085869274501,9.639162881624792,9.62060483504102,10.470289,9.941857706207927,2026-04
2026-04-28,ITA US 10/16/26 C230 Equity,2026-05-05,9.4,10.1,9.153428537741078,10.1,9.153428537741078,10.82176227531314,10.591372530049064,10.872344,10.546360499884692,2026-04
2026-04-28,ITA US 10/16/26 C250 Equity,2026-05-05,4.45,5.0,4.831388654670364,5.0,4.831388654670364,5.750910073883135,5.568354128819763,5.109715,5.686103799364865,2026-04
2026-04-28,ITA US 01/15/27 C235 Equity,2026-05-05,11.9,11.8,11.329073609158339,11.8,11.329073609158339,12.635789621306074,11.779077136529368,12.918693,12.204671399980795,2026-04
2026-04-28,ITA US 01/15/27 C240 Equity,2026-05-05,10.399999999999999,10.3,9.949617152890905,10.3,9.949617152890905,11.079146928297305,10.256337134191977,11.318632,10.730207379080849,2026-04
2026-04-28,ITA US 01/15/27 C245 Equity,2026-05-05,8.75,8.95,8.411493514855758,8.95,8.411493514855758,9.536057336619823,8.70193891836197,10.815448,9.35777756516837,2026-04
2026-04-28,ITA US 01/15/27 C230 Equity,2026-05-05,13.6,13.4,13.023776341010965,13.4,13.023776341010965,13.85332234092549,13.14920942037067,14.721121,13.775435405653258,2026-04
2026-04-28,ITA US 10/16/26 C255 Equity,2026-05-05,3.675,4.2,4.037056806398344,4.2,4.037056806398344,5.266548599910829,4.626331437564749,3.7134337,4.725182537773148,2026-04
2026-04-28,ITA US 10/16/26 C235 Equity,2026-05-05,7.95,8.25,8.230039843316899,8.25,8.230039843316899,9.217171939209823,8.67369604852123,8.874411,8.645394475032015,2026-04
2026-04-28,ITA US 10/16/26 C240 Equity,2026-05-05,6.55,6.75,6.621589587513015,6.75,6.621589587513015,7.407596647203906,6.750220782887071,7.69411,7.018780661375674,2026-04
2026-04-28,ITA US 12/18/26 C235 Equity,2026-05-05,10.55,10.9,10.53796198027105,10.9,10.53796198027105,11.49829605210109,11.16434078791394,11.63089,11.259500840092063,2026-04
2026-04-28,ITA US 01/15/27 C250 Equity,2026-05-05,7.45,7.7,7.204069623372875,7.7,7.204069623372875,8.412468648260699,7.698360213317604,7.829498,8.176098145602438,2026-04
2026-04-28,ITA US 07/17/26 C230 Equity,2026-05-05,4.35,4.75,4.387121523717686,4.75,4.387121523717686,5.6722797879072875,4.878742801969466,7.7633324,5.119819685817937,2026-04
2026-04-28,ITA US 12/18/26 C245 Equity,2026-05-05,7.6,8.2,7.949242382690815,8.2,7.949242382690815,9.295838813145028,8.763553232166808,8.919086,8.695672304786743,2026-04
2026-04-28,ITA US 12/18/26 C230 Equity,2026-05-05,12.3,12.75,12.506110378005438,12.75,12.506110378005438,13.678986979781072,13.145654363806575,12.552749,13.161634027844151,2026-04
2026-04-28,ITA US 12/18/26 C250 Equity,2026-05-05,5.95,7.35,6.991189024516073,7.35,6.991189024516073,7.491470070883521,7.3372528929146785,6.924124,7.661760211538032,2026-04
2026-04-29,ITA US 12/18/26 C235 Equity,2026-05-06,13.65,10.05,9.360550799402455,10.05,9.360550799402455,11.046201331303259,10.335842030822823,10.671706,10.631055255193854,2026-04
2026-04-29,ITA US 10/16/26 C250 Equity,2026-05-06,6.25,3.9,3.5150310734617505,3.9,3.5150310734617505,5.622333348839348,4.7012620923804995,3.7517793,4.580466067277408,2026-04
2026-04-29,ITA US 07/17/26 C230 Equity,2026-05-06,7.1,4.05,3.6518078130727742,4.05,3.6518078130727742,5.377903245209406,4.600923691664892,6.261179,4.70531852122397,2026-04
2026-04-29,ITA US 12/18/26 C240 Equity,2026-05-06,11.75,8.6,7.953835712790528,8.6,7.953835712790528,9.087383003623813,8.223025868852748,8.7533455,9.023878532693598,2026-04
2026-04-29,ITA US 12/18/26 C245 Equity,2026-05-06,10.55,7.449999999999999,6.780805017992685,7.449999999999999,6.780805017992685,9.125390047382245,8.125621108536922,6.580015,8.118370869211287,2026-04
2026-04-29,ITA US 01/15/27 C230 Equity,2026-05-06,16.95,12.2,11.371169040680911,12.2,11.371169040680911,13.527328900680693,12.932247132130914,13.147208,12.823241127521783,2026-04
2026-04-29,ITA US 10/16/26 C240 Equity,2026-05-06,8.55,5.3,4.665247151195903,5.3,4.665247151195903,6.067998701655153,5.6016795131135435,5.4063954,5.89550256728578,2026-04
2026-04-29,ITA US 10/16/26 C235 Equity,2026-05-06,10.3,7.1,6.6539511665014475,7.1,6.6539511665014475,8.468207518067647,7.877412744961424,7.5920777,7.735626412579734,2026-04
2026-04-29,ITA US 10/16/26 C245 Equity,2026-05-06,6.9,4.9,4.3170929905247615,4.9,4.3170929905247615,6.320401164469006,5.747564024411156,4.1812487,5.607111378300912,2026-04
2026-04-29,ITA US 01/15/27 C245 Equity,2026-05-06,11.100000000000001,8.5,7.835582146614916,8.5,7.835582146614916,10.191537040280519,8.996498905581578,8.586823,9.206027025721454,2026-04
2026-04-29,ITA US 01/15/27 C235 Equity,2026-05-06,14.850000000000001,11.0,10.298367744227265,11.0,10.298367744227265,12.340362010380904,11.359309886385379,11.639237,11.595231712920157,2026-04
2026-04-29,ITA US 12/18/26 C230 Equity,2026-05-06,15.9,11.25,10.170053646952981,11.25,10.170053646952981,12.266924473252814,11.557332375180785,12.02313,11.74198487126795,2026-04
2026-04-29,ITA US 10/16/26 C230 Equity,2026-05-06,12.55,8.899999999999999,8.461848703459093,8.899999999999999,8.461848703459093,9.879818416113716,9.654273263406617,10.084924,9.55721933457766,2026-04
2026-04-29,ITA US 01/15/27 C250 Equity,2026-05-06,9.899999999999999,7.0,6.40726723911301,7.0,6.40726723911301,8.33023717040209,6.934546468051419,6.316071,7.587610714208814,2026-04
2026-04-29,ITA US 12/18/26 C250 Equity,2026-05-06,8.75,6.050000000000001,5.476628121580786,6.050000000000001,5.476628121580786,6.958663819007844,6.072833049291358,5.7781544,6.490013365458273,2026-04
2026-04-29,ITA US 07/17/26 C250 Equity,2026-05-06,2.2,1.9749999999999999,1.714482554084335,1.9749999999999999,1.714482554084335,3.764331323719315,2.7877245677598292,2.1402788,2.419738760545882,2026-04
2026-04-29,ITA US 01/15/27 C240 Equity,2026-05-06,13.2,9.649999999999999,8.963887429404092,9.649999999999999,8.963887429404092,11.183663379231074,10.116462701507626,9.495463,10.2888435793458,2026-04
2026-04-29,ITA US 10/16/26 C255 Equity,2026-05-06,4.65,3.2,2.9190565319018082,3.2,2.9190565319018082,4.841141367397034,3.548458740436306,2.900759,3.8551483229650563,2026-04
2026-04-30,ITA US 10/16/26 C255 Equity,2026-05-07,5.3,3.7249999999999996,3.5823299770932944,3.7249999999999996,3.5823299770932944,3.745598824826839,4.345269057151439,3.1319118,4.5572965547416455,2026-04
2026-04-30,ITA US 10/16/26 C235 Equity,2026-05-07,11.0,8.75,8.773928421151059,8.75,8.773928421151059,9.650093846802347,9.757630567830232,8.5356865,9.614156768713805,2026-04
2026-04-30,ITA US 12/18/26 C240 Equity,2026-05-07,12.0,10.2,9.886656178132736,10.2,9.886656178132736,10.744881615072435,10.599696625314687,10.324128,10.904772322570171,2026-04
2026-04-30,ITA US 01/15/27 C245 Equity,2026-05-07,11.25,9.55,8.607252745109133,9.55,8.607252745109133,10.673568305126254,10.729451526506558,9.944111,10.346918576601805,2026-04
2026-04-30,ITA US 07/17/26 C250 Equity,2026-05-07,2.1,1.9,1.5928509679784462,1.9,1.5928509679784462,1.5559368962511115,1.97149398570658,2.2925274,2.0716056108030263,2026-04
2026-04-30,ITA US 12/18/26 C245 Equity,2026-05-07,10.3,8.6,8.28126581678314,8.6,8.28126581678314,9.506120765170508,9.512055875084599,8.106386,9.379934512655522,2026-04
2026-04-30,ITA US 01/15/27 C230 Equity,2026-05-07,16.9,14.600000000000001,13.91089344024829,14.600000000000001,13.91089344024829,14.762350607969893,14.76080201115729,13.976715,15.298887987400574,2026-04
2026-04-30,ITA US 01/15/27 C235 Equity,2026-05-07,14.8,12.75,12.210226469297188,12.75,12.210226469297188,13.49571321913992,13.230047844920243,11.926139,13.422195025491549,2026-04
2026-04-30,ITA US 10/16/26 C230 Equity,2026-05-07,12.75,10.3,10.120778666899216,10.3,10.120778666899216,10.735512252803325,10.845989095632781,9.7132,10.907599193276212,2026-04
2026-04-30,ITA US 10/16/26 C250 Equity,2026-05-07,6.35,5.7,5.615971492422752,5.7,5.615971492422752,5.215560730648114,6.0372962910267844,4.134436,6.496188888074488,2026-04
2026-04-30,ITA US 12/18/26 C235 Equity,2026-05-07,13.6,11.65,11.245685725085053,11.65,11.245685725085053,12.38168830964497,12.085018930817396,11.2559,12.348324976621438,2026-04
2026-04-30,ITA US 10/16/26 C240 Equity,2026-05-07,9.1,7.0,6.860325779155882,7.0,6.860325779155882,6.87084800594047,7.68076738432606,7.4245563,7.966056267124271,2026-04
2026-04-30,ITA US 01/15/27 C240 Equity,2026-05-07,12.85,11.15,10.792510142714622,11.15,10.792510142714622,12.004793756793323,11.790871615651035,10.707135,11.842829453155787,2026-04
2026-04-30,ITA US 01/15/27 C250 Equity,2026-05-07,10.05,8.55,8.178472089626958,8.55,8.178472089626958,8.611847997730145,8.392059965243899,6.996375,9.186556896788021,2026-04
2026-04-30,ITA US 10/16/26 C245 Equity,2026-05-07,7.55,6.25,6.012409846344448,6.25,6.012409846344448,5.685348980896627,6.399838448071014,5.521035,6.9519325580260665,2026-04
2026-04-30,ITA US 12/18/26 C230 Equity,2026-05-07,15.649999999999999,13.399999999999999,12.84966947864695,13.399999999999999,12.84966947864695,13.8134723274597,13.485800185274355,13.310233,14.146389422379647,2026-04
2026-04-30,ITA US 12/18/26 C250 Equity,2026-05-07,8.7,8.05,7.0592310793099555,8.05,7.0592310793099555,7.449825651098118,8.308074282296996,6.2767234,8.814048555789302,2026-04
2026-04-30,ITA US 07/17/26 C230 Equity,2026-05-07,7.25,5.45,5.115388609831934,5.45,5.115388609831934,5.971775912310733,5.794782969389397,6.516041,6.109909378511604,2026-04
2026-05-01,ITA US 12/18/26 C250 Equity,2026-05-08,8.85,6.8,6.218763380245324,6.8,6.218763380245324,10.646518008547265,9.683108077024979,9.087212,9.39278372040948,2026-05
2026-05-01,ITA US 12/18/26 C245 Equity,2026-05-08,10.2,8.0,7.528483760247718,8.0,7.528483760247718,11.86329960058531,10.709235848479267,9.812769,10.441329740965596,2026-05
2026-05-01,ITA US 10/16/26 C240 Equity,2026-05-08,9.2,7.3,6.694698561258049,7.3,6.694698561258049,10.684774700891062,9.645236952550432,8.588437,9.720558790799107,2026-05
2026-05-01,ITA US 12/18/26 C235 Equity,2026-05-08,14.2,11.0,10.091801451401944,11.0,10.091801451401944,14.221447292115215,13.130902239559209,14.331448,13.26265561080647,2026-05
2026-05-01,ITA US 01/15/27 C245 Equity,2026-05-08,11.5,9.65,8.648863772853998,9.65,8.648863772853998,12.75144550423164,11.849567519617402,12.377881,11.99097077016443,2026-05
2026-05-01,ITA US 10/16/26 C235 Equity,2026-05-08,10.8,8.7,8.08309598611025,8.7,8.08309598611025,12.231488876756249,11.025241473207434,10.888319,10.895749630272359,2026-05
2026-05-01,ITA US 12/18/26 C240 Equity,2026-05-08,12.25,9.1,8.133663601730756,9.1,8.133663601730756,11.874801651088415,10.884986261089349,12.481675,11.022793714390708,2026-05
2026-05-01,ITA US 07/17/26 C230 Equity,2026-05-08,7.0,4.699999999999999,4.6510914397100205,4.699999999999999,4.6510914397100205,7.440703169144226,6.35835233292924,5.374381,6.443304814295589,2026-05
2026-05-01,ITA US 10/16/26 C230 Equity,2026-05-08,12.8,9.399999999999999,8.886112303545273,9.399999999999999,8.886112303545273,11.610268659704285,10.738487531135934,12.728233,10.958479508292356,2026-05
2026-05-01,ITA US 07/17/26 C250 Equity,2026-05-08,2.4749999999999996,1.6,1.324573847907398,1.6,1.324573847907398,4.666212993725454,3.730850797226296,2.275788,3.9960955564045815,2026-05
2026-05-01,ITA US 01/15/27 C250 Equity,2026-05-08,10.05,8.2,7.358676280946398,8.2,7.358676280946398,11.843427303340757,10.496484129810515,9.9407625,10.525159798273036,2026-05
2026-05-01,ITA US 10/16/26 C255 Equity,2026-05-08,5.25,4.25,3.7828197852538388,4.25,3.7828197852538388,7.751808002232013,6.920034138732518,3.8872972,6.95783241699133,2026-05
2026-05-01,ITA US 12/18/26 C230 Equity,2026-05-08,16.2,12.85,12.071051817081457,12.85,12.071051817081457,15.634766075138515,14.60481705147855,15.745868,15.003418925810205,2026-05
2026-05-01,ITA US 01/15/27 C230 Equity,2026-05-08,17.25,14.1,12.897082699360844,14.1,12.897082699360844,16.979209608755756,15.897986164354405,16.930864,16.153059955009038,2026-05
2026-05-01,ITA US 10/16/26 C245 Equity,2026-05-08,7.6499999999999995,6.050000000000001,5.5500842618834945,6.050000000000001,5.5500842618834945,10.049736148711602,8.87087383813378,5.917751,8.577396447661013,2026-05
2026-05-01,ITA US 01/15/27 C235 Equity,2026-05-08,15.0,11.75,10.62829637067747,11.75,10.62829637067747,14.486550200840515,13.537816706658509,15.508521,13.741283089147197,2026-05
2026-05-01,ITA US 10/16/26 C250 Equity,2026-05-08,6.4,5.0,4.5058365601832895,5.0,4.5058365601832895,8.866846690605733,7.702459958445921,5.2938285,7.59278372040948,2026-05
2026-05-01,ITA US 01/15/27 C240 Equity,2026-05-08,13.4,10.6,9.536778224295203,10.6,9.536778224295203,14.541824909690282,13.374305714926743,13.720679,13.15437075186733,2026-05
2026-05-04,ITA US 10/16/26 C255 Equity,2026-05-11,5.2,3.6500000000000004,3.1292052422208236,3.6500000000000004,3.1292052422208236,6.477255178256023,6.006047404141981,3.4388356,5.979369768951031,2026-05
2026-05-04,ITA US 10/16/26 C235 Equity,2026-05-11,11.55,7.85,7.092946963219972,7.85,7.092946963219972,10.76368070669928,10.05031465117157,9.692301,9.836966298959663,2026-05
2026-05-04,ITA US 01/15/27 C235 Equity,2026-05-11,16.0,11.5,10.344208730551031,11.5,10.344208730551031,13.077499546504153,12.700897817400536,14.537539,13.319701347624385,2026-05
2026-05-04,ITA US 07/17/26 C250 Equity,2026-05-11,2.375,1.375,1.0387881960502727,1.375,1.0387881960502727,2.15199238199377,1.9937990775424694,2.3174307,2.852188951637044,2026-05
2026-05-04,ITA US 12/18/26 C245 Equity,2026-05-11,10.9,7.699999999999999,6.555848096852082,7.699999999999999,6.555848096852082,10.121080252442269,9.681740644359746,9.469168,9.830930983392461,2026-05
2026-05-04,ITA US 01/15/27 C230 Equity,2026-05-11,18.3,13.25,12.01873638060972,13.25,12.01873638060972,15.312728920920812,14.763867827324205,16.79446,15.076204438867403,2026-05
2026-05-04,ITA US 12/18/26 C230 Equity,2026-05-11,17.1,12.1,11.18937087422757,12.1,11.18937087422757,13.584852937871993,13.13368985070111,15.394157,13.692033506998014,2026-05
2026-05-04,ITA US 12/18/26 C250 Equity,2026-05-11,9.350000000000001,6.4,5.7157966232915065,6.4,5.7157966232915065,8.462229108026033,8.18485687376888,9.04869,8.481076487168156,2026-05
2026-05-04,ITA US 12/18/26 C240 Equity,2026-05-11,12.850000000000001,9.100000000000001,8.152995109912759,9.100000000000001,8.152995109912759,10.695008907641538,10.315110665692421,12.282061,10.943151250741465,2026-05
2026-05-04,ITA US 01/15/27 C250 Equity,2026-05-11,10.45,7.5,6.577055903994476,7.5,6.577055903994476,10.564110209693046,9.894410116643897,9.67139,9.610780877912383,2026-05
2026-05-04,ITA US 10/16/26 C250 Equity,2026-05-11,6.35,4.55,3.9468035704656863,4.55,3.9468035704656863,6.877657818626052,6.568214451278589,4.32334,6.798341438503433,2026-05
2026-05-04,ITA US 10/16/26 C230 Equity,2026-05-11,13.75,9.7,8.752207063037826,9.7,8.752207063037826,10.831624541846294,10.431855279250598,12.912284,11.358939487532126,2026-05
2026-05-04,ITA US 12/18/26 C235 Equity,2026-05-11,14.8,10.600000000000001,9.576116549759641,10.600000000000001,9.576116549759641,13.08060500288488,12.569354977128825,13.564813,12.68732526976083,2026-05
2026-05-04,ITA US 07/17/26 C230 Equity,2026-05-11,7.5,4.5,3.94286132290624,4.5,3.94286132290624,6.2705719053898195,5.743240722124421,4.903379,5.87702330128993,2026-05
2026-05-04,ITA US 01/15/27 C245 Equity,2026-05-11,12.15,8.75,7.729975157509494,8.75,7.729975157509494,11.265213659403209,10.715965748107829,11.934017,10.780572012591296,2026-05
2026-05-04,ITA US 10/16/26 C245 Equity,2026-05-11,8.05,5.65,4.956985345192634,5.65,4.956985345192634,7.965426470937966,7.558516562706379,6.044786,7.613666032057186,2026-05
2026-05-04,ITA US 01/15/27 C240 Equity,2026-05-11,13.75,10.0,9.038997533181634,10.0,9.038997533181634,12.346274301100598,11.875044768216096,13.246731,11.910057231275575,2026-05
2026-05-04,ITA US 10/16/26 C240 Equity,2026-05-11,9.55,6.6,5.809759132577081,6.6,5.809759132577081,9.087059948749237,8.567157878661463,8.880014,8.576963211809685,2026-05
2026-05-05,ITA US 12/18/26 C245 Equity,2026-05-12,10.5,7.6,6.925435044228294,7.6,6.925435044228294,9.85016675465451,9.798337326727562,8.861451,9.446676818473021,2026-05
2026-05-05,ITA US 10/16/26 C240 Equity,2026-05-12,9.05,6.55,6.13972682714577,6.55,6.13972682714577,8.587933015875015,8.431372787764507,8.064843,8.093855713900608,2026-05
2026-05-05,ITA US 01/15/27 C240 Equity,2026-05-12,13.45,10.399999999999999,9.420544462002516,10.399999999999999,9.420544462002516,12.668418969794924,12.43221332321286,13.168793,12.226191242371861,2026-05
2026-05-05,ITA US 10/16/26 C255 Equity,2026-05-12,5.35,3.675,3.3166513951709824,3.675,3.3166513951709824,5.723505982350304,5.7681111716683215,3.2706616,5.570197883051682,2026-05
2026-05-05,ITA US 10/16/26 C250 Equity,2026-05-12,6.25,4.45,4.098888580635163,4.45,4.098888580635163,6.263986996952891,6.3600941281692025,3.5801516,6.280591887478909,2026-05
2026-05-05,ITA US 12/18/26 C240 Equity,2026-05-12,12.25,9.2,8.421295544325131,9.2,8.421295544325131,11.423242663086135,11.27182746910157,11.692503,11.093097222905973,2026-05
2026-05-05,ITA US 01/15/27 C250 Equity,2026-05-12,10.05,7.45,6.755984916070609,7.45,6.755984916070609,10.419076744259371,10.182278656967785,9.25505,9.266299623373158,2026-05
2026-05-05,ITA US 12/18/26 C250 Equity,2026-05-12,8.9,5.95,5.221446213759901,5.95,5.221446213759901,7.843863442071449,7.939723035978981,6.603335,7.586188501976043,2026-05
2026-05-05,ITA US 01/15/27 C235 Equity,2026-05-12,15.45,11.9,10.839498997815193,11.9,10.839498997815193,13.452813461044926,13.35851255388679,14.927836,13.568585580021804,2026-05
2026-05-05,ITA US 07/17/26 C230 Equity,2026-05-12,7.65,4.35,3.9253147896225915,4.35,3.9253147896225915,5.215126167902508,5.155360271103445,4.147106,5.307505523410795,2026-05
2026-05-05,ITA US 01/15/27 C230 Equity,2026-05-12,17.55,13.6,12.657598704240913,13.6,12.657598704240913,15.208226298431725,14.974817032075732,16.188643,15.107464974018495,2026-05
2026-05-05,ITA US 10/16/26 C245 Equity,2026-05-12,7.3999999999999995,5.25,4.796661650400815,5.25,4.796661650400815,6.2145786878009615,6.186753503292664,5.0903397,6.412905406797099,2026-05
2026-05-05,ITA US 10/16/26 C235 Equity,2026-05-12,10.9,7.95,7.450633058896855,7.95,7.450633058896855,10.08043125682271,9.815510938321534,9.218028,9.451320628686528,2026-05
2026-05-05,ITA US 01/15/27 C245 Equity,2026-05-12,11.65,8.75,7.997008279405344,8.75,7.997008279405344,10.759706057345014,10.610160675622964,11.512828,10.429411867137743,2026-05
2026-05-05,ITA US 12/18/26 C230 Equity,2026-05-12,16.45,12.3,11.361854726226502,12.3,11.361854726226502,13.825004700810439,13.666071290753765,14.428655,13.941276935086716,2026-05
2026-05-05,ITA US 10/16/26 C230 Equity,2026-05-12,13.25,9.4,8.789985391496579,9.4,8.789985391496579,11.034839548737116,10.909747076306383,12.199868,10.974370954552604,2026-05
2026-05-05,ITA US 12/18/26 C235 Equity,2026-05-12,14.3,10.55,9.603646153582648,10.55,9.603646153582648,12.72772545605465,12.599800489731585,12.842418,12.318944550822971,2026-05
2026-05-05,ITA US 07/17/26 C250 Equity,2026-05-12,2.6,1.1749999999999998,0.9535763765394937,1.1749999999999998,0.9535763765394937,0.7020388300339153,0.9083169682911141,1.6592882,2.1859936259360486,2026-05
2026-05-06,ITA US 10/16/26 C255 Equity,2026-05-13,5.0,4.65,4.326341350101419,4.65,4.326341350101419,6.963657663983438,7.0750302308806905,5.3406653,6.019339236603443,2026-05
2026-05-06,ITA US 01/15/27 C230 Equity,2026-05-13,18.15,16.95,16.32130654089286,16.95,16.32130654089286,17.683577642880117,17.42055979650354,19.857868,17.801725658444923,2026-05
2026-05-06,ITA US 01/15/27 C240 Equity,2026-05-13,13.75,13.2,12.486762239567947,13.2,12.486762239567947,15.001405791919595,14.82334193883291,17.597775,14.409342878421366,2026-05
2026-05-06,ITA US 10/16/26 C250 Equity,2026-05-13,6.55,6.25,5.863148082535769,6.25,5.863148082535769,7.67972824974553,7.916237005818387,6.7462044,7.186830261733759,2026-05
2026-05-06,ITA US 07/17/26 C230 Equity,2026-05-13,7.65,7.1,6.499491711460196,7.1,6.499491711460196,6.6646965122507416,7.128441598826342,9.691895,7.583742765507313,2026-05
2026-05-06,ITA US 01/15/27 C245 Equity,2026-05-13,11.5,11.100000000000001,10.502512709063513,11.100000000000001,10.502512709063513,12.892098705311016,12.758116790311977,15.406214,12.265474986461651,2026-05
2026-05-06,ITA US 10/16/26 C240 Equity,2026-05-13,8.8,8.55,7.957088022450282,8.55,7.957088022450282,10.193927490244521,10.202230017416266,10.810441,9.658983907620202,2026-05
2026-05-06,ITA US 12/18/26 C235 Equity,2026-05-13,14.75,13.65,12.798606515037967,13.65,12.798606515037967,14.615374520963552,14.611215204821733,17.112858,14.665623095778969,2026-05
2026-05-06,ITA US 12/18/26 C245 Equity,2026-05-13,10.35,10.55,9.915922511193921,10.55,9.915922511193921,12.176018330532475,12.134683028550901,14.355803,11.422457629253019,2026-05
2026-05-06,ITA US 12/18/26 C250 Equity,2026-05-13,8.85,8.75,8.015117627985916,8.75,8.015117627985916,10.00519709788255,10.380499248698941,12.3580265,9.824252658170355,2026-05
2026-05-06,ITA US 10/16/26 C235 Equity,2026-05-13,10.9,10.3,9.864596043679265,10.3,9.864596043679265,11.780662734824219,11.61030282433225,14.249631,11.215264124977802,2026-05
2026-05-06,ITA US 12/18/26 C240 Equity,2026-05-13,12.95,11.75,10.894797343555405,11.75,10.894797343555405,13.247866332376347,13.285106223088434,15.826771,12.82956069495058,2026-05
2026-05-06,ITA US 12/18/26 C230 Equity,2026-05-13,16.75,15.9,15.044879338478037,15.9,15.044879338478037,16.118162794205144,16.15168323310515,18.842152,16.737014052110116,2026-05
2026-05-06,ITA US 01/15/27 C250 Equity,2026-05-13,10.2,9.899999999999999,9.32532012051642,9.899999999999999,9.32532012051642,12.255866028344045,12.076283819562612,14.041592,10.879927065394048,2026-05
2026-05-06,ITA US 10/16/26 C245 Equity,2026-05-13,7.95,6.9,6.529057457780007,6.9,6.529057457780007,8.27720122454633,8.356984406583514,8.965401,7.998569005927539,2026-05
2026-05-06,ITA US 01/15/27 C235 Equity,2026-05-13,15.649999999999999,14.850000000000001,14.272869760512425,14.850000000000001,14.272869760512425,15.726986712788221,15.633197612759922,18.342068,15.798717115244859,2026-05
2026-05-06,ITA US 07/17/26 C250 Equity,2026-05-13,2.925,2.2,1.8601184186068844,2.2,1.8601184186068844,2.514850037989527,3.411015234776201,3.609797,2.9694271462440276,2026-05
2026-05-06,ITA US 10/16/26 C230 Equity,2026-05-13,13.3,12.55,12.111319874617966,12.55,12.111319874617966,12.827509124791895,12.94055549511392,16.80637,13.286655081308947,2026-05
2026-05-07,ITA US 12/18/26 C240 Equity,2026-05-14,12.75,12.0,11.070441103146244,12.0,11.070441103146244,13.323399882237858,12.168059919161804,14.066937,12.839709303732153,2026-05
2026-05-07,ITA US 01/15/27 C240 Equity,2026-05-14,13.3,12.85,12.065620296343155,12.85,12.065620296343155,15.030924091401243,13.660280690112224,15.287762,13.856974255067431,2026-05
2026-05-07,ITA US 01/15/27 C235 Equity,2026-05-14,15.399999999999999,14.8,13.836680954985011,14.8,13.836680954985011,16.216067903630705,14.953105191961583,16.74606,15.747367256887417,2026-05
2026-05-07,ITA US 12/18/26 C250 Equity,2026-05-14,8.600000000000001,8.7,7.9113614335302715,8.7,7.9113614335302715,10.991934441119149,9.799015470979032,9.870456,9.711163825928475,2026-05
2026-05-07,ITA US 07/17/26 C250 Equity,2026-05-14,2.1500000000000004,2.1,1.8183916104115372,2.1,1.8183916104115372,4.134584950798493,2.9636574084011507,2.7029812,2.8795699003897206,2026-05
2026-05-07,ITA US 10/16/26 C255 Equity,2026-05-14,5.3,5.3,5.110445419282524,5.3,5.110445419282524,8.04371265092675,6.793609942719465,5.3420887,6.599950886110335,2026-05
2026-05-07,ITA US 01/15/27 C250 Equity,2026-05-14,10.0,10.05,9.301772946233449,10.05,9.301772946233449,13.086706291325177,11.503712196260754,12.277876,11.184912631374402,2026-05
2026-05-07,ITA US 12/18/26 C235 Equity,2026-05-14,14.0,13.6,12.634247865100308,13.6,12.634247865100308,15.225187429898927,13.976910584813373,15.392047,14.399263031713442,2026-05
2026-05-07,ITA US 10/16/26 C230 Equity,2026-05-14,12.85,12.75,12.384772176856856,12.75,12.384772176856856,14.019836720262864,12.764243142938723,15.3150215,13.519072115890731,2026-05
2026-05-07,ITA US 10/16/26 C245 Equity,2026-05-14,7.35,7.55,7.049054485276237,7.55,7.049054485276237,9.2980616453667,8.163225914392559,8.7101755,8.579723798753545,2026-05
2026-05-07,ITA US 10/16/26 C240 Equity,2026-05-14,8.85,9.1,8.6077786781927,9.1,8.6077786781927,11.23231029411728,9.99273921904109,11.960189,10.207333225868597,2026-05
2026-05-07,ITA US 12/18/26 C230 Equity,2026-05-14,16.3,15.649999999999999,14.65745751833275,15.649999999999999,14.65745751833275,17.11130134534538,15.934036714807325,17.081404,16.52949424231419,2026-05
2026-05-07,ITA US 01/15/27 C245 Equity,2026-05-14,11.3,11.25,10.33437473142885,11.25,10.33437473142885,13.360485246862991,12.05211795992524,13.568148,12.346629779287657,2026-05
2026-05-07,ITA US 10/16/26 C250 Equity,2026-05-14,6.65,6.35,5.87887409868966,6.35,5.87887409868966,8.253083646588728,6.983669965738568,6.267659,7.217288709237958,2026-05
2026-05-07,ITA US 07/17/26 C230 Equity,2026-05-14,6.949999999999999,7.25,6.772733954347176,7.25,6.772733954347176,9.059513292768521,7.7598077170129045,8.871789,8.134142693026707,2026-05
2026-05-07,ITA US 10/16/26 C235 Equity,2026-05-14,10.600000000000001,11.0,10.466482480968457,11.0,10.466482480968457,12.880054146041164,11.462665525745162,13.409683,11.880461276353303,2026-05
2026-05-07,ITA US 12/18/26 C245 Equity,2026-05-14,10.35,10.3,9.443326732105538,10.3,9.443326732105538,12.683037991062358,11.23625661802103,12.301667,11.29627080848649,2026-05
2026-05-07,ITA US 01/15/27 C230 Equity,2026-05-14,17.6,16.9,15.919735841824412,16.9,15.919735841824412,18.296633822480814,16.946123353426177,18.758865,17.817595683293764,2026-05
2026-05-08,ITA US 10/16/26 C250 Equity,2026-05-15,3.7,6.4,6.044018427410096,6.4,6.044018427410096,8.369860179575788,7.389266097828418,8.620819,7.132292444164843,2026-05
2026-05-08,ITA US 01/15/27 C250 Equity,2026-05-15,8.2,10.05,9.251950237645952,10.05,9.251950237645952,13.05435647267932,11.899319908106168,12.950801,11.294769126908049,2026-05
2026-05-08,ITA US 10/16/26 C235 Equity,2026-05-15,7.6,10.8,10.262521943062703,10.8,10.262521943062703,13.236431910339812,12.064798566551879,13.844351,11.64489096675423,2026-05
2026-05-08,ITA US 10/16/26 C240 Equity,2026-05-15,6.45,9.2,8.735856307969565,9.2,8.735856307969565,10.582768366611065,9.591775610413126,12.68653,9.65119167118553,2026-05
2026-05-08,ITA US 01/15/27 C245 Equity,2026-05-15,9.399999999999999,11.5,10.778884378075752,11.5,10.778884378075752,13.706593625802615,12.738600818688678,14.378633,12.624570376929421,2026-05
2026-05-08,ITA US 01/15/27 C235 Equity,2026-05-15,12.5,15.0,14.19005139552139,15.0,14.19005139552139,16.446054323497602,15.58582429430906,17.662252,16.00812614049207,2026-05
2026-05-08,ITA US 12/18/26 C245 Equity,2026-05-15,8.15,10.2,9.3325827688241,10.2,9.3325827688241,12.637590902223966,11.64047172760587,12.95573,11.183261216815545,2026-05
2026-05-08,ITA US 10/16/26 C255 Equity,2026-05-15,3.0,5.25,4.847896160647052,5.25,4.847896160647052,8.338437376755552,7.215707069085919,5.797808,6.511570426792424,2026-05
2026-05-08,ITA US 10/16/26 C230 Equity,2026-05-15,9.149999999999999,12.8,12.23225049026308,12.8,12.23225049026308,14.232609375309135,13.330179215544533,16.505884,13.607002967008746,2026-05
2026-05-08,ITA US 01/15/27 C230 Equity,2026-05-15,14.35,17.25,16.39177367285835,17.25,16.39177367285835,18.459703109622932,17.522168354185016,19.905016,18.127657547065684,2026-05
2026-05-08,ITA US 01/15/27 C240 Equity,2026-05-15,10.85,13.4,12.538313660247198,13.4,12.538313660247198,15.152652284594804,14.156211631583702,16.376389,14.36769813152617,2026-05
2026-05-08,ITA US 12/18/26 C230 Equity,2026-05-15,13.4,16.2,15.276014067908243,16.2,15.276014067908243,17.477916705030317,16.707968178418987,18.64266,17.244922498400964,2026-05
2026-05-08,ITA US 10/16/26 C245 Equity,2026-05-15,4.65,7.6499999999999995,7.158213208230791,7.6499999999999995,7.158213208230791,10.039833879417653,9.07903890427681,9.424849,8.80802336719648,2026-05
2026-05-08,ITA US 12/18/26 C235 Equity,2026-05-15,11.75,14.2,13.253359234690057,14.2,13.253359234690057,16.26696384994858,15.30442774440688,16.739115,15.251642286381424,2026-05
2026-05-08,ITA US 07/17/26 C230 Equity,2026-05-15,3.95,7.0,6.578986436597179,7.0,6.578986436597179,8.343024360593603,7.421752329161833,9.992002,7.239979287609746,2026-05
2026-05-08,ITA US 12/18/26 C250 Equity,2026-05-15,6.6,8.85,8.074337550864456,8.85,8.074337550864456,11.20623274406675,10.386415668237127,12.09283,9.998439933704319,2026-05
2026-05-08,ITA US 12/18/26 C240 Equity,2026-05-15,10.25,12.25,11.364204315769651,12.25,11.364204315769651,14.086921055854793,13.157858795774755,14.921817,13.384963082861452,2026-05
2026-05-08,ITA US 07/17/26 C250 Equity,2026-05-15,0.875,2.4749999999999996,2.1947018265168103,2.4749999999999996,2.1947018265168103,5.221047385047148,4.395483095981723,3.819317,3.7699486123086308,2026-05
2026-05-11,ITA US 10/16/26 C250 Equity,2026-05-18,4.65,6.35,6.109883490585929,6.35,6.109883490585929,7.949480906184319,7.353899964528652,6.861124,6.8672492602153525,2026-05
2026-05-11,ITA US 12/18/26 C240 Equity,2026-05-18,10.399999999999999,12.850000000000001,12.375117218442965,12.850000000000001,12.375117218442965,13.712399640659987,13.207236204044989,15.226207,13.255889512924176,2026-05
2026-05-11,ITA US 07/17/26 C250 Equity,2026-05-18,1.625,2.375,2.0273566566419357,2.375,2.0273566566419357,3.185699878262822,2.711125199114502,3.5715191,2.2549087344171856,2026-05
2026-05-11,ITA US 10/16/26 C255 Equity,2026-05-18,3.5250000000000004,5.2,4.871219476199117,5.2,4.871219476199117,7.598107425889114,6.987587492092221,5.5420847,6.035858626971261,2026-05
2026-05-11,ITA US 01/15/27 C245 Equity,2026-05-18,9.75,12.15,11.542435235292247,12.15,11.542435235292247,13.062859013718146,12.470791970169591,14.957049,12.445930541928012,2026-05
2026-05-11,ITA US 10/16/26 C240 Equity,2026-05-18,6.75,9.55,9.30496606719968,9.55,9.30496606719968,10.80228730648541,10.036621183184806,12.527446,9.888983532390064,2026-05
2026-05-11,ITA US 12/18/26 C245 Equity,2026-05-18,8.7,10.9,10.378131495339584,10.9,10.378131495339584,11.891127608375335,11.346962562578042,13.242594,11.162477551660956,2026-05
2026-05-11,ITA US 12/18/26 C250 Equity,2026-05-18,7.3,9.350000000000001,8.822161113924373,9.350000000000001,8.822161113924373,10.00521293259628,9.621575459569188,11.974746,9.59962533807891,2026-05
2026-05-11,ITA US 07/17/26 C230 Equity,2026-05-18,4.85,7.5,6.982352536187664,7.5,6.982352536187664,7.488575434289646,7.150669246120466,9.725989,7.17190125437515,2026-05
2026-05-11,ITA US 10/16/26 C235 Equity,2026-05-18,8.399999999999999,11.55,11.311869613450071,11.55,11.311869613450071,12.818140097887358,12.121323628409302,14.051365,11.8616791229258,2026-05
2026-05-11,ITA US 12/18/26 C235 Equity,2026-05-18,12.05,14.8,14.283145565346597,14.8,14.283145565346597,16.011818985534564,15.432551058686608,16.612051,15.182614881057345,2026-05
2026-05-11,ITA US 01/15/27 C230 Equity,2026-05-18,15.0,18.3,17.717832577921154,18.3,17.717832577921154,18.139379894718253,17.568307662946804,19.602224,18.413442178986816,2026-05
2026-05-11,ITA US 10/16/26 C230 Equity,2026-05-18,10.2,13.75,13.527603695614502,13.75,13.527603695614502,14.290642945629159,13.836196722763205,16.618876,13.956303950742322,2026-05
2026-05-11,ITA US 01/15/27 C250 Equity,2026-05-18,8.6,10.45,9.89171912240228,10.45,9.89171912240228,11.994092911985975,11.30603383494625,13.205944,10.83343729914713,2026-05
2026-05-11,ITA US 01/15/27 C235 Equity,2026-05-18,13.15,16.0,15.419431377493831,16.0,15.419431377493831,15.884006369053921,15.436182883988515,17.919483,16.144414171590522,2026-05
2026-05-11,ITA US 10/16/26 C245 Equity,2026-05-18,6.0,8.05,7.7031017551525975,8.05,7.7031017551525975,9.32673522557607,8.822374653118363,9.44441,8.479742502996235,2026-05
2026-05-11,ITA US 01/15/27 C240 Equity,2026-05-18,11.4,13.75,13.169764235124209,13.75,13.169764235124209,15.306730055565186,14.629878611640764,16.026348,14.151241062211659,2026-05
2026-05-11,ITA US 12/18/26 C230 Equity,2026-05-18,14.05,17.1,16.6806009972062,17.1,16.6806009972062,17.173412993228148,16.740910802822462,19.121601,17.41416012058915,2026-05
2026-05-12,ITA US 01/15/27 C230 Equity,2026-05-19,14.4,17.55,17.136076661575842,17.55,17.136076661575842,16.86570837460257,16.411210716139223,16.98508,17.219208204205326,2026-05
2026-05-12,ITA US 07/17/26 C230 Equity,2026-05-19,4.65,7.65,7.424599171956348,7.65,7.424599171956348,7.163667754760766,6.877470137046426,8.552108,7.08128867281311,2026-05
2026-05-12,ITA US 10/16/26 C250 Equity,2026-05-19,5.0,6.25,6.042707623634723,6.25,6.042707623634723,6.732475771259304,6.426672104127064,5.8037148,6.251582502708338,2026-05
2026-05-12,ITA US 12/18/26 C235 Equity,2026-05-19,11.1,14.3,13.88622132378409,14.3,13.88622132378409,14.249552297896699,13.82614060242354,13.417729,14.100332198815366,2026-05
2026-05-12,ITA US 10/16/26 C230 Equity,2026-05-19,9.75,13.25,12.926660444862492,13.25,12.926660444862492,13.856606365554438,13.482482611556275,13.91157,13.09813668265625,2026-05
2026-05-12,ITA US 12/18/26 C230 Equity,2026-05-19,13.2,16.45,16.0405507510409,16.45,16.0405507510409,15.794499119967895,15.47783613397938,16.091295,16.253020165273547,2026-05
2026-05-12,ITA US 07/17/26 C250 Equity,2026-05-19,1.6749999999999998,2.6,2.3455939759612607,2.6,2.3455939759612607,3.34100920873321,2.8700990519919696,3.0482943,2.509001909027435,2026-05
2026-05-12,ITA US 10/16/26 C255 Equity,2026-05-19,3.75,5.35,5.110646423737449,5.35,5.110646423737449,6.459779181150539,6.092727031590046,4.991354,5.606859011380634,2026-05
2026-05-12,ITA US 01/15/27 C235 Equity,2026-05-19,12.55,15.45,14.881593703538579,15.45,14.881593703538579,14.93019074606183,14.559409246944172,14.497252,15.28378518908242,2026-05
2026-05-12,ITA US 10/16/26 C235 Equity,2026-05-19,7.800000000000001,10.9,10.50612774104097,10.9,10.50612774104097,11.623840677322455,11.082070858639492,11.075763,10.852885543815832,2026-05
2026-05-12,ITA US 10/16/26 C240 Equity,2026-05-19,6.300000000000001,9.05,8.857562565928703,9.05,8.857562565928703,9.912476669825987,9.39463906394231,10.4532995,9.063444598452099,2026-05
2026-05-12,ITA US 12/18/26 C250 Equity,2026-05-19,6.9,8.9,8.426756926691878,8.9,8.426756926691878,9.080890537031948,8.689757731653945,9.916015,8.905331102231166,2026-05
2026-05-12,ITA US 01/15/27 C240 Equity,2026-05-19,10.75,13.45,13.013704252438016,13.45,13.013704252438016,13.872805436735439,13.409863906466747,12.768174,13.377797233985742,2026-05
2026-05-12,ITA US 01/15/27 C250 Equity,2026-05-19,7.65,10.05,9.599669728253279,10.05,9.599669728253279,10.870873651264418,10.236023602686656,10.183367,10.021878111964112,2026-05
2026-05-12,ITA US 12/18/26 C245 Equity,2026-05-19,8.3,10.5,9.98406201576194,10.5,9.98406201576194,11.20305133261347,10.65579088943233,10.574619,10.455489752278348,2026-05
2026-05-12,ITA US 10/16/26 C245 Equity,2026-05-19,5.75,7.3999999999999995,7.086478564920609,7.3999999999999995,7.086478564920609,8.145279615083714,7.743108454221681,7.707112,7.414617355692196,2026-05
2026-05-12,ITA US 12/18/26 C240 Equity,2026-05-19,9.8,12.25,11.834830834938446,12.25,11.834830834938446,12.249313037888559,11.845408008361893,11.926614,12.110891253451632,2026-05
2026-05-12,ITA US 01/15/27 C245 Equity,2026-05-19,9.4,11.65,11.191486696616101,11.65,11.191486696616101,12.06360096936239,11.530460975144663,11.433445,11.601459974680916,2026-05
2026-05-13,ITA US 12/18/26 C250 Equity,2026-05-20,7.9,8.85,8.257805064776218,8.85,8.257805064776218,9.028918277091742,8.90242757798387,8.634639,8.984631322902322,2026-05
2026-05-13,ITA US 01/15/27 C245 Equity,2026-05-20,10.35,11.5,11.197134855191162,11.5,11.197134855191162,12.001044903703466,11.624861480792674,9.856327,11.513756807136994,2026-05
2026-05-13,ITA US 12/18/26 C230 Equity,2026-05-20,15.35,16.75,16.224616950676264,16.75,16.224616950676264,15.877568278513124,15.721191122270858,16.74544,16.648452354254403,2026-05
2026-05-13,ITA US 01/15/27 C230 Equity,2026-05-20,16.4,18.15,17.916756121002596,18.15,17.916756121002596,17.796074352835596,17.371581768538135,17.384102,17.797498371668315,2026-05
2026-05-13,ITA US 01/15/27 C240 Equity,2026-05-20,12.35,13.75,13.467687694642542,13.75,13.467687694642542,13.746267221757899,13.345457391728809,11.844163,13.524563052170334,2026-05
2026-05-13,ITA US 12/18/26 C235 Equity,2026-05-20,13.0,14.75,14.255012133762214,14.75,14.255012133762214,14.632645538722963,14.287110565604685,12.754017,14.746233741954633,2026-05
2026-05-13,ITA US 12/18/26 C245 Equity,2026-05-20,9.4,10.35,9.848313676521295,10.35,9.848313676521295,10.92652117598545,10.627224335979204,9.277316,10.397209797404049,2026-05
2026-05-13,ITA US 12/18/26 C240 Equity,2026-05-20,11.1,12.95,12.47680331556833,12.95,12.47680331556833,13.518752443780034,13.1894220849841,11.762993,13.307975493045094,2026-05
2026-05-13,ITA US 01/15/27 C235 Equity,2026-05-20,14.05,15.649999999999999,15.408253534513149,15.649999999999999,15.408253534513149,15.006666605550903,14.76556232233205,13.696931,15.445515800352297,2026-05
2026-05-13,ITA US 10/16/26 C250 Equity,2026-05-20,5.25,6.55,6.257173805104765,6.55,6.257173805104765,5.948002643985955,5.8335866820509725,6.5158095,6.149383478629434,2026-05
2026-05-13,ITA US 10/16/26 C230 Equity,2026-05-20,11.0,13.3,12.99473653631454,13.3,12.99473653631454,12.757218493421531,12.685706330155567,12.844036,13.031187402919127,2026-05
2026-05-13,ITA US 07/17/26 C230 Equity,2026-05-20,5.9,7.65,7.402858597308873,7.65,7.402858597308873,7.103783775775744,6.749281734388988,7.77457,6.965039913379649,2026-05
2026-05-13,ITA US 10/16/26 C255 Equity,2026-05-20,4.35,5.0,4.742069324186945,5.0,4.742069324186945,6.3537939699192725,6.007069383351791,4.4237323,5.319346839289589,2026-05
2026-05-13,ITA US 10/16/26 C245 Equity,2026-05-20,6.4,7.95,7.65312520440609,7.95,7.65312520440609,7.1743307373470655,7.077088578783782,7.3952174,7.461961953131161,2026-05
2026-05-13,ITA US 07/17/26 C250 Equity,2026-05-20,1.875,2.925,2.658459143239388,2.925,2.658459143239388,4.664520926473484,4.054972803361952,3.0126429,2.919156022322868,2026-05
2026-05-13,ITA US 10/16/26 C240 Equity,2026-05-20,7.5,8.8,8.493571740408177,8.8,8.493571740408177,8.974803872200443,8.77196169937072,8.939008,8.656180639039261,2026-05
2026-05-13,ITA US 10/16/26 C235 Equity,2026-05-20,9.399999999999999,10.9,10.5736684341112,10.9,10.5736684341112,11.094993087702775,10.844052099542962,9.887665,10.795874771153466,2026-05
2026-05-13,ITA US 01/15/27 C250 Equity,2026-05-20,9.15,10.2,9.749693971766247,10.2,9.749693971766247,10.960692385183274,10.484782449356633,9.097181,10.23427235210115,2026-05
2026-05-14,ITA US 01/15/27 C230 Equity,2026-05-21,16.2,17.6,16.594063180420605,17.6,16.594063180420605,17.408066824697762,17.068251750141034,17.488356,17.7239226018429,2026-05
2026-05-14,ITA US 10/16/26 C235 Equity,2026-05-21,9.5,10.600000000000001,9.90560623444164,10.600000000000001,9.90560623444164,10.804677856210526,10.57137242150087,10.222324,10.821272804553885,2026-05
2026-05-14,ITA US 07/17/26 C250 Equity,2026-05-21,1.75,2.1500000000000004,1.7923451928836003,2.1500000000000004,1.7923451928836003,3.895775390108037,3.1634570574559344,3.1668298,2.4937687085964497,2026-05
2026-05-14,ITA US 07/17/26 C230 Equity,2026-05-21,5.7,6.949999999999999,6.2964537830708975,6.949999999999999,6.2964537830708975,6.689915082862937,6.420690460459047,7.9629927,6.6916474447995355,2026-05
2026-05-14,ITA US 12/18/26 C240 Equity,2026-05-21,10.95,12.75,11.768706491475193,12.75,11.768706491475193,12.783969830606505,12.591989966365734,11.981159,12.916453847156843,2026-05
2026-05-14,ITA US 12/18/26 C230 Equity,2026-05-21,15.15,16.3,15.202916025223082,16.3,15.202916025223082,15.620944892913707,15.561132324550004,16.351969,16.557734562911122,2026-05
2026-05-14,ITA US 12/18/26 C235 Equity,2026-05-21,12.8,14.0,12.986436431588695,14.0,12.986436431588695,14.143915333647291,13.908089893704823,12.511522,14.240014188486128,2026-05
2026-05-14,ITA US 12/18/26 C245 Equity,2026-05-21,9.3,10.35,9.408672097975,10.35,9.408672097975,10.820201919232748,10.603753111677639,9.825207,10.788704239522039,2026-05
2026-05-14,ITA US 01/15/27 C240 Equity,2026-05-21,12.05,13.3,12.397470852521,13.3,12.397470852521,13.33882675433312,12.956287271946426,12.488312,13.414259472957543,2026-05
2026-05-14,ITA US 10/16/26 C230 Equity,2026-05-21,11.0,12.85,12.095906895680452,12.85,12.095906895680452,11.925032246253702,11.875764974083738,12.974173,12.873563631041733,2026-05
2026-05-14,ITA US 01/15/27 C245 Equity,2026-05-21,10.350000000000001,11.3,10.39761557758344,11.3,10.39761557758344,11.672120772891827,11.401800895477784,10.412859,11.638345268720872,2026-05
2026-05-14,ITA US 01/15/27 C235 Equity,2026-05-21,14.05,15.399999999999999,14.448221296857705,15.399999999999999,14.448221296857705,15.034975729856054,14.792547387381271,14.209206,15.621272804553882,2026-05
2026-05-14,ITA US 10/16/26 C250 Equity,2026-05-21,5.35,6.65,6.086638928206144,6.65,6.086638928206144,6.322892271411963,6.033136701483589,7.1237063,6.707403402527761,2026-05
2026-05-14,ITA US 12/18/26 C250 Equity,2026-05-21,7.85,8.600000000000001,7.732265021616247,8.600000000000001,7.732265021616247,8.704329437114442,8.689542819448576,8.3142805,9.025386295465372,2026-05
2026-05-14,ITA US 10/16/26 C240 Equity,2026-05-21,7.8,8.85,8.114099667486819,8.85,8.114099667486819,8.742614526136887,8.628046925293095,9.7381935,9.064618443758707,2026-05
2026-05-14,ITA US 10/16/26 C255 Equity,2026-05-21,4.325,5.3,4.852671302985447,5.3,4.852671302985447,6.598619314088719,6.376699796193908,5.07774,6.010095205419785,2026-05
2026-05-14,ITA US 01/15/27 C250 Equity,2026-05-21,9.2,10.0,9.15560583215211,10.0,9.15560583215211,11.240734994031765,10.785300847523215,9.422136,10.559198256533593,2026-05
2026-05-14,ITA US 10/16/26 C245 Equity,2026-05-21,6.25,7.35,6.761630842176382,7.35,6.761630842176382,7.843129205450084,7.484578980237232,7.5451856,7.721798258987927,2026-05
2026-05-15,ITA US 10/16/26 C230 Equity,2026-05-22,12.8,9.149999999999999,8.575981955070326,9.149999999999999,8.575981955070326,7.682353879678977,7.961681271710264,11.56924,9.047970143601693,2026-05
2026-05-15,ITA US 12/18/26 C245 Equity,2026-05-22,10.4,8.15,7.463169382299069,8.15,7.463169382299069,8.55540462178333,8.538796543176279,8.897874,8.857409802139793,2026-05
2026-05-15,ITA US 01/15/27 C230 Equity,2026-05-22,17.55,14.35,13.399171154496765,14.35,13.399171154496765,14.003027259111594,14.010386414037274,14.820544,14.716312007340463,2026-05
2026-05-15,ITA US 07/17/26 C230 Equity,2026-05-22,6.050000000000001,3.95,3.4743850806906607,3.95,3.4743850806906607,3.0624736367596004,3.1956247964621554,5.060883,3.824580308956934,2026-05
2026-05-15,ITA US 12/18/26 C230 Equity,2026-05-22,16.2,13.4,12.349256167678531,13.4,12.349256167678531,12.908748600722902,13.101945492088435,14.120482,13.93357695867575,2026-05
2026-05-15,ITA US 07/17/26 C250 Equity,2026-05-22,1.5499999999999998,0.875,0.7799906302561044,0.875,0.7799906302561044,-0.6498991416700033,-0.6868962135597876,2.680126,0.9480229093108896,2026-05
2026-05-15,ITA US 01/15/27 C250 Equity,2026-05-22,10.05,8.2,7.550483567980329,8.2,7.550483567980329,9.005015247068979,8.822812324206325,9.028975,8.95880920978552,2026-05
2026-05-15,ITA US 10/16/26 C245 Equity,2026-05-22,7.35,4.65,4.101240116161079,4.65,4.101240116161079,3.8006808270053103,4.040183749222173,5.3548717,4.955973918935126,2026-05
2026-05-15,ITA US 10/16/26 C255 Equity,2026-05-22,4.65,3.0,2.4096946712766796,3.0,2.4096946712766796,2.892395072743126,2.996713977009536,3.9772155,3.7068854168193144,2026-05
2026-05-15,ITA US 10/16/26 C240 Equity,2026-05-22,8.55,6.45,5.514629512512759,6.45,5.514629512512759,5.848059163846909,6.032808392467176,8.453201,6.868697847542047,2026-05
2026-05-15,ITA US 01/15/27 C240 Equity,2026-05-22,13.35,10.85,9.987976201188076,10.85,9.987976201188076,10.91855237439127,10.832723145756795,11.712763,11.40250980861026,2026-05
2026-05-15,ITA US 12/18/26 C235 Equity,2026-05-22,14.1,11.75,10.652456466017474,11.75,10.652456466017474,11.676645741192157,11.719993845978388,12.872262,12.344993995061545,2026-05
2026-05-15,ITA US 01/15/27 C245 Equity,2026-05-22,11.6,9.399999999999999,8.57025632763832,9.399999999999999,8.57025632763832,9.66732511256905,9.655706073609677,10.563213,10.140862792406846,2026-05
2026-05-15,ITA US 10/16/26 C235 Equity,2026-05-22,10.4,7.6,6.886368631769949,7.6,6.886368631769949,7.075641385101792,7.167992278667675,9.114094,7.7119405249879565,2026-05
2026-05-15,ITA US 10/16/26 C250 Equity,2026-05-22,6.15,3.7,3.3195324665281785,3.7,3.3195324665281785,2.9845215288497045,3.0105915632540707,4.4920254,4.057373326580862,2026-05
2026-05-15,ITA US 01/15/27 C235 Equity,2026-05-22,15.45,12.5,11.591272394626015,12.5,11.591272394626015,12.21895277423045,12.29480065204238,13.172421,12.994635024260377,2026-05
2026-05-15,ITA US 12/18/26 C240 Equity,2026-05-22,12.05,10.25,9.29855751535887,10.25,9.29855751535887,10.617516184444174,10.550815079502481,11.338822,11.003227750212602,2026-05
2026-05-15,ITA US 12/18/26 C250 Equity,2026-05-22,8.9,6.6,5.924815724421256,6.6,5.924815724421256,5.763065059642523,6.0089641038244785,8.403434,7.0242793071149725,2026-05
2026-05-18,ITA US 12/18/26 C240 Equity,2026-05-26,13.8,10.399999999999999,9.859896315487756,10.399999999999999,9.859896315487756,12.238431947491215,12.635788870393899,13.106699,11.867115403875768,2026-05
2026-05-18,ITA US 01/15/27 C250 Equity,2026-05-26,11.8,8.6,8.037499214823448,8.6,8.037499214823448,11.13768163463903,11.374518428089761,9.8345,10.399003195138535,2026-05
2026-05-18,ITA US 12/18/26 C245 Equity,2026-05-26,11.899999999999999,8.7,8.035188052413217,8.7,8.035188052413217,10.668952616301748,11.106134269867486,10.512609,10.36508517957494,2026-05
2026-05-18,ITA US 01/15/27 C245 Equity,2026-05-26,13.35,9.75,9.198783882701605,9.75,9.198783882701605,12.141930337815893,12.51043200976524,12.355917,11.630514727512084,2026-05
2026-05-18,ITA US 01/15/27 C235 Equity,2026-05-26,17.55,13.15,12.318016986068848,13.15,12.318016986068848,13.939707808425032,14.423372228380808,16.008615,14.514745971167603,2026-05
2026-05-18,ITA US 10/16/26 C255 Equity,2026-05-26,6.05,3.5250000000000004,3.27257125511128,3.5250000000000004,3.27257125511128,4.731080322466745,5.778919322138359,4.1143594,5.3418659583953065,2026-05
2026-05-18,ITA US 01/15/27 C240 Equity,2026-05-26,15.65,11.4,10.84763544905241,11.4,10.84763544905241,13.317662172170323,13.61633523463072,13.988263,12.976152602986888,2026-05
2026-05-18,ITA US 12/18/26 C230 Equity,2026-05-26,18.3,14.05,13.307258454079378,14.05,13.307258454079378,14.973692933589415,15.462113992039612,16.296669,15.519572840062557,2026-05
2026-05-18,ITA US 10/16/26 C235 Equity,2026-05-26,12.65,8.399999999999999,8.086952977439319,8.399999999999999,8.086952977439319,9.640177553280335,10.118041921873854,10.33839,9.798198961434657,2026-05
2026-05-18,ITA US 01/15/27 C230 Equity,2026-05-26,20.1,15.0,14.461728544068201,15.0,14.461728544068201,16.127089901762922,16.413620824971396,17.512182,16.369213869261387,2026-05
2026-05-18,ITA US 07/17/26 C250 Equity,2026-05-26,3.0999999999999996,1.625,1.3412165560504827,1.625,1.3412165560504827,2.525731158763943,3.8784751552200394,2.7534442,3.474182680539119,2026-05
2026-05-18,ITA US 10/16/26 C245 Equity,2026-05-26,8.8,6.0,5.681774255490202,6.0,5.681774255490202,6.306505871133023,7.21958055756628,6.6667066,7.378719873506252,2026-05
2026-05-18,ITA US 12/18/26 C235 Equity,2026-05-26,16.35,12.05,11.213666107657119,12.05,11.213666107657119,13.445405108071133,13.858217686401309,15.216267,13.548557932235827,2026-05
2026-05-18,ITA US 10/16/26 C230 Equity,2026-05-26,15.0,10.2,9.78930759490072,10.2,9.78930759490072,10.930235887609417,11.5224993066006,13.712107,11.654861233727745,2026-05
2026-05-18,ITA US 10/16/26 C250 Equity,2026-05-26,7.25,4.65,4.357986676213217,4.65,4.357986676213217,5.225427276597673,6.228246712948458,5.2346935,6.124536448090275,2026-05
2026-05-18,ITA US 10/16/26 C240 Equity,2026-05-26,10.55,6.75,6.404584386713706,6.75,6.404584386713706,8.121232624925122,8.789166089789475,9.247396,8.340864209321698,2026-05
2026-05-18,ITA US 12/18/26 C250 Equity,2026-05-26,10.75,7.3,6.603780702742349,7.3,6.603780702742349,8.677690060047432,9.352225654921327,9.065485,9.002674001934803,2026-05
2026-05-18,ITA US 07/17/26 C230 Equity,2026-05-26,8.2,4.85,4.437649578301565,4.85,4.437649578301565,5.058073048351238,5.899852820967258,5.848882,5.703126751149804,2026-05
2026-05-19,ITA US 01/15/27 C230 Equity,2026-05-27,20.549999999999997,14.4,13.713449706658249,14.4,13.713449706658249,15.680627087573747,15.364111011414206,17.97218,15.598957200430956,2026-05
2026-05-19,ITA US 10/16/26 C250 Equity,2026-05-27,8.5,5.0,4.553507186991861,5.0,4.553507186991861,6.895938796806632,6.866341535209921,6.7906313,6.4987718428443415,2026-05
2026-05-19,ITA US 01/15/27 C235 Equity,2026-05-27,18.1,12.55,11.71919972364103,12.55,11.71919972364103,13.927810260697626,13.768895295523253,16.39249,14.059618970411917,2026-05
2026-05-19,ITA US 01/15/27 C245 Equity,2026-05-27,13.75,9.4,8.64366199554402,9.4,8.64366199554402,11.981496448343737,11.763889216563973,12.996419,11.160556556481714,2026-05
2026-05-19,ITA US 10/16/26 C255 Equity,2026-05-27,6.6,3.75,3.339809022237667,3.75,3.339809022237667,4.4098736285386195,4.580230948423999,4.7224116,4.956669646785848,2026-05
2026-05-19,ITA US 10/16/26 C230 Equity,2026-05-27,16.05,9.75,9.119861275503807,9.75,9.119861275503807,10.546886995311793,10.597219789930431,14.170909,10.9155042101639,2026-05
2026-05-19,ITA US 01/15/27 C250 Equity,2026-05-27,12.15,7.65,7.5563462661429766,7.65,7.5563462661429766,10.778126999494274,10.305550001371131,10.484629,9.424792815216131,2026-05
2026-05-19,ITA US 01/15/27 C240 Equity,2026-05-27,15.549999999999999,10.75,9.968128308077151,10.75,9.968128308077151,12.65656943075583,12.38247053550333,14.073436,12.169317291275116,2026-05
2026-05-19,ITA US 10/16/26 C240 Equity,2026-05-27,11.100000000000001,6.300000000000001,5.776159893690308,6.300000000000001,5.776159893690308,7.559273424046894,7.570712853772554,8.142351,7.667122917075816,2026-05
2026-05-19,ITA US 07/17/26 C230 Equity,2026-05-27,9.149999999999999,4.65,4.270891111726209,4.65,4.270891111726209,6.362454895226253,6.033832698489804,6.623115,5.74859822962979,2026-05
2026-05-19,ITA US 10/16/26 C245 Equity,2026-05-27,9.45,5.75,5.334923461606892,5.75,5.334923461606892,7.096681373014876,6.896928329926146,7.268149,7.000983325355618,2026-05
2026-05-19,ITA US 12/18/26 C245 Equity,2026-05-27,12.75,8.3,7.532826280985781,8.3,7.532826280985781,10.221705902842114,10.047678277569037,10.701789,9.889261827549003,2026-05
2026-05-19,ITA US 12/18/26 C250 Equity,2026-05-27,10.649999999999999,6.9,6.19668395041014,6.9,6.19668395041014,8.337201905986051,8.402155107325886,9.97543,8.507527863880853,2026-05
2026-05-19,ITA US 12/18/26 C235 Equity,2026-05-27,16.8,11.1,10.158148292195026,11.1,10.158148292195026,12.78748839298609,12.63842868465405,15.042168,12.643071960678972,2026-05
2026-05-19,ITA US 10/16/26 C235 Equity,2026-05-27,13.05,7.800000000000001,7.224152431916555,7.800000000000001,7.224152431916555,9.405897515078362,9.218043242520896,11.028372,9.094189422474773,2026-05
2026-05-19,ITA US 12/18/26 C240 Equity,2026-05-27,14.45,9.8,8.968040502266552,9.8,8.968040502266552,11.488320104870489,11.305792712417109,13.33498,11.300934878144037,2026-05
2026-05-19,ITA US 12/18/26 C230 Equity,2026-05-27,19.35,13.2,12.250082115442844,13.2,12.250082115442844,14.12150642042742,14.046430110391475,17.14258,14.514027777566932,2026-05
2026-05-19,ITA US 07/17/26 C250 Equity,2026-05-27,2.5250000000000004,1.6749999999999998,1.359085012031939,1.6749999999999998,1.359085012031939,4.908016555785112,4.435769075510548,3.365244,3.566878281150825,2026-05
2026-05-20,ITA US 07/17/26 C230 Equity,2026-05-28,11.85,5.9,5.8027592355230615,5.9,5.8027592355230615,8.853660029426766,8.310628943195201,6.8355126,7.178914533854096,2026-05
2026-05-20,ITA US 10/16/26 C255 Equity,2026-05-28,7.75,4.35,4.072355624217231,4.35,4.072355624217231,8.043123664898516,7.670546157134577,4.5876284,6.766500275175314,2026-05
2026-05-20,ITA US 07/17/26 C250 Equity,2026-05-28,3.55,1.875,1.6810044225687746,1.875,1.6810044225687746,7.29015296316304,6.479777570808727,3.3022678,4.391845858200952,2026-05
2026-05-20,ITA US 01/15/27 C235 Equity,2026-05-28,20.25,14.05,13.433827703069051,14.05,13.433827703069051,16.344665331496532,15.987347490693487,16.88498,15.979146405836703,2026-05
2026-05-20,ITA US 10/16/26 C240 Equity,2026-05-28,13.1,7.5,7.551610760768355,7.5,7.551610760768355,10.821152853691693,10.519854446007065,9.600668,9.689725888491035,2026-05
2026-05-20,ITA US 12/18/26 C240 Equity,2026-05-28,16.6,11.1,10.566572293249669,11.1,10.566572293249669,14.24320762392749,13.869353351571613,14.599114,13.356631869025145,2026-05
2026-05-20,ITA US 01/15/27 C250 Equity,2026-05-28,13.7,9.15,8.79154555870778,9.15,8.79154555870778,12.972464166316747,12.391145071000153,12.877147,11.349042450663925,2026-05
2026-05-20,ITA US 10/16/26 C245 Equity,2026-05-28,11.1,6.4,6.4067645346580795,6.4,6.4067645346580795,10.128284505670083,9.633618538041567,8.631135,8.508612015220159,2026-05
2026-05-20,ITA US 12/18/26 C230 Equity,2026-05-28,21.85,15.35,15.167508096569184,15.35,15.167508096569184,17.98946643666566,17.508486705802376,18.301184,17.51673314442612,2026-05
2026-05-20,ITA US 01/15/27 C240 Equity,2026-05-28,17.95,12.35,12.073457707621467,12.35,12.073457707621467,15.018495727050945,14.492699663118032,15.7203455,14.171742995553423,2026-05
2026-05-20,ITA US 01/15/27 C230 Equity,2026-05-28,23.15,16.4,16.152645980713906,16.4,16.152645980713906,19.154466160068658,18.468455491542613,18.76289,18.136293390780892,2026-05
2026-05-20,ITA US 10/16/26 C235 Equity,2026-05-28,15.399999999999999,9.399999999999999,9.446898561779493,9.399999999999999,9.446898561779493,12.478411774786363,12.044951900703463,13.448819,11.362599396103757,2026-05
2026-05-20,ITA US 10/16/26 C250 Equity,2026-05-28,9.25,5.25,5.166139780445243,5.25,5.166139780445243,9.317259617372699,8.909529582480257,6.681562,7.582854411732146,2026-05
2026-05-20,ITA US 10/16/26 C230 Equity,2026-05-28,18.25,11.0,11.161480935441288,11.0,11.161480935441288,13.938985402499156,13.587277516560246,15.1202545,13.02917258383507,2026-05
2026-05-20,ITA US 12/18/26 C235 Equity,2026-05-28,19.5,13.0,12.770328259371745,13.0,12.770328259371745,15.917897428969336,15.478713098214033,16.869623,15.09641135717198,2026-05
2026-05-20,ITA US 12/18/26 C250 Equity,2026-05-28,12.2,7.9,7.6513753374489974,7.9,7.6513753374489974,11.001583428220895,10.760913020832366,10.124476,10.13249544093098,2026-05
2026-05-20,ITA US 12/18/26 C245 Equity,2026-05-28,14.3,9.4,9.059530343871339,9.4,9.059530343871339,13.187944342738952,12.712851301991376,12.789107,11.746531546612376,2026-05
2026-05-20,ITA US 01/15/27 C245 Equity,2026-05-28,15.6,10.35,9.82752254376654,10.35,9.82752254376654,13.853563386044573,13.460589449381215,13.630523,12.529266595277097,2026-05
2026-05-21,ITA US 12/18/26 C240 Equity,2026-05-29,16.450000000000003,10.95,10.353416523597962,10.95,10.353416523597962,13.266242967004526,12.337554611995047,13.745374,12.323719782343254,2026-05
2026-05-21,ITA US 10/16/26 C235 Equity,2026-05-29,15.25,9.5,9.18154521970042,9.5,9.18154521970042,12.224408066524393,11.064420819654465,12.920685,10.81390121606185,2026-05
2026-05-21,ITA US 12/18/26 C230 Equity,2026-05-29,21.7,15.15,14.645621082954948,15.15,14.645621082954948,17.23608957925381,16.195583263441957,17.439005,16.46736186602076,2026-05
2026-05-21,ITA US 12/18/26 C250 Equity,2026-05-29,12.1,7.85,7.227455289528625,7.85,7.227455289528625,10.929801314587609,10.00290975430167,9.533138,9.56373685509515,2026-05
2026-05-21,ITA US 01/15/27 C250 Equity,2026-05-29,13.85,9.2,8.598422596166241,9.2,8.598422596166241,12.121794264092202,10.916111940135007,12.071432,10.582955551947425,2026-05
2026-05-21,ITA US 10/16/26 C230 Equity,2026-05-29,17.9,11.0,10.804572336154438,11.0,10.804572336154438,12.87874059008982,12.051886506264538,14.322494,12.217002895219593,2026-05
2026-05-21,ITA US 07/17/26 C250 Equity,2026-05-29,3.2,1.75,1.4371564913207964,1.75,1.4371564913207964,4.688666842986217,3.4450887457684285,3.0403326,2.8171670332091154,2026-05
2026-05-21,ITA US 10/16/26 C245 Equity,2026-05-29,10.65,6.25,6.02597306082413,6.25,6.02597306082413,10.053299248385745,8.99073510857095,7.0266075,7.9145773589090975,2026-05
2026-05-21,ITA US 07/17/26 C230 Equity,2026-05-29,11.45,5.7,5.2269443671304305,5.7,5.2269443671304305,8.18699960562985,6.981227295925607,6.6558237,6.456720586675686,2026-05
2026-05-21,ITA US 12/18/26 C245 Equity,2026-05-29,14.2,9.3,8.739265137819514,9.3,8.739265137819514,12.395114140655103,11.33196305825204,12.207516,10.863937210033326,2026-05
2026-05-21,ITA US 12/18/26 C235 Equity,2026-05-29,19.0,12.8,12.292493852100437,12.8,12.292493852100437,15.123678704199168,14.00788560298074,15.634173,14.046995235527739,2026-05
2026-05-21,ITA US 01/15/27 C245 Equity,2026-05-29,15.6,10.350000000000001,9.741286005876999,10.350000000000001,9.741286005876999,12.97880821498075,11.970542193056012,12.900704,11.81357823923216,2026-05
2026-05-21,ITA US 01/15/27 C230 Equity,2026-05-29,22.9,16.2,15.526159743817132,16.2,15.526159743817132,18.066371234253943,16.919299939503304,18.12288,17.28319093415137,2026-05
2026-05-21,ITA US 10/16/26 C250 Equity,2026-05-29,9.0,5.35,4.977543194457596,5.35,4.977543194457596,8.052602492465251,7.21715283523457,6.338573,6.9671264838168145,2026-05
2026-05-21,ITA US 10/16/26 C240 Equity,2026-05-29,12.6,7.8,7.5722225762963005,7.8,7.5722225762963005,9.7456475667881,8.783944974306182,9.870843,8.805736889405644,2026-05
2026-05-21,ITA US 10/16/26 C255 Equity,2026-05-29,7.7,4.325,4.097031383774781,4.325,4.097031383774781,7.761512817543878,6.7751134476317,4.4578333,6.109366802895284,2026-05
2026-05-21,ITA US 01/15/27 C240 Equity,2026-05-29,17.95,12.05,11.408955183135122,12.05,11.408955183135122,14.652357682825302,13.44759257829293,15.040329,13.423719782343255,2026-05
2026-05-21,ITA US 01/15/27 C235 Equity,2026-05-29,20.35,14.05,13.369625005364728,14.05,13.369625005364728,15.559943689475524,14.618797139676616,16.096977,15.196636264726573,2026-05
2026-05-22,ITA US 10/16/26 C240 Equity,2026-06-01,10.8,8.55,8.220288712924114,8.55,8.220288712924114,10.536242130315854,9.79530915995947,10.597815,9.517593319053367,2026-05
2026-05-22,ITA US 10/16/26 C250 Equity,2026-06-01,7.35,6.15,5.922797497709062,6.15,5.922797497709062,7.849019871650249,7.378220400488836,6.9306393,6.875577639411694,2026-05
2026-05-22,ITA US 01/15/27 C250 Equity,2026-06-01,11.600000000000001,10.05,9.426039003566574,10.05,9.426039003566574,12.862180000580155,11.95919652011237,12.724427,11.004454516754214,2026-05
2026-05-22,ITA US 01/15/27 C245 Equity,2026-06-01,13.85,11.6,10.965286893373396,11.6,10.965286893373396,13.583320976198614,12.91328494309097,14.210111,12.643444092301943,2026-05
2026-05-22,ITA US 10/16/26 C255 Equity,2026-06-01,6.5,4.65,4.347334182981122,4.65,4.347334182981122,7.103030562860713,6.544868232065928,5.1484485,5.697754279382359,2026-05
2026-05-22,ITA US 12/18/26 C235 Equity,2026-06-01,16.35,14.1,13.469066975639496,14.1,13.469066975639496,15.443824489775148,14.741201381362485,16.893177,15.007040875920262,2026-05
2026-05-22,ITA US 10/16/26 C235 Equity,2026-06-01,12.850000000000001,10.4,10.068239994380633,10.4,10.068239994380633,12.371643880994291,11.64580709076256,13.679093,11.307040875920269,2026-05
2026-05-22,ITA US 10/16/26 C245 Equity,2026-06-01,9.1,7.35,7.00770549819601,7.35,7.00770549819601,9.838250180320184,9.366032796502946,9.233792,8.541967659704975,2026-05
2026-05-22,ITA US 12/18/26 C250 Equity,2026-06-01,10.850000000000001,8.9,8.484746433207887,8.9,8.484746433207887,11.492261823693639,10.972962058275861,12.639483,9.863214379047403,2026-05
2026-05-22,ITA US 07/17/26 C250 Equity,2026-06-01,2.325,1.5499999999999998,1.2542070747514977,1.5499999999999998,1.2542070747514977,3.185625445670871,2.3950391765512418,3.2749476,2.0786082973321895,2026-05
2026-05-22,ITA US 01/15/27 C235 Equity,2026-06-01,17.950000000000003,15.45,14.826415860872318,15.45,14.826415860872318,16.715924936727568,16.042366713229335,17.689615,16.30512767979557,2026-05
2026-05-22,ITA US 07/17/26 C230 Equity,2026-06-01,8.85,6.050000000000001,5.614744701223658,6.050000000000001,5.614744701223658,6.643423167046237,6.204778237351901,7.7760935,6.1334741402841875,2026-05
2026-05-22,ITA US 10/16/26 C230 Equity,2026-06-01,15.6,12.8,12.451890072045627,12.8,12.451890072045627,13.667559250620416,13.192838385604416,16.878233,13.676282751071225,2026-05
2026-05-22,ITA US 01/15/27 C240 Equity,2026-06-01,15.75,13.35,12.727157333618875,13.35,12.727157333618875,14.834287009827728,14.144056488504472,16.241632,14.250687338519255,2026-05
2026-05-22,ITA US 01/15/27 C230 Equity,2026-06-01,20.5,17.55,16.928218309611427,17.55,16.928218309611427,18.31257265432831,17.589214480608952,20.02523,18.32592378027006,2026-05
2026-05-22,ITA US 12/18/26 C245 Equity,2026-06-01,12.3,10.4,9.788211847845865,10.4,9.788211847845865,12.504674201725106,11.849684200283512,13.195903,11.491608688903804,2026-05
2026-05-22,ITA US 12/18/26 C230 Equity,2026-06-01,19.15,16.2,15.564767247269828,16.2,15.564767247269828,17.27760743375394,16.67536327884091,18.965942,17.095024135003463,2026-05
2026-05-22,ITA US 12/18/26 C240 Equity,2026-06-01,13.8,12.05,11.431889048881239,12.05,11.431889048881239,13.730320161299192,13.126230801376808,15.075928,12.988170106383741,2026-05
2026-05-26,ITA US 10/16/26 C245 Equity,2026-06-02,8.6,8.8,8.27498805076095,8.8,8.27498805076095,10.775774818769978,10.08946303154122,11.229622,9.627492893748677,2026-05
2026-05-26,ITA US 01/15/27 C235 Equity,2026-06-02,17.15,17.55,16.8138218391874,17.55,16.8138218391874,18.1188253775611,17.38239235623398,17.91644,18.041733164654776,2026-05
2026-05-26,ITA US 12/18/26 C250 Equity,2026-06-02,9.8,10.75,10.283123934346618,10.75,10.283123934346618,12.81919524249664,12.006616077557243,12.052012,11.293433703828226,2026-05
2026-05-26,ITA US 01/15/27 C230 Equity,2026-06-02,19.35,20.1,19.52704559037769,20.1,19.52704559037769,20.305976548798498,19.443028955361424,19.740986,20.421993293490143,2026-05
2026-05-26,ITA US 01/15/27 C240 Equity,2026-06-02,15.15,15.65,14.711943700295873,15.65,14.711943700295873,15.923769434782894,15.12135857270309,15.945985,15.846627691314948,2026-05
2026-05-26,ITA US 01/15/27 C245 Equity,2026-06-02,13.3,13.35,12.753483271103928,13.35,12.753483271103928,14.739239399354256,13.90273093602769,14.280422,13.943321961879278,2026-05
2026-05-26,ITA US 10/16/26 C240 Equity,2026-06-02,10.4,10.55,10.08322315947814,10.55,10.08322315947814,12.120164997520039,11.386824494679704,12.189152,11.25217114484361,2026-05
2026-05-26,ITA US 10/16/26 C255 Equity,2026-06-02,6.35,6.05,5.567479245247985,6.05,5.567479245247985,8.607532833415082,7.928965645118362,6.2730618,7.084980088887187,2026-05
2026-05-26,ITA US 01/15/27 C250 Equity,2026-06-02,11.35,11.8,11.221786255582908,11.8,11.221786255582908,14.388356702790869,13.353462387478812,13.548434,12.649159066944252,2026-05
2026-05-26,ITA US 07/17/26 C250 Equity,2026-06-02,1.95,3.0999999999999996,1.8605067443992638,3.0999999999999996,1.8605067443992638,4.202482008916961,4.401923345716716,4.0974913,3.762534058561638,2026-05
2026-05-26,ITA US 12/18/26 C245 Equity,2026-06-02,11.75,11.899999999999999,12.129101922556666,11.899999999999999,12.129101922556666,14.684027435091318,13.635610987694603,13.356298,12.861304854816888,2026-05
2026-05-26,ITA US 12/18/26 C240 Equity,2026-06-02,13.95,13.8,13.255059626198955,13.8,13.255059626198955,15.17478157483691,14.43784863038404,14.144911,14.535624135110657,2026-05
2026-05-26,ITA US 12/18/26 C235 Equity,2026-06-02,15.7,16.35,15.494571954357463,16.35,15.494571954357463,16.892131211158116,16.132089391064298,17.000433,16.889897761256645,2026-05
2026-05-26,ITA US 12/18/26 C230 Equity,2026-06-02,17.95,18.3,17.85218164341032,18.3,17.85218164341032,18.415190145829577,17.76152664310633,18.342012,18.670157890092,2026-05
2026-05-26,ITA US 07/17/26 C230 Equity,2026-06-02,7.5,8.2,7.763090228359375,8.2,7.763090228359375,9.003376114535971,8.489757193006412,10.15487,8.261570502016003,2026-05
2026-05-26,ITA US 10/16/26 C235 Equity,2026-06-02,12.0,12.65,12.39039694878289,12.65,12.39039694878289,14.194444002799766,13.305616509779849,14.5597105,13.208639145188895,2026-05
2026-05-26,ITA US 10/16/26 C250 Equity,2026-06-02,6.95,7.25,6.818679176536912,7.25,6.818679176536912,9.70756616281489,8.885727678315362,8.605929,8.151353441143552,2026-05
2026-05-26,ITA US 10/16/26 C230 Equity,2026-06-02,14.5,15.0,14.765554054036716,15.0,14.765554054036716,15.619166481112263,14.90269011621865,16.612423,15.437063870626119,2026-05
2026-05-27,ITA US 10/16/26 C235 Equity,2026-06-03,10.8,13.05,12.575209201159025,13.05,12.575209201159025,13.523241359422675,12.524721946472887,13.28379,12.879070854603047,2026-05
2026-05-27,ITA US 01/15/27 C235 Equity,2026-06-03,14.95,18.1,17.82964853351304,18.1,17.82964853351304,18.325401696990355,17.43164442113251,18.388361,18.18198317040468,2026-05
2026-05-27,ITA US 10/16/26 C230 Equity,2026-06-03,12.3,16.05,15.779791488282001,16.05,15.779791488282001,16.193617671674794,14.833749645325744,16.442366,15.631539839809887,2026-05
2026-05-27,ITA US 01/15/27 C250 Equity,2026-06-03,10.399999999999999,12.15,11.626679016514867,12.15,11.626679016514867,14.049061114449714,12.853534897722119,11.50796,12.456539647517614,2026-05
2026-05-27,ITA US 12/18/26 C235 Equity,2026-06-03,14.1,16.8,16.32120060481282,16.8,16.32120060481282,17.365979739796977,16.42703327592905,17.652609,16.794264361556444,2026-05
2026-05-27,ITA US 12/18/26 C250 Equity,2026-06-03,9.15,10.649999999999999,10.80712843834873,10.649999999999999,10.80712843834873,12.148280044847397,10.999474124094395,9.78911,10.688915725381168,2026-05
2026-05-27,ITA US 12/18/26 C245 Equity,2026-06-03,10.7,12.75,12.269460489131129,12.75,12.269460489131129,14.470007372867535,13.31376831378221,11.672366,12.938242926105318,2026-05
2026-05-27,ITA US 10/16/26 C250 Equity,2026-06-03,5.75,8.5,8.190836962700377,8.5,8.190836962700377,9.912863923365432,8.987149388983624,8.336684,8.609851483512715,2026-05
2026-05-27,ITA US 01/15/27 C230 Equity,2026-06-03,17.799999999999997,20.549999999999997,20.293215245653403,20.549999999999997,20.293215245653403,20.882470598498173,19.41910847004341,19.449121,20.365291429450213,2026-05
2026-05-27,ITA US 01/15/27 C240 Equity,2026-06-03,13.649999999999999,15.549999999999999,15.26546225269242,15.549999999999999,15.26546225269242,16.41061842458623,15.326568907342548,14.227078,15.675483468665062,2026-05
2026-05-27,ITA US 10/16/26 C255 Equity,2026-06-03,5.25,6.6,6.261256034022639,6.6,6.261256034022639,8.818612107393133,7.7904942762858385,7.158382,7.025744226095781,2026-05
2026-05-27,ITA US 10/16/26 C245 Equity,2026-06-03,7.550000000000001,9.45,9.096469979267182,9.45,9.096469979267182,10.734446737995574,9.826903524886932,9.761643,9.667666138774939,2026-05
2026-05-27,ITA US 07/17/26 C250 Equity,2026-06-03,1.5,2.5250000000000004,2.1669600781137017,2.5250000000000004,2.1669600781137017,4.628446341784217,3.5319765151992737,4.038656,2.22932926712745,2026-05
2026-05-27,ITA US 10/16/26 C240 Equity,2026-06-03,9.2,11.100000000000001,10.752928537537857,11.100000000000001,10.752928537537857,12.017276894205313,11.056509596572287,10.379383,11.125124497863899,2026-05
2026-05-27,ITA US 12/18/26 C240 Equity,2026-06-03,12.3,14.45,13.978117776637767,14.45,13.978117776637767,14.6336968451035,13.809627674502929,12.965401,14.44167150759684,2026-05
2026-05-27,ITA US 12/18/26 C230 Equity,2026-06-03,16.6,19.35,18.86057354742827,19.35,18.86057354742827,18.906754897211762,17.6617068631032,19.119713,19.146550045517973,2026-05
2026-05-27,ITA US 07/17/26 C230 Equity,2026-06-03,6.45,9.149999999999999,8.726608262651473,9.149999999999999,8.726608262651473,10.069256482308003,8.714458324028731,9.706233,8.588630308202655,2026-05
2026-05-27,ITA US 01/15/27 C245 Equity,2026-06-03,11.8,13.75,13.18485862224509,13.75,13.18485862224509,14.49176010886109,13.493529245387577,12.53586,13.833854177706716,2026-05
2026-05-28,ITA US 10/16/26 C250 Equity,2026-06-04,7.699999999999999,9.25,9.265574354963922,9.25,9.265574354963922,10.248993661906331,9.265926113914773,9.872991,8.626791577958677,2026-05
2026-05-28,ITA US 07/17/26 C230 Equity,2026-06-04,9.3,11.85,11.523247362954592,11.85,11.523247362954592,12.77839455874997,11.439460158432379,9.102672,10.83936373367622,2026-05
2026-05-28,ITA US 12/18/26 C245 Equity,2026-06-04,12.5,14.3,14.11599576798072,14.3,14.11599576798072,15.570618325408832,14.6503982448594,13.110535,13.842746801858594,2026-05
2026-05-28,ITA US 01/15/27 C235 Equity,2026-06-04,18.3,20.25,20.046864188854737,20.25,20.046864188854737,20.3393933556685,19.156334098096657,19.007523,19.628230808059044,2026-05
2026-05-28,ITA US 01/15/27 C230 Equity,2026-06-04,20.85,23.15,22.795190797403848,23.15,22.795190797403848,23.1845201802072,21.874988061924796,21.481009,22.44911887438967,2026-05
2026-05-28,ITA US 01/15/27 C250 Equity,2026-06-04,12.05,13.7,13.316285392887597,13.7,13.316285392887597,14.983762490435495,14.006207255505391,12.644074,13.348445277692557,2026-05
2026-05-28,ITA US 12/18/26 C250 Equity,2026-06-04,10.75,12.2,11.987042581466385,12.2,11.987042581466385,13.766680695157621,12.825846155647081,11.560693,11.966981662594858,2026-05
2026-05-28,ITA US 12/18/26 C230 Equity,2026-06-04,19.4,21.85,21.67579064984705,21.85,21.67579064984705,21.45306536735751,20.26893092684659,19.989225,21.178542087059295,2026-05
2026-05-28,ITA US 10/16/26 C240 Equity,2026-06-04,10.85,13.1,13.207101272117077,13.1,13.207101272117077,13.465972641672268,12.594097397381837,13.228951,12.593648971703669,2026-05
2026-05-28,ITA US 10/16/26 C230 Equity,2026-06-04,15.75,18.25,18.459744740345855,18.25,18.459744740345855,18.53836040699543,17.180880528818594,18.544577,17.396565529389203,2026-05
2026-05-28,ITA US 01/15/27 C240 Equity,2026-06-04,15.95,17.95,17.33450249894863,17.95,17.33450249894863,17.923720917831126,17.16075352832189,18.056887,17.26598336970562,2026-05
2026-05-28,ITA US 12/18/26 C240 Equity,2026-06-04,14.6,16.6,16.444785154018692,16.6,16.444785154018692,16.226486314309522,15.506024396913723,16.838694,16.16055495223778,2026-05
2026-05-28,ITA US 07/17/26 C250 Equity,2026-06-04,2.6,3.55,3.163954020194357,3.55,3.163954020194357,4.910183260789935,4.165761209147538,4.1040382,2.5607670182366205,2026-05
2026-05-28,ITA US 12/18/26 C235 Equity,2026-06-04,17.0,19.5,19.263039040590318,19.5,19.263039040590318,19.022680231871185,17.800418078095845,18.793995,18.762459710619403,2026-05
2026-05-28,ITA US 10/16/26 C235 Equity,2026-06-04,13.6,15.399999999999999,15.56585753401123,15.399999999999999,15.56585753401123,15.60182495281856,14.271527216431954,14.74822,14.729365691153511,2026-05
2026-05-28,ITA US 10/16/26 C255 Equity,2026-06-04,6.550000000000001,7.75,7.572420749779375,7.75,7.572420749779375,10.08185448922993,9.118007139898669,7.7070155,7.701115044437736,2026-05
2026-05-28,ITA US 01/15/27 C245 Equity,2026-06-04,13.7,15.6,15.15706352878848,15.6,15.15706352878848,15.791767126016175,15.02254035662568,14.4689455,15.20618697462638,2026-05
2026-05-28,ITA US 10/16/26 C245 Equity,2026-06-04,9.0,11.1,11.156107585592279,11.1,11.156107585592279,12.186839538659761,11.327804050374285,10.703301,10.821257551762356,2026-05
2026-05-29,ITA US 01/15/27 C250 Equity,2026-06-05,11.5,13.85,13.730033604977212,13.85,13.730033604977212,13.816614044033969,12.6940137284412,11.883025,12.779576240870396,2026-05
2026-05-29,ITA US 01/15/27 C230 Equity,2026-06-05,19.7,22.9,22.935553242729682,22.9,22.935553242729682,22.678842933896718,21.366877561657684,21.870447,21.900595715282613,2026-05
2026-05-29,ITA US 12/18/26 C230 Equity,2026-06-05,18.35,21.7,21.840409086041852,21.7,21.840409086041852,21.17204224672644,19.8951674701733,19.6589,20.633689734748504,2026-05
2026-05-29,ITA US 10/16/26 C235 Equity,2026-06-05,12.5,15.25,15.627427352652488,15.25,15.627427352652488,16.44369541117891,14.852567201492175,14.319147,14.464798477651971,2026-05
2026-05-29,ITA US 10/16/26 C230 Equity,2026-06-05,14.8,17.9,18.151613534980395,17.9,18.151613534980395,17.768302965600633,16.39744998685375,17.843119,16.81494835081626,2026-05
2026-05-29,ITA US 12/18/26 C240 Equity,2026-06-05,13.899999999999999,16.450000000000003,16.480888491258188,16.450000000000003,16.480888491258188,15.694553586185684,14.831176610997215,15.469308,15.481802820849298,2026-05
2026-05-29,ITA US 10/16/26 C255 Equity,2026-06-05,6.2,7.7,7.79667640329372,7.7,7.79667640329372,8.736619966106424,7.523245559131828,7.243662,6.702066833311283,2026-05
2026-05-29,ITA US 10/16/26 C240 Equity,2026-06-05,11.15,12.6,12.829233505283357,12.6,12.829233505283357,13.374728360241782,12.264005902038393,11.857681,11.8287721629288,2026-05
2026-05-29,ITA US 07/17/26 C230 Equity,2026-06-05,7.6,11.45,11.539051045422575,11.45,11.539051045422575,12.436150231414594,10.837683256010301,8.39668,10.197683399480981,2026-05
2026-05-29,ITA US 07/17/26 C250 Equity,2026-06-05,1.925,3.2,3.048565045406036,3.2,3.048565045406036,5.032538458159733,3.6079448345251404,3.8736222,2.0017144101618927,2026-05
2026-05-29,ITA US 12/18/26 C235 Equity,2026-06-05,16.15,19.0,18.973207420294614,19.0,18.973207420294614,18.696894707445566,17.26427444194316,17.77043,18.14989804354099,2026-05
2026-05-29,ITA US 01/15/27 C240 Equity,2026-06-05,15.5,17.95,17.781826215837476,17.95,17.781826215837476,17.736847483667916,16.830682399879315,17.214342,17.06745018531565,2026-05
2026-05-29,ITA US 01/15/27 C245 Equity,2026-06-05,13.3,15.6,15.100605242691975,15.6,15.100605242691975,15.832526873601203,14.94026896518581,13.644139,14.773771783997653,2026-05
2026-05-29,ITA US 10/16/26 C250 Equity,2026-06-05,7.4,9.0,9.042975340179947,9.0,9.042975340179947,9.687074141763855,8.546631915968959,9.122264,8.297559133808008,2026-05
2026-05-29,ITA US 12/18/26 C250 Equity,2026-06-05,10.9,12.1,11.99789257309375,12.1,11.99789257309375,12.761925147523751,11.897957115696684,10.792346,11.53137109487623,2026-05
2026-05-29,ITA US 01/15/27 C235 Equity,2026-06-05,17.5,20.35,20.405812112201847,20.35,20.405812112201847,20.511385074788432,19.200433494390573,18.696407,19.440487648370638,2026-05
2026-05-29,ITA US 10/16/26 C245 Equity,2026-06-05,9.0,10.65,10.672490858879,10.65,10.672490858879,11.0581112902481,10.038602895990525,9.277033,9.823722815743302,2026-05
2026-05-29,ITA US 12/18/26 C245 Equity,2026-06-05,12.100000000000001,14.2,14.04861896079002,14.2,14.04861896079002,14.795742183844958,13.777179361097568,12.355937,13.492823170476713,2026-05
2026-06-01,ITA US 12/18/26 C235 Equity,2026-06-08,15.25,16.35,15.308283519147508,16.35,15.308283519147508,13.050124760053885,13.222921770030881,13.73691,14.167200934225,2026-06
2026-06-01,ITA US 07/17/26 C230 Equity,2026-06-08,6.55,8.85,7.921968614734395,8.85,7.921968614734395,6.498755493585084,6.33701547046278,7.453535,6.34779711193829,2026-06
2026-06-01,ITA US 10/16/26 C255 Equity,2026-06-08,5.75,6.5,5.848980876078258,6.5,5.848980876078258,4.553979838653653,4.368562890574914,5.2390785,4.49831771071192,2026-06
2026-06-01,ITA US 10/16/26 C245 Equity,2026-06-08,8.15,9.1,8.368300567543296,9.1,8.368300567543296,6.332570216774852,6.455039038694591,7.4294844,6.95424495386178,2026-06
2026-06-01,ITA US 10/16/26 C235 Equity,2026-06-08,11.85,12.850000000000001,12.083609201229217,12.850000000000001,12.083609201229217,9.985219748666363,10.115788047465355,10.269592,10.619818257818984,2026-06
2026-06-01,ITA US 12/18/26 C240 Equity,2026-06-08,13.15,13.8,13.745982743380354,13.8,13.745982743380354,11.654875329229,11.734743500608781,11.272909,11.672775622359557,2026-06
2026-06-01,ITA US 01/15/27 C240 Equity,2026-06-08,14.4,15.75,14.731889537707378,15.75,14.731889537707378,12.254732068029224,12.389344820235248,12.70584,13.409553578532485,2026-06
2026-06-01,ITA US 12/18/26 C250 Equity,2026-06-08,9.0,10.850000000000001,10.140888537171001,10.850000000000001,10.140888537171001,7.766331476681654,7.949226449677606,8.857743,8.659169404966775,2026-06
2026-06-01,ITA US 12/18/26 C245 Equity,2026-06-08,11.25,12.3,11.395200200561677,12.3,11.395200200561677,9.36566628449446,9.501364870301671,10.227786,10.106862277455763,2026-06
2026-06-01,ITA US 01/15/27 C230 Equity,2026-06-08,18.5,20.5,19.37810747065363,20.5,19.37810747065363,16.266452797356262,16.318590247595502,15.8978,18.068871126547318,2026-06
2026-06-01,ITA US 07/17/26 C250 Equity,2026-06-08,1.5499999999999998,2.325,1.6034452324406456,2.325,1.6034452324406456,-0.4027084166901922,-0.4932089602493104,2.2137094,-0.20935499897684773,2026-06
2026-06-01,ITA US 10/16/26 C250 Equity,2026-06-08,7.199999999999999,7.35,6.671061873167752,7.35,6.671061873167752,4.947687634692403,5.068392075911337,5.620472,5.253934757778809,2026-06
2026-06-01,ITA US 01/15/27 C250 Equity,2026-06-08,11.15,11.600000000000001,11.425840118390346,11.600000000000001,11.425840118390346,9.689793866568339,9.548391485545508,9.2544,9.48024341957581,2026-06
2026-06-01,ITA US 12/18/26 C230 Equity,2026-06-08,17.45,19.15,18.146732206356607,19.15,18.146732206356607,15.072958336229927,15.166693335076307,15.389041,16.789945141156334,2026-06
2026-06-01,ITA US 01/15/27 C235 Equity,2026-06-08,16.4,17.950000000000003,16.88036788747725,17.950000000000003,16.88036788747725,14.057134287129482,14.28822293179072,14.265251,15.57767022860094,2026-06
2026-06-01,ITA US 10/16/26 C240 Equity,2026-06-08,9.649999999999999,10.8,10.027707138187484,10.8,10.027707138187484,8.196100394901237,8.292403498345836,8.266677,8.62539294595354,2026-06
2026-06-01,ITA US 01/15/27 C245 Equity,2026-06-08,12.55,13.85,12.868729619815541,13.85,12.868729619815541,10.662644128587935,10.86931457302577,10.779855,11.63317093925276,2026-06
2026-06-01,ITA US 10/16/26 C230 Equity,2026-06-08,13.8,15.6,14.735335156649796,15.6,14.735335156649796,11.684442890713228,11.776208690103756,12.772531,13.216253802953325,2026-06
2026-06-02,ITA US 10/16/26 C240 Equity,2026-06-09,10.600000000000001,10.4,9.729706321179028,10.4,9.729706321179028,7.43792930316282,8.117470096615518,8.919736,8.37555844388047,2026-06
2026-06-02,ITA US 10/16/26 C255 Equity,2026-06-09,6.1,6.35,5.910260297901054,6.35,5.910260297901054,4.292466534085731,4.819001634226556,5.4184537,4.520860430838294,2026-06
2026-06-02,ITA US 12/18/26 C240 Equity,2026-06-09,13.85,13.95,12.974297159127511,13.95,12.974297159127511,10.760926938058152,11.366691817068181,11.881684,11.854484429271443,2026-06
2026-06-02,ITA US 01/15/27 C245 Equity,2026-06-09,13.7,13.3,12.322117517083699,13.3,12.322117517083699,10.33122993172756,10.994575750828862,11.446164,11.398719886803592,2026-06
2026-06-02,ITA US 10/16/26 C245 Equity,2026-06-09,8.65,8.6,7.974959653625897,8.6,7.974959653625897,5.91991561090255,6.635164130366166,7.5346813,6.698719886803591,2026-06
2026-06-02,ITA US 07/17/26 C230 Equity,2026-06-09,8.1,7.5,6.780656582217473,7.5,6.780656582217473,4.718899849017625,5.240521649080846,7.117697,4.983094545577218,2026-06
2026-06-02,ITA US 12/18/26 C245 Equity,2026-06-09,12.0,11.75,10.797895157162932,11.75,10.797895157162932,9.294139602385563,9.933538269892937,10.598611,9.919793901412618,2026-06
2026-06-02,ITA US 01/15/27 C230 Equity,2026-06-09,19.9,19.35,18.255603054077007,19.35,18.255603054077007,15.15730753259261,15.775824825667168,16.737537,17.046316589404302,2026-06
2026-06-02,ITA US 01/15/27 C250 Equity,2026-06-09,11.55,11.35,10.433298191590408,11.35,10.433298191590408,8.948008686424874,9.403144485658245,9.828125,9.403206656823315,2026-06
2026-06-02,ITA US 01/15/27 C235 Equity,2026-06-09,17.4,17.15,16.109948105983495,17.15,16.109948105983495,13.24747101932056,13.964621067079639,15.197505,15.023076397894375,2026-06
2026-06-02,ITA US 07/17/26 C250 Equity,2026-06-09,1.9,1.95,1.4742015625001796,1.95,1.4742015625001796,-1.0500741224859365,-0.4131280271215996,2.623348,-0.42323743083084575,2026-06
2026-06-02,ITA US 10/16/26 C230 Equity,2026-06-09,14.9,14.5,13.745983593091674,14.5,13.745983593091674,10.704458533793893,11.414526950159459,12.441138,12.362155956825362,2026-06
2026-06-02,ITA US 01/15/27 C240 Equity,2026-06-09,15.2,15.15,14.108862116412782,15.15,14.108862116412782,11.706332384721208,12.335057354522794,13.193731,13.10186710567746,2026-06
2026-06-02,ITA US 12/18/26 C235 Equity,2026-06-09,16.05,15.7,14.618800749674664,15.7,14.618800749674664,11.984014881001952,12.728976636301066,14.345326,13.644150412503402,2026-06
2026-06-02,ITA US 12/18/26 C230 Equity,2026-06-09,18.85,17.95,16.946946039281176,17.95,16.946946039281176,14.082205726579435,14.813265669850992,15.933807,15.930612647840407,2026-06
2026-06-02,ITA US 10/16/26 C235 Equity,2026-06-09,12.7,12.0,11.307050448223844,12.0,11.307050448223844,8.249439176791718,8.96147749530176,10.175856,9.659854354067296,2026-06
2026-06-02,ITA US 12/18/26 C250 Equity,2026-06-09,10.9,9.8,8.9701839081134,9.8,8.9701839081134,6.443053006997284,7.160918787690443,9.148763,7.497836583778183,2026-06
2026-06-02,ITA US 10/16/26 C250 Equity,2026-06-09,7.35,6.95,6.474494406467383,6.95,6.474494406467383,3.2414257887452997,4.081084667299384,6.0945272,4.67152792198119,2026-06
2026-06-03,ITA US 01/15/27 C240 Equity,2026-06-10,13.899999999999999,13.649999999999999,12.67073919649658,13.649999999999999,12.67073919649658,10.45446855449315,11.26657660804808,10.809444,11.658035310600193,2026-06
2026-06-03,ITA US 12/18/26 C235 Equity,2026-06-10,14.600000000000001,14.1,13.024272467184808,14.1,13.024272467184808,10.621455010631774,11.523758462600904,12.066728,12.101353488202982,2026-06
2026-06-03,ITA US 01/15/27 C250 Equity,2026-06-10,10.9,10.399999999999999,9.455382266735969,10.399999999999999,9.455382266735969,7.63591682218468,8.350812901803195,8.260767,8.483737966482572,2026-06
2026-06-03,ITA US 12/18/26 C245 Equity,2026-06-10,11.0,10.7,9.791425183772827,10.7,9.791425183772827,7.624827847994987,8.495119247621844,8.806855,8.711747431354969,2026-06
2026-06-03,ITA US 12/18/26 C250 Equity,2026-06-10,9.65,9.15,8.265693086122132,9.15,8.265693086122132,5.883840447236532,6.739120657840431,8.133127,7.257429304685582,2026-06
2026-06-03,ITA US 10/16/26 C250 Equity,2026-06-10,6.65,5.75,6.314190425445908,5.75,6.314190425445908,3.4937681253133945,4.123963928734813,4.566111,3.7626639518735367,2026-06
2026-06-03,ITA US 10/16/26 C235 Equity,2026-06-10,11.2,10.8,10.152916211508085,10.8,10.152916211508085,7.268312834137958,8.041486638311145,8.145314,8.611822782578901,2026-06
2026-06-03,ITA US 01/15/27 C230 Equity,2026-06-10,17.85,17.799999999999997,16.593366904378676,17.799999999999997,16.593366904378676,13.643172004541297,14.475925192001768,14.712293,15.625673544871349,2026-06
2026-06-03,ITA US 10/16/26 C245 Equity,2026-06-10,7.7,7.550000000000001,7.043827712695451,7.550000000000001,7.043827712695451,4.678923656761285,5.494494177508678,5.5742273,5.538056093151953,2026-06
2026-06-03,ITA US 10/16/26 C255 Equity,2026-06-10,5.35,5.25,4.767114781798684,5.25,4.767114781798684,3.6038912516721453,4.138091763289518,3.862117,3.521550198842818,2026-06
2026-06-03,ITA US 07/17/26 C250 Equity,2026-06-10,1.225,1.5,1.5201761956345377,1.5,1.5201761956345377,0.47841753226129313,0.8466523003995725,1.6670473,-0.48733604812645437,2026-06
2026-06-03,ITA US 01/15/27 C235 Equity,2026-06-10,15.8,14.95,14.578412922192758,14.95,14.578412922192758,11.401355836977157,12.265941921944822,12.585722,12.50121806234581,2026-06
2026-06-03,ITA US 01/15/27 C245 Equity,2026-06-10,12.2,11.8,10.932776537228321,11.8,10.932776537228321,8.959886429304682,9.809323575550248,9.615604,9.906512784167006,2026-06
2026-06-03,ITA US 12/18/26 C240 Equity,2026-06-10,12.55,12.3,11.268240085462008,12.3,11.268240085462008,9.049615999467463,9.955585424641898,10.413523,10.331726648803205,2026-06
2026-06-03,ITA US 12/18/26 C230 Equity,2026-06-10,16.55,16.6,15.328483347729426,16.6,15.328483347729426,12.580622973793748,13.536481669371602,14.293267,14.567821574089407,2026-06
2026-06-03,ITA US 07/17/26 C230 Equity,2026-06-10,6.6,6.45,5.604070663440957,6.45,5.604070663440957,3.801677088071976,4.422688131579095,5.9633837,4.1098341774502885,2026-06
2026-06-03,ITA US 10/16/26 C240 Equity,2026-06-10,9.4,9.2,8.59707871260774,9.2,8.59707871260774,6.493925192038855,7.1757004661843915,7.4013824,6.994813266773104,2026-06
2026-06-03,ITA US 10/16/26 C230 Equity,2026-06-10,13.45,12.3,12.226662565491727,12.3,12.226662565491727,7.988443915571975,8.884991024203348,9.886742,9.651846780811164,2026-06
2026-06-04,ITA US 12/18/26 C250 Equity,2026-06-11,12.7,10.75,10.031961578092394,10.75,10.031961578092394,8.073341374442437,9.055525380847696,10.186622,9.00981926782648,2026-06
2026-06-04,ITA US 12/18/26 C240 Equity,2026-06-11,16.85,14.6,13.8710524517901,14.6,13.8710524517901,11.207735531303387,12.071976272087232,13.4830265,12.732955935199733,2026-06
2026-06-04,ITA US 01/15/27 C230 Equity,2026-06-11,23.35,20.85,20.41154132157921,20.85,20.41154132157921,17.250636656541833,17.50625925446381,17.345415,18.796487647364,2026-06
2026-06-04,ITA US 10/16/26 C250 Equity,2026-06-11,9.100000000000001,7.699999999999999,7.354807597823763,7.699999999999999,7.354807597823763,5.356305822292482,6.103069860458798,6.403842,5.793979900405426,2026-06
2026-06-04,ITA US 12/18/26 C230 Equity,2026-06-11,21.9,19.4,18.871001326100213,19.4,18.871001326100213,15.471970955254626,15.909923969806059,17.352953,17.27541363275496,2026-06
2026-06-04,ITA US 07/17/26 C250 Equity,2026-06-11,3.0,2.6,2.158909559825553,2.6,2.158909559825553,1.9705794410291197,2.703572305657051,2.2046006,0.5992145475933821,2026-06
2026-06-04,ITA US 10/16/26 C235 Equity,2026-06-11,15.5,13.6,13.244333093540483,13.6,13.244333093540483,10.351067926922855,10.919384924274524,11.7816305,11.463659817921371,2026-06
2026-06-04,ITA US 07/17/26 C230 Equity,2026-06-11,11.25,9.3,8.73845694931034,9.3,8.73845694931034,7.471672440983303,7.633645162333147,8.803696,7.033265603536908,2026-06
2026-06-04,ITA US 10/16/26 C230 Equity,2026-06-11,18.4,15.75,15.417869365406517,15.75,15.417869365406517,12.76004102484869,12.883342495591185,13.849698,13.791253000176033,2026-06
2026-06-04,ITA US 12/18/26 C235 Equity,2026-06-11,19.4,17.0,16.46645737663278,17.0,16.46645737663278,13.381462023253057,14.066082465893967,15.724845,15.005807847139419,2026-06
2026-06-04,ITA US 01/15/27 C240 Equity,2026-06-11,18.200000000000003,15.95,15.336654093836998,15.95,15.336654093836998,12.993867963659172,13.680376667156603,14.188345,14.059264596996734,2026-06
2026-06-04,ITA US 10/16/26 C245 Equity,2026-06-11,11.05,9.0,8.632418443982651,9.0,8.632418443982651,7.016500572594349,7.827699656914483,8.317572,7.2570522981626,2026-06
2026-06-04,ITA US 10/16/26 C240 Equity,2026-06-11,13.05,10.85,10.49959409006001,10.85,10.49959409006001,8.314133323668106,9.031398808565012,9.47023,8.959264596996734,2026-06
2026-06-04,ITA US 01/15/27 C245 Equity,2026-06-11,15.85,13.7,13.214703000776417,13.7,13.214703000776417,10.764010206814373,11.586485717809484,12.050349,11.814904268944538,2026-06
2026-06-04,ITA US 12/18/26 C245 Equity,2026-06-11,14.600000000000001,12.5,11.826662323987295,12.5,11.826662323987295,9.785610131683782,10.587681845834089,11.978342,10.709669621756573,2026-06
2026-06-04,ITA US 01/15/27 C235 Equity,2026-06-11,20.549999999999997,18.3,17.850056775698516,18.3,17.850056775698516,14.527472028611337,15.08189460877425,15.980344,16.30580784713942,2026-06
2026-06-04,ITA US 01/15/27 C250 Equity,2026-06-11,14.05,12.05,11.497124756348152,12.05,11.497124756348152,9.789213621033346,10.537774113711826,11.01602,10.30981926782649,2026-06
2026-06-04,ITA US 10/16/26 C255 Equity,2026-06-11,7.8500000000000005,6.550000000000001,6.1196490223855635,6.550000000000001,6.1196490223855635,4.292497626992466,5.213679980985586,5.3035026,4.644039309653776,2026-06
2026-06-05,ITA US 12/18/26 C230 Equity,2026-06-12,21.05,18.35,17.548421427580305,18.35,17.548421427580305,14.615503948237496,14.644162810602612,15.844306,16.297477306563856,2026-06
2026-06-05,ITA US 10/16/26 C250 Equity,2026-06-12,9.25,7.4,6.950354056102548,7.4,6.950354056102548,5.637426402812034,5.6214047407222925,5.8915114,5.681997991638948,2026-06
2026-06-05,ITA US 01/15/27 C245 Equity,2026-06-12,15.3,13.3,12.64611979510453,13.3,12.64611979510453,11.05469156001056,11.029364858657027,11.274807,11.556126952063682,2026-06
2026-06-05,ITA US 12/18/26 C240 Equity,2026-06-12,16.3,13.899999999999999,13.183314934530966,13.899999999999999,13.183314934530966,10.83755454986585,10.956672026105512,11.820986,11.93787697409256,2026-06
2026-06-05,ITA US 10/16/26 C240 Equity,2026-06-12,12.75,11.15,9.600804558197403,11.15,9.600804558197403,8.385175672611425,8.375232329191864,9.009823,9.258950988701589,2026-06
2026-06-05,ITA US 10/16/26 C255 Equity,2026-06-12,7.699999999999999,6.2,5.7736966849476,6.2,5.7736966849476,4.897868770992469,4.75189721677207,5.086985,4.599949853739798,2026-06
2026-06-05,ITA US 10/16/26 C245 Equity,2026-06-12,10.75,9.0,8.53799354073044,9.0,8.53799354073044,7.048523574564671,7.1014066749990565,7.829985,7.256126952063676,2026-06
2026-06-05,ITA US 01/15/27 C235 Equity,2026-06-12,19.8,17.5,16.597156907624502,17.5,16.597156907624502,14.353157581336427,14.375485076412717,15.204218,15.600897360856003,2026-06
2026-06-05,ITA US 12/18/26 C235 Equity,2026-06-12,18.45,16.15,15.446078296326673,16.15,15.446078296326673,13.166024361204904,13.135041395927846,14.720838,14.179823346246971,2026-06
2026-06-05,ITA US 01/15/27 C230 Equity,2026-06-12,22.15,19.7,18.893761459317385,19.7,18.893761459317385,16.38268161914383,16.30723340081036,16.692743,17.718551321172885,2026-06
2026-06-05,ITA US 10/16/26 C230 Equity,2026-06-12,17.4,14.8,14.355353591346761,14.8,14.355353591346761,11.192807780448788,11.244324414311468,12.215528,12.581637939142794,2026-06
2026-06-05,ITA US 07/17/26 C250 Equity,2026-06-12,2.425,1.925,1.6330972797508863,1.925,1.6330972797508863,0.742407463642559,0.35392327741736906,2.464732,-0.37343979433476737,2026-06
2026-06-05,ITA US 12/18/26 C245 Equity,2026-06-12,14.3,12.100000000000001,11.414713336738005,12.100000000000001,11.414713336738005,9.676958562108142,9.692887798304232,10.7590885,10.261361599251641,2026-06
2026-06-05,ITA US 07/17/26 C230 Equity,2026-06-12,9.65,7.6,7.344190158927231,7.6,7.344190158927231,5.762361774881098,5.486212050258561,7.083226,5.2868725863307615,2026-06
2026-06-05,ITA US 01/15/27 C250 Equity,2026-06-12,13.350000000000001,11.5,10.861201164199915,11.5,10.861201164199915,9.847832401674768,9.749342647749671,9.713784,9.82938066804497,2026-06
2026-06-05,ITA US 01/15/27 C240 Equity,2026-06-12,17.5,15.5,14.770502305955281,15.5,14.770502305955281,12.989669841475354,12.957690118769742,13.129108,13.68002500331062,2026-06
2026-06-05,ITA US 10/16/26 C235 Equity,2026-06-12,14.850000000000001,12.5,11.727280267732558,12.5,11.727280267732558,9.32079341721865,9.28272280490569,10.493684,10.316601302419892,2026-06
2026-06-05,ITA US 12/18/26 C250 Equity,2026-06-12,12.35,10.9,10.187521851483849,10.9,10.187521851483849,8.508919519625474,8.608153377238443,9.501407,9.181997991638948,2026-06
2026-06-08,ITA US 12/18/26 C240 Equity,2026-06-15,18.049999999999997,13.15,12.098907036414843,13.15,12.098907036414843,10.40447018341217,10.69934572623466,11.584964,11.386474019602135,2026-06
2026-06-08,ITA US 10/16/26 C245 Equity,2026-06-15,11.850000000000001,8.15,7.4204994309645445,8.15,7.4204994309645445,5.970682794766525,6.201108990977621,6.6773543,6.319796002443616,2026-06
2026-06-08,ITA US 01/15/27 C235 Equity,2026-06-15,22.1,16.4,15.39134723291428,16.4,15.39134723291428,13.103944619680728,13.463163040071002,14.150434,14.486931190155143,2026-06
2026-06-08,ITA US 10/16/26 C230 Equity,2026-06-15,19.4,13.8,13.201637900458929,13.8,13.201637900458929,10.71157322289953,10.856995299578484,11.084448,11.710507269955633,2026-06
2026-06-08,ITA US 10/16/26 C235 Equity,2026-06-15,16.549999999999997,11.85,11.04587598066084,11.85,11.04587598066084,8.958605414423886,9.109543849330205,9.547539,9.771091822734082,2026-06
2026-06-08,ITA US 12/18/26 C245 Equity,2026-06-15,15.25,11.25,10.44911644793651,11.25,10.44911644793651,9.20289569651419,9.406086325340233,9.965148,9.56194403166167,2026-06
2026-06-08,ITA US 01/15/27 C240 Equity,2026-06-15,19.65,14.4,13.271093233972866,14.4,13.271093233972866,11.861457459847532,12.107811819377144,12.263052,12.612782681399125,2026-06
2026-06-08,ITA US 12/18/26 C250 Equity,2026-06-15,12.75,9.0,8.197707599585742,9.0,8.197707599585742,6.006503735118772,6.41846927976484,8.733654,6.934455662560004,2026-06
2026-06-08,ITA US 01/15/27 C245 Equity,2026-06-15,17.15,12.55,11.684387872138736,12.55,11.684387872138736,10.232013932205954,10.493101361824944,10.827628,10.814561355255652,2026-06
2026-06-08,ITA US 01/15/27 C230 Equity,2026-06-15,24.5,18.5,17.266608031586873,18.5,17.266608031586873,14.856259425357731,15.133034593248055,15.884248,16.50527262276767,2026-06
2026-06-08,ITA US 10/16/26 C250 Equity,2026-06-15,10.0,7.199999999999999,6.542709774956595,7.199999999999999,6.542709774956595,5.268152758306005,5.493024762141076,5.672866,5.5135170738081465,2026-06
2026-06-08,ITA US 10/16/26 C255 Equity,2026-06-15,7.8,5.75,5.132136250491369,5.75,5.132136250491369,4.037665505963282,4.166159729682072,4.7590857,4.062429376226042,2026-06
2026-06-08,ITA US 12/18/26 C235 Equity,2026-06-15,20.700000000000003,15.25,14.279464231921704,15.25,14.279464231921704,12.30738134944929,12.504684671728835,13.541149,13.313239851952137,2026-06
2026-06-08,ITA US 01/15/27 C250 Equity,2026-06-15,15.0,11.15,10.057278829899191,11.15,10.057278829899191,8.668171913311252,8.840132106941486,9.343916,9.297677706387086,2026-06
2026-06-08,ITA US 12/18/26 C230 Equity,2026-06-15,23.1,17.45,16.314817138678155,17.45,16.314817138678155,13.700749406123785,14.011963388254795,15.534596,15.478963960970678,2026-06
2026-06-08,ITA US 07/17/26 C250 Equity,2026-06-15,2.925,1.5499999999999998,1.1285998388283007,1.5499999999999998,1.1285998388283007,-0.11436239308115503,-0.2434354521976445,2.233924,-0.5629270138460138,2026-06
2026-06-08,ITA US 07/17/26 C230 Equity,2026-06-15,12.15,6.55,5.72824912271776,6.55,5.72824912271776,4.827868591017433,4.709613275773066,6.8249025,4.29466790253457,2026-06
2026-06-08,ITA US 10/16/26 C240 Equity,2026-06-15,14.350000000000001,9.649999999999999,8.915511505932704,9.649999999999999,8.915511505932704,7.313449334186968,7.710830929587321,7.944339,7.791708666790097,2026-06
2026-06-09,ITA US 12/18/26 C240 Equity,2026-06-16,18.75,13.85,13.64175403068207,13.85,13.64175403068207,10.31521005686318,10.882919349102753,12.005232,11.469684057702827,2026-06
2026-06-09,ITA US 10/16/26 C255 Equity,2026-06-16,9.0,6.1,6.084553864194717,6.1,6.084553864194717,4.233638853668662,4.661335614261986,4.7418985,4.011514641730633,2026-06
2026-06-09,ITA US 10/16/26 C240 Equity,2026-06-16,14.95,10.600000000000001,10.326494852859597,10.600000000000001,10.326494852859597,7.704024413034614,8.122465532692948,8.805472,8.195992719499818,2026-06
2026-06-09,ITA US 07/17/26 C250 Equity,2026-06-16,3.4499999999999997,1.9,1.5851327002266644,1.9,1.5851327002266644,-0.386805713258795,0.0481418851205504,2.076245,-0.6383821052890126,2026-06
2026-06-09,ITA US 12/18/26 C245 Equity,2026-06-16,16.25,12.0,11.59874046287963,12.0,11.59874046287963,9.028474976653373,9.51595901277378,10.64312,9.719765900226717,2026-06
2026-06-09,ITA US 07/17/26 C230 Equity,2026-06-16,13.600000000000001,8.1,7.790338733999726,8.1,7.790338733999726,5.969770496301672,5.885329566793047,7.5320473,5.486521612137668,2026-06
2026-06-09,ITA US 01/15/27 C235 Equity,2026-06-16,22.7,17.4,17.169185524716898,17.4,17.169185524716898,13.381901991717466,13.857799929030643,15.3208475,14.963946918923066,2026-06
2026-06-09,ITA US 10/16/26 C250 Equity,2026-06-16,10.350000000000001,7.35,7.425465095801919,7.35,7.425465095801919,5.340505041578784,5.78751202088065,5.6814528,5.072222614944085,2026-06
2026-06-09,ITA US 12/18/26 C250 Equity,2026-06-16,14.100000000000001,10.9,9.755976293896792,10.9,9.755976293896792,6.129933499009997,6.757406605214105,9.820711,8.266852541898952,2026-06
2026-06-09,ITA US 01/15/27 C230 Equity,2026-06-16,25.9,19.9,19.602061533702564,19.9,19.602061533702564,15.919002732801372,15.986118844323835,16.993517,17.42866964135572,2026-06
2026-06-09,ITA US 10/16/26 C230 Equity,2026-06-16,20.6,14.9,14.901775394117454,14.9,14.901775394117454,12.054921420931127,12.02638885845289,12.775538,12.428669641355723,2026-06
2026-06-09,ITA US 12/18/26 C235 Equity,2026-06-16,21.4,16.05,15.737561241178692,16.05,15.737561241178692,12.398827799456713,12.796818592069178,14.645669,13.59025558072006,2026-06
2026-06-09,ITA US 01/15/27 C250 Equity,2026-06-16,15.65,11.55,11.08362017546065,11.55,11.08362017546065,8.946740259844013,9.37425132133972,9.740981,9.366987967756122,2026-06
2026-06-09,ITA US 01/15/27 C240 Equity,2026-06-16,20.1,15.2,14.783861516447098,15.2,14.783861516447098,11.60567876454292,12.098388433366521,13.136273,12.795992719499816,2026-06
2026-06-09,ITA US 10/16/26 C235 Equity,2026-06-16,17.4,12.7,12.282087140252294,12.7,12.282087140252294,9.31514613582745,9.677211099493404,10.719509,10.263946918923066,2026-06
2026-06-09,ITA US 10/16/26 C245 Equity,2026-06-16,12.65,8.65,8.776617448904148,8.65,8.776617448904148,5.931512927490662,6.421916595881117,7.060723,6.298691885617689,2026-06
2026-06-09,ITA US 12/18/26 C230 Equity,2026-06-16,24.35,18.85,18.28584702897021,18.85,18.28584702897021,15.107890860307354,15.229751817383326,16.755215,16.544509008776785,2026-06
2026-06-09,ITA US 01/15/27 C245 Equity,2026-06-16,17.7,13.7,12.886064716880794,13.7,12.886064716880794,10.918571616560413,11.39244990814794,11.446361,11.609296605850787,2026-06
2026-06-10,ITA US 12/18/26 C235 Equity,2026-06-17,23.4,14.600000000000001,13.555400996943735,14.600000000000001,13.555400996943735,10.898029921874501,11.166490837432548,12.168369,12.256905028063848,2026-06
2026-06-10,ITA US 10/16/26 C245 Equity,2026-06-17,14.5,7.7,7.202492323726973,7.7,7.202492323726973,5.537480772707325,5.618240203564778,5.9954777,5.651583241850025,2026-06
2026-06-10,ITA US 01/15/27 C250 Equity,2026-06-17,16.95,10.9,9.851290809760748,10.9,9.851290809760748,7.58876594438802,7.7454303052260425,8.408089,8.5918895018686,2026-06
2026-06-10,ITA US 12/18/26 C230 Equity,2026-06-17,26.4,16.55,15.43570217648655,16.55,15.43570217648655,12.645810007896507,13.097090707677522,14.270217,14.244453406845103,2026-06
2026-06-10,ITA US 01/15/27 C230 Equity,2026-06-17,27.85,17.85,16.549612959791332,17.85,16.549612959791332,13.735471247298573,14.029357373829514,14.671388,15.402305377627052,2026-06
2026-06-10,ITA US 12/18/26 C245 Equity,2026-06-17,18.25,11.0,10.088875889303822,11.0,10.088875889303822,8.163186394360128,8.379816827787018,9.288157,8.904200565444008,2026-06
2026-06-10,ITA US 07/17/26 C250 Equity,2026-06-17,4.7,1.225,0.8167560570837301,1.225,0.8167560570837301,-1.0155543781722844,-1.2174056602552632,1.56089,-1.1423388436389237,2026-06
2026-06-10,ITA US 10/16/26 C235 Equity,2026-06-17,20.0,11.2,10.749590409555324,11.2,10.749590409555324,8.314310031593735,8.474756526814316,8.448947,8.80952235165783,2026-06
2026-06-10,ITA US 12/18/26 C250 Equity,2026-06-17,16.0,9.65,8.6820271093714,9.65,8.6820271093714,6.254481419703363,6.580079730274022,8.136843,7.507728869289662,2026-06
2026-06-10,ITA US 10/16/26 C250 Equity,2026-06-17,12.25,6.65,6.0412699681689315,6.65,6.0412699681689315,4.036433331547734,4.158651284021467,5.0250382,4.460346192883644,2026-06
2026-06-10,ITA US 10/16/26 C255 Equity,2026-06-17,10.15,5.35,4.821532216344796,5.35,4.821532216344796,3.1540205062189948,3.177246277477458,4.001439,3.2770790876333384,2026-06
2026-06-10,ITA US 10/16/26 C240 Equity,2026-06-17,16.799999999999997,9.4,8.693480056973092,9.4,8.693480056973092,6.404408135949677,6.56659887663717,7.2713485,7.039889495567489,2026-06
2026-06-10,ITA US 01/15/27 C245 Equity,2026-06-17,19.55,12.2,11.089835722909035,12.2,11.089835722909035,9.178802015153032,9.55861206148225,9.862135,10.00943521263197,2026-06
2026-06-10,ITA US 01/15/27 C235 Equity,2026-06-17,24.75,15.8,14.621409391810264,15.8,14.621409391810264,11.695585744769483,12.049940549176522,12.962704,13.40952235165783,2026-06
2026-06-10,ITA US 01/15/27 C240 Equity,2026-06-17,22.2,13.899999999999999,12.834649849917176,13.899999999999999,12.834649849917176,10.42257614262887,10.680452086185323,10.867183,11.634654848379522,2026-06
2026-06-10,ITA US 10/16/26 C230 Equity,2026-06-17,22.9,13.45,12.620584364793926,13.45,12.620584364793926,10.19645058101214,10.42999343257855,10.360718,11.144453406845102,2026-06
2026-06-10,ITA US 07/17/26 C230 Equity,2026-06-17,15.65,6.6,5.689004042532485,6.6,5.689004042532485,5.572806924480003,5.2356400715955695,6.1090674,4.175996715830058,2026-06
2026-06-10,ITA US 12/18/26 C240 Equity,2026-06-17,20.7,12.55,11.678302140246386,12.55,11.678302140246386,9.512802507485278,9.796523199706067,10.652107,10.450494215800587,2026-06
2026-06-11,ITA US 01/15/27 C250 Equity,2026-06-18,15.85,14.05,13.926637852779573,14.05,13.926637852779573,11.767955261817448,12.181157834496517,13.656348,12.124351337753751,2026-06
2026-06-11,ITA US 01/15/27 C235 Equity,2026-06-18,22.55,20.549999999999997,20.83636645341433,20.549999999999997,20.83636645341433,16.95199116071879,16.97776312913873,18.052673,18.34277575548205,2026-06
2026-06-11,ITA US 10/16/26 C245 Equity,2026-06-18,12.65,11.05,11.167525819403352,11.05,11.167525819403352,9.005501853908658,9.518585716379976,10.217211,9.049272103828207,2026-06
2026-06-11,ITA US 01/15/27 C245 Equity,2026-06-18,17.85,15.85,16.00976426193148,15.85,16.00976426193148,12.931970075456485,13.447002657954698,14.986242,13.801889427422187,2026-06
2026-06-11,ITA US 12/18/26 C245 Equity,2026-06-18,16.55,14.600000000000001,14.618751093307418,14.600000000000001,14.618751093307418,12.16435233190046,12.61893223399688,14.0154295,12.622963442031216,2026-06
2026-06-11,ITA US 10/16/26 C255 Equity,2026-06-18,9.0,7.8500000000000005,7.727568648681592,7.8500000000000005,7.727568648681592,6.447133567143454,7.087292990254347,6.750279,6.091439805265884,2026-06
2026-06-11,ITA US 10/16/26 C250 Equity,2026-06-18,10.65,9.100000000000001,9.175730051505552,9.100000000000001,9.175730051505552,7.110414060234945,7.737884053367122,8.749963,7.150659999550743,2026-06
2026-06-11,ITA US 12/18/26 C250 Equity,2026-06-18,14.25,12.7,12.650092025314283,12.7,12.650092025314283,10.204499270811352,10.854549963965773,12.756365,10.798042675956758,2026-06
2026-06-11,ITA US 12/18/26 C240 Equity,2026-06-18,18.4,16.85,16.92948691565915,16.85,16.92948691565915,13.563626350827581,14.021710446864839,16.222525,14.771268573883214,2026-06
2026-06-11,ITA US 10/16/26 C230 Equity,2026-06-18,19.95,18.4,18.6045881564837,18.4,18.6045881564837,15.984690753134098,15.934674345017095,15.938638,16.22681771164126,2026-06
2026-06-11,ITA US 01/15/27 C240 Equity,2026-06-18,20.15,18.200000000000003,18.426328111703086,18.200000000000003,18.426328111703086,15.19520578002183,15.486837072361661,16.73745,16.05019455927419,2026-06
2026-06-11,ITA US 10/16/26 C240 Equity,2026-06-18,14.6,13.05,13.236698477424449,13.05,13.236698477424449,10.596339724996644,10.89009965178842,12.188779,10.923885897477195,2026-06
2026-06-11,ITA US 10/16/26 C235 Equity,2026-06-18,17.450000000000003,15.5,15.899203911491915,15.5,15.899203911491915,13.202802090646939,13.0243258112659,13.962495,13.316467093685063,2026-06
2026-06-11,ITA US 12/18/26 C235 Equity,2026-06-18,21.1,19.4,19.533803699861636,19.4,19.533803699861636,16.14722453458084,16.08267501277851,17.901964,17.21646709368506,2026-06
2026-06-11,ITA US 12/18/26 C230 Equity,2026-06-18,23.8,21.9,22.193159456037684,21.9,22.193159456037684,18.72478387984843,18.742521015266345,19.057491,19.632052358829224,2026-06
2026-06-11,ITA US 01/15/27 C230 Equity,2026-06-18,25.2,23.35,23.750372129188325,23.35,23.750372129188325,20.03747325317555,19.964032365522545,19.927624,21.058361020626215,2026-06
2026-06-12,ITA US 01/15/27 C245 Equity,2026-06-22,15.75,15.3,14.67818081155213,15.3,14.67818081155213,13.534151868716625,12.948015913427662,13.076991,13.53951874028567,2026-06
2026-06-12,ITA US 12/18/26 C230 Equity,2026-06-22,21.4,21.05,20.34854501626336,21.05,20.34854501626336,18.61057329639695,17.786492993870503,17.648176,19.02433143015568,2026-06
2026-06-12,ITA US 10/16/26 C245 Equity,2026-06-22,10.8,10.75,10.29424208265998,10.75,10.29424208265998,9.498725467708905,8.839203629125516,8.590276,8.918444725676634,2026-06
2026-06-12,ITA US 01/15/27 C250 Equity,2026-06-22,14.1,13.350000000000001,12.662890392726444,13.350000000000001,12.662890392726444,12.207387436945925,11.577283260178259,11.325552,11.687666032387733,2026-06
2026-06-12,ITA US 12/18/26 C240 Equity,2026-06-22,16.75,16.3,15.5961549820754,16.3,15.5961549820754,14.088559820344342,13.53545712652506,14.614579,14.462164460368271,2026-06
2026-06-12,ITA US 01/15/27 C240 Equity,2026-06-22,18.05,17.5,16.738177541925833,17.5,16.738177541925833,15.321872237330446,14.710150010422606,15.025089,15.614781783962252,2026-06
2026-06-12,ITA US 10/16/26 C230 Equity,2026-06-22,18.05,17.4,16.982629897250675,17.4,16.982629897250675,15.579153650617888,14.713849671381913,15.059325,15.35064009195266,2026-06
2026-06-12,ITA US 10/16/26 C235 Equity,2026-06-22,14.95,14.850000000000001,14.414545512191465,14.850000000000001,14.414545512191465,13.003632469063888,12.237714099231656,12.375738,12.908039857858457,2026-06
2026-06-12,ITA US 10/16/26 C250 Equity,2026-06-22,9.1,9.25,8.694039180466342,9.25,8.694039180466342,8.245961006514827,7.597428464436016,7.796519,7.492900679575687,2026-06
2026-06-12,ITA US 12/18/26 C250 Equity,2026-06-22,12.45,12.35,11.559922290700214,12.35,11.559922290700214,10.453048058008084,9.974948413771575,10.889211,10.54551800316968,2026-06
2026-06-12,ITA US 12/18/26 C235 Equity,2026-06-22,18.95,18.45,17.872919221712536,18.45,17.872919221712536,16.086664709357468,15.44353446477109,15.94665,16.555422534264483,2026-06
2026-06-12,ITA US 10/16/26 C255 Equity,2026-06-22,7.45,7.699999999999999,7.159857994622131,7.699999999999999,7.159857994622131,7.149810816899038,6.450510156901343,6.5130224,6.0383162948062825,2026-06
2026-06-12,ITA US 10/16/26 C240 Equity,2026-06-22,12.75,12.75,12.298829369252395,12.75,12.298829369252395,11.417614101044208,10.656610630437902,10.496592,10.841090445759235,2026-06
2026-06-15,ITA US 10/16/26 C250 Equity,2026-06-23,8.5,10.0,9.149991574608205,10.0,9.149991574608205,7.522619963480606,7.441302517401131,7.7636786,7.61043749201767,2026-06
2026-06-15,ITA US 12/18/26 C230 Equity,2026-06-23,21.6,23.1,21.696540350681015,23.1,21.696540350681015,19.35857248814916,19.04560963893272,18.054893,20.67452067761766,2026-06
2026-06-15,ITA US 10/16/26 C255 Equity,2026-06-23,7.05,7.8,6.907782090278549,7.8,6.907782090278549,5.5452384307709846,5.460304130043084,5.9666233,5.435739894416022,2026-06
2026-06-15,ITA US 12/18/26 C240 Equity,2026-06-23,16.2,18.049999999999997,16.791034662241074,18.049999999999997,16.791034662241074,14.661689960137606,14.563693295631989,14.477084,15.909338303876702,2026-06
2026-06-15,ITA US 10/16/26 C230 Equity,2026-06-23,17.5,19.4,18.469674493755175,19.4,18.469674493755175,17.1513205767183,16.609957833183348,15.576786,16.974520677617658,2026-06
2026-06-15,ITA US 01/15/27 C240 Equity,2026-06-23,18.25,19.65,18.46413161065541,19.65,18.46413161065541,16.327017952018714,16.08456287218038,15.183504,17.36719027465865,2026-06
2026-06-15,ITA US 12/18/26 C235 Equity,2026-06-23,18.950000000000003,20.700000000000003,19.282291772546774,20.700000000000003,19.282291772546774,16.92115287068082,16.432713808830883,16.059408,18.21721430669018,2026-06
2026-06-15,ITA US 01/15/27 C245 Equity,2026-06-23,16.05,17.15,15.905591412271994,17.15,15.905591412271994,13.498991585748033,13.425967790470022,13.5364485,14.803438210957824,2026-06
2026-06-15,ITA US 12/18/26 C250 Equity,2026-06-23,11.75,12.75,12.157152856385947,12.75,12.157152856385947,9.664233000454047,9.746820532119669,10.720825,10.384128830220678,2026-06
2026-06-15,ITA US 01/15/27 C250 Equity,2026-06-23,14.15,15.0,13.782876277788876,15.0,13.782876277788876,12.658596845732914,12.5329313729883,12.278873,12.989498903265813,2026-06
2026-06-15,ITA US 10/16/26 C245 Equity,2026-06-23,10.25,11.850000000000001,10.78300005079104,11.850000000000001,10.78300005079104,9.0183093033916,8.87918802098094,9.18424,9.503438210957826,2026-06
2026-06-15,ITA US 10/16/26 C240 Equity,2026-06-23,12.45,14.350000000000001,13.451033589079223,14.350000000000001,13.451033589079223,11.3211334514135,11.029937961409328,10.967714,11.925042245440599,2026-06
2026-06-15,ITA US 10/16/26 C235 Equity,2026-06-23,14.9,16.549999999999997,15.419608420406798,16.549999999999997,15.419608420406798,13.77099324466376,13.2289940864994,13.1385,14.18567099770522,2026-06
2026-06-16,ITA US 10/16/26 C255 Equity,2026-06-24,7.550000000000001,9.0,8.348865419113052,9.0,8.348865419113052,5.488148750249469,5.329025895037126,6.8445907,5.79046619471011,2026-06
2026-06-16,ITA US 01/15/27 C250 Equity,2026-06-24,14.0,15.65,14.834225611283088,15.65,14.834225611283088,12.349902906584827,12.256865744569826,12.148466,12.817352303600368,2026-06
2026-06-16,ITA US 12/18/26 C240 Equity,2026-06-24,16.85,18.75,17.940885988496063,18.75,17.940885988496063,13.629592392264437,13.662871779079993,14.080247,15.525387977882755,2026-06
2026-06-16,ITA US 01/15/27 C230 Equity,2026-06-24,23.45,25.9,25.15057052393469,25.9,25.15057052393469,20.712502404613986,20.407836562155893,19.146929,22.3892670841287,2026-06
2026-06-16,ITA US 12/18/26 C250 Equity,2026-06-24,12.6,14.100000000000001,13.401227894630651,14.100000000000001,13.401227894630651,10.3768877899012,10.265887227268294,10.151938,11.101512936179304,2026-06
2026-06-16,ITA US 10/16/26 C235 Equity,2026-06-24,15.1,17.4,16.63723734696819,17.4,16.63723734696819,13.282610378375168,12.976670575479067,13.512656,14.164304946338667,2026-06
2026-06-16,ITA US 10/16/26 C250 Equity,2026-06-24,9.2,10.350000000000001,9.79998102810307,10.350000000000001,9.79998102810307,6.6944576273655265,6.628013492885833,7.5810666,7.23305624516426,2026-06
2026-06-16,ITA US 01/15/27 C245 Equity,2026-06-24,16.0,17.7,16.91026189928667,17.7,16.91026189928667,13.149937006576344,13.094191971673522,13.666819,14.578087019406764,2026-06
2026-06-16,ITA US 10/16/26 C240 Equity,2026-06-24,13.15,14.95,14.367764591662223,14.95,14.367764591662223,11.241594355269799,10.953709996090486,11.089996,11.82015333069479,2026-06
2026-06-16,ITA US 10/16/26 C245 Equity,2026-06-24,10.45,12.65,12.046951405002,12.65,12.046951405002,8.57322545546554,8.46027506926097,9.280053,9.362247651985706,2026-06
2026-06-16,ITA US 12/18/26 C230 Equity,2026-06-24,21.85,24.35,23.603653498926388,24.35,23.603653498926388,19.55702098117279,19.3830773153022,18.433392,21.052489127955784,2026-06
2026-06-16,ITA US 10/16/26 C230 Equity,2026-06-24,18.200000000000003,20.6,20.068296722578793,20.6,20.068296722578793,16.857014597072972,16.594249763662265,14.9934025,17.373563142564812,2026-06
2026-06-16,ITA US 01/15/27 C235 Equity,2026-06-24,20.65,22.7,21.792571362062994,22.7,21.792571362062994,18.068713980284336,17.82952959265143,17.088064,19.464304946338665,2026-06
2026-06-16,ITA US 12/18/26 C235 Equity,2026-06-24,19.15,21.4,20.32644056255392,21.4,20.32644056255392,16.934399437892182,16.60320933836752,16.152369,18.164304946338667,2026-06
2026-06-16,ITA US 12/18/26 C245 Equity,2026-06-24,14.75,16.25,15.43538120666642,16.25,15.43538120666642,12.228097778560631,12.009585297216965,12.069537,13.151778357609778,2026-06
2026-06-16,ITA US 01/15/27 C240 Equity,2026-06-24,18.15,20.1,19.30560117878653,20.1,19.30560117878653,15.718435755882535,15.612393453393166,14.961578,16.9938446688978,2026-06
2026-06-17,ITA US 10/16/26 C235 Equity,2026-06-25,17.5,20.0,19.232364130140503,20.0,19.232364130140503,14.051195777559471,13.968911780201921,16.3778,15.448729607757208,2026-06
2026-06-17,ITA US 10/16/26 C240 Equity,2026-06-25,14.75,16.799999999999997,16.145403507107112,16.799999999999997,16.145403507107112,10.90798506001894,10.752575809166188,14.004626,12.189722353599322,2026-06
2026-06-17,ITA US 10/16/26 C245 Equity,2026-06-25,12.55,14.5,13.779678862069494,14.5,13.779678862069494,8.89171280985122,8.968756510654366,11.580913,10.064438986439137,2026-06
2026-06-17,ITA US 10/16/26 C255 Equity,2026-06-25,8.55,10.15,9.486693253174534,10.15,9.486693253174534,5.836352280633182,5.902904875618278,8.297225,5.889199026364792,2026-06
2026-06-17,ITA US 01/15/27 C230 Equity,2026-06-25,25.85,27.85,26.688885190209287,27.85,26.688885190209287,21.273142549517924,21.23553478179856,22.175941,23.23588728964522,2026-06
2026-06-17,ITA US 12/18/26 C230 Equity,2026-06-25,24.55,26.4,25.27614175607933,26.4,25.27614175607933,19.54062912532956,19.661591942375274,20.475346,21.71481327503619,2026-06
2026-06-17,ITA US 01/15/27 C240 Equity,2026-06-25,20.0,22.2,21.137534107407195,22.2,21.137534107407195,15.881568624305903,15.771011081705245,17.220284,17.68448770641136,2026-06
2026-06-17,ITA US 12/18/26 C240 Equity,2026-06-25,18.65,20.7,19.695001518053147,20.7,19.695001518053147,13.879872518797704,13.848249669889551,16.235441,16.13710503000534,2026-06
2026-06-17,ITA US 01/15/27 C235 Equity,2026-06-25,22.5,24.75,23.8114957154664,24.75,23.8114957154664,18.335050817285797,18.406119551419437,19.583569,20.222420945960216,2026-06
2026-06-17,ITA US 12/18/26 C245 Equity,2026-06-25,16.25,18.25,17.164513822277947,18.25,17.164513822277947,11.570635667288444,11.77262100220332,14.646972,13.74336497183011,2026-06
2026-06-17,ITA US 10/16/26 C250 Equity,2026-06-25,10.2,12.25,11.551499466335292,12.25,11.551499466335292,6.783465070716334,6.9946177383076655,10.1543255,7.915079398647162,2026-06
2026-06-17,ITA US 12/18/26 C235 Equity,2026-06-25,21.6,23.4,22.574929148700164,23.4,22.574929148700164,16.74490675488618,16.79409158881394,18.545464,18.75396425494517,2026-06
2026-06-17,ITA US 01/15/27 C245 Equity,2026-06-25,17.4,19.55,18.463416160880104,19.55,18.463416160880104,13.170372166416387,13.36907517610689,15.900525,15.185513001048164,2026-06
2026-06-17,ITA US 01/15/27 C250 Equity,2026-06-25,15.25,16.95,15.799010844228672,16.95,15.799010844228672,10.687741856137173,10.953322936772276,14.272114,12.425548693023089,2026-06
2026-06-17,ITA US 10/16/26 C230 Equity,2026-06-25,20.7,22.9,22.17326049526316,22.9,22.17326049526316,17.140756952318362,17.08803747705533,17.308681,18.16743059863017,2026-06
2026-06-17,ITA US 12/18/26 C250 Equity,2026-06-25,13.95,16.0,14.929537434468594,16.0,14.929537434468594,10.475658927125085,10.762084848088667,12.712133,11.73615341325619,2026-06
