date,contract,target_date,target_t1,naive_forecast,crr_forecast,pred_naive_random_walk,pred_crr_binomial_roll-down,pred_ols,pred_ridge,pred_xgboost,pred_elasticnet_delta,origem
2026-03-02,ITA US 10/16/26 C255 Equity,2026-03-09,14.700000000000001,19.0,18.486246503449497,19.0,18.486246503449497,18.87602609277055,18.05714735362822,19.746754,18.202838525660052,2026-03
2026-03-02,ITA US 10/16/26 C235 Equity,2026-03-09,24.15,30.2,29.79196763938928,30.2,29.79196763938928,25.60113366511066,24.99087083936953,26.653635,26.471906990698677,2026-03
2026-03-02,ITA US 10/16/26 C230 Equity,2026-03-09,27.0,33.65,33.25431187317403,33.65,33.25431187317403,27.681193669516624,27.475721117160177,27.104548,29.095582788832935,2026-03
2026-03-02,ITA US 12/18/26 C240 Equity,2026-03-09,24.55,29.549999999999997,29.04053163808926,29.549999999999997,29.04053163808926,26.796916835760456,27.551055475650628,26.41441,28.81541768276368,2026-03
2026-03-02,ITA US 07/17/26 C250 Equity,2026-03-09,11.899999999999999,16.3,15.912971255375146,16.3,15.912971255375146,17.964464927122883,17.49879907538559,16.943237,17.093737384177132,2026-03
2026-03-02,ITA US 12/18/26 C235 Equity,2026-03-09,27.1,32.65,32.14761226242915,32.65,32.14761226242915,28.952491252592047,29.73091292959698,27.493032,30.9380312910197,2026-03
2026-03-02,ITA US 10/16/26 C240 Equity,2026-03-09,21.5,27.05,26.606717096072085,27.05,26.606717096072085,24.251680615771882,23.24534600758806,24.418234,24.48040031155661,2026-03
2026-03-02,ITA US 07/17/26 C230 Equity,2026-03-09,22.450000000000003,29.15,28.941181744500888,29.15,28.941181744500888,25.27720196617988,26.809474434204084,23.548092,27.32786622635979,2026-03
2026-03-02,ITA US 07/17/26 C280 Equity,2026-03-09,3.9499999999999997,5.75,5.391086204309179,5.75,5.391086204309179,4.66805830111389,7.799159956007051,7.3909206,5.9341421749752605,2026-03
2026-03-02,ITA US 10/16/26 C245 Equity,2026-03-09,18.9,24.25,23.75579585700091,24.25,23.75579585700091,23.52765578947811,23.25372086083975,23.74398,24.044758648624732,2026-03
2026-03-02,ITA US 12/18/26 C250 Equity,2026-03-09,19.85,23.4,23.56193208011563,23.4,23.56193208011563,23.486533628200817,23.816060803176853,21.91549,24.67252666791476,2026-03
2026-03-02,ITA US 12/18/26 C230 Equity,2026-03-09,30.35,36.2,35.71786185325815,36.2,35.71786185325815,30.928598059654057,31.670727521043773,27.681711,33.356424930481424,2026-03
2026-03-02,ITA US 10/16/26 C250 Equity,2026-03-09,16.5,21.450000000000003,21.027442345439837,21.450000000000003,21.027442345439837,22.239207532271205,20.81528262856364,22.234266,21.43543316232779,2026-03
2026-03-02,ITA US 12/18/26 C245 Equity,2026-03-09,21.75,26.1,25.46988310516173,26.1,25.46988310516173,24.977129407526746,24.61215782186015,24.867842,25.804097063112565,2026-03
2026-03-03,ITA US 10/16/26 C255 Equity,2026-03-10,14.15,16.35,15.51347652568757,16.35,15.51347652568757,17.322910590684174,16.96674019331369,17.426218,16.41115987217813,2026-03
2026-03-03,ITA US 10/16/26 C240 Equity,2026-03-10,20.4,23.8,23.014585128629303,23.8,23.014585128629303,24.175825400643618,22.983848136245868,25.287098,23.04966334146924,2026-03
2026-03-03,ITA US 12/18/26 C230 Equity,2026-03-10,28.75,32.45,31.811936142765067,32.45,31.811936142765067,29.51504331050115,30.83538551270145,28.447195,31.28352981684218,2026-03
2026-03-03,ITA US 12/18/26 C235 Equity,2026-03-10,26.15,29.05,28.64260410999524,29.05,28.64260410999524,28.214287726133342,28.9369699331069,28.37096,29.048127320410078,2026-03
2026-03-03,ITA US 12/18/26 C250 Equity,2026-03-10,19.15,20.4,19.635763346029734,20.4,19.635763346029734,19.72929865183891,21.115181553463895,19.802853,22.176343122102676,2026-03
2026-03-03,ITA US 10/16/26 C245 Equity,2026-03-10,18.049999999999997,21.1,20.18933126180424,21.1,20.18933126180424,23.24377665067978,22.38385276550318,23.308064,22.481994228825933,2026-03
2026-03-03,ITA US 12/18/26 C240 Equity,2026-03-10,23.55,26.05,25.59441632413436,26.05,25.59441632413436,26.480475118217118,27.21394689460795,26.43317,27.13749251393437,2026-03
2026-03-03,ITA US 10/16/26 C235 Equity,2026-03-10,23.1,26.8,26.12381848112806,26.8,26.12381848112806,25.270612755983244,25.020861977493876,27.061344,25.223872880545144,2026-03
2026-03-03,ITA US 07/17/26 C250 Equity,2026-03-10,11.25,13.7,13.528590514607718,13.7,13.528590514607718,15.623572369166459,16.158136528670294,14.628652,15.183777668652585,2026-03
2026-03-03,ITA US 10/16/26 C230 Equity,2026-03-10,25.75,29.85,29.274684750211506,29.85,29.274684750211506,26.467373412671712,26.765918889120844,27.603596,27.141995379015494,2026-03
2026-03-03,ITA US 10/16/26 C250 Equity,2026-03-10,16.1,18.55,17.68339335784077,18.55,17.68339335784077,18.999570580496925,19.88033936941678,19.816298,19.95434837016213,2026-03
2026-03-03,ITA US 07/17/26 C295 Equity,2026-03-10,1.875,2.575,2.2938145138802946,2.575,2.2938145138802946,4.501502063972678,4.929483631018812,3.1156287,3.795672606501281,2026-03
2026-03-03,ITA US 12/18/26 C245 Equity,2026-03-10,21.2,23.3,23.10440511489461,23.3,23.10440511489461,24.465091484639167,24.109823706404157,23.602276,24.706417111998086,2026-03
2026-03-03,ITA US 07/17/26 C230 Equity,2026-03-10,21.15,25.4,25.0432931892309,25.4,25.0432931892309,23.73871873733072,26.050490881380316,23.67936,25.25720281981851,2026-03
2026-03-03,ITA US 07/17/26 C280 Equity,2026-03-10,3.625,4.5,4.137638964664254,4.5,4.137638964664254,5.253293479617573,6.31195393727152,4.874746,5.4720396990186275,2026-03
2026-03-04,ITA US 07/17/26 C280 Equity,2026-03-11,3.375,4.800000000000001,4.4748508049932125,4.800000000000001,4.4748508049932125,2.979656967736613,5.527194129024913,5.39355,4.5434359934091315,2026-03
2026-03-04,ITA US 12/18/26 C250 Equity,2026-03-11,18.2,22.4,21.8254245130253,22.4,21.8254245130253,21.477893046204976,22.26791502770986,21.727964,23.482630480519063,2026-03
2026-03-04,ITA US 10/16/26 C230 Equity,2026-03-11,24.8,30.85,30.243631739896944,30.85,30.243631739896944,25.13235072108578,26.162536632665397,27.952612,26.800161722976828,2026-03
2026-03-04,ITA US 12/18/26 C245 Equity,2026-03-11,21.0,24.450000000000003,23.545936231613577,24.450000000000003,23.545936231613577,23.238770718960946,23.438318473089684,23.526726,24.564912329108857,2026-03
2026-03-04,ITA US 10/16/26 C250 Equity,2026-03-11,15.3,19.1,18.55735506736411,19.1,18.55735506736411,17.27499274171287,19.338821241208255,21.210194,19.569868155558886,2026-03
2026-03-04,ITA US 10/16/26 C245 Equity,2026-03-11,17.4,21.45,20.92104818163736,21.45,20.92104818163736,21.51388779323693,21.097425026109157,23.547058,21.38555960191995,2026-03
2026-03-04,ITA US 10/16/26 C240 Equity,2026-03-11,19.8,24.15,23.626582916117627,24.15,23.626582916117627,21.731328848075222,21.88488812811834,25.36112,21.99063953941552,2026-03
2026-03-04,ITA US 12/18/26 C240 Equity,2026-03-11,22.549999999999997,26.7,26.029563233711404,26.7,26.029563233711404,24.38549148806515,25.374157064534256,26.256199,26.11750523343582,2026-03
2026-03-04,ITA US 07/17/26 C295 Equity,2026-03-11,1.8250000000000002,2.575,2.3982823377221427,2.575,2.3982823377221427,1.2794155479908778,3.9400589984686416,3.0327032,2.6292065963568954,2026-03
2026-03-04,ITA US 07/17/26 C250 Equity,2026-03-11,10.25,13.9,13.710431473735634,13.9,13.710431473735634,13.434129820006447,14.55892114419507,14.8431425,14.261973029308091,2026-03
2026-03-04,ITA US 12/18/26 C235 Equity,2026-03-11,25.1,30.45,29.615930057703785,30.45,29.615930057703785,27.5993466949825,28.46910426013971,28.699652,29.112485208890686,2026-03
2026-03-04,ITA US 10/16/26 C255 Equity,2026-03-11,13.5,16.55,15.708270897530879,16.55,15.708270897530879,15.419466390976682,16.063759603801618,18.105299,15.541442111955316,2026-03
2026-03-04,ITA US 10/16/26 C235 Equity,2026-03-11,22.2,27.15,26.649473739654898,27.15,26.649473739654898,22.609822210726314,23.442981867686914,26.45737,24.00543821602654,2026-03
2026-03-04,ITA US 12/18/26 C230 Equity,2026-03-11,28.45,33.65,32.59912434040848,33.65,32.59912434040848,28.343236044486538,29.785799884582804,28.3526,31.064266094513584,2026-03
2026-03-04,ITA US 07/17/26 C230 Equity,2026-03-11,20.4,26.35,26.221606264324848,26.35,26.221606264324848,22.414318735306487,24.669168536565703,23.284727,24.601956624757776,2026-03
2026-03-05,ITA US 07/17/26 C295 Equity,2026-03-12,1.4,1.8250000000000002,1.7334901351651344,1.8250000000000002,1.7334901351651344,2.5512639984073235,3.3274380560869226,3.7756884,3.1749280104597393,2026-03
2026-03-05,ITA US 07/17/26 C230 Equity,2026-03-12,15.7,20.799999999999997,20.81277228606279,20.799999999999997,20.81277228606279,20.591600548475377,22.66221056014166,19.294823,21.59882949612069,2026-03
2026-03-05,ITA US 12/18/26 C230 Equity,2026-03-12,23.7,29.2,28.514967505932635,29.2,28.514967505932635,28.2797714374585,29.453201912743207,27.368004,29.246970531576434,2026-03
2026-03-05,ITA US 12/18/26 C250 Equity,2026-03-12,15.2,18.95,17.765904178415415,18.95,17.765904178415415,20.408993378053797,21.86416057572977,18.47452,21.58108167997537,2026-03
2026-03-05,ITA US 10/16/26 C255 Equity,2026-03-12,10.65,13.75,13.241625400669962,13.75,13.241625400669962,14.550314119568935,15.330894470686319,14.024792,14.076599245857889,2026-03
2026-03-05,ITA US 12/18/26 C245 Equity,2026-03-12,17.15,21.1,20.115179240757314,21.1,20.115179240757314,22.467707632940442,23.496647958482335,21.233015,23.095606434020823,2026-03
2026-03-05,ITA US 07/17/26 C250 Equity,2026-03-12,7.45,11.7,11.463747252690894,11.7,11.463747252690894,13.59193155773509,15.362772048651795,11.771292,13.775432519004038,2026-03
2026-03-05,ITA US 10/16/26 C235 Equity,2026-03-12,18.25,22.9,22.49937152968342,22.9,22.49937152968342,22.46975847535041,22.67772297769664,23.487791,22.358181321126292,2026-03
2026-03-05,ITA US 12/18/26 C235 Equity,2026-03-12,21.25,26.2,25.48927707456596,26.2,25.48927707456596,26.930566916385885,27.69496710192358,25.99574,27.353295456160456,2026-03
2026-03-05,ITA US 10/16/26 C245 Equity,2026-03-12,13.850000000000001,18.25,17.30810074627175,18.25,17.30810074627175,20.447954645892423,20.69469151993028,19.477745,20.12938911910767,2026-03
2026-03-05,ITA US 10/16/26 C250 Equity,2026-03-12,12.4,15.7,15.055700403335646,15.7,15.055700403335646,16.324580594485006,18.2968011452161,16.809513,17.60803172694621,2026-03
2026-03-05,ITA US 10/16/26 C230 Equity,2026-03-12,20.6,26.25,25.591773240343592,26.25,25.591773240343592,24.540111513203577,25.25989458038416,25.872,24.714706771880557,2026-03
2026-03-05,ITA US 12/18/26 C240 Equity,2026-03-12,19.15,23.6,22.829769697596486,23.6,22.829769697596486,25.752015468387583,25.697979331784087,22.984941,25.837566553950854,2026-03
2026-03-05,ITA US 07/17/26 C280 Equity,2026-03-12,2.575,3.575,3.2965898367421778,3.575,3.2965898367421778,4.1622299306883335,4.8966681371393115,5.0613403,4.688334907851817,2026-03
2026-03-05,ITA US 10/16/26 C240 Equity,2026-03-12,15.95,20.55,19.795881571340583,20.55,19.795881571340583,22.6730091777229,21.719176822926457,21.993351,21.04541600884058,2026-03
2026-03-06,ITA US 10/16/26 C235 Equity,2026-03-13,17.3,24.25,23.644918007503556,24.25,23.644918007503556,26.440223347414552,25.925573659561955,24.162636,26.00830185112013,2026-03
2026-03-06,ITA US 07/17/26 C250 Equity,2026-03-13,7.85,12.05,11.547096508436107,12.05,11.547096508436107,16.036650028390333,17.487035515687356,11.612183,16.50068387575444,2026-03
2026-03-06,ITA US 10/16/26 C240 Equity,2026-03-13,15.1,21.4,20.611435886194897,21.4,20.611435886194897,25.68193013642197,24.69659648361069,22.541746,24.392520231058896,2026-03
2026-03-06,ITA US 12/18/26 C250 Equity,2026-03-13,14.45,20.0,18.926943609645406,20.0,18.926943609645406,25.060597212256333,25.4647520733793,19.493391,25.234784719346756,2026-03
2026-03-06,ITA US 10/16/26 C245 Equity,2026-03-13,13.05,18.9,18.54821619985509,18.9,18.54821619985509,24.685642783972035,24.1295072183673,21.041395,23.342645755362263,2026-03
2026-03-06,ITA US 10/16/26 C230 Equity,2026-03-13,20.05,27.15,26.301676430806356,27.15,26.301676430806356,27.759291220090844,27.762486205185,25.408087,27.853987583431255,2026-03
2026-03-06,ITA US 07/17/26 C230 Equity,2026-03-13,15.149999999999999,22.4,22.134501264624205,22.4,22.134501264624205,25.293060657252838,25.995164054945015,19.871807,25.516145335124044,2026-03
2026-03-06,ITA US 10/16/26 C250 Equity,2026-03-13,11.5,16.95,16.19183897530662,16.95,16.19183897530662,21.57070444871205,21.87880612822074,18.50703,21.495579782335795,2026-03
2026-03-06,ITA US 12/18/26 C245 Equity,2026-03-13,15.9,21.95,21.24966699882005,21.95,21.24966699882005,26.53665046090854,26.44331722151994,22.588226,26.46010611807334,2026-03
2026-03-06,ITA US 12/18/26 C235 Equity,2026-03-13,20.25,27.35,26.315952035779283,27.35,26.315952035779283,30.594631811246444,30.18281528167502,26.222662,30.661764742663326,2026-03
2026-03-06,ITA US 07/17/26 C280 Equity,2026-03-13,2.4499999999999997,3.8499999999999996,3.608346333961272,3.8499999999999996,3.608346333961272,7.249333760449469,8.579119674437639,4.1483436,7.715564343945797,2026-03
2026-03-06,ITA US 10/16/26 C255 Equity,2026-03-13,9.850000000000001,14.700000000000001,14.074594155218689,14.700000000000001,14.074594155218689,18.576005203414553,18.41085879023854,13.87713,17.621043995347744,2026-03
2026-03-06,ITA US 07/17/26 C295 Equity,2026-03-13,1.775,2.65,1.7693640129391874,2.65,1.7693640129391874,5.677172406014964,6.622664005865559,3.7660537,6.678378027198448,2026-03
2026-03-06,ITA US 12/18/26 C230 Equity,2026-03-13,22.7,30.05,29.399876995281023,30.05,29.399876995281023,31.829306909170356,32.175127182100184,27.529993,32.363015489709085,2026-03
2026-03-06,ITA US 12/18/26 C240 Equity,2026-03-13,18.25,24.35,23.66872422910385,24.35,23.66872422910385,28.551851566870656,28.541446809730196,23.60744,28.73071626661715,2026-03
2026-03-09,ITA US 12/18/26 C245 Equity,2026-03-16,16.95,21.75,22.07247865987735,21.75,22.07247865987735,24.457205102580346,24.57738003688722,23.692873,24.38948207594551,2026-03
2026-03-09,ITA US 10/16/26 C255 Equity,2026-03-16,10.5,14.700000000000001,14.448274039277269,14.700000000000001,14.448274039277269,16.707536830903415,16.56374517096121,14.269975,15.697173532505428,2026-03
2026-03-09,ITA US 07/17/26 C250 Equity,2026-03-16,7.85,11.899999999999999,12.024407379846535,11.899999999999999,12.024407379846535,14.402906457820565,16.109673421661984,11.781158,14.667648056992618,2026-03
2026-03-09,ITA US 07/17/26 C295 Equity,2026-03-16,1.825,1.8250000000000002,1.7619790483696405,1.8250000000000002,1.7619790483696405,3.4543997020633874,3.749524243586407,3.9123566,3.794217009803716,2026-03
2026-03-09,ITA US 10/16/26 C240 Equity,2026-03-16,16.3,21.5,21.423178774362807,21.5,21.423178774362807,23.681640602898078,23.14670852075396,23.971224,22.876007596170552,2026-03
2026-03-09,ITA US 10/16/26 C230 Equity,2026-03-16,20.75,27.0,27.036055729697015,27.0,27.036055729697015,25.675786109731888,25.980636140136344,26.899868,25.77593725045942,2026-03
2026-03-09,ITA US 12/18/26 C250 Equity,2026-03-16,14.75,19.85,19.502993933885417,19.85,19.502993933885417,22.917788875616562,23.376970885277064,19.863909,23.162527160652584,2026-03
2026-03-09,ITA US 10/16/26 C235 Equity,2026-03-16,18.45,24.15,24.063216359748957,24.15,24.063216359748957,24.72220315617306,24.264554048438235,26.201397,24.036439416659682,2026-03
2026-03-09,ITA US 10/16/26 C250 Equity,2026-03-16,12.3,16.5,16.4194487353673,16.5,16.4194487353673,19.216871092910537,19.656254559014798,18.365774,19.118064187254063,2026-03
2026-03-09,ITA US 07/17/26 C280 Equity,2026-03-16,2.5500000000000003,3.9499999999999997,3.896954856487562,3.9499999999999997,3.896954856487562,5.7816599804772135,6.647226591700864,4.2760277,5.822228030759462,2026-03
2026-03-09,ITA US 10/16/26 C245 Equity,2026-03-16,14.2,18.9,18.729852375346717,18.9,18.729852375346717,22.683384508086352,21.98126189851069,21.582285,21.432828658004848,2026-03
2026-03-09,ITA US 12/18/26 C240 Equity,2026-03-16,19.05,24.55,24.70457687378035,24.55,24.70457687378035,26.852292695434585,26.78819896127539,25.535728,27.03552321498267,2026-03
2026-03-09,ITA US 12/18/26 C230 Equity,2026-03-16,24.1,30.35,29.98535501771799,30.35,29.98535501771799,30.013277668873563,30.46302274631549,29.165516,30.697143511497508,2026-03
2026-03-09,ITA US 07/17/26 C230 Equity,2026-03-16,16.2,22.450000000000003,22.94139488331779,22.450000000000003,22.94139488331779,23.345674483831978,24.953127068815785,21.125088,23.77402235231429,2026-03
2026-03-09,ITA US 12/18/26 C235 Equity,2026-03-16,21.4,27.1,27.375657414499898,27.1,27.375657414499898,28.668948570020866,28.950560670323096,27.153631,28.70478304232241,2026-03
2026-03-10,ITA US 10/16/26 C255 Equity,2026-03-17,10.899999999999999,14.15,13.40193289402674,14.15,13.40193289402674,16.470877066640966,15.985367450676165,13.714925,15.122596523601407,2026-03
2026-03-10,ITA US 10/16/26 C250 Equity,2026-03-17,12.45,16.1,15.418802258754702,16.1,15.418802258754702,19.71165933486058,19.30239597654424,17.683533,18.736411093708682,2026-03
2026-03-10,ITA US 07/17/26 C280 Equity,2026-03-17,3.125,3.625,3.211151917843905,3.625,3.211151917843905,5.935027080145407,6.28853944273016,4.384666,5.658304413618017,2026-03
2026-03-10,ITA US 12/18/26 C245 Equity,2026-03-17,17.15,21.2,20.41189562551285,21.2,20.41189562551285,24.58854027122128,23.701046980674068,21.539227,23.71703609067502,2026-03
2026-03-10,ITA US 07/17/26 C230 Equity,2026-03-17,15.8,21.15,20.482475156394013,21.15,20.482475156394013,22.83922342101122,23.109389464514727,20.795588,22.58918507100722,2026-03
2026-03-10,ITA US 10/16/26 C245 Equity,2026-03-17,14.35,18.049999999999997,17.280767489459052,18.049999999999997,17.280767489459052,21.83992566905539,20.99138274545607,19.775007,20.440046062182226,2026-03
2026-03-10,ITA US 12/18/26 C230 Equity,2026-03-17,24.25,28.75,28.118488385762177,28.75,28.118488385762177,28.90954823711718,28.908033624109713,28.89183,29.271243775300928,2026-03
2026-03-10,ITA US 07/17/26 C250 Equity,2026-03-17,7.65,11.25,10.609371583216447,11.25,10.609371583216447,14.734684282780574,15.344075883997048,11.381909,13.915288874124013,2026-03
2026-03-10,ITA US 07/17/26 C295 Equity,2026-03-17,1.825,1.875,1.5270885257771623,1.875,1.5270885257771623,2.906346445395828,2.4843046925752343,4.1130896,3.5656639647977006,2026-03
2026-03-10,ITA US 12/18/26 C250 Equity,2026-03-17,15.9,19.15,18.930916611925294,19.15,18.930916611925294,22.106484122317532,22.551075644066955,19.066645,22.272554447060415,2026-03
2026-03-10,ITA US 12/18/26 C235 Equity,2026-03-17,21.4,26.15,25.18212465225851,26.15,25.18212465225851,28.468496792632987,27.488691402264873,26.997515,27.863399679096037,2026-03
2026-03-10,ITA US 12/18/26 C240 Equity,2026-03-17,19.7,23.55,22.611514492889622,23.55,22.611514492889622,26.117457655015706,25.245755048845513,24.374743,26.147534086434543,2026-03
2026-03-10,ITA US 10/16/26 C235 Equity,2026-03-17,18.549999999999997,23.1,22.251415453949317,23.1,22.251415453949317,24.69606237468789,23.285300529891334,24.969463,23.268080113601663,2026-03
2026-03-10,ITA US 10/16/26 C230 Equity,2026-03-17,20.9,25.75,25.15206484197437,25.75,25.15206484197437,25.189962064674674,24.631614654228702,26.96689,24.750343469314387,2026-03
2026-03-10,ITA US 10/16/26 C240 Equity,2026-03-17,16.25,20.4,19.882728312697036,20.4,19.882728312697036,23.105898503503767,22.040203590923195,22.493456,21.9362865353197,2026-03
2026-03-11,ITA US 07/17/26 C230 Equity,2026-03-18,16.1,20.4,19.75725370996152,20.4,19.75725370996152,22.96919357570909,22.979611746083936,21.875475,21.997490603951324,2026-03
2026-03-11,ITA US 07/17/26 C250 Equity,2026-03-18,8.0,10.25,9.736983390489298,10.25,9.736983390489298,13.656107620919993,14.28861591513571,11.307786,12.725554163040194,2026-03
2026-03-11,ITA US 12/18/26 C230 Equity,2026-03-18,23.15,28.45,27.609336729258647,28.45,27.609336729258647,29.182651979507433,28.29255509535841,29.397106,28.901706552430834,2026-03
2026-03-11,ITA US 12/18/26 C245 Equity,2026-03-18,16.6,21.0,20.143898193250823,21.0,20.143898193250823,23.89176320564045,22.73008158018896,22.169683,23.114718772075644,2026-03
2026-03-11,ITA US 10/16/26 C245 Equity,2026-03-18,14.05,17.4,16.48344409014472,17.4,16.48344409014472,20.757059628000764,20.129778068660443,20.61319,19.586802368869563,2026-03
2026-03-11,ITA US 10/16/26 C255 Equity,2026-03-18,10.55,13.5,12.831502097782028,13.5,12.831502097782028,15.44302437242999,15.193883365188933,13.766335,14.197593936039132,2026-03
2026-03-11,ITA US 10/16/26 C240 Equity,2026-03-18,15.65,19.8,18.814942549048762,19.8,18.814942549048762,22.657584863630895,21.345492326019176,22.915506,21.233096828004097,2026-03
2026-03-11,ITA US 12/18/26 C250 Equity,2026-03-18,14.75,18.2,17.397689618210244,18.2,17.397689618210244,20.27685841013419,20.592164598236955,18.924852,20.918066085352212,2026-03
2026-03-11,ITA US 07/17/26 C280 Equity,2026-03-18,2.6,3.375,3.0626842183003493,3.375,3.0626842183003493,4.732643057664632,5.629245703102249,4.649952,5.069165038179435,2026-03
2026-03-11,ITA US 12/18/26 C235 Equity,2026-03-18,21.1,25.1,24.28661952686479,25.1,24.28661952686479,27.14940762813894,26.51828439315655,27.66748,26.77578374796385,2026-03
2026-03-11,ITA US 12/18/26 C240 Equity,2026-03-18,18.25,22.549999999999997,22.106471210932988,22.549999999999997,22.106471210932988,25.30265423894597,25.041505625261436,24.842884,25.18124702821671,2026-03
2026-03-11,ITA US 10/16/26 C235 Equity,2026-03-18,17.950000000000003,22.2,21.386741459804494,22.2,21.386741459804494,23.764397042144534,22.49673773742829,25.165014,22.34306047596953,2026-03
2026-03-11,ITA US 10/16/26 C230 Equity,2026-03-18,20.0,24.8,23.961565419221408,24.8,23.961565419221408,24.059434968878215,23.587382613936537,27.180355,23.745245653367643,2026-03
2026-03-11,ITA US 10/16/26 C250 Equity,2026-03-18,12.2,15.3,14.416527203176717,15.3,14.416527203176717,18.87247227164476,18.602896829781542,17.529556,17.76184048716859,2026-03
2026-03-11,ITA US 07/17/26 C295 Equity,2026-03-18,1.9749999999999999,1.8250000000000002,1.6927675731515122,1.8250000000000002,1.6927675731515122,2.9188120095265297,2.717104826242757,4.3791428,3.486225009549209,2026-03
2026-03-12,ITA US 10/16/26 C240 Equity,2026-03-19,13.95,15.95,15.420038734150264,15.95,15.420038734150264,20.240089135040186,20.14216776120894,19.264326,18.78383345977535,2026-03
2026-03-12,ITA US 12/18/26 C235 Equity,2026-03-19,18.85,21.25,20.486117938499188,21.25,20.486117938499188,25.241711554253676,25.40532702174348,25.369696,24.955439268288444,2026-03
2026-03-12,ITA US 07/17/26 C250 Equity,2026-03-19,6.4,7.45,7.902928867493176,7.45,7.902928867493176,12.749217187633459,14.097554763511383,10.98777,11.448469347661579,2026-03
2026-03-12,ITA US 07/17/26 C230 Equity,2026-03-19,13.6,15.7,15.260415215168699,15.7,15.260415215168699,21.849840069442344,21.51375704798062,20.19313,19.81579416711809,2026-03
2026-03-12,ITA US 12/18/26 C250 Equity,2026-03-19,13.149999999999999,15.2,15.115500500898909,15.2,15.115500500898909,19.505860148148685,20.279372704169557,16.989967,19.476831190186108,2026-03
2026-03-12,ITA US 10/16/26 C235 Equity,2026-03-19,16.0,18.25,17.777476853867036,18.25,17.777476853867036,22.217605208155874,21.806132798910852,23.003773,20.69836391987108,2026-03
2026-03-12,ITA US 10/16/26 C230 Equity,2026-03-19,18.35,20.6,20.19229597813311,20.6,20.19229597813311,24.45614232281124,23.602485764490368,24.835112,22.77233422251927,2026-03
2026-03-12,ITA US 12/18/26 C230 Equity,2026-03-19,21.25,23.7,24.06268317452606,23.7,24.06268317452606,28.351299969421472,27.35926550669837,26.807785,26.76802176636315,2026-03
2026-03-12,ITA US 10/16/26 C245 Equity,2026-03-19,12.0,13.850000000000001,13.292905036161606,13.850000000000001,13.292905036161606,18.581943919098936,18.77496366343876,15.756915,17.369057381393656,2026-03
2026-03-12,ITA US 07/17/26 C280 Equity,2026-03-19,2.325,2.575,2.334097141829493,2.575,2.334097141829493,7.000194390879942,5.925375068875542,4.416487,5.844733771898581,2026-03
2026-03-12,ITA US 07/17/26 C295 Equity,2026-03-19,1.775,1.4,1.2278563604450647,1.4,1.2278563604450647,4.69934472122941,2.7987790759989117,4.361988,4.413697153496484,2026-03
2026-03-12,ITA US 10/16/26 C255 Equity,2026-03-19,8.65,10.65,10.290939534329404,10.65,10.290939534329404,14.271007550250458,14.481126983946407,11.627104,12.957276136224731,2026-03
2026-03-12,ITA US 10/16/26 C250 Equity,2026-03-19,10.149999999999999,12.4,12.262032057852327,12.4,12.262032057852327,17.663135895039307,17.967439995470578,14.0401745,16.246315160048162,2026-03
2026-03-12,ITA US 12/18/26 C245 Equity,2026-03-19,14.6,17.15,16.514286814374167,17.15,16.514286814374167,21.31682146614748,20.897604789663905,19.485117,20.643265600702225,2026-03
2026-03-12,ITA US 12/18/26 C240 Equity,2026-03-19,16.75,19.15,18.63250652644017,19.15,18.63250652644017,23.022483999194243,23.555223820800727,21.344982,22.981608163772915,2026-03
2026-03-13,ITA US 10/16/26 C250 Equity,2026-03-20,8.9,11.5,10.490914111030413,11.5,10.490914111030413,16.441515449257448,16.2813784054447,11.722916,15.479787446819083,2026-03
2026-03-13,ITA US 07/17/26 C280 Equity,2026-03-20,1.775,2.4499999999999997,2.0980850055705855,2.4499999999999997,2.0980850055705855,8.157663413406471,6.884720262358087,4.5169897,6.263119739296522,2026-03
2026-03-13,ITA US 10/16/26 C240 Equity,2026-03-20,11.5,15.1,14.077668122108179,15.1,14.077668122108179,19.528777795184624,18.97268565962993,17.557886,18.18524682356711,2026-03
2026-03-13,ITA US 10/16/26 C245 Equity,2026-03-20,9.95,13.05,11.900675648007585,13.05,11.900675648007585,17.755734783612613,17.633213459765358,14.001719,16.834763962512252,2026-03
2026-03-13,ITA US 12/18/26 C230 Equity,2026-03-20,18.200000000000003,22.7,21.35918117566733,22.7,21.35918117566733,27.459413268039114,25.821544217100723,25.503662,26.283800524246075,2026-03
2026-03-13,ITA US 10/16/26 C230 Equity,2026-03-20,15.05,20.05,18.816335760142227,20.05,18.816335760142227,23.94285503717602,22.442320170806102,23.341127,22.58990082969641,2026-03
2026-03-13,ITA US 10/16/26 C235 Equity,2026-03-20,13.3,17.3,16.11162579982974,17.3,16.11162579982974,21.45092053258651,20.54494658663593,20.771568,19.987131248481553,2026-03
2026-03-13,ITA US 07/17/26 C230 Equity,2026-03-20,10.649999999999999,15.149999999999999,14.311228277378211,15.149999999999999,14.311228277378211,21.513154740888144,20.73882537369723,19.680769,19.727074130570603,2026-03
2026-03-13,ITA US 10/16/26 C255 Equity,2026-03-20,7.55,9.850000000000001,8.886235911511555,9.850000000000001,8.886235911511555,13.287856771872345,13.37544905805636,10.156685,12.361363674745467,2026-03
2026-03-13,ITA US 12/18/26 C250 Equity,2026-03-20,11.1,14.45,12.911456603976,14.45,12.911456603976,18.600707249789096,18.99057732181268,15.726827,18.960885201750735,2026-03
2026-03-13,ITA US 12/18/26 C240 Equity,2026-03-20,14.450000000000001,18.25,16.976580392326763,18.25,16.976580392326763,22.107593464735043,22.072694838026536,19.37261,22.319516677230602,2026-03
2026-03-13,ITA US 12/18/26 C245 Equity,2026-03-20,12.899999999999999,15.9,14.917402212521006,15.9,14.917402212521006,20.325983265080037,20.374194911886487,18.013964,19.882483496238095,2026-03
2026-03-13,ITA US 07/17/26 C250 Equity,2026-03-20,4.8,7.85,7.118267707339713,7.85,7.118267707339713,13.535801571709758,13.517370556252143,10.851392,11.960173954525432,2026-03
2026-03-13,ITA US 12/18/26 C235 Equity,2026-03-20,16.25,20.25,19.0617154918943,20.25,19.0617154918943,24.8006795936196,24.499797626945103,22.355104,24.22958664683486,2026-03
2026-03-16,ITA US 12/18/26 C235 Equity,2026-03-23,16.55,21.4,20.780027287910247,21.4,20.780027287910247,24.66709228692659,23.9568953977711,24.24031,24.03323574687096,2026-03
2026-03-16,ITA US 12/18/26 C240 Equity,2026-03-23,14.850000000000001,19.05,18.436082859392187,19.05,18.436082859392187,21.797041582190104,21.67364832307364,20.67348,21.836311842212485,2026-03
2026-03-16,ITA US 12/18/26 C250 Equity,2026-03-23,11.15,14.75,14.185535937247723,14.75,14.185535937247723,17.589550286468,18.698027188896724,14.633007,18.06444589058178,2026-03
2026-03-16,ITA US 10/16/26 C235 Equity,2026-03-23,14.35,18.45,17.95629249274223,18.45,17.95629249274223,21.25239937599123,20.03165628615281,22.073507,19.73663660553977,2026-03
2026-03-16,ITA US 12/18/26 C230 Equity,2026-03-23,18.9,24.1,23.541722301784155,24.1,23.541722301784155,27.493687080814453,25.84112075837351,26.270506,25.97500369963475,2026-03
2026-03-16,ITA US 10/16/26 C255 Equity,2026-03-23,8.3,10.5,10.097521262270188,10.5,10.097521262270188,12.594958321419469,12.972590498258347,10.205886,11.738725042910595,2026-03
2026-03-16,ITA US 07/17/26 C250 Equity,2026-03-23,4.5,7.85,7.77991311334612,7.85,7.77991311334612,11.531015073494963,11.928649401830363,9.994808,10.465590244075681,2026-03
2026-03-16,ITA US 10/16/26 C240 Equity,2026-03-23,12.45,16.3,15.623578412182916,16.3,15.623578412182916,19.45573133633701,18.69669119324846,19.027678,18.074818858000725,2026-03
2026-03-16,ITA US 07/17/26 C295 Equity,2026-03-23,1.625,1.825,1.6464321781311444,1.825,1.6464321781311444,6.579347729532493,4.692689248224548,4.0446706,4.285248601000692,2026-03
2026-03-16,ITA US 10/16/26 C245 Equity,2026-03-23,10.75,14.2,13.650475434515272,14.2,13.650475434515272,17.817883208323288,17.6811202670959,13.836786,16.720631143219713,2026-03
2026-03-16,ITA US 07/17/26 C230 Equity,2026-03-23,11.100000000000001,16.2,16.03192944268778,16.2,16.03192944268778,20.245346956343734,20.050369266706753,19.213654,19.002723192015797,2026-03
2026-03-16,ITA US 12/18/26 C245 Equity,2026-03-23,13.15,16.95,16.168974854648727,16.95,16.168974854648727,19.789319678287463,20.057963050867407,18.888212,19.60695802888018,2026-03
2026-03-16,ITA US 10/16/26 C250 Equity,2026-03-23,9.0,12.3,11.680735001681128,12.3,11.680735001681128,15.95053998245095,16.128615508294736,11.622515,15.098156683321285,2026-03
2026-03-16,ITA US 07/17/26 C280 Equity,2026-03-23,2.25,2.5500000000000003,2.3639375373175766,2.5500000000000003,2.3639375373175766,6.639622604660822,6.145157698925141,4.1221504,4.9926651177287855,2026-03
2026-03-16,ITA US 10/16/26 C230 Equity,2026-03-23,16.7,20.75,20.238602639009834,20.75,20.238602639009834,22.509157192761325,21.693911530137896,22.83333,21.90250922361193,2026-03
2026-03-17,ITA US 12/18/26 C230 Equity,2026-03-24,18.5,24.25,24.108531479039982,24.25,24.108531479039982,28.403614484384985,25.989962656228805,29.171053,25.864162467888413,2026-03
2026-03-17,ITA US 07/17/26 C250 Equity,2026-03-24,4.55,7.65,7.489008856242945,7.65,7.489008856242945,11.596245814188762,10.954386833879381,10.900908,9.946336891118396,2026-03
2026-03-17,ITA US 07/17/26 C280 Equity,2026-03-24,0.975,3.125,3.1171268586887773,3.125,3.1171268586887773,7.487042532714378,6.584557544393858,5.1410804,5.182733125106397,2026-03
2026-03-17,ITA US 07/17/26 C295 Equity,2026-03-24,1.575,1.825,1.663604871485527,1.825,1.663604871485527,7.207815633372849,4.364201822873637,4.603234,3.995689251167219,2026-03
2026-03-17,ITA US 12/18/26 C240 Equity,2026-03-24,14.5,19.7,18.715939439286306,19.7,18.715939439286306,23.191877425639507,22.055174646284577,23.908966,22.298383994657318,2026-03
2026-03-17,ITA US 07/17/26 C230 Equity,2026-03-24,10.7,15.8,15.667374174412444,15.8,15.667374174412444,20.231368950913264,19.118297497946966,22.218962,18.166732065775264,2026-03
2026-03-17,ITA US 10/16/26 C250 Equity,2026-03-24,8.55,12.45,11.96049860526956,12.45,11.96049860526956,16.587300393729244,15.735460902853843,12.943677,14.80000777253811,2026-03
2026-03-17,ITA US 10/16/26 C255 Equity,2026-03-24,7.3500000000000005,10.899999999999999,10.252541939134112,10.899999999999999,10.252541939134112,13.38184299820894,12.667951493534176,11.318725,11.828699078705732,2026-03
2026-03-17,ITA US 12/18/26 C235 Equity,2026-03-24,16.35,21.4,21.079813699209236,21.4,21.079813699209236,25.338692913772764,23.56724907762747,27.326895,23.654801419369075,2026-03
2026-03-17,ITA US 10/16/26 C240 Equity,2026-03-24,11.45,16.25,15.950569179781917,16.25,15.950569179781917,19.6856550194048,18.07482306681911,22.002174,17.55305233735313,2026-03
2026-03-17,ITA US 12/18/26 C250 Equity,2026-03-24,11.35,15.9,15.045885016904602,15.9,15.045885016904602,19.39426640133625,18.81590500698085,18.742687,18.761156453528535,2026-03
2026-03-17,ITA US 12/18/26 C245 Equity,2026-03-24,12.85,17.15,16.328754537285104,17.15,16.328754537285104,20.865883545731343,19.959460390238778,21.61817,19.51387531787359,2026-03
2026-03-17,ITA US 10/16/26 C245 Equity,2026-03-24,10.0,14.35,13.811219535912173,14.35,13.811219535912173,18.450195592253245,17.189065492869794,17.013968,16.444220369124416,2026-03
2026-03-17,ITA US 10/16/26 C235 Equity,2026-03-24,13.3,18.549999999999997,18.11647103082545,18.549999999999997,18.11647103082545,21.586700460776353,19.63172179916507,25.298435,19.568300206625263,2026-03
2026-03-17,ITA US 10/16/26 C230 Equity,2026-03-24,15.35,20.9,20.67062792632799,20.9,20.67062792632799,23.328428155650755,21.48111912016816,25.91155,21.67800807640888,2026-03
2026-03-18,ITA US 12/18/26 C235 Equity,2026-03-25,18.049999999999997,21.1,19.823897599690362,21.1,19.823897599690362,26.76205193511214,24.047056808777565,27.15271,24.48583702812878,2026-03
2026-03-18,ITA US 01/15/27 C250 Equity,2026-03-25,13.2,15.85,14.849978692454783,15.85,14.849978692454783,19.404198838568597,18.729227414892314,20.472193,18.149616738486415,2026-03
2026-03-18,ITA US 07/17/26 C230 Equity,2026-03-25,12.350000000000001,16.1,15.293150229880624,16.1,15.293150229880624,23.988603430083117,20.934722001478004,22.878466,19.9970993275119,2026-03
2026-03-18,ITA US 07/17/26 C250 Equity,2026-03-25,5.75,8.0,7.256720999451974,8.0,7.256720999451974,14.130411560843928,12.259329789175213,11.211488,11.396265366665844,2026-03
2026-03-18,ITA US 01/15/27 C240 Equity,2026-03-25,16.6,19.85,18.744647188014184,19.85,18.744647188014184,23.86880769430447,21.94493543087214,24.688425,21.561420858462604,2026-03
2026-03-18,ITA US 01/15/27 C230 Equity,2026-03-25,20.700000000000003,25.4,24.059697055697477,25.4,24.059697055697477,29.63200804565041,25.458341966482706,29.438234,26.510632377678938,2026-03
2026-03-18,ITA US 10/16/26 C250 Equity,2026-03-25,9.85,12.2,11.131861595669648,12.2,11.131861595669648,17.979882017563064,16.363094103378113,13.291231,15.73189609933665,2026-03
2026-03-18,ITA US 12/18/26 C245 Equity,2026-03-25,14.3,16.6,15.519522401721767,16.6,15.519522401721767,21.996282963292614,20.382396899684196,21.426958,20.01372890086393,2026-03
2026-03-18,ITA US 10/16/26 C255 Equity,2026-03-25,8.45,10.55,9.494403043294321,10.55,9.494403043294321,14.589504837846206,13.226001049703365,11.43995,12.620431534216499,2026-03
2026-03-18,ITA US 10/16/26 C240 Equity,2026-03-25,13.2,15.65,14.725041434190592,15.65,14.725041434190592,19.92470560480372,18.13859919777386,21.107092,18.03443024929995,2026-03
2026-03-18,ITA US 12/18/26 C230 Equity,2026-03-25,20.45,23.15,22.24424838314885,23.15,22.24424838314885,29.090536508864535,25.94804247247285,28.517544,26.01440720928342,2026-03
2026-03-18,ITA US 10/16/26 C230 Equity,2026-03-25,17.2,20.0,19.240292552645283,20.0,19.240292552645283,24.90911916415255,21.966767489547422,25.801939,22.19566955759024,2026-03
2026-03-18,ITA US 12/18/26 C240 Equity,2026-03-25,15.85,18.25,17.57527244996315,18.25,17.57527244996315,23.011413829026033,22.223346740520235,23.701073,21.901201962924794,2026-03
2026-03-18,ITA US 12/18/26 C250 Equity,2026-03-25,12.55,14.75,13.725497487961889,14.75,13.725497487961889,20.238297186912874,19.385807539744796,17.791964,18.95675314743306,2026-03
2026-03-18,ITA US 10/16/26 C235 Equity,2026-03-25,15.05,17.950000000000003,16.56846655144754,17.950000000000003,16.56846655144754,22.067225327952983,19.461653404891152,24.733238,19.924145090613685,2026-03
2026-03-18,ITA US 07/17/26 C295 Equity,2026-03-25,1.6749999999999998,1.9749999999999999,1.6605439365095174,1.9749999999999999,1.6605439365095174,9.362565443416756,5.731162554639958,4.757202,5.308226408308924,2026-03
2026-03-18,ITA US 07/17/26 C280 Equity,2026-03-25,2.2,2.6,2.196173314122834,2.6,2.196173314122834,8.150396659619899,6.026631284075956,5.283258,5.753646182788285,2026-03
2026-03-18,ITA US 10/16/26 C245 Equity,2026-03-25,11.45,14.05,12.831073035973503,14.05,12.831073035973503,19.754628176737,17.836158883829086,17.10896,17.324277279953606,2026-03
2026-03-19,ITA US 10/16/26 C245 Equity,2026-03-26,9.25,12.0,11.091000184205843,12.0,11.091000184205843,17.052933702897622,16.003386513086127,14.457831,14.965833709495254,2026-03
2026-03-19,ITA US 10/16/26 C235 Equity,2026-03-26,12.649999999999999,16.0,15.030113884757172,16.0,15.030113884757172,19.914370866498565,18.135026702234526,21.643723,17.854893511968907,2026-03
2026-03-19,ITA US 12/18/26 C240 Equity,2026-03-26,13.65,16.75,15.660880650007535,16.75,15.660880650007535,20.65188226380058,19.90511253335074,21.369944,19.949149335272715,2026-03
2026-03-19,ITA US 01/15/27 C240 Equity,2026-03-26,14.0,17.35,16.386246027259013,17.35,16.386246027259013,20.699140768448707,19.857455823347117,22.022903,19.034439733473437,2026-03
2026-03-19,ITA US 10/16/26 C250 Equity,2026-03-26,8.1,10.149999999999999,9.265639303428978,10.149999999999999,9.265639303428978,14.716693449278779,14.428184650238173,12.694165,13.371775024877163,2026-03
2026-03-19,ITA US 12/18/26 C235 Equity,2026-03-26,15.35,18.85,17.819488946156156,18.85,17.819488946156156,23.043769373380577,22.10716503911719,24.586123,21.911756084791357,2026-03
2026-03-19,ITA US 01/15/27 C250 Equity,2026-03-26,11.15,13.7,12.845769980742686,13.7,12.845769980742686,16.472592000460484,16.68635571966998,17.11774,15.784166814929259,2026-03
2026-03-19,ITA US 07/17/26 C295 Equity,2026-03-26,1.625,1.775,1.5150137072563676,1.775,1.5150137072563676,9.236260041453495,4.818792726090599,4.7689567,4.797015017147698,2026-03
2026-03-19,ITA US 07/17/26 C250 Equity,2026-03-26,4.1,6.4,5.8581709684812955,6.4,5.8581709684812955,11.556113921695466,10.449248027281268,11.061636,9.58405035487776,2026-03
2026-03-19,ITA US 10/16/26 C255 Equity,2026-03-26,6.85,8.65,7.875880833869846,8.65,7.875880833869846,12.192121491952514,11.335853047843006,10.607084,10.430222322650554,2026-03
2026-03-19,ITA US 12/18/26 C245 Equity,2026-03-26,12.0,14.6,13.627320211064486,14.6,13.627320211064486,18.86772721429861,18.298383289769653,18.25404,17.716940478033592,2026-03
2026-03-19,ITA US 01/15/27 C230 Equity,2026-03-26,18.15,21.85,21.237503108478197,21.85,21.237503108478197,24.71090098572096,22.796391091271882,26.938246,23.279201768944507,2026-03
2026-03-19,ITA US 12/18/26 C250 Equity,2026-03-26,10.8,13.149999999999999,12.291492044363148,13.149999999999999,12.291492044363148,18.147544195849697,17.539469327024687,15.1955385,16.834381827776184,2026-03
2026-03-19,ITA US 10/16/26 C240 Equity,2026-03-26,10.75,13.95,12.994399392595923,13.95,12.994399392595923,17.5823710737724,16.591108150425505,17.284035,16.087015917135535,2026-03
2026-03-19,ITA US 10/16/26 C230 Equity,2026-03-26,14.5,18.35,17.35915447041961,18.35,17.35915447041961,22.711783011871965,20.79523972359552,25.35897,20.63772088452096,2026-03
2026-03-19,ITA US 07/17/26 C280 Equity,2026-03-26,1.3499999999999999,2.325,1.6436967724679077,2.325,1.6436967724679077,6.817478629771065,4.728342455891452,5.2629895,5.034190647320399,2026-03
2026-03-19,ITA US 07/17/26 C230 Equity,2026-03-26,10.2,13.6,12.74479597389545,13.6,12.74479597389545,20.034653677627883,18.44532637305261,19.427,17.337636135684992,2026-03
2026-03-19,ITA US 12/18/26 C230 Equity,2026-03-26,17.3,21.25,20.164737064157904,21.25,20.164737064157904,26.1159759835498,23.881381957621304,27.308199,23.9934352951069,2026-03
2026-03-20,ITA US 10/16/26 C235 Equity,2026-03-27,11.0,13.3,13.026384106127491,13.3,13.026384106127491,18.85106844508337,17.782062469836557,17.123848,16.40486662473062,2026-03
2026-03-20,ITA US 01/15/27 C240 Equity,2026-03-27,12.5,15.1,14.81286471807357,15.1,14.81286471807357,20.24485717526742,20.793820729948685,19.74798,19.188654854426908,2026-03
2026-03-20,ITA US 10/16/26 C245 Equity,2026-03-27,8.1,9.95,9.770201364276097,9.95,9.770201364276097,16.394441666350858,15.727064012149604,12.539394,14.147288244981548,2026-03
2026-03-20,ITA US 12/18/26 C230 Equity,2026-03-27,15.7,18.200000000000003,17.756106713419715,18.200000000000003,17.756106713419715,23.693372390847788,23.07484210483303,24.026514,22.204942482810207,2026-03
2026-03-20,ITA US 12/18/26 C235 Equity,2026-03-27,13.7,16.25,15.403015939351572,16.25,15.403015939351572,21.425370786618274,20.939473485970876,21.210333,20.40905115516028,2026-03
2026-03-20,ITA US 10/16/26 C230 Equity,2026-03-27,12.85,15.05,14.823591582239525,15.05,14.823591582239525,20.781935037262286,19.897213607795695,21.398256,18.538670197061244,2026-03
2026-03-20,ITA US 07/17/26 C230 Equity,2026-03-27,8.25,10.649999999999999,10.86945821959191,10.649999999999999,10.86945821959191,17.454991082393718,17.946951073487906,14.638912,15.626584551287637,2026-03
2026-03-20,ITA US 12/18/26 C250 Equity,2026-03-27,9.1,11.1,10.665987439128912,11.1,10.665987439128912,16.398335690860456,16.520249640469455,11.940752,15.973478667102624,2026-03
2026-03-20,ITA US 12/18/26 C240 Equity,2026-03-27,12.1,14.450000000000001,13.80414669068579,14.450000000000001,13.80414669068579,19.77091878952273,19.470022421009233,17.755125,18.949787792902573,2026-03
2026-03-20,ITA US 01/15/27 C230 Equity,2026-03-27,16.049999999999997,18.8,18.852328632130344,18.8,18.852328632130344,23.719276912752857,23.94784020121265,24.675112,22.834655061715942,2026-03
2026-03-20,ITA US 01/15/27 C250 Equity,2026-03-27,9.7,12.600000000000001,11.443659565399395,12.600000000000001,11.443659565399395,16.34465850545051,16.010741280531935,13.29644,15.79623960192421,2026-03
2026-03-20,ITA US 12/18/26 C245 Equity,2026-03-27,10.6,12.899999999999999,11.799302073254388,12.899999999999999,11.799302073254388,18.382674558021666,17.958256782559477,15.079568,17.192125651441668,2026-03
2026-03-20,ITA US 10/16/26 C240 Equity,2026-03-27,9.45,11.5,11.219479888800691,11.5,11.219479888800691,17.05654790092202,16.341131796732668,13.291428,14.910193903714642,2026-03
2026-03-20,ITA US 07/17/26 C280 Equity,2026-03-27,1.525,1.775,1.7287550660790176,1.775,1.7287550660790176,8.037571757099755,5.302924654334362,5.190827,5.694585966842242,2026-03
2026-03-20,ITA US 10/16/26 C250 Equity,2026-03-27,7.3,8.9,7.878782104206475,8.9,7.878782104206475,14.288943031704662,14.203190454077237,11.980904,13.275727923615374,2026-03
2026-03-20,ITA US 10/16/26 C255 Equity,2026-03-27,5.3,7.55,7.230116910143642,7.55,7.230116910143642,12.593173771204443,11.67205394620096,8.7377205,10.54789470228158,2026-03
2026-03-20,ITA US 07/17/26 C250 Equity,2026-03-27,3.55,4.8,4.642746883328697,4.8,4.642746883328697,11.495808780731188,11.156948228754981,9.56666,9.420181091975195,2026-03
2026-03-23,ITA US 10/16/26 C235 Equity,2026-03-30,9.15,14.35,13.413504543345958,14.35,13.413504543345958,20.168498954062695,17.99623788036767,16.481586,17.387600027296976,2026-03
2026-03-23,ITA US 12/18/26 C250 Equity,2026-03-30,7.300000000000001,11.15,10.055642596543562,11.15,10.055642596543562,16.276185483290348,16.10160056611867,11.729482,15.950359590377744,2026-03
2026-03-23,ITA US 10/16/26 C245 Equity,2026-03-30,6.7,10.75,9.986348291472282,10.75,9.986348291472282,17.221616847363258,15.75338845215521,12.595378,14.843355327476605,2026-03
2026-03-23,ITA US 10/16/26 C250 Equity,2026-03-30,6.0,9.0,8.847060791523935,9.0,8.847060791523935,14.882002261706791,14.948008601850761,12.456079,13.472187497112184,2026-03
2026-03-23,ITA US 01/15/27 C230 Equity,2026-03-30,13.45,19.75,18.604946844453902,19.75,18.604946844453902,24.389346831886968,23.727737936992177,24.334154,23.536843444021304,2026-03
2026-03-23,ITA US 01/15/27 C250 Equity,2026-03-30,7.9,11.95,11.087753118681787,11.95,11.087753118681787,15.605977646505846,15.428609146470691,11.588469,15.141780207458439,2026-03
2026-03-23,ITA US 07/17/26 C250 Equity,2026-03-30,3.375,4.5,4.679626109297983,4.5,4.679626109297983,10.580761698075928,10.726093965607975,8.4248295,8.876769681870554,2026-03
2026-03-23,ITA US 07/17/26 C230 Equity,2026-03-30,6.7,11.100000000000001,10.770623773862846,11.100000000000001,10.770623773862846,17.222265183375455,17.050573847691616,13.899051,15.78115650286892,2026-03
2026-03-23,ITA US 12/18/26 C240 Equity,2026-03-30,9.100000000000001,14.850000000000001,13.630457508875699,14.850000000000001,13.630457508875699,20.77665034133866,19.981852214539444,16.96981,19.507357539258642,2026-03
2026-03-23,ITA US 10/16/26 C240 Equity,2026-03-30,7.85,12.45,11.965853683768655,12.45,11.965853683768655,18.7820797389991,17.1020321684005,12.59899,15.931687410557624,2026-03
2026-03-23,ITA US 07/17/26 C280 Equity,2026-03-30,0.525,2.25,2.0039757173605555,2.25,2.0039757173605555,8.968898767646465,6.4938178502333965,4.65454,6.250265682538732,2026-03
2026-03-23,ITA US 10/16/26 C255 Equity,2026-03-30,5.1,8.3,6.852133019917671,8.3,6.852133019917671,13.217261582252231,11.743299126884258,8.253417,11.31592191841184,2026-03
2026-03-23,ITA US 10/16/26 C230 Equity,2026-03-30,10.2,16.7,15.664032934693562,16.7,15.664032934693562,23.387477575304356,20.86289167357193,22.586655,20.273717172367945,2026-03
2026-03-23,ITA US 12/18/26 C235 Equity,2026-03-30,11.4,16.55,15.623776758464958,16.55,15.623776758464958,21.996706967153465,21.174313195678838,21.322557,20.80379310910491,2026-03
2026-03-23,ITA US 01/15/27 C240 Equity,2026-03-30,10.0,16.0,14.608093545628128,16.0,14.608093545628128,20.503834547284647,20.777692517345194,19.531628,20.050438579575257,2026-03
2026-03-23,ITA US 12/18/26 C230 Equity,2026-03-30,12.95,18.9,17.65089044731998,18.9,17.65089044731998,24.37079024982812,22.878580099657945,24.185852,22.818864890493323,2026-03
2026-03-23,ITA US 12/18/26 C245 Equity,2026-03-30,8.95,13.15,11.95430776790616,13.15,11.95430776790616,18.44149848785908,17.816905107738844,14.370383,17.37713780568368,2026-03
2026-03-24,ITA US 12/18/26 C240 Equity,2026-03-31,12.649999999999999,14.5,13.784769138031228,14.5,13.784769138031228,21.1598230944851,20.184889200127216,17.078018,19.456251189960295,2026-03
2026-03-24,ITA US 10/16/26 C250 Equity,2026-03-31,6.5,8.55,7.754472997988267,8.55,7.754472997988267,14.835994187931032,13.868815989617692,12.141609,13.172911229320427,2026-03
2026-03-24,ITA US 01/15/27 C245 Equity,2026-03-31,11.100000000000001,13.55,12.87417359235328,13.55,12.87417359235328,19.85116098294776,19.246039485299715,15.7409725,18.806146035217743,2026-03
2026-03-24,ITA US 01/15/27 C240 Equity,2026-03-31,12.75,15.1,14.46204973502479,15.1,14.46204973502479,20.971036881834827,20.77183327587999,19.331589,19.585255480201617,2026-03
2026-03-24,ITA US 10/16/26 C240 Equity,2026-03-31,9.35,11.45,10.768878752629986,11.45,10.768878752629986,18.108683925249473,16.134900499889824,12.060784,15.16927643912577,2026-03
2026-03-24,ITA US 07/17/26 C295 Equity,2026-03-31,1.4749999999999999,1.575,1.363218000840059,1.575,1.363218000840059,11.360032450629772,5.528634931785872,4.6435876,6.013237727870387,2026-03
2026-03-24,ITA US 07/17/26 C250 Equity,2026-03-31,3.475,4.55,4.208414674559492,4.55,4.208414674559492,10.844616100260083,10.258913169680977,7.67022,9.294464403544268,2026-03
2026-03-24,ITA US 01/15/27 C250 Equity,2026-03-31,9.75,12.0,11.540807797331414,12.0,11.540807797331414,16.71194190924987,15.4353911014837,11.361373,15.382864892946973,2026-03
2026-03-24,ITA US 12/18/26 C245 Equity,2026-03-31,10.649999999999999,12.85,11.949437485053487,12.85,11.949437485053487,18.95488716307167,17.925353641809615,13.798155,17.483881886965598,2026-03
2026-03-24,ITA US 12/18/26 C235 Equity,2026-03-31,14.1,16.35,15.648725174355352,16.35,15.648725174355352,22.92831573685278,21.448987496130712,21.227499,20.982828613803314,2026-03
2026-03-24,ITA US 12/18/26 C250 Equity,2026-03-31,9.0,11.35,10.30983041387488,11.35,10.30983041387488,17.285550196655098,16.645287397865705,11.820691,16.56804210493374,2026-03
2026-03-24,ITA US 10/16/26 C245 Equity,2026-03-31,7.95,10.0,9.26235842604665,10.0,9.26235842604665,16.927849908213155,15.184604479890883,12.437887,14.431682424059794,2026-03
2026-03-24,ITA US 10/16/26 C255 Equity,2026-03-31,5.55,7.3500000000000005,6.765202873060419,7.3500000000000005,6.765202873060419,12.953648056299006,11.54549431124593,8.363567,10.67203323182834,2026-03
2026-03-24,ITA US 01/15/27 C230 Equity,2026-03-31,16.75,18.5,18.058336110740786,18.5,18.058336110740786,24.622676999048103,23.47106539196591,24.033066,22.74532285606049,2026-03
2026-03-24,ITA US 10/16/26 C235 Equity,2026-03-31,11.0,13.3,12.694287654894366,13.3,12.694287654894366,19.51583932997619,17.32656967628879,15.927653,16.64518396259594,2026-03
2026-03-24,ITA US 12/18/26 C230 Equity,2026-03-31,16.0,18.5,17.7162804295725,18.5,17.7162804295725,25.540252989197494,23.43115186474049,24.044277,22.922479652787874,2026-03
2026-03-24,ITA US 07/17/26 C280 Equity,2026-03-31,0.975,0.975,0.7924180211686533,0.975,0.7924180211686533,6.795947668998858,2.927019540622185,5.070497,4.94969620648624,2026-03
2026-03-24,ITA US 10/16/26 C230 Equity,2026-03-31,13.0,15.35,14.702483664633501,15.35,14.702483664633501,22.318523294915522,19.95512031017402,21.51607,19.155252733244872,2026-03
2026-03-24,ITA US 07/17/26 C230 Equity,2026-03-31,8.75,10.7,10.279523315979116,10.7,10.279523315979116,17.774671951025365,16.815224719251113,13.410033,15.781447552789242,2026-03
2026-03-24,ITA US 01/15/27 C235 Equity,2026-03-31,14.5,16.5,16.060555382091188,16.5,16.060555382091188,22.280522930784066,20.36317221687549,21.023952,19.674458113324707,2026-03
2026-03-25,ITA US 12/18/26 C240 Equity,2026-04-01,14.9,15.85,15.192387174590825,15.85,15.192387174590825,21.90155233176941,20.486130781272973,19.417152,20.179585828383228,2026-03
2026-03-25,ITA US 10/16/26 C235 Equity,2026-04-01,13.8,15.05,14.504845762148337,15.05,14.504845762148337,21.24952383426409,18.475661393598934,18.618177,17.924442439374143,2026-03
2026-03-25,ITA US 01/15/27 C250 Equity,2026-04-01,12.05,13.2,12.616674583385004,13.2,12.616674583385004,17.667973942739927,15.943010173743923,13.610546,16.19474229518973,2026-03
2026-03-25,ITA US 10/16/26 C255 Equity,2026-04-01,6.95,8.45,8.02847026708538,8.45,8.02847026708538,13.858837139764804,12.177220444966089,8.7067175,11.238345933288665,2026-03
2026-03-25,ITA US 07/17/26 C250 Equity,2026-04-01,5.2,5.75,5.217464703670029,5.75,5.217464703670029,11.470263484497973,10.713981323669021,9.212296,9.71118736528348,2026-03
2026-03-25,ITA US 12/18/26 C235 Equity,2026-04-01,16.9,18.049999999999997,17.468435095245653,18.049999999999997,17.468435095245653,25.18755502446035,22.408761432122393,22.773104,22.11749001816821,2026-03
2026-03-25,ITA US 12/18/26 C250 Equity,2026-04-01,10.95,12.55,11.895844807684623,12.55,11.895844807684623,18.151215644110422,17.42828326704038,12.418425,17.223689190482524,2026-03
2026-03-25,ITA US 10/16/26 C250 Equity,2026-04-01,8.75,9.85,9.394489127201778,9.85,9.394489127201778,16.269810434049234,14.979304725014718,12.045798,14.018979302259217,2026-03
2026-03-25,ITA US 10/16/26 C245 Equity,2026-04-01,10.0,11.45,11.01295289862738,11.45,11.01295289862738,18.440342870335808,16.52977770300259,13.057887,15.437029282439365,2026-03
2026-03-25,ITA US 10/16/26 C230 Equity,2026-04-01,15.45,17.2,16.66076316850013,17.2,16.66076316850013,23.951353214635002,20.824295557307906,24.174957,20.464118861230805,2026-03
2026-03-25,ITA US 01/15/27 C230 Equity,2026-04-01,20.0,20.700000000000003,19.950096690867944,20.700000000000003,19.950096690867944,27.27772358939724,24.64269624806367,25.473093,24.457759921224373,2026-03
2026-03-25,ITA US 01/15/27 C240 Equity,2026-04-01,15.6,16.6,15.980151878462358,16.6,15.980151878462358,22.94008557204438,21.258742405396255,20.57813,20.440623574420226,2026-03
2026-03-25,ITA US 01/15/27 C245 Equity,2026-04-01,13.850000000000001,14.649999999999999,14.316877277372923,14.649999999999999,14.316877277372923,21.64377639847413,20.067163830958133,16.542341,19.243043752334508,2026-03
2026-03-25,ITA US 10/16/26 C240 Equity,2026-04-01,11.7,13.2,12.688434059476338,13.2,12.688434059476338,19.67078995853134,17.349009237587318,14.5179205,16.440625126030927,2026-03
2026-03-25,ITA US 07/17/26 C230 Equity,2026-04-01,11.0,12.350000000000001,11.785269454727969,12.350000000000001,11.785269454727969,20.369653022375374,18.220532015812537,14.73283,17.064146390866192,2026-03
2026-03-25,ITA US 12/18/26 C245 Equity,2026-04-01,13.05,14.3,13.528787426477198,14.3,13.528787426477198,20.58271331077173,18.884024141987513,15.974745,18.373997090739053,2026-03
2026-03-25,ITA US 07/17/26 C280 Equity,2026-04-01,1.325,2.2,2.012358900214163,2.2,2.012358900214163,7.066014209332172,7.0693855279355855,5.2437716,6.057973026485662,2026-03
2026-03-25,ITA US 12/18/26 C230 Equity,2026-04-01,19.25,20.45,19.678737583238966,20.45,19.678737583238966,27.177301870737843,24.092437676218086,25.448742,24.168388168695373,2026-03
2026-03-25,ITA US 07/17/26 C295 Equity,2026-04-01,0.725,1.6749999999999998,1.4554286021749858,1.6749999999999998,1.4554286021749858,10.667993394745343,5.168676284449949,4.5682073,5.497875011963709,2026-03
2026-03-25,ITA US 01/15/27 C235 Equity,2026-04-01,17.65,18.5,17.925941541333586,18.5,17.925941541333586,23.859204437488053,21.367686626510224,22.7973,20.908408924496776,2026-03
2026-03-26,ITA US 07/17/26 C250 Equity,2026-04-02,3.95,4.1,3.81334502890907,4.1,3.81334502890907,12.693618302838651,9.763796356577933,6.8079567,9.256275249556802,2026-03
2026-03-26,ITA US 07/17/26 C295 Equity,2026-04-02,1.6749999999999998,1.625,1.4330441608927857,1.625,1.4330441608927857,13.763831167243799,6.25272627026496,4.674478,6.638898076613256,2026-03
2026-03-26,ITA US 07/17/26 C280 Equity,2026-04-02,0.875,1.3499999999999999,1.2831670929844037,1.3499999999999999,1.2831670929844037,9.964292115817697,4.8484359626557705,5.120454,6.055248792060572,2026-03
2026-03-26,ITA US 10/16/26 C250 Equity,2026-04-02,8.05,8.1,7.378581145456932,8.1,7.378581145456932,17.156793950848403,14.192291643240445,10.256929,13.335203864809959,2026-03
2026-03-26,ITA US 01/15/27 C250 Equity,2026-04-02,11.15,11.15,10.264336417339083,11.15,10.264336417339083,18.25001281803904,15.892049595621769,11.212611,15.351876529375152,2026-03
2026-03-26,ITA US 12/18/26 C245 Equity,2026-04-02,12.4,12.0,11.323400230350057,12.0,11.323400230350057,20.43163749777641,17.89663877506854,14.333828,17.12220413158592,2026-03
2026-03-26,ITA US 10/16/26 C255 Equity,2026-04-02,6.65,6.85,6.1954660013675555,6.85,6.1954660013675555,14.339640949433893,11.180890239660538,8.22254,10.620837936135711,2026-03
2026-03-26,ITA US 12/18/26 C250 Equity,2026-04-02,10.6,10.8,10.041937339860441,10.8,10.041937339860441,18.708149513360404,17.05511402165558,10.367409,16.582696010594614,2026-03
2026-03-26,ITA US 10/16/26 C240 Equity,2026-04-02,11.0,10.75,9.957602709529784,10.75,9.957602709529784,19.19916775046594,16.247836214844945,12.493296,15.065981679891642,2026-03
2026-03-26,ITA US 01/15/27 C240 Equity,2026-04-02,14.1,14.0,13.3287255853105,14.0,13.3287255853105,21.415986268915738,19.830684566628644,17.39306,18.91008872510105,2026-03
2026-03-26,ITA US 01/15/27 C235 Equity,2026-04-02,16.15,16.15,15.44884532190252,16.15,15.44884532190252,23.24893556663311,20.513573203441485,20.575773,19.55752321955499,2026-03
2026-03-26,ITA US 07/17/26 C230 Equity,2026-04-02,10.45,10.2,9.96644216828254,10.2,9.96644216828254,20.87691898296455,18.43280908387628,12.560248,16.074288816836678,2026-03
2026-03-26,ITA US 01/15/27 C245 Equity,2026-04-02,13.05,12.2,11.547279587575442,12.2,11.547279587575442,20.734772541358236,18.767125351058574,14.038419,17.821021014510865,2026-03
2026-03-26,ITA US 12/18/26 C240 Equity,2026-04-02,13.9,13.65,12.907723974309292,13.65,12.907723974309292,21.539185809345266,19.768168105560797,16.820923,19.066616339903348,2026-03
2026-03-26,ITA US 10/16/26 C245 Equity,2026-04-02,9.399999999999999,9.25,8.482833100091792,9.25,8.482833100091792,18.180471964212863,15.280732699675623,12.167595,14.231902378030428,2026-03
2026-03-26,ITA US 10/16/26 C230 Equity,2026-04-02,14.95,14.5,13.72797081582244,14.5,13.72797081582244,23.05517766023076,19.922771776550487,18.228777,18.90683818537233,2026-03
2026-03-26,ITA US 12/18/26 C235 Equity,2026-04-02,15.95,15.35,14.385348931455518,15.35,14.385348931455518,24.098769310545233,21.079706049302963,19.661821,20.47085695744955,2026-03
2026-03-26,ITA US 10/16/26 C235 Equity,2026-04-02,12.7,12.649999999999999,11.86431263743968,12.649999999999999,11.86431263743968,20.873561081442936,17.60711982582315,14.705779,16.587585361542157,2026-03
2026-03-26,ITA US 12/18/26 C230 Equity,2026-04-02,17.9,17.3,16.372924939774336,17.3,16.372924939774336,24.947063112424985,22.018655532220667,21.67039,21.899399507251264,2026-03
2026-03-26,ITA US 01/15/27 C230 Equity,2026-04-02,18.549999999999997,18.15,17.445405247745843,18.15,17.445405247745843,26.601197247903567,23.847310353841777,22.31022,22.938597461160317,2026-03
2026-03-27,ITA US 10/16/26 C240 Equity,2026-04-06,11.65,9.45,8.780736733759912,9.45,8.780736733759912,20.018539956708203,16.906240505845975,11.092571,15.624143087486273,2026-03
2026-03-27,ITA US 01/15/27 C245 Equity,2026-04-06,13.5,11.1,10.164134669588528,11.1,10.164134669588528,21.375282400483115,18.95657344812173,10.690614,18.438546144730292,2026-03
2026-03-27,ITA US 01/15/27 C230 Equity,2026-04-06,19.65,16.049999999999997,15.181123904976383,16.049999999999997,15.181123904976383,26.570980258661525,23.80760801858613,20.729815,22.73896402742883,2026-03
2026-03-27,ITA US 01/15/27 C250 Equity,2026-04-06,11.850000000000001,9.7,8.745098622899285,9.7,8.745098622899285,18.243156847145595,16.62772489798246,9.314344,16.080351722950763,2026-03
2026-03-27,ITA US 01/15/27 C235 Equity,2026-04-06,17.95,14.350000000000001,13.657199524776418,14.350000000000001,13.657199524776418,23.469233694450523,20.564191450653162,17.753218,19.590459868903,2026-03
2026-03-27,ITA US 07/17/26 C250 Equity,2026-04-06,4.5,3.55,3.0998843307028316,3.55,3.0998843307028316,14.456320701504557,11.146149362629375,5.655294,10.589668514086028,2026-03
2026-03-27,ITA US 12/18/26 C250 Equity,2026-04-06,10.75,9.1,8.31643183627185,9.1,8.31643183627185,18.43593377837899,16.90698913989614,9.982913,16.643640264653467,2026-03
2026-03-27,ITA US 12/18/26 C230 Equity,2026-04-06,18.85,15.7,14.661016123610976,15.7,14.661016123610976,26.088982020857692,22.75420890194764,19.840784,22.362554109619825,2026-03
2026-03-27,ITA US 12/18/26 C240 Equity,2026-04-06,15.05,12.1,11.111824919534895,12.1,11.111824919534895,22.54963765719793,20.055166717821443,13.761401,19.390706060927037,2026-03
2026-03-27,ITA US 07/17/26 C280 Equity,2026-04-06,1.625,1.525,1.2509280411541814,1.525,1.2509280411541814,13.0203245197275,7.680976982980282,5.388,8.43569947546513,2026-03
2026-03-27,ITA US 10/16/26 C250 Equity,2026-04-06,8.8,7.3,6.522949495628973,7.3,6.522949495628973,18.22543021733594,15.247806624727515,9.890941,14.463551194481377,2026-03
2026-03-27,ITA US 10/16/26 C245 Equity,2026-04-06,9.55,8.1,7.371985370563184,8.1,7.371985370563184,18.973795018168808,15.916999714459608,10.494532,14.967018916766989,2026-03
2026-03-27,ITA US 12/18/26 C245 Equity,2026-04-06,12.55,10.6,9.930033075021798,10.6,9.930033075021798,21.0248276350728,18.60661891457052,11.130499,17.67938002555023,2026-03
2026-03-27,ITA US 10/16/26 C230 Equity,2026-04-06,16.15,12.85,12.183037860382665,12.85,12.183037860382665,23.6733858037456,20.338658352736694,14.473272,19.09526553308553,2026-03
2026-03-27,ITA US 10/16/26 C235 Equity,2026-04-06,13.7,11.0,10.328408516608782,11.0,10.328408516608782,21.396390389395425,18.06643005724823,11.773903,16.841008166417932,2026-03
2026-03-27,ITA US 07/17/26 C230 Equity,2026-04-06,10.5,8.25,8.107693476006391,8.25,8.107693476006391,21.038731146904375,18.21046253794379,12.390328,15.922601324962539,2026-03
2026-03-27,ITA US 01/15/27 C240 Equity,2026-04-06,15.899999999999999,12.5,11.157177687922434,12.5,11.157177687922434,21.246544525047277,19.132771254086094,13.728168,19.038880108387957,2026-03
2026-03-27,ITA US 12/18/26 C235 Equity,2026-04-06,16.6,13.7,12.642038793844176,13.7,12.642038793844176,24.5537495166107,21.51703524171747,17.239395,20.736351098569543,2026-03
2026-03-27,ITA US 10/16/26 C255 Equity,2026-04-06,6.85,5.3,4.93964732056893,5.3,4.93964732056893,14.313066976918963,11.44970140041751,7.608543,11.03506808548119,2026-03
2026-03-30,ITA US 07/17/26 C230 Equity,2026-04-07,9.8,6.7,6.335953428969086,6.7,6.335953428969086,21.297718734220116,17.04519019842433,11.254516,14.855432648721408,2026-03
2026-03-30,ITA US 12/18/26 C240 Equity,2026-04-07,14.2,9.100000000000001,8.478089305005478,9.100000000000001,8.478089305005478,19.611225664832467,17.42552429711055,10.137476,16.745711241509756,2026-03
2026-03-30,ITA US 12/18/26 C230 Equity,2026-04-07,18.05,12.95,12.41095991218072,12.95,12.41095991218072,24.351591650678746,21.14066581752333,15.482346,20.083754383295666,2026-03
2026-03-30,ITA US 10/16/26 C240 Equity,2026-04-07,11.05,7.85,7.2985322975775775,7.85,7.2985322975775775,18.919427469794904,15.090804774221137,8.818869,14.338193334400865,2026-03
2026-03-30,ITA US 07/17/26 C280 Equity,2026-04-07,1.7249999999999999,0.525,0.4324256371066645,0.525,0.4324256371066645,12.690332773503908,4.276173203386815,5.254768,7.490908224558395,2026-03
2026-03-30,ITA US 10/16/26 C245 Equity,2026-04-07,9.5,6.7,6.244727270520631,6.7,6.244727270520631,18.28388466275161,14.555810719195755,9.57583,13.943531778728387,2026-03
2026-03-30,ITA US 01/15/27 C235 Equity,2026-04-07,17.35,12.350000000000001,10.638670881614656,12.350000000000001,10.638670881614656,21.408800433959634,18.13085965140153,13.63552,17.914071513569574,2026-03
2026-03-30,ITA US 07/17/26 C250 Equity,2026-04-07,4.4,3.375,3.0846806738251145,3.375,3.0846806738251145,16.334154157243418,11.8365988986828,5.383801,11.075106732773758,2026-03
2026-03-30,ITA US 10/16/26 C235 Equity,2026-04-07,12.95,9.15,8.73954848689551,9.15,8.73954848689551,20.276568545274337,16.466648540268466,10.965684,15.357911785554432,2026-03
2026-03-30,ITA US 10/16/26 C255 Equity,2026-04-07,6.95,5.1,4.634632680540625,5.1,4.634632680540625,15.140831685017163,11.18806597832301,7.517323,11.259025666917015,2026-03
2026-03-30,ITA US 12/18/26 C245 Equity,2026-04-07,12.45,8.95,8.388610633240347,8.95,8.388610633240347,19.567905076111103,17.074545082596646,10.751012,16.387226301123285,2026-03
2026-03-30,ITA US 10/16/26 C250 Equity,2026-04-07,7.949999999999999,6.0,5.5827807478254075,6.0,5.5827807478254075,17.122810660387174,13.74494566021829,9.008647,13.426281558548427,2026-03
2026-03-30,ITA US 01/15/27 C240 Equity,2026-04-07,14.9,10.0,9.54360271747638,10.0,9.54360271747638,19.6605942251566,17.93705121372825,10.12763,17.22857803148428,2026-03
2026-03-30,ITA US 01/15/27 C230 Equity,2026-04-07,19.05,13.45,12.385002858203183,13.45,12.385002858203183,23.387844990869464,20.646262933090377,16.575209,20.17901923808951,2026-03
2026-03-30,ITA US 12/18/26 C250 Equity,2026-04-07,10.7,7.300000000000001,6.665947843295262,7.300000000000001,6.665947843295262,16.17800383395488,14.415222865201663,9.351988,15.020106935277255,2026-03
2026-03-30,ITA US 01/15/27 C245 Equity,2026-04-07,13.1,9.350000000000001,8.700842567973273,9.350000000000001,8.700842567973273,20.200373351755808,17.488224005389892,10.135649,17.203988824073477,2026-03
2026-03-30,ITA US 10/16/26 C230 Equity,2026-04-07,15.1,10.2,9.900737799003467,10.2,9.900737799003467,20.967436760180803,17.579158979381145,11.520379,16.62134216962516,2026-03
2026-03-30,ITA US 12/18/26 C235 Equity,2026-04-07,16.1,11.4,10.815692457710973,11.4,10.815692457710973,22.88856117377422,19.808296506734727,13.800084,18.85349016150687,2026-03
2026-03-30,ITA US 01/15/27 C250 Equity,2026-04-07,11.649999999999999,7.9,6.432146040263764,7.9,6.432146040263764,15.96079249233355,14.454072527004168,8.896605,14.633301995022517,2026-03
2026-03-31,ITA US 07/17/26 C280 Equity,2026-04-08,1.825,0.975,0.8486844983009322,0.975,0.8486844983009322,6.170343916039746,4.633292386953958,5.449643,5.984068552953518,2026-03
2026-03-31,ITA US 07/17/26 C295 Equity,2026-04-08,1.525,1.4749999999999999,1.2799859718483084,1.4749999999999999,1.2799859718483084,13.363450879455511,5.421910222961568,4.860621,6.364141769017605,2026-03
2026-03-31,ITA US 12/18/26 C230 Equity,2026-04-08,23.2,16.0,15.134819252436996,16.0,15.134819252436996,23.863731972872827,20.925704488330247,18.22134,20.839316822336176,2026-03
2026-03-31,ITA US 07/17/26 C230 Equity,2026-04-08,14.25,8.75,8.370015739127298,8.75,8.370015739127298,17.77953120591451,15.940290514864063,12.071526,14.466599322703306,2026-03
2026-03-31,ITA US 01/15/27 C230 Equity,2026-04-08,23.7,16.75,15.649130066778476,16.75,15.649130066778476,23.281887566714172,20.91211251678611,19.955124,21.437455278305016,2026-03
2026-03-31,ITA US 01/15/27 C240 Equity,2026-04-08,18.25,12.75,11.852143955361027,12.75,11.852143955361027,18.69574464507156,18.255740365042968,13.380841,17.807304606323978,2026-03
2026-03-31,ITA US 12/18/26 C245 Equity,2026-04-08,16.35,10.649999999999999,9.782671630231231,10.649999999999999,9.782671630231231,17.513907618051853,16.009870960388813,12.586165,15.739179343927827,2026-03
2026-03-31,ITA US 01/15/27 C250 Equity,2026-04-08,14.85,9.75,9.001592432045197,9.75,9.001592432045197,15.138723245132656,14.962900376566772,9.058,14.37915339524898,2026-03
2026-03-31,ITA US 10/16/26 C230 Equity,2026-04-08,20.4,13.0,12.224512430178972,13.0,12.224512430178972,20.051314952369736,17.38269391802768,14.063218,17.291136968145082,2026-03
2026-03-31,ITA US 10/16/26 C235 Equity,2026-04-08,17.65,11.0,10.366537810588738,11.0,10.366537810588738,17.92109141039605,15.357416685955746,12.250603,14.87848715421271,2026-03
2026-03-31,ITA US 12/18/26 C240 Equity,2026-04-08,18.5,12.649999999999999,11.579691805881838,12.649999999999999,11.579691805881838,19.660526092589258,18.129876793139754,13.059347,18.11642981689324,2026-03
2026-03-31,ITA US 01/15/27 C245 Equity,2026-04-08,16.85,11.100000000000001,10.261293826768883,11.100000000000001,10.261293826768883,18.389819717824167,17.216944950106605,12.241311,16.76597223032331,2026-03
2026-03-31,ITA US 10/16/26 C240 Equity,2026-04-08,15.25,9.35,8.783220102951269,9.35,8.783220102951269,15.95140679639591,14.118913070300433,11.181241,13.57107382899084,2026-03
2026-03-31,ITA US 07/17/26 C250 Equity,2026-04-08,5.95,3.475,3.1102210846238294,3.475,3.1102210846238294,11.667141096606452,9.343189656133344,5.5107107,8.694081014669752,2026-03
2026-03-31,ITA US 12/18/26 C250 Equity,2026-04-08,14.100000000000001,9.0,8.381740969014906,9.0,8.381740969014906,14.238658066912127,14.010985082550732,9.85698,14.60798867154946,2026-03
2026-03-31,ITA US 10/16/26 C255 Equity,2026-04-08,9.75,5.55,5.124668947957167,5.55,5.124668947957167,11.5213562067078,9.824461503456213,7.7955494,9.561764677387536,2026-03
2026-03-31,ITA US 10/16/26 C245 Equity,2026-04-08,12.9,7.95,7.39958480046077,7.95,7.39958480046077,15.03420456730038,13.454593575871067,11.566926,12.915148686941977,2026-03
2026-03-31,ITA US 12/18/26 C235 Equity,2026-04-08,20.4,14.1,13.339199013090594,14.1,13.339199013090594,21.734671851233713,19.563754277739513,15.469836,19.2675784940889,2026-03
2026-03-31,ITA US 10/16/26 C250 Equity,2026-04-08,11.6,6.5,6.023758333107984,6.5,6.023758333107984,13.326273138001477,11.825351958786984,9.489327,11.641190205824142,2026-03
2026-03-31,ITA US 01/15/27 C235 Equity,2026-04-08,20.95,14.5,13.66022566621001,14.5,13.66022566621001,20.010673845890082,18.275818943254382,15.248975,17.926581776512652,2026-03
2026-04-01,ITA US 10/16/26 C250 Equity,2026-04-09,10.95,8.75,7.95277213120617,8.75,7.95277213120617,8.803639609916678,7.702323221524732,7.255813,7.58107570276723,2026-04
2026-04-01,ITA US 12/18/26 C235 Equity,2026-04-09,20.65,16.9,15.83792238033957,16.9,15.83792238033957,16.61896229581914,15.046182007220334,12.764888,15.49306664429665,2026-04
2026-04-01,ITA US 01/15/27 C240 Equity,2026-04-09,19.1,15.6,14.481177503840629,15.6,14.481177503840629,14.819860706501018,14.04377861420543,11.960387,14.217238925761041,2026-04
2026-04-01,ITA US 01/15/27 C235 Equity,2026-04-09,20.95,17.65,16.587943873067772,17.65,16.587943873067772,16.965339708044617,15.221763286176106,13.178587,16.212980507051014,2026-04
2026-04-01,ITA US 01/15/27 C250 Equity,2026-04-09,14.3,12.05,11.361187417829044,12.05,11.361187417829044,11.709604905454462,10.759866997998973,9.02002,10.766681928018746,2026-04
2026-04-01,ITA US 10/16/26 C235 Equity,2026-04-09,17.5,13.8,12.845806356554771,13.8,12.845806356554771,13.67676490029805,12.003836658843547,10.038988,12.486448116961851,2026-04
2026-04-01,ITA US 10/16/26 C240 Equity,2026-04-09,15.15,11.7,10.809499998391722,11.7,10.809499998391722,11.517342304480461,10.229486070255735,9.260262,10.449706533928598,2026-04
2026-04-01,ITA US 07/17/26 C230 Equity,2026-04-09,14.45,11.0,10.032147077221534,11.0,10.032147077221534,10.830022049973064,9.46258789055786,8.317352,9.680866527255942,2026-04
2026-04-01,ITA US 12/18/26 C250 Equity,2026-04-09,13.5,10.95,9.915200702650607,10.95,9.915200702650607,10.390812869694123,9.341470844972037,8.142365,9.654854216456258,2026-04
2026-04-01,ITA US 07/17/26 C295 Equity,2026-04-09,1.525,0.725,0.6304559330967181,0.725,0.6304559330967181,2.7124292098193408,-2.004143877090403,1.9083052,-0.3408229164809561,2026-04
2026-04-01,ITA US 12/18/26 C230 Equity,2026-04-09,23.25,19.25,18.316298195130667,19.25,18.316298195130667,19.226815555331193,16.764220408554042,14.639812,17.77977130887709,2026-04
2026-04-01,ITA US 01/15/27 C245 Equity,2026-04-09,16.45,13.850000000000001,13.11984136617365,13.850000000000001,13.11984136617365,13.904296516625731,12.585035496455237,10.663685,12.542435809648728,2026-04
2026-04-01,ITA US 12/18/26 C245 Equity,2026-04-09,16.25,13.05,12.14240275018755,13.05,12.14240275018755,13.165021365407934,11.678302763312164,9.817404,11.766534254207487,2026-04
2026-04-01,ITA US 07/17/26 C280 Equity,2026-04-09,1.7249999999999999,1.325,0.9619017839778191,1.325,0.9619017839778191,0.6365752986047113,-0.9824337789363291,1.9090176,0.24859709557177068,2026-04
2026-04-01,ITA US 10/16/26 C230 Equity,2026-04-09,19.700000000000003,15.45,14.585264261249096,15.45,14.585264261249096,14.936947809723776,13.466486577580461,11.979207,14.019300465813227,2026-04
2026-04-01,ITA US 07/17/26 C250 Equity,2026-04-09,6.199999999999999,5.2,3.950043447313503,5.2,3.950043447313503,5.018113128613173,4.436834600789151,3.977807,4.115531014081339,2026-04
2026-04-01,ITA US 10/16/26 C255 Equity,2026-04-09,9.45,6.95,6.23483659141987,6.95,6.23483659141987,6.6608881232184665,5.989565966792698,4.7703304,5.835297203024442,2026-04
2026-04-01,ITA US 12/18/26 C240 Equity,2026-04-09,18.299999999999997,14.9,13.879520245004356,14.9,13.879520245004356,14.719969232253462,13.491752301182018,11.241819,13.53832506474996,2026-04
2026-04-01,ITA US 10/16/26 C245 Equity,2026-04-09,13.0,10.0,9.166386818212612,10.0,9.166386818212612,9.984527222878526,8.866883712741297,8.457338,8.800915728615964,2026-04
2026-04-01,ITA US 01/15/27 C230 Equity,2026-04-09,23.55,20.0,18.822058526769755,20.0,18.822058526769755,19.498415778301712,17.239056187675487,15.444003,18.484697480687856,2026-04
2026-04-02,ITA US 10/16/26 C230 Equity,2026-04-10,18.0,14.95,14.552367141246272,14.95,14.552367141246272,15.991595112292995,13.706673494923944,12.890689,13.92090172421052,2026-04
2026-04-02,ITA US 01/15/27 C230 Equity,2026-04-10,21.65,18.549999999999997,17.81352657091121,18.549999999999997,17.81352657091121,19.483083732276736,17.068848686806692,15.81356,17.412458723696098,2026-04
2026-04-02,ITA US 01/15/27 C235 Equity,2026-04-10,19.05,16.15,15.612493129548039,16.15,15.612493129548039,17.34989102329383,15.27897813707939,13.972819,15.144704821146762,2026-04
2026-04-02,ITA US 07/17/26 C295 Equity,2026-04-10,1.6749999999999998,1.6749999999999998,1.3992933474123592,1.6749999999999998,1.3992933474123592,3.9349529229984377,0.5818293570029098,2.2323117,1.0870014387023466,2026-04
2026-04-02,ITA US 07/17/26 C250 Equity,2026-04-10,5.1,3.95,3.594125203623534,3.95,3.594125203623534,5.174664858353111,3.5769131138427532,3.4296749,3.117366118401127,2026-04
2026-04-02,ITA US 12/18/26 C240 Equity,2026-04-10,16.45,13.9,13.428345148628976,13.9,13.428345148628976,15.174802424799514,13.291669815541857,11.371746,12.940000160052886,2026-04
2026-04-02,ITA US 07/17/26 C280 Equity,2026-04-10,1.775,0.875,0.702010892003864,0.875,0.702010892003864,2.240059081687015,-1.1649464160405891,2.222056,0.18370451024054824,2026-04
2026-04-02,ITA US 07/17/26 C230 Equity,2026-04-10,13.0,10.45,9.833475047002466,10.45,9.833475047002466,12.621630050776801,10.350232163264238,8.5322075,9.541467783909956,2026-04
2026-04-02,ITA US 12/18/26 C245 Equity,2026-04-10,14.55,12.4,11.83261730789545,12.4,11.83261730789545,14.144652956826246,11.930769941820913,10.0306635,11.485184743600563,2026-04
2026-04-02,ITA US 12/18/26 C250 Equity,2026-04-10,12.75,10.6,10.032538507969708,10.6,10.032538507969708,12.258152318471533,10.169601014247355,8.365643,9.724418552914178,2026-04
2026-04-02,ITA US 10/16/26 C245 Equity,2026-04-10,11.45,9.399999999999999,8.877223277536803,9.399999999999999,8.877223277536803,10.966905600252977,8.905625333933108,9.040945,8.530590837865125,2026-04
2026-04-02,ITA US 10/16/26 C235 Equity,2026-04-10,15.6,12.7,12.208111973144796,12.7,12.208111973144796,13.961182218445806,11.769329336755074,10.075173,11.731184754060237,2026-04
2026-04-02,ITA US 01/15/27 C250 Equity,2026-04-10,13.75,11.15,10.451316256972865,11.15,10.451316256972865,12.24988452542095,10.46114057788798,8.579657,10.235369335864638,2026-04
2026-04-02,ITA US 12/18/26 C235 Equity,2026-04-10,18.75,15.95,15.291371564932582,15.95,15.291371564932582,17.103413820953822,14.903571037862633,13.531665,14.920754050399262,2026-04
2026-04-02,ITA US 10/16/26 C240 Equity,2026-04-10,13.4,11.0,10.398557070222417,11.0,10.398557070222417,12.469013840652613,10.348751852966501,9.214792,10.0973816396912,2026-04
2026-04-02,ITA US 10/16/26 C255 Equity,2026-04-10,8.5,6.65,6.1516099434936695,6.65,6.1516099434936695,8.183605956535231,6.389546149546932,5.3457346,5.9158861593384495,2026-04
2026-04-02,ITA US 01/15/27 C240 Equity,2026-04-10,17.35,14.1,13.507701745790273,14.1,13.507701745790273,14.988634727181573,13.579853957078312,12.016166,13.133975548913195,2026-04
2026-04-02,ITA US 01/15/27 C245 Equity,2026-04-10,15.600000000000001,13.05,11.726558893926672,13.05,11.726558893926672,14.475474311523026,12.409277250748332,10.5881,12.123098602868367,2026-04
2026-04-02,ITA US 10/16/26 C250 Equity,2026-04-10,10.05,8.05,7.754139905996161,8.05,7.754139905996161,9.87565181796024,7.8664840035984716,6.429825,7.228750808529833,2026-04
2026-04-02,ITA US 12/18/26 C230 Equity,2026-04-10,21.25,17.9,17.35346161982116,17.9,17.35346161982116,19.437240989723442,16.687185505895034,15.278393,16.81950793725908,2026-04
2026-04-06,ITA US 01/15/27 C245 Equity,2026-04-13,16.8,13.5,12.965277167496106,13.5,12.965277167496106,13.153039868283301,12.383976424532602,10.300626,12.012572759581705,2026-04
2026-04-06,ITA US 07/17/26 C250 Equity,2026-04-13,5.300000000000001,4.5,4.231561040043448,4.5,4.231561040043448,3.733202327609362,3.1016658424709718,4.0763993,3.1188156604882153,2026-04
2026-04-06,ITA US 01/15/27 C250 Equity,2026-04-13,14.8,11.850000000000001,11.385135650033389,11.850000000000001,11.385135650033389,11.455037996914463,10.76812134721589,9.165533,10.419769646955947,2026-04
2026-04-06,ITA US 01/15/27 C230 Equity,2026-04-13,24.0,19.65,19.124093217738153,19.65,19.124093217738153,18.34233559636061,16.421249794691594,15.393346,17.894883666846457,2026-04
2026-04-06,ITA US 12/18/26 C235 Equity,2026-04-13,20.55,16.6,15.945270587011132,16.6,15.945270587011132,16.11841593756776,14.320488807486125,13.056051,14.989215905029317,2026-04
2026-04-06,ITA US 10/16/26 C255 Equity,2026-04-13,8.3,6.85,6.445457382245778,6.85,6.445457382245778,6.600589092214706,5.810454259903475,4.899356,5.555397234504605,2026-04
2026-04-06,ITA US 10/16/26 C250 Equity,2026-04-13,9.9,8.8,8.16821628466023,8.8,8.16821628466023,7.71856801934142,6.594417209280849,7.5271263,7.289286520984877,2026-04
2026-04-06,ITA US 07/17/26 C280 Equity,2026-04-13,0.775,1.625,1.433727353278087,1.625,1.433727353278087,1.6711191045587128,0.4609638387491408,1.767005,0.521512505152101,2026-04
2026-04-06,ITA US 12/18/26 C250 Equity,2026-04-13,13.25,10.75,10.095823656051259,10.75,10.095823656051259,10.162640101425549,9.141628939246518,8.397931,9.26297886256267,2026-04
2026-04-06,ITA US 12/18/26 C230 Equity,2026-04-13,23.25,18.85,18.390528403224152,18.85,18.390528403224152,18.729185593228973,16.625971915769117,14.847193,17.238883638953983,2026-04
2026-04-06,ITA US 07/17/26 C230 Equity,2026-04-13,14.149999999999999,10.5,10.296563013726116,10.5,10.296563013726116,10.850073710466589,9.351740403168943,8.412744,9.042991162902677,2026-04
2026-04-06,ITA US 01/15/27 C240 Equity,2026-04-13,18.9,15.899999999999999,15.112182497923872,15.899999999999999,15.112182497923872,14.694333809415259,13.386114581783758,11.713851,14.25035128024385,2026-04
2026-04-06,ITA US 12/18/26 C245 Equity,2026-04-13,15.899999999999999,12.55,12.051378412963459,12.55,12.051378412963459,12.507538021043825,11.296770448740816,9.264955,11.098683507967031,2026-04
2026-04-06,ITA US 10/16/26 C230 Equity,2026-04-13,19.25,16.15,15.774202722551541,16.15,15.774202722551541,15.36475599650796,13.255102566996557,12.312184,14.455351288960248,2026-04
2026-04-06,ITA US 10/16/26 C235 Equity,2026-04-13,16.65,13.7,13.083319662088503,13.7,13.083319662088503,13.00675343429969,11.345116614240721,9.752712,12.146597384667633,2026-04
2026-04-06,ITA US 12/18/26 C240 Equity,2026-04-13,18.25,15.05,14.550929478655354,15.05,14.550929478655354,14.198490808768316,12.436701692887834,11.091442,13.388486650228547,2026-04
2026-04-06,ITA US 07/17/26 C295 Equity,2026-04-13,0.47500000000000003,1.4749999999999999,1.2654242955254302,1.4749999999999999,1.2654242955254302,4.574555020301986,0.18734374629629258,1.8267789,0.35354942709147563,2026-04
2026-04-06,ITA US 10/16/26 C245 Equity,2026-04-13,11.899999999999999,9.55,9.145795599139085,9.55,9.145795599139085,9.325853418286709,8.22003691507241,8.475595,8.144089602231599,2026-04
2026-04-06,ITA US 01/15/27 C235 Equity,2026-04-13,21.3,17.95,16.910392687500273,17.95,16.910392687500273,16.79420223932772,15.10060194749934,13.837875,16.306043625308206,2026-04
2026-04-06,ITA US 10/16/26 C240 Equity,2026-04-13,14.4,11.65,10.941431703433413,11.65,10.941431703433413,11.333683297712717,10.017721998201537,8.996555,10.21080656715204,2026-04
2026-04-07,ITA US 12/18/26 C240 Equity,2026-04-14,19.6,14.2,13.472905560645202,14.2,13.472905560645202,14.169174580026723,12.521037163883705,11.215102,12.365039110594893,2026-04
2026-04-07,ITA US 01/15/27 C250 Equity,2026-04-14,15.95,11.649999999999999,11.019921503676706,11.649999999999999,11.019921503676706,10.708790016987779,10.035237457278587,9.312031,9.854383675266956,2026-04
2026-04-07,ITA US 10/16/26 C240 Equity,2026-04-14,15.65,11.05,10.266590521688299,11.05,10.266590521688299,10.40105385901048,9.297776120358096,9.36959,9.257469817742432,2026-04
2026-04-07,ITA US 10/16/26 C255 Equity,2026-04-14,9.8,6.95,6.409499142001483,6.95,6.409499142001483,6.547081369596096,5.619802487591631,5.163196,5.310949727993271,2026-04
2026-04-07,ITA US 12/18/26 C235 Equity,2026-04-14,21.9,16.1,15.393659348669852,16.1,15.393659348669852,15.495551975674346,13.86067017503987,13.61961,14.162842231937052,2026-04
2026-04-07,ITA US 12/18/26 C230 Equity,2026-04-14,24.45,18.05,17.258226481785435,18.05,17.258226481785435,17.25801895403771,16.08969094600207,15.434688,16.06159611879687,2026-04
2026-04-07,ITA US 10/16/26 C245 Equity,2026-04-14,13.55,9.5,8.805358200399352,9.5,8.805358200399352,9.064677983225046,7.970359103501085,9.219163,7.761654399546828,2026-04
2026-04-07,ITA US 07/17/26 C280 Equity,2026-04-14,1.0,1.7249999999999999,1.490277598075693,1.7249999999999999,1.490277598075693,3.3888313336729823,0.6455260419267006,2.1486104,0.26207730769717075,2026-04
2026-04-07,ITA US 12/18/26 C250 Equity,2026-04-14,15.100000000000001,10.7,10.043500675684605,10.7,10.043500675684605,10.258307290614251,9.13718463302585,8.632483,8.925506732708687,2026-04
2026-04-07,ITA US 07/17/26 C230 Equity,2026-04-14,15.600000000000001,9.8,9.42610139592301,9.8,9.42610139592301,9.779266879603274,8.485586511092183,8.417693,7.977679028119317,2026-04
2026-04-07,ITA US 01/15/27 C240 Equity,2026-04-14,20.45,14.9,14.164280622255733,14.9,14.164280622255733,13.8670467875924,12.767362410331796,12.672878,12.969014516888002,2026-04
2026-04-07,ITA US 01/15/27 C230 Equity,2026-04-14,25.7,19.05,18.415865883988268,19.05,18.415865883988268,18.046475057697705,16.152559507463977,15.87691,17.00149768121123,2026-04
2026-04-07,ITA US 07/17/26 C295 Equity,2026-04-14,1.4249999999999998,1.525,1.2882134776152365,1.525,1.2882134776152365,4.136977553452557,-0.14162231505216205,2.1561086,0.03812653694967061,2026-04
2026-04-07,ITA US 10/16/26 C250 Equity,2026-04-14,11.55,7.949999999999999,7.3936990930462265,7.949999999999999,7.3936990930462265,7.570213474316676,6.368093493532891,6.5405307,6.235863599464033,2026-04
2026-04-07,ITA US 01/15/27 C235 Equity,2026-04-14,22.950000000000003,17.35,16.05568325226613,17.35,16.05568325226613,16.319011443584937,14.821510622144855,14.73629,15.412657639672977,2026-04
2026-04-07,ITA US 12/18/26 C245 Equity,2026-04-14,17.05,12.45,11.586598490764256,12.45,11.586598490764256,12.184493964407558,11.013573177305783,10.103083,10.67524830353898,2026-04
2026-04-07,ITA US 07/17/26 C250 Equity,2026-04-14,7.1000000000000005,4.4,4.0597156889673975,4.4,4.0597156889673975,4.238153699044577,3.3710500476755723,3.5533574,2.740343528890952,2026-04
2026-04-07,ITA US 10/16/26 C230 Equity,2026-04-14,20.95,15.1,14.438479099333266,15.1,14.438479099333266,14.686012776284805,12.844103303572606,12.682992,13.192965287635502,2026-04
2026-04-07,ITA US 01/15/27 C245 Equity,2026-04-14,18.049999999999997,13.1,12.491538105876197,13.1,12.491538105876197,11.957761060335724,11.131195898938534,10.609202,11.208248326201618,2026-04
2026-04-07,ITA US 10/16/26 C235 Equity,2026-04-14,18.450000000000003,12.95,12.285935775974945,12.95,12.285935775974945,12.529358848083465,11.123043471962262,10.2600355,11.130211393802565,2026-04
2026-04-08,ITA US 12/18/26 C230 Equity,2026-04-15,23.35,23.2,22.119991356099675,23.2,22.119991356099675,22.072472564077394,20.4361128774639,25.392103,22.05619077303861,2026-04
2026-04-08,ITA US 01/15/27 C235 Equity,2026-04-15,22.2,20.95,20.429770896511258,20.95,20.429770896511258,19.68780410017435,18.21886927784763,23.503166,19.94582958852379,2026-04
2026-04-08,ITA US 01/15/27 C240 Equity,2026-04-15,19.8,18.25,18.013214412377746,18.25,18.013214412377746,17.41107993594601,16.640662183267946,19.489756,17.342149529853202,2026-04
2026-04-08,ITA US 10/16/26 C245 Equity,2026-04-15,12.9,12.9,11.949185665842448,12.9,11.949185665842448,12.61951735694223,11.931726390887574,12.267461,12.205764796142498,2026-04
2026-04-08,ITA US 12/18/26 C240 Equity,2026-04-15,18.200000000000003,18.5,17.461049372337644,18.5,17.461049372337644,18.199838823099327,16.690577465188895,18.879232,17.637075684231174,2026-04
2026-04-08,ITA US 10/16/26 C235 Equity,2026-04-15,17.55,17.65,16.65266051004018,17.65,16.65266051004018,16.927824798658076,15.42454590226275,19.269045,16.79019874515946,2026-04
2026-04-08,ITA US 12/18/26 C235 Equity,2026-04-15,20.8,20.4,19.31272628263486,20.4,19.31272628263486,19.05088022373808,17.36951765489218,22.878597,19.359940350855354,2026-04
2026-04-08,ITA US 01/15/27 C250 Equity,2026-04-15,15.5,14.85,14.013519245119987,14.85,14.013519245119987,13.538495823120648,13.004882966273977,14.000005,13.969629464509959,2026-04
2026-04-08,ITA US 07/17/26 C230 Equity,2026-04-15,14.9,14.25,13.587005254569672,14.25,13.587005254569672,13.588564498993835,12.432751920870183,14.569094,13.248396748519191,2026-04
2026-04-08,ITA US 10/16/26 C230 Equity,2026-04-15,20.1,20.4,18.64300619595113,20.4,18.64300619595113,20.130451572032097,17.95656388617696,22.138159,19.38549840182506,2026-04
2026-04-08,ITA US 12/18/26 C250 Equity,2026-04-15,14.1,14.100000000000001,13.12102140421373,14.100000000000001,13.12102140421373,13.144253359659867,12.672297476787985,12.785921,13.264703292699192,2026-04
2026-04-08,ITA US 07/17/26 C250 Equity,2026-04-15,5.6,5.95,5.2780304640561715,5.95,5.2780304640561715,4.971679514090914,5.374036836031308,6.9723997,5.307749278338983,2026-04
2026-04-08,ITA US 10/16/26 C240 Equity,2026-04-15,15.149999999999999,15.25,14.476664442937452,15.25,14.476664442937452,14.637813467069734,13.501962752456095,15.268504,14.447506387892151,2026-04
2026-04-08,ITA US 07/17/26 C295 Equity,2026-04-15,1.525,1.525,1.3247494953946106,1.525,1.3247494953946106,4.254554241297281,1.5066802471378438,2.9475124,1.1696676319764787,2026-04
2026-04-08,ITA US 10/16/26 C250 Equity,2026-04-15,11.15,11.6,10.696882313056733,11.6,10.696882313056733,10.971276025239215,10.618534705789212,10.754343,10.884974004776103,2026-04
2026-04-08,ITA US 07/17/26 C280 Equity,2026-04-15,1.775,1.825,1.5596301292109511,1.825,1.5596301292109511,3.691559445709446,2.4346492129289032,2.9531772,1.5055937880977295,2026-04
2026-04-08,ITA US 10/16/26 C255 Equity,2026-04-15,9.25,9.75,8.924985563967201,9.75,8.924985563967201,9.272461065516534,9.06774288723376,10.188609,9.128170885177227,2026-04
2026-04-08,ITA US 12/18/26 C245 Equity,2026-04-15,16.35,16.35,15.343382629224717,16.35,15.343382629224717,16.1519519863685,15.108540863476067,15.821606,15.574321790398237,2026-04
2026-04-08,ITA US 01/15/27 C245 Equity,2026-04-15,17.65,16.85,15.923215298257492,16.85,15.923215298257492,15.776207180650186,14.647905200337178,17.202358,15.924371044056654,2026-04
2026-04-08,ITA US 01/15/27 C230 Equity,2026-04-15,24.8,23.7,22.73044798550581,23.7,22.73044798550581,22.265948552001674,19.96056795365928,25.356325,22.421227717640626,2026-04
2026-04-09,ITA US 10/16/26 C245 Equity,2026-04-16,11.65,13.0,11.758713821078404,13.0,11.758713821078404,15.03702941836098,13.027845094974094,11.547827,13.053819022835345,2026-04
2026-04-09,ITA US 07/17/26 C230 Equity,2026-04-16,12.55,14.45,13.808959751413825,14.45,13.808959751413825,17.225480917159175,14.605291240652255,13.476964,14.324083602306173,2026-04
2026-04-09,ITA US 07/17/26 C250 Equity,2026-04-16,4.6,6.199999999999999,5.527365832696432,6.199999999999999,5.527365832696432,8.2838515653319,7.113211282640604,6.5027823,6.383717346866836,2026-04
2026-04-09,ITA US 12/18/26 C240 Equity,2026-04-16,16.299999999999997,18.299999999999997,16.93579404040074,18.299999999999997,16.93579404040074,20.3839002223002,17.877595201475806,19.402195,18.224142209520743,2026-04
2026-04-09,ITA US 12/18/26 C230 Equity,2026-04-16,20.9,23.25,21.81594774258199,23.25,21.81594774258199,24.93283800938244,21.81431676880617,24.277737,22.90396378499059,2026-04
2026-04-09,ITA US 01/15/27 C240 Equity,2026-04-16,17.6,19.1,17.570593541205387,19.1,17.570593541205387,20.140659043264076,17.850932227966187,20.09353,18.940093001187606,2026-04
2026-04-09,ITA US 10/16/26 C255 Equity,2026-04-16,8.5,9.45,8.445676871028933,9.45,8.445676871028933,11.497442889400839,9.850808371847007,9.888853,9.603262025093048,2026-04
2026-04-09,ITA US 10/16/26 C235 Equity,2026-04-16,15.5,17.5,16.1151808002757,17.5,16.1151808002757,19.054005512115516,16.402057774860033,19.638197,17.403277581248723,2026-04
2026-04-09,ITA US 12/18/26 C250 Equity,2026-04-16,12.4,13.5,12.205464445786948,13.5,12.205464445786948,14.464818503268244,12.921275871222997,12.724355,13.433843658380955,2026-04
2026-04-09,ITA US 07/17/26 C295 Equity,2026-04-16,1.525,1.525,1.223775130007153,1.525,1.223775130007153,5.958610974393206,2.1300266844909235,2.231744,1.9357218551827668,2026-04
2026-04-09,ITA US 10/16/26 C240 Equity,2026-04-16,13.45,15.15,13.835801785577846,15.15,13.835801785577846,16.97970317102995,14.87133624455777,15.60253,15.13156060761188,2026-04
2026-04-09,ITA US 12/18/26 C245 Equity,2026-04-16,14.55,16.25,14.924366487404326,16.25,14.924366487404326,18.314952875928913,16.069463437712585,16.695324,16.228400628230773,2026-04
2026-04-09,ITA US 01/15/27 C235 Equity,2026-04-16,19.65,20.95,20.063549554133076,20.95,20.063549554133076,22.613573552603846,20.016357839000122,22.323296,20.816797648335243,2026-04
2026-04-09,ITA US 01/15/27 C230 Equity,2026-04-16,22.0,23.55,22.447631501592035,23.55,22.447631501592035,25.420535296129785,22.303380022800265,24.433212,23.224902250168245,2026-04
2026-04-09,ITA US 07/17/26 C280 Equity,2026-04-16,1.775,1.7249999999999999,1.3935212919707414,1.7249999999999999,1.3935212919707414,5.288274230825085,2.966637440640028,2.283281,2.159672625930267,2026-04
2026-04-09,ITA US 10/16/26 C250 Equity,2026-04-16,9.6,10.95,9.791725366549697,10.95,9.791725366549697,12.998872918560085,11.343942045157885,10.111057,11.073065132488967,2026-04
2026-04-09,ITA US 01/15/27 C245 Equity,2026-04-16,15.55,16.45,15.717571120834412,16.45,15.717571120834412,18.80876285354939,16.664302743174147,17.192595,16.452351398978273,2026-04
2026-04-09,ITA US 01/15/27 C250 Equity,2026-04-16,13.7,14.3,13.628470054866373,14.3,13.628470054866373,16.442819132841084,14.839758675605253,13.908187,14.37460981420174,2026-04
2026-04-09,ITA US 10/16/26 C230 Equity,2026-04-16,17.9,19.700000000000003,18.648613392742263,19.700000000000003,18.648613392742263,21.39599056656441,18.511971134770054,21.565601,19.393456023473917,2026-04
2026-04-09,ITA US 12/18/26 C235 Equity,2026-04-16,18.549999999999997,20.65,19.235038394817646,20.65,19.235038394817646,22.25245955411468,19.327151280140278,22.036278,20.495859183157588,2026-04
2026-04-10,ITA US 10/16/26 C250 Equity,2026-04-17,9.95,10.05,9.441763067627704,10.05,9.441763067627704,12.094414539566245,11.072717201296516,10.684162,10.212922708017523,2026-04
2026-04-10,ITA US 12/18/26 C250 Equity,2026-04-17,13.100000000000001,12.75,12.025102718459854,12.75,12.025102718459854,14.278840168268317,13.134726836056569,12.674506,12.801615075744515,2026-04
2026-04-10,ITA US 07/17/26 C295 Equity,2026-04-17,0.7000000000000001,1.6749999999999998,1.4268353605842163,1.6749999999999998,1.4268353605842163,5.95368405058289,2.5670504870711035,2.7842789,2.08645637675615,2026-04
2026-04-10,ITA US 01/15/27 C240 Equity,2026-04-17,18.35,17.35,16.653538205906237,17.35,16.653538205906237,17.911259742862622,16.520248072435173,19.430134,17.158135182926475,2026-04
2026-04-10,ITA US 07/17/26 C230 Equity,2026-04-17,13.45,13.0,12.505690348928539,13.0,12.505690348928539,15.191101944859081,13.405007848215586,13.352461,12.991627393517318,2026-04
2026-04-10,ITA US 10/16/26 C255 Equity,2026-04-17,8.75,8.5,7.914808333407137,8.5,7.914808333407137,10.228999135848682,9.31487306121993,9.7170315,8.68713190793473,2026-04
2026-04-10,ITA US 07/17/26 C280 Equity,2026-04-17,0.925,1.775,1.519317448711977,1.775,1.519317448711977,4.900086045877853,3.024355609070561,2.786998,2.1984317621299003,2026-04
2026-04-10,ITA US 12/18/26 C240 Equity,2026-04-17,17.4,16.45,15.730408675428547,16.45,15.730408675428547,17.794169276495463,16.420264968499453,17.886942,16.375172078716652,2026-04
2026-04-10,ITA US 07/17/26 C250 Equity,2026-04-17,4.949999999999999,5.1,4.788214657412262,5.1,4.788214657412262,6.598554287410668,5.997594885900828,6.79029,5.254661078817104,2026-04
2026-04-10,ITA US 01/15/27 C230 Equity,2026-04-17,23.15,21.65,21.30467083049665,21.65,21.30467083049665,21.95068716142029,20.5823478691023,24.005114,21.358581425310323,2026-04
2026-04-10,ITA US 01/15/27 C245 Equity,2026-04-17,16.2,15.600000000000001,14.84503248982005,15.600000000000001,14.84503248982005,16.7715818537636,15.54241851976616,16.627083,15.528295139644943,2026-04
2026-04-10,ITA US 12/18/26 C245 Equity,2026-04-17,15.0,14.55,13.97991151912691,14.55,13.97991151912691,16.25395494296667,15.028351197351244,14.86184,14.562381266430899,2026-04
2026-04-10,ITA US 10/16/26 C230 Equity,2026-04-17,19.0,18.0,17.319933561419944,18.0,17.319933561419944,19.611704479263636,17.50845569863202,20.898996,17.900962878799444,2026-04
2026-04-10,ITA US 10/16/26 C245 Equity,2026-04-17,11.95,11.45,10.827820779256344,11.45,10.827820779256344,12.955028262111778,12.334497011425718,11.492625,11.525787357208905,2026-04
2026-04-10,ITA US 12/18/26 C230 Equity,2026-04-17,22.25,21.25,20.478005569638963,21.25,20.478005569638963,22.4682432664445,20.379229988819063,23.79029,21.04556910230768,2026-04
2026-04-10,ITA US 12/18/26 C235 Equity,2026-04-17,19.35,18.75,18.0983678222976,18.75,18.0983678222976,20.334805107917862,18.584028704219207,20.89166,18.650852123441,2026-04
2026-04-10,ITA US 01/15/27 C235 Equity,2026-04-17,20.25,19.05,18.976738211154633,19.05,18.976738211154633,19.7909924471949,18.505444009991326,21.306984,18.881864442957085,2026-04
2026-04-10,ITA US 10/16/26 C235 Equity,2026-04-17,16.450000000000003,15.6,14.8189393178038,15.6,14.8189393178038,17.112892389143827,15.555295214739543,17.244732,15.588245903419322,2026-04
2026-04-10,ITA US 10/16/26 C240 Equity,2026-04-17,14.25,13.4,12.738837048365138,13.4,12.738837048365138,14.720378279626505,13.719153990198507,13.655231,13.43952893501232,2026-04
2026-04-10,ITA US 01/15/27 C250 Equity,2026-04-17,13.75,13.75,12.504866832598193,13.75,12.504866832598193,13.478504850181618,12.953036696837188,14.046458,13.591639728722921,2026-04
2026-04-13,ITA US 10/16/26 C255 Equity,2026-04-20,7.35,8.3,8.055370893635253,8.3,8.055370893635253,8.555848625608663,8.719457139090977,9.286722,8.15783964723953,2026-04
2026-04-13,ITA US 01/15/27 C245 Equity,2026-04-20,15.149999999999999,16.8,15.885898459507612,16.8,15.885898459507612,17.15260387800646,16.31101165595312,17.443802,16.461744437577078,2026-04
2026-04-13,ITA US 01/15/27 C240 Equity,2026-04-20,17.4,18.9,18.432540711376564,18.9,18.432540711376564,19.188543823389296,17.91042404768412,19.224329,18.483498329666734,2026-04
2026-04-13,ITA US 07/17/26 C280 Equity,2026-04-20,1.575,0.775,0.6506740871728351,0.775,0.6506740871728351,1.579755297584052,0.15325462913188836,2.227774,0.7733364184446988,2026-04
2026-04-13,ITA US 01/15/27 C230 Equity,2026-04-20,22.35,24.0,23.164445971921555,24.0,23.164445971921555,23.417200741428992,21.685155128491512,23.831993,23.235424870269462,2026-04
2026-04-13,ITA US 10/16/26 C230 Equity,2026-04-20,17.95,19.25,19.344352479853523,19.25,19.344352479853523,19.625728977201277,18.532802494564834,20.47755,18.621015539365306,2026-04
2026-04-13,ITA US 07/17/26 C230 Equity,2026-04-20,12.95,14.149999999999999,13.985368846942876,14.149999999999999,13.985368846942876,15.013689292027673,14.130387593835254,12.52604,13.614692359653022,2026-04
2026-04-13,ITA US 10/16/26 C235 Equity,2026-04-20,15.549999999999999,16.65,16.295017637571068,16.65,16.295017637571068,16.721806724548294,15.700899234263144,18.440365,16.278793668572856,2026-04
2026-04-13,ITA US 12/18/26 C235 Equity,2026-04-20,18.95,20.55,19.95280932350685,20.55,19.95280932350685,21.131162457471472,19.547845691731524,21.389704,20.136252206066874,2026-04
2026-04-13,ITA US 10/16/26 C250 Equity,2026-04-20,9.3,9.9,9.644869206750089,9.9,9.644869206750089,10.44403504561111,10.433365001970081,10.097797,9.724630449065604,2026-04
2026-04-13,ITA US 12/18/26 C245 Equity,2026-04-20,14.0,15.899999999999999,15.066357780522683,15.899999999999999,15.066357780522683,16.405410311136382,15.595846520918176,14.72706,15.603842878649276,2026-04
2026-04-13,ITA US 10/16/26 C240 Equity,2026-04-20,13.25,14.4,14.030222889456674,14.4,14.030222889456674,14.75199681842685,14.033574999733943,12.638422,14.104064389366169,2026-04
2026-04-13,ITA US 01/15/27 C235 Equity,2026-04-20,19.9,21.3,20.5135566439551,21.3,20.5135566439551,20.875927259939278,19.343768572533456,21.876234,20.796215305046857,2026-04
2026-04-13,ITA US 10/16/26 C245 Equity,2026-04-20,11.35,11.899999999999999,11.540224198658146,11.899999999999999,11.540224198658146,11.650594169852624,11.7523091276136,11.093331,11.649396646725105,2026-04
2026-04-13,ITA US 01/15/27 C250 Equity,2026-04-20,14.05,14.8,13.973212727751127,14.8,13.973212727751127,14.59962333936133,14.522531036915982,13.297455,14.52199054897398,2026-04
2026-04-13,ITA US 12/18/26 C230 Equity,2026-04-20,21.45,23.25,22.555259416008347,23.25,22.555259416008347,23.946833322695827,21.91948482801038,23.689116,22.59044946223307,2026-04
2026-04-13,ITA US 07/17/26 C250 Equity,2026-04-20,4.9,5.300000000000001,4.733051144634033,5.300000000000001,4.733051144634033,5.147937578997087,5.39044714293521,6.2766466,5.143294977729715,2026-04
2026-04-13,ITA US 12/18/26 C240 Equity,2026-04-20,16.5,18.25,17.435285174661296,18.25,17.435285174661296,18.935148580089674,17.65646622208353,18.5422,17.90553523417331,2026-04
2026-04-13,ITA US 12/18/26 C250 Equity,2026-04-20,12.6,13.25,13.057856713584185,13.25,13.057856713584185,13.330231555098191,12.919073218618411,11.778105,12.906273603229613,2026-04
2026-04-14,ITA US 10/16/26 C255 Equity,2026-04-21,5.9,9.8,9.28393188132743,9.8,9.28393188132743,9.609779592693869,9.654667352762743,10.243698,9.62032527527454,2026-04
2026-04-14,ITA US 07/17/26 C280 Equity,2026-04-21,0.55,1.0,0.7520909646542736,1.0,0.7520909646542736,0.15947761478497924,0.6153691712618201,2.3822372,1.0329512471183238,2026-04
2026-04-14,ITA US 07/17/26 C230 Equity,2026-04-21,8.55,15.600000000000001,15.19125821307022,15.600000000000001,15.19125821307022,15.254858633593063,14.968959533606517,14.189127,14.856822350005423,2026-04
2026-04-14,ITA US 01/15/27 C245 Equity,2026-04-21,12.399999999999999,18.049999999999997,17.371992446324217,18.049999999999997,17.371992446324217,17.375404268883905,16.723205747487384,18.224686,17.554365456516138,2026-04
2026-04-14,ITA US 10/16/26 C230 Equity,2026-04-21,14.3,20.95,20.42361263684271,20.95,20.42361263684271,19.892230259416188,18.85562719711272,20.6688,20.053157847490507,2026-04
2026-04-14,ITA US 12/18/26 C250 Equity,2026-04-21,9.7,15.100000000000001,14.455886708581096,15.100000000000001,14.455886708581096,15.060397151320926,14.405066062057573,13.748315,14.745685389129155,2026-04
2026-04-14,ITA US 10/16/26 C240 Equity,2026-04-21,10.05,15.65,15.110494680506404,15.65,15.110494680506404,15.888155513680497,15.036676462719061,15.1367855,15.346562317741185,2026-04
2026-04-14,ITA US 12/18/26 C230 Equity,2026-04-21,17.05,24.45,23.82802514707458,24.45,23.82802514707458,24.13143414756495,22.629153216897876,24.591343,23.522665607263903,2026-04
2026-04-14,ITA US 10/16/26 C235 Equity,2026-04-21,11.95,18.450000000000003,17.9000743962165,18.450000000000003,17.9000743962165,18.567106009022552,16.906638387226867,19.423424,17.987023215223367,2026-04
2026-04-14,ITA US 01/15/27 C240 Equity,2026-04-21,13.9,20.45,19.764304119896263,20.45,19.764304119896263,19.862936279852793,18.77871027026681,20.439543,19.912045504727047,2026-04
2026-04-14,ITA US 01/15/27 C230 Equity,2026-04-21,18.0,25.7,25.0147031201159,25.7,25.0147031201159,24.728370415026976,23.190527034149962,25.111788,24.682554869338258,2026-04
2026-04-14,ITA US 12/18/26 C240 Equity,2026-04-21,12.9,19.6,18.96202476893745,19.6,18.96202476893745,19.586002500305998,18.518072012804932,20.257942,19.140107020373318,2026-04
2026-04-14,ITA US 12/18/26 C245 Equity,2026-04-21,11.0,17.05,16.423873916515202,17.05,16.423873916515202,17.204797936767743,16.376221266036097,17.29187,16.68940234881976,2026-04
2026-04-14,ITA US 07/17/26 C250 Equity,2026-04-21,2.925,7.1000000000000005,5.8124067533373625,7.1000000000000005,5.8124067533373625,6.881585055803043,7.366126227644601,7.0619397,6.9866698347167615,2026-04
2026-04-14,ITA US 01/15/27 C235 Equity,2026-04-21,15.85,22.950000000000003,22.234497981150536,22.950000000000003,22.234497981150536,22.638123567440807,20.647080517228673,23.069128,22.351469464580337,2026-04
2026-04-14,ITA US 10/16/26 C250 Equity,2026-04-21,7.55,11.55,11.022307715914767,11.55,11.022307715914767,11.288825000990121,11.186723874939279,10.803819,11.280140700443262,2026-04
2026-04-14,ITA US 12/18/26 C235 Equity,2026-04-21,14.950000000000001,21.9,21.245315436725498,21.9,21.245315436725498,22.198999127912558,20.26658634777887,22.408884,21.3555802094791,2026-04
2026-04-14,ITA US 01/15/27 C250 Equity,2026-04-21,10.649999999999999,15.95,15.250955934518405,15.95,15.250955934518405,15.2113147111562,14.93649120564973,15.101805,15.547599255370077,2026-04
2026-04-14,ITA US 10/16/26 C245 Equity,2026-04-21,8.95,13.55,13.012218581921772,13.55,13.012218581921772,13.675682346356531,13.10872863248023,11.979451,13.279845352820741,2026-04
2026-04-15,ITA US 01/15/27 C240 Equity,2026-04-22,12.2,19.8,18.854824430739665,19.8,18.854824430739665,19.699592393040707,18.396017738437905,20.58729,19.447860549155756,2026-04
2026-04-15,ITA US 01/15/27 C235 Equity,2026-04-22,13.8,22.2,21.24174041831586,22.2,21.24174041831586,22.022661001509995,20.267653080334156,23.465183,21.79055290642307,2026-04
2026-04-15,ITA US 07/17/26 C280 Equity,2026-04-22,1.575,1.775,1.4968753634306315,1.775,1.4968753634306315,2.1996857096210434,2.615051386993411,2.738574,2.0445140055742095,2026-04
2026-04-15,ITA US 12/18/26 C240 Equity,2026-04-22,11.149999999999999,18.200000000000003,17.41985239352174,18.200000000000003,17.41985239352174,18.15794646529385,17.26476015623544,19.563456,17.881069747329686,2026-04
2026-04-15,ITA US 12/18/26 C235 Equity,2026-04-22,12.85,20.8,19.91578325842509,20.8,19.91578325842509,21.129740169699016,19.58214570451661,22.116499,20.462700566288092,2026-04
2026-04-15,ITA US 10/16/26 C250 Equity,2026-04-22,6.35,11.15,10.447441863996852,11.15,10.447441863996852,11.60666996889156,11.059317081261064,10.389647,11.050931135475558,2026-04
2026-04-15,ITA US 10/16/26 C255 Equity,2026-04-22,5.3,9.25,8.693356696946253,9.25,8.693356696946253,9.774722716644057,9.465123579013621,10.3103075,9.22315263224621,2026-04
2026-04-15,ITA US 12/18/26 C245 Equity,2026-04-22,9.85,16.35,15.510285538013466,16.35,15.510285538013466,16.941048925412083,15.911946531067898,17.034748,16.139254318674404,2026-04
2026-04-15,ITA US 10/16/26 C240 Equity,2026-04-22,8.350000000000001,15.149999999999999,14.387308063017615,15.149999999999999,14.387308063017615,15.296049505193459,14.454889067525642,15.518437,14.915451221738158,2026-04
2026-04-15,ITA US 10/16/26 C230 Equity,2026-04-22,11.8,20.1,19.352549851022292,20.1,19.352549851022292,20.58674848294219,18.938297247773768,21.070734,19.52966846279481,2026-04
2026-04-15,ITA US 07/17/26 C250 Equity,2026-04-22,2.3,5.6,5.088475626761472,5.6,5.088475626761472,5.837126538903977,6.083312338450499,7.2100286,5.570694103468593,2026-04
2026-04-15,ITA US 12/18/26 C230 Equity,2026-04-22,14.55,23.35,22.479903053244332,23.35,22.479903053244332,23.36230371598538,21.579383947787047,24.925184,22.644299304415856,2026-04
2026-04-15,ITA US 10/16/26 C235 Equity,2026-04-22,9.95,17.55,16.693923979722335,17.55,16.693923979722335,17.479138407189417,16.074751008688192,19.27695,17.243155888061878,2026-04
2026-04-15,ITA US 01/15/27 C245 Equity,2026-04-22,10.7,17.65,16.74921647744152,17.65,16.74921647744152,17.803172774435186,16.69630188015146,18.361105,17.370118964379223,2026-04
2026-04-15,ITA US 10/16/26 C245 Equity,2026-04-22,7.300000000000001,12.9,12.151574182773484,12.9,12.151574182773484,13.263356943376039,12.693536521870238,11.726605,12.740721942531472,2026-04
2026-04-15,ITA US 12/18/26 C250 Equity,2026-04-22,8.4,14.1,13.298049642762626,14.1,13.298049642762626,14.341139653671059,13.779147048307918,13.650225,13.904574275693331,2026-04
2026-04-15,ITA US 01/15/27 C250 Equity,2026-04-22,9.149999999999999,15.5,14.767100502335037,15.5,14.767100502335037,15.786614849582978,14.967007341181025,15.813951,15.277389688659095,2026-04
2026-04-15,ITA US 01/15/27 C230 Equity,2026-04-22,15.5,24.8,23.854951074682678,24.8,23.854951074682678,24.408821626526887,22.64410754346182,25.778185,24.043127028181303,2026-04
2026-04-15,ITA US 07/17/26 C230 Equity,2026-04-22,6.4,14.9,14.194707217119632,14.9,14.194707217119632,15.514504821183484,14.587069189388576,15.56477,14.426357588652372,2026-04
2026-04-16,ITA US 12/18/26 C245 Equity,2026-04-23,9.5,14.55,13.498453422322731,14.55,13.498453422322731,15.135251780618578,14.533452558916837,14.27385,14.592045812642963,2026-04
2026-04-16,ITA US 10/16/26 C235 Equity,2026-04-23,9.6,15.5,14.35567529353977,15.5,14.35567529353977,15.78768370699521,14.843786400455434,16.034658,15.490947373314041,2026-04
2026-04-16,ITA US 10/16/26 C255 Equity,2026-04-23,4.85,8.5,7.663474981810014,8.5,7.663474981810014,9.35509890603961,9.073198922445712,8.15605,8.746771836033984,2026-04
2026-04-16,ITA US 10/16/26 C240 Equity,2026-04-23,8.1,13.45,12.548459101670206,13.45,12.548459101670206,13.822711718974587,13.225296046916668,12.6601305,13.495205792024068,2026-04
2026-04-16,ITA US 01/15/27 C230 Equity,2026-04-23,15.350000000000001,22.0,20.809955259751344,22.0,20.809955259751344,22.07507378561514,20.74685452625917,24.122553,21.825122893161303,2026-04
2026-04-16,ITA US 10/16/26 C250 Equity,2026-04-23,5.9,9.6,8.856744291332214,9.6,8.856744291332214,10.630689999941143,10.285527719583687,9.827986,9.798648783822092,2026-04
2026-04-16,ITA US 07/17/26 C280 Equity,2026-04-23,1.525,1.775,1.4656748674808195,1.775,1.4656748674808195,4.450696490450124,3.0612299263324374,2.4157462,2.2580716902291593,2026-04
2026-04-16,ITA US 07/17/26 C230 Equity,2026-04-23,6.300000000000001,12.55,11.83119091487747,12.55,11.83119091487747,14.13803968618174,13.280684701048314,13.27355,12.637304233096273,2026-04
2026-04-16,ITA US 07/17/26 C250 Equity,2026-04-23,2.3,4.6,4.119194841701478,4.6,4.119194841701478,5.062362074563719,5.052822706287147,5.9651756,4.799387152878398,2026-04
2026-04-16,ITA US 10/16/26 C245 Equity,2026-04-23,6.75,11.65,10.626116545468582,11.65,10.626116545468582,12.164127981233044,11.736953959279557,10.714329,11.764414983224876,2026-04
2026-04-16,ITA US 12/18/26 C235 Equity,2026-04-23,12.2,18.549999999999997,17.32240763646355,18.549999999999997,17.32240763646355,18.533240669603394,17.770002027484118,19.729631,18.441578207961967,2026-04
2026-04-16,ITA US 10/16/26 C230 Equity,2026-04-23,11.4,17.9,16.721672426080826,17.9,16.721672426080826,18.489275404606154,17.238369374317227,19.643818,17.84862742152495,2026-04
2026-04-16,ITA US 12/18/26 C230 Equity,2026-04-23,14.45,20.9,19.68890580059419,20.9,19.68890580059419,21.265369537405903,19.81282951123582,22.333408,20.758258254429595,2026-04
2026-04-16,ITA US 01/15/27 C235 Equity,2026-04-23,13.55,19.65,18.48618941098356,19.65,18.48618941098356,19.61434317397188,18.653137660450174,20.953234,19.538418228580866,2026-04
2026-04-16,ITA US 01/15/27 C250 Equity,2026-04-23,9.149999999999999,13.7,12.643134417661336,13.7,12.643134417661336,13.980893094040542,13.619347396032051,13.693485,13.745168873571256,2026-04
2026-04-16,ITA US 12/18/26 C240 Equity,2026-04-23,11.100000000000001,16.299999999999997,15.149762227397337,16.299999999999997,15.149762227397337,16.270986414337596,15.935789800559618,17.012672,16.25186123781168,2026-04
2026-04-16,ITA US 12/18/26 C250 Equity,2026-04-23,8.25,12.4,11.453097112908816,12.4,11.453097112908816,12.73770010513132,12.423417557391188,11.710612,12.45435346409205,2026-04
2026-04-16,ITA US 01/15/27 C240 Equity,2026-04-23,11.9,17.6,16.492776811369474,17.6,16.492776811369474,17.779371432172045,17.24016997648014,18.499819,17.527688956347298,2026-04
2026-04-16,ITA US 01/15/27 C245 Equity,2026-04-23,10.649999999999999,15.55,14.482764192122909,15.55,14.482764192122909,15.993321284923809,15.492257033155255,16.255028,15.54693506600092,2026-04
2026-04-17,ITA US 07/17/26 C250 Equity,2026-04-24,2.05,4.949999999999999,4.481647298706172,4.949999999999999,4.481647298706172,4.611823863188713,5.503435001694902,5.6540194,5.19321434871752,2026-04
2026-04-17,ITA US 12/18/26 C245 Equity,2026-04-24,8.7,15.0,14.044554845823193,15.0,14.044554845823193,14.524133128271066,14.654928239521695,14.667416,15.022909939137861,2026-04
2026-04-17,ITA US 12/18/26 C240 Equity,2026-04-24,9.6,17.4,16.313154980567102,17.4,16.313154980567102,16.670325959813802,16.65597389991064,18.68631,17.38058998734877,2026-04
2026-04-17,ITA US 10/16/26 C255 Equity,2026-04-24,4.55,8.75,8.276265368317231,8.75,8.276265368317231,8.325730493434136,9.085524870042295,9.145385,8.923709809894191,2026-04
2026-04-17,ITA US 01/15/27 C230 Equity,2026-04-24,13.95,23.15,21.82389546720933,23.15,21.82389546720933,22.165563841715304,21.41240754295169,24.025682,22.81002286191689,2026-04
2026-04-17,ITA US 10/16/26 C240 Equity,2026-04-24,7.2,14.25,13.57697087201532,14.25,13.57697087201532,13.848668382646114,13.715863087729666,12.427104,14.273020694496307,2026-04
2026-04-17,ITA US 10/16/26 C235 Equity,2026-04-24,8.85,16.450000000000003,16.03537761732379,16.450000000000003,16.03537761732379,16.002021351802718,15.60947375323305,17.317545,16.421737662903315,2026-04
2026-04-17,ITA US 12/18/26 C235 Equity,2026-04-24,11.55,19.35,18.287852520995166,19.35,18.287852520995166,18.22698717655057,17.90234573862513,21.44848,19.219393110434208,2026-04
2026-04-17,ITA US 10/16/26 C230 Equity,2026-04-24,10.55,19.0,18.449998345433094,19.0,18.449998345433094,18.71083734864335,17.890373166368025,20.091427,18.762552006650072,2026-04
2026-04-17,ITA US 10/16/26 C250 Equity,2026-04-24,5.55,9.95,9.4174025564579,9.95,9.4174025564579,9.314518903978144,9.880577544194942,9.840421,10.042599070225265,2026-04
2026-04-17,ITA US 07/17/26 C280 Equity,2026-04-24,1.45,0.925,0.736983758357692,0.925,0.736983758357692,1.0488141826579955,0.694723386830816,2.3831205,1.240749652337101,2026-04
2026-04-17,ITA US 10/16/26 C245 Equity,2026-04-24,6.1,11.95,11.274820227784495,11.95,11.274820227784495,11.326111885665458,11.661989646503379,10.51453,11.997340649771958,2026-04
2026-04-17,ITA US 12/18/26 C230 Equity,2026-04-24,13.2,22.25,21.132583066438425,22.25,21.132583066438425,21.790980131330915,20.644320710051222,23.47158,21.952121302989095,2026-04
2026-04-17,ITA US 01/15/27 C245 Equity,2026-04-24,9.6,16.2,15.080657704028948,16.2,15.080657704028948,15.521079573661972,15.981878928058737,16.911268,16.201749963243316,2026-04
2026-04-17,ITA US 12/18/26 C250 Equity,2026-04-24,7.3,13.100000000000001,12.22339511920073,13.100000000000001,12.22339511920073,12.737196409047506,13.064444394266001,11.856984,13.18014374496492,2026-04
2026-04-17,ITA US 01/15/27 C235 Equity,2026-04-24,12.600000000000001,20.25,19.371344446198496,20.25,19.371344446198496,19.47293916975949,19.258526675877828,21.973444,20.167220815023576,2026-04
2026-04-17,ITA US 01/15/27 C250 Equity,2026-04-24,8.15,13.75,12.440370161407968,13.75,12.440370161407968,12.57964483014651,13.40017124696133,12.904536,13.758106840458343,2026-04
2026-04-17,ITA US 07/17/26 C230 Equity,2026-04-24,5.45,13.45,13.072480852542961,13.45,13.072480852542961,14.272807629116576,14.328942020748986,12.755245,13.432191884079057,2026-04
2026-04-17,ITA US 01/15/27 C240 Equity,2026-04-24,10.7,18.35,17.10298433111254,18.35,17.10298433111254,17.309094196492048,17.341072896657103,19.604948,18.279491548019852,2026-04
2026-04-20,ITA US 12/18/26 C250 Equity,2026-04-27,7.5,12.6,11.456191340197405,12.6,11.456191340197405,12.683019443623225,12.645000844664633,12.066176,12.429288676451467,2026-04
2026-04-20,ITA US 10/16/26 C240 Equity,2026-04-27,7.5,13.25,12.841264675409622,13.25,12.841264675409622,13.562307155197908,13.262680544732824,12.673701,13.067202535719272,2026-04
2026-04-20,ITA US 10/16/26 C230 Equity,2026-04-27,10.35,17.95,17.549586430808944,17.95,17.549586430808944,17.73353889209772,16.73905647459533,19.811272,17.4314554264738,2026-04
2026-04-20,ITA US 07/17/26 C230 Equity,2026-04-27,5.199999999999999,12.95,12.40802714709765,12.95,12.40802714709765,13.2960806828008,12.916277772022385,12.419087,12.59705839590965,2026-04
2026-04-20,ITA US 01/15/27 C250 Equity,2026-04-27,8.35,14.05,12.581186182026812,14.05,12.581186182026812,13.046396118824207,13.329946917987453,13.248075,13.798141018329726,2026-04
2026-04-20,ITA US 07/17/26 C280 Equity,2026-04-27,1.45,1.575,1.3069177975873572,1.575,1.3069177975873572,1.6962395813779239,2.098758489540792,2.3799303,1.755129979206383,2026-04
2026-04-20,ITA US 07/17/26 C250 Equity,2026-04-27,1.5750000000000002,4.9,4.363491350265692,4.9,4.363491350265692,4.858497420616079,5.242464515895,5.9538474,4.8263469868371836,2026-04
2026-04-20,ITA US 10/16/26 C255 Equity,2026-04-27,4.449999999999999,7.35,6.826312698756095,7.35,6.826312698756095,6.803507593981511,7.238532132083716,8.012077,7.240014727734966,2026-04
2026-04-20,ITA US 01/15/27 C230 Equity,2026-04-27,13.95,22.35,21.3253858182739,22.35,21.3253858182739,21.197667345673967,20.228599460747738,23.915844,21.69891398140062,2026-04
2026-04-20,ITA US 10/16/26 C235 Equity,2026-04-27,8.9,15.549999999999999,15.116250774594683,15.549999999999999,15.116250774594683,15.544736961595264,14.913411670489138,17.011663,15.282931816669239,2026-04
2026-04-20,ITA US 12/18/26 C245 Equity,2026-04-27,8.5,14.0,13.181668739676946,14.0,13.181668739676946,13.753325592262936,13.700892268673854,14.221049,13.757141016586445,2026-04
2026-04-20,ITA US 12/18/26 C240 Equity,2026-04-27,9.649999999999999,16.5,15.697691529215902,16.5,15.697691529215902,16.80445069056014,16.38047184247696,18.134832,16.256771832058295,2026-04
2026-04-20,ITA US 01/15/27 C235 Equity,2026-04-27,12.05,19.9,18.94836000475714,19.9,18.94836000475714,18.685198181624376,18.120195094375436,22.004814,19.449439606078393,2026-04
2026-04-20,ITA US 12/18/26 C235 Equity,2026-04-27,11.45,18.95,18.025928927526465,18.95,18.025928927526465,18.68214258393865,17.837237900359295,21.129616,18.5955011182381,2026-04
2026-04-20,ITA US 10/16/26 C250 Equity,2026-04-27,4.6,9.3,8.579100820654762,9.3,8.579100820654762,8.872916324095513,8.983968123512792,10.187297,9.12378092365119,2026-04
2026-04-20,ITA US 01/15/27 C240 Equity,2026-04-27,10.5,17.4,16.565567639459786,17.4,16.565567639459786,16.805872103727705,16.420651784890705,19.407457,17.02474724532452,2026-04
2026-04-20,ITA US 12/18/26 C230 Equity,2026-04-27,13.2,21.45,20.499839791725506,21.45,20.499839791725506,21.406887116413824,20.089235200429062,23.294409,20.9009631862472,2026-04
2026-04-20,ITA US 01/15/27 C245 Equity,2026-04-27,9.2,15.149999999999999,14.370931524326995,15.149999999999999,14.370931524326995,13.98224713042789,14.151375487595377,16.691671,14.775079511399857,2026-04
2026-04-20,ITA US 10/16/26 C245 Equity,2026-04-27,6.35,11.35,10.295653124533311,11.35,10.295653124533311,11.306218841590313,11.224206138314884,10.735398,11.209448650602733,2026-04
2026-04-21,ITA US 12/18/26 C230 Equity,2026-04-28,12.75,17.05,16.18957903158763,17.05,16.18957903158763,17.460971749584125,16.7943215916564,19.955023,16.88372935935054,2026-04
2026-04-21,ITA US 01/15/27 C235 Equity,2026-04-28,11.8,15.85,14.96542106037708,15.85,14.96542106037708,15.73531301884858,15.44880292507458,17.720097,15.704889335245088,2026-04
2026-04-21,ITA US 12/18/26 C240 Equity,2026-04-28,9.55,12.9,12.166883182846806,12.9,12.166883182846806,13.180801452861342,13.447682260026706,14.205131,12.83625850408372,2026-04
2026-04-21,ITA US 10/16/26 C230 Equity,2026-04-28,10.1,14.3,13.794143943918117,14.3,13.794143943918117,15.211837855388776,14.582530003500166,14.749057,14.239049298936674,2026-04
2026-04-21,ITA US 07/17/26 C230 Equity,2026-04-28,4.75,8.55,8.137341780560837,8.55,8.137341780560837,9.930467952132638,9.712347813337534,9.7587385,8.579824569012995,2026-04
2026-04-21,ITA US 10/16/26 C235 Equity,2026-04-28,8.25,11.95,11.47006223160401,11.95,11.47006223160401,12.30584954161067,11.938057927904172,12.500787,11.892393870581854,2026-04
2026-04-21,ITA US 01/15/27 C250 Equity,2026-04-28,7.7,10.649999999999999,9.896517165848072,10.649999999999999,9.896517165848072,10.756221902147775,11.007998853541554,10.422344,10.646541533933437,2026-04
2026-04-21,ITA US 01/15/27 C240 Equity,2026-04-28,10.3,13.9,13.065139709306445,13.9,13.065139709306445,14.02804670710458,14.113858372553679,15.019467,13.806135448385271,2026-04
2026-04-21,ITA US 12/18/26 C235 Equity,2026-04-28,10.9,14.950000000000001,14.113100719526205,14.950000000000001,14.113100719526205,15.353424662572902,15.002996007098432,17.044882,14.846987776317288,2026-04
2026-04-21,ITA US 12/18/26 C250 Equity,2026-04-28,7.35,9.7,8.980077593904051,9.7,8.980077593904051,10.077508818340839,9.996567442696925,10.030581,9.702676900431571,2026-04
2026-04-21,ITA US 10/16/26 C240 Equity,2026-04-28,6.75,10.05,9.627822143058225,10.05,9.627822143058225,10.441488056746895,10.362556858657857,10.368989,10.034639985465317,2026-04
2026-04-21,ITA US 01/15/27 C245 Equity,2026-04-28,8.95,12.399999999999999,11.583284616380535,12.399999999999999,11.583284616380535,13.000224577740703,12.584480967191022,13.126303,12.381295413820137,2026-04
2026-04-21,ITA US 10/16/26 C255 Equity,2026-04-28,4.2,5.9,5.539124626215107,5.9,5.539124626215107,6.113624104866748,5.798407950638021,5.188211,6.002156821142091,2026-04
2026-04-21,ITA US 12/18/26 C245 Equity,2026-04-28,8.2,11.0,10.265166067022761,11.0,10.265166067022761,11.243865587874769,11.102453457015875,11.585913,10.97850461896718,2026-04
2026-04-21,ITA US 01/15/27 C230 Equity,2026-04-28,13.4,18.0,17.073767498568543,18.0,17.073767498568543,17.89271303353045,17.507231619296842,20.439924,17.78263092002162,2026-04
2026-04-21,ITA US 10/16/26 C250 Equity,2026-04-28,5.0,7.55,7.187425269084517,7.55,7.187425269084517,8.465843480427942,8.290099382662413,6.891293,7.669898388485824,2026-04
2026-04-21,ITA US 10/16/26 C245 Equity,2026-04-28,5.75,8.95,8.502092123477208,8.95,8.502092123477208,9.970740922263072,9.817392438904491,10.182943,9.042713801451587,2026-04
2026-04-21,ITA US 07/17/26 C250 Equity,2026-04-28,2.175,2.925,2.595889768272144,2.925,2.595889768272144,3.5679159458224383,3.3255978663243138,4.281196,3.0530752253347044,2026-04
2026-04-22,ITA US 10/16/26 C255 Equity,2026-04-29,3.2,5.3,5.020678511152167,5.3,5.020678511152167,5.963359763684135,6.116826652153353,4.9379497,5.778768153932736,2026-04
2026-04-22,ITA US 01/15/27 C245 Equity,2026-04-29,8.5,10.7,10.075874991770203,10.7,10.075874991770203,10.745200493567289,11.25891431877293,9.665145,10.95615288938672,2026-04
2026-04-22,ITA US 01/15/27 C235 Equity,2026-04-29,11.0,13.8,13.164462671243756,13.8,13.164462671243756,13.233855721219383,13.777646521438433,14.116373,13.962771416721523,2026-04
2026-04-22,ITA US 12/18/26 C245 Equity,2026-04-29,7.449999999999999,9.85,9.248142755521673,9.85,9.248142755521673,10.030938856261113,10.415256510114617,9.664303,10.154239023145797,2026-04
2026-04-22,ITA US 10/16/26 C230 Equity,2026-04-29,8.899999999999999,11.8,11.462710537765,11.8,11.462710537765,12.098183976569828,12.515452773283375,11.071037,12.03800521906202,2026-04
2026-04-22,ITA US 01/15/27 C240 Equity,2026-04-29,9.649999999999999,12.2,11.369322875635152,12.2,11.369322875635152,11.190041709501724,12.084555487824584,11.851862,12.351017542064662,2026-04
2026-04-22,ITA US 10/16/26 C245 Equity,2026-04-29,4.9,7.300000000000001,7.010341447626108,7.300000000000001,7.010341447626108,7.589779644358933,8.023836387527773,6.5255656,7.64358358781786,2026-04
2026-04-22,ITA US 12/18/26 C240 Equity,2026-04-29,8.6,11.149999999999999,10.563288914398111,11.149999999999999,10.563288914398111,10.65673387282846,11.534492176136766,10.982119,11.385103668850618,2026-04
2026-04-22,ITA US 10/16/26 C235 Equity,2026-04-29,7.1,9.95,9.621978569579493,9.95,9.621978569579493,10.03128784059304,10.44920464382244,9.859937,10.22125133568876,2026-04
2026-04-22,ITA US 01/15/27 C230 Equity,2026-04-29,12.2,15.5,14.850505565552975,15.5,14.850505565552975,14.833709799055228,15.392716288981644,16.961853,15.611562222034156,2026-04
2026-04-22,ITA US 12/18/26 C235 Equity,2026-04-29,10.05,12.85,12.249738269047807,12.85,12.249738269047807,12.756871101830086,13.159302806179738,13.045804,13.048882165106848,2026-04
2026-04-22,ITA US 10/16/26 C240 Equity,2026-04-29,5.3,8.350000000000001,8.042735853864063,8.350000000000001,8.042735853864063,8.311818187539064,8.882932140144057,9.049147,8.65446053386269,2026-04
2026-04-22,ITA US 07/17/26 C250 Equity,2026-04-29,1.9749999999999999,2.3,2.1019914224634038,2.3,2.1019914224634038,2.2444547970499045,2.681338437627282,2.99863,2.6967788751767445,2026-04
2026-04-22,ITA US 07/17/26 C230 Equity,2026-04-29,4.05,6.4,5.873172536497037,6.4,5.873172536497037,6.574380396084095,7.30543971378143,7.522496,6.710743574172084,2026-04
2026-04-22,ITA US 12/18/26 C250 Equity,2026-04-29,6.050000000000001,8.4,7.850846176479309,8.4,7.850846176479309,7.9902966058361775,8.68097299337103,7.8679996,8.650497462775181,2026-04
2026-04-22,ITA US 10/16/26 C250 Equity,2026-04-29,3.9,6.35,6.067910882877198,6.35,6.067910882877198,6.776683588683326,7.157899904570639,4.8542967,6.74468202714678,2026-04
2026-04-22,ITA US 12/18/26 C230 Equity,2026-04-29,11.25,14.55,13.929712617202847,14.55,13.929712617202847,14.56145352367276,14.9599798899476,15.0992155,14.712660661363078,2026-04
2026-04-22,ITA US 01/15/27 C250 Equity,2026-04-29,7.0,9.149999999999999,8.578173102699964,9.149999999999999,8.578173102699964,8.73429302216373,9.456360230757568,8.734362,9.430362089303925,2026-04
2026-04-23,ITA US 01/15/27 C230 Equity,2026-04-30,14.600000000000001,15.350000000000001,15.246259668919869,15.350000000000001,15.246259668919869,14.556420825759528,15.113508092576266,16.054892,15.325602703786677,2026-04
2026-04-23,ITA US 10/16/26 C250 Equity,2026-04-30,5.7,5.9,5.959134619611385,5.9,5.959134619611385,5.772208261756383,6.3853126217098986,4.5973883,6.122796352778047,2026-04
2026-04-23,ITA US 10/16/26 C230 Equity,2026-04-30,10.3,11.4,11.592538530716084,11.4,11.592538530716084,11.374901268134517,11.866307848235513,10.075943,11.517070310210947,2026-04
2026-04-23,ITA US 12/18/26 C230 Equity,2026-04-30,13.399999999999999,14.45,14.431055170462022,14.45,14.431055170462022,14.0044501471904,14.472516333125741,13.151959,14.482688835802469,2026-04
2026-04-23,ITA US 12/18/26 C240 Equity,2026-04-30,10.2,11.100000000000001,10.945349599213827,11.100000000000001,10.945349599213827,10.365613343332832,11.283215943185628,10.35701,11.166156463146104,2026-04
2026-04-23,ITA US 01/15/27 C245 Equity,2026-04-30,9.55,10.649999999999999,10.280071245212389,10.649999999999999,10.280071245212389,10.23063615731053,10.833981682227588,9.183154,10.76718106556939,2026-04
2026-04-23,ITA US 12/18/26 C235 Equity,2026-04-30,11.65,12.2,12.153615866794144,12.2,12.153615866794144,12.163052633595385,12.802853791700173,11.555627,12.33793493848297,2026-04
2026-04-23,ITA US 10/16/26 C235 Equity,2026-04-30,8.75,9.6,9.684732301408381,9.6,9.684732301408381,9.328579604218877,10.037685561590571,9.657776,9.771291810468158,2026-04
2026-04-23,ITA US 01/15/27 C235 Equity,2026-04-30,12.75,13.55,13.214064659461771,13.55,13.214064659461771,12.611996648728237,13.404101886380857,12.4928665,13.579824204043886,2026-04
2026-04-23,ITA US 10/16/26 C255 Equity,2026-04-30,3.7249999999999996,4.85,4.912129696518993,4.85,4.912129696518993,4.937721527289263,5.52066381217443,3.8290067,5.171870170507598,2026-04
2026-04-23,ITA US 01/15/27 C240 Equity,2026-04-30,11.15,11.9,11.655732484274514,11.9,11.655732484274514,11.241739185219824,11.894424917783432,11.000796,11.972033400474535,2026-04
2026-04-23,ITA US 07/17/26 C250 Equity,2026-04-30,1.9,2.3,2.2410411998404554,2.3,2.2410411998404554,2.9392234403468365,3.4985074513630785,2.6460092,2.721165498954041,2026-04
2026-04-23,ITA US 12/18/26 C250 Equity,2026-04-30,8.05,8.25,8.097795602325407,8.25,8.097795602325407,8.068295541986611,8.846018291429836,6.772818,8.48443947207646,2026-04
2026-04-23,ITA US 07/17/26 C230 Equity,2026-04-30,5.45,6.300000000000001,6.31566991858713,6.300000000000001,6.31566991858713,6.191149365127771,7.2314282556339196,6.8794656,6.495759439555071,2026-04
2026-04-23,ITA US 10/16/26 C245 Equity,2026-04-30,6.25,6.75,6.898182295012682,6.75,6.898182295012682,6.888482316063776,7.506848819496868,5.6183424,6.999648673736946,2026-04
2026-04-23,ITA US 01/15/27 C250 Equity,2026-04-30,8.55,9.149999999999999,8.928183140612,9.149999999999999,8.928183140612,8.644404252227282,9.348078664867153,8.396862,9.312365649117071,2026-04
2026-04-23,ITA US 12/18/26 C245 Equity,2026-04-30,8.6,9.5,9.38772096559486,9.5,9.38772096559486,9.64182967516465,10.335183148231945,9.157767,9.71926718886879,2026-04
2026-04-23,ITA US 10/16/26 C240 Equity,2026-04-30,7.0,8.1,8.290822377367771,8.1,8.290822377367771,8.329662321811313,9.08143039283567,8.226459,8.36143946684662,2026-04
2026-04-24,ITA US 01/15/27 C245 Equity,2026-05-01,9.65,9.6,8.855209172140235,9.6,8.855209172140235,10.497957874236757,10.206434773827809,8.817531,10.21955640827409,2026-04
2026-04-24,ITA US 10/16/26 C245 Equity,2026-05-01,6.050000000000001,6.1,5.677997052592079,6.1,5.677997052592079,7.314897055428289,6.9745168920478005,5.059868,6.839974794162265,2026-04
2026-04-24,ITA US 10/16/26 C255 Equity,2026-05-01,4.25,4.55,4.180037192573564,4.55,4.180037192573564,5.9845255858922215,5.504602487314747,3.7494085,5.389122448797448,2026-04
2026-04-24,ITA US 01/15/27 C250 Equity,2026-05-01,8.2,8.15,7.443230701329243,8.15,7.443230701329243,8.847828346083094,8.70845107375812,7.2469487,8.805740993565049,2026-04
2026-04-24,ITA US 12/18/26 C235 Equity,2026-05-01,11.0,11.55,10.697708619441459,11.55,10.697708619441459,12.632714863096275,12.388710709534067,11.16125,12.17826105890829,2026-04
2026-04-24,ITA US 12/18/26 C230 Equity,2026-05-01,12.85,13.2,12.373926785059098,13.2,12.373926785059098,14.35145799140416,13.880316107944877,12.89077,13.771064171534048,2026-04
2026-04-24,ITA US 10/16/26 C230 Equity,2026-05-01,9.399999999999999,10.55,10.006443414331251,10.55,10.006443414331251,12.088326964130385,11.606443092233844,9.979906,11.208384114606742,2026-04
2026-04-24,ITA US 07/17/26 C250 Equity,2026-05-01,1.6,2.05,1.7972979136021277,2.05,1.7972979136021277,4.479667224689841,3.973977693653424,2.946305,2.9794177789871696,2026-04
2026-04-24,ITA US 01/15/27 C240 Equity,2026-05-01,10.6,10.7,9.818031408973004,10.7,9.818031408973004,11.245225148095638,11.216484638637596,10.016163,11.2714333560622,2026-04
2026-04-24,ITA US 01/15/27 C230 Equity,2026-05-01,14.1,13.95,13.099079602120025,13.95,13.099079602120025,14.161937302369733,14.054196513576565,14.407528,14.431027270514033,2026-04
2026-04-24,ITA US 10/16/26 C235 Equity,2026-05-01,8.7,8.85,8.347713120439984,8.85,8.347713120439984,10.068392663839965,9.795989857878535,9.779155,9.544605618350513,2026-04
2026-04-24,ITA US 07/17/26 C230 Equity,2026-05-01,4.699999999999999,5.45,5.117684818219869,5.45,5.117684818219869,7.109962747234917,7.1207513586925,6.630213,6.1870732439508656,2026-04
2026-04-24,ITA US 10/16/26 C250 Equity,2026-05-01,5.0,5.55,5.12258861720555,5.55,5.12258861720555,7.168870220339262,6.6406403940775025,4.952137,6.358999393098996,2026-04
2026-04-24,ITA US 01/15/27 C235 Equity,2026-05-01,11.75,12.600000000000001,11.738695510141248,12.600000000000001,11.738695510141248,13.128521409839554,13.665609076865648,12.01236,13.159162623065932,2026-04
2026-04-24,ITA US 12/18/26 C240 Equity,2026-05-01,9.1,9.6,8.893598249423412,9.6,8.893598249423412,10.056906719624727,10.073302233811503,9.744029,10.204568717330496,2026-04
2026-04-24,ITA US 12/18/26 C250 Equity,2026-05-01,6.8,7.3,6.531438321331442,7.3,6.531438321331442,8.030458355386337,7.913407926003798,6.0194836,7.958864054493338,2026-04
2026-04-24,ITA US 12/18/26 C245 Equity,2026-05-01,8.0,8.7,8.054611504779139,8.7,8.054611504779139,9.977184217257992,9.759152796355988,8.157982,9.406617922177077,2026-04
2026-04-24,ITA US 10/16/26 C240 Equity,2026-05-01,7.3,7.2,6.744506179100549,7.2,6.744506179100549,8.480970762076833,8.329542993716906,6.427528,7.93681481478116,2026-04
2026-04-27,ITA US 12/18/26 C240 Equity,2026-05-04,9.100000000000001,9.649999999999999,8.975469137339974,9.649999999999999,8.975469137339974,10.36388202986868,10.198165689877065,10.01953,10.490994118844913,2026-04
2026-04-27,ITA US 10/16/26 C250 Equity,2026-05-04,4.55,4.6,4.236816243328592,4.6,4.236816243328592,6.256933953701601,5.689049787344407,3.8624685,5.66056015936827,2026-04
2026-04-27,ITA US 12/18/26 C235 Equity,2026-05-04,10.600000000000001,11.45,10.684843192620272,11.45,10.684843192620272,13.326800117442854,12.843606665724089,10.783163,12.416624909910844,2026-04
2026-04-27,ITA US 01/15/27 C245 Equity,2026-05-04,8.75,9.2,8.431464009650906,9.2,8.431464009650906,9.960795467020436,9.493262297601717,8.697284,10.04705564843742,2026-04
2026-04-27,ITA US 12/18/26 C230 Equity,2026-05-04,12.1,13.2,12.419424898849456,13.2,12.419424898849456,14.765693018140142,14.322388428987015,12.398479,14.076440335079567,2026-04
2026-04-27,ITA US 01/15/27 C230 Equity,2026-05-04,13.25,13.95,12.92840494182789,13.95,12.92840494182789,14.250120768190074,13.904871354889602,13.25307,14.67645267028517,2026-04
2026-04-27,ITA US 12/18/26 C245 Equity,2026-05-04,7.699999999999999,8.5,7.834682775092783,8.5,7.834682775092783,10.454402982622184,10.060053549623813,7.492285,9.547994078749479,2026-04
2026-04-27,ITA US 01/15/27 C235 Equity,2026-05-04,11.5,12.05,11.369728541175203,12.05,11.369728541175203,12.07259653843083,12.229766606740343,11.62541,12.818698785168634,2026-04
2026-04-27,ITA US 07/17/26 C230 Equity,2026-05-04,4.5,5.199999999999999,4.727816248791468,5.199999999999999,4.727816248791468,6.830937382093907,6.700205389016869,6.397927,6.197523253118414,2026-04
2026-04-27,ITA US 01/15/27 C240 Equity,2026-05-04,10.0,10.5,9.781824352340816,10.5,9.781824352340816,10.93820726777582,10.662051483741983,10.307886,11.307895676029434,2026-04
2026-04-27,ITA US 12/18/26 C250 Equity,2026-05-04,6.4,7.5,6.866040481712087,7.5,6.866040481712087,9.129948514136068,8.933608527393005,5.8393254,8.548141752560738,2026-04
2026-04-27,ITA US 01/15/27 C250 Equity,2026-05-04,7.5,8.35,7.071471231649084,8.35,7.071471231649084,9.057542275376264,8.75400020634802,7.047294,9.290104855027282,2026-04
2026-04-27,ITA US 10/16/26 C235 Equity,2026-05-04,7.85,8.9,8.408372993295556,8.9,8.408372993295556,10.905687659910392,10.426511395746958,9.494032,9.935944856470098,2026-04
2026-04-27,ITA US 07/17/26 C250 Equity,2026-05-04,1.375,1.5750000000000002,1.33409072634623,1.5750000000000002,1.33409072634623,4.0923797331691105,3.334228400886296,2.7233007,2.7978739348381625,2026-04
2026-04-27,ITA US 10/16/26 C255 Equity,2026-05-04,3.6500000000000004,4.449999999999999,4.074230737926424,4.449999999999999,4.074230737926424,6.56227601056932,5.947345522756121,3.4102733,5.627486299800002,2026-04
2026-04-27,ITA US 10/16/26 C240 Equity,2026-05-04,6.6,7.5,7.466081312960101,7.5,7.466081312960101,8.921133699535112,8.538097443330816,6.8742695,8.443227915955573,2026-04
2026-04-27,ITA US 10/16/26 C230 Equity,2026-05-04,9.7,10.35,9.929787281684611,10.35,9.929787281684611,12.62988112533619,12.035783348888195,9.723592,11.349760271179141,2026-04
2026-04-27,ITA US 10/16/26 C245 Equity,2026-05-04,5.65,6.35,5.911379381889672,6.35,5.911379381889672,8.625970352366718,8.076521998563411,4.8214126,7.4702524939729456,2026-04
2026-04-28,ITA US 07/17/26 C250 Equity,2026-05-05,1.1749999999999998,2.175,1.9754369937420762,2.175,1.9754369937420762,4.910707125308015,4.300840382023962,2.7168298,3.4732623874670647,2026-04
2026-04-28,ITA US 10/16/26 C245 Equity,2026-05-05,5.25,5.75,5.751388539887448,5.75,5.751388539887448,8.486518399914875,7.7825919494625975,5.2625175,6.974294767968191,2026-04
2026-04-28,ITA US 12/18/26 C240 Equity,2026-05-05,9.2,9.55,9.18085869274501,9.55,9.18085869274501,11.017338908892622,10.516901587532969,10.209995,10.584888701596103,2026-04
2026-04-28,ITA US 10/16/26 C230 Equity,2026-05-05,9.4,10.1,9.153428537741078,10.1,9.153428537741078,12.497197183826575,11.692835065794016,10.240631,11.230728703038917,2026-04
2026-04-28,ITA US 10/16/26 C250 Equity,2026-05-05,4.45,5.0,4.831388654670364,5.0,4.831388654670364,7.749124920124946,6.842421332233679,4.80583,6.284356287101017,2026-04
2026-04-28,ITA US 01/15/27 C235 Equity,2026-05-05,11.9,11.8,11.329073609158339,11.8,11.329073609158339,13.725878020090965,12.719293402087917,11.541367,12.789593362689981,2026-04
2026-04-28,ITA US 01/15/27 C240 Equity,2026-05-05,10.399999999999999,10.3,9.949617152890905,10.3,9.949617152890905,12.118300960943188,11.202563500658474,10.343692,11.319790255294063,2026-04
2026-04-28,ITA US 01/15/27 C245 Equity,2026-05-05,8.75,8.95,8.411493514855758,8.95,8.411493514855758,10.53377052445271,9.615887184804519,9.19487,9.972987153127981,2026-04
2026-04-28,ITA US 01/15/27 C230 Equity,2026-05-05,13.6,13.4,13.023776341010965,13.4,13.023776341010965,14.68137189606189,13.939341168166708,13.570891,14.326408782628864,2026-04
2026-04-28,ITA US 10/16/26 C255 Equity,2026-05-05,3.675,4.2,4.037056806398344,4.2,4.037056806398344,6.963056958872539,5.955602822027705,3.5685174,5.508454731659778,2026-04
2026-04-28,ITA US 10/16/26 C235 Equity,2026-05-05,7.95,8.25,8.230039843316899,8.25,8.230039843316899,10.61515907856722,9.921890841651393,8.544987,9.383999437778469,2026-04
2026-04-28,ITA US 10/16/26 C240 Equity,2026-05-05,6.55,6.75,6.621589587513015,6.75,6.621589587513015,8.892037851379847,7.993329247239836,6.9534583,7.884220948495359,2026-04
2026-04-28,ITA US 12/18/26 C235 Equity,2026-05-05,10.55,10.9,10.53796198027105,10.9,10.53796198027105,12.737900787926204,12.164652212949996,10.668885,11.916704112818588,2026-04
2026-04-28,ITA US 01/15/27 C250 Equity,2026-05-05,7.45,7.7,7.204069623372875,7.7,7.204069623372875,9.1192004594735,8.495621258501519,6.6050363,8.768134818222844,2026-04
2026-04-28,ITA US 07/17/26 C230 Equity,2026-05-05,4.35,4.75,4.387121523717686,4.75,4.387121523717686,6.743373215792197,6.07902086439266,6.1551566,5.869528605174286,2026-04
2026-04-28,ITA US 12/18/26 C245 Equity,2026-05-05,7.6,8.2,7.949242382690815,8.2,7.949242382690815,10.51638425147646,9.83420654635036,7.4470015,9.34299943603519,2026-04
2026-04-28,ITA US 12/18/26 C230 Equity,2026-05-05,12.3,12.75,12.506110378005438,12.75,12.506110378005438,14.901478533907586,14.154528200089707,12.120413,13.778421069022631,2026-04
2026-04-28,ITA US 12/18/26 C250 Equity,2026-05-05,5.95,7.35,6.991189024516073,7.35,6.991189024516073,8.801406898890622,8.348782599757357,5.799697,8.406196351301908,2026-04
2026-04-29,ITA US 12/18/26 C235 Equity,2026-05-06,13.65,10.05,9.360550799402455,10.05,9.360550799402455,12.21746796647913,11.17688481432534,10.624318,11.01193893287918,2026-04
2026-04-29,ITA US 10/16/26 C250 Equity,2026-05-06,6.25,3.9,3.5150310734617505,3.9,3.5150310734617505,6.93606405982656,5.637614384318228,3.7933984,5.099652643727237,2026-04
2026-04-29,ITA US 07/17/26 C230 Equity,2026-05-06,7.1,4.05,3.6518078130727742,4.05,3.6518078130727742,6.659742343461641,5.65704088500839,5.8691144,5.102751121408314,2026-04
2026-04-29,ITA US 12/18/26 C240 Equity,2026-05-06,11.75,8.6,7.953835712790528,8.6,7.953835712790528,10.186259322208247,9.07906752734031,8.26961,9.49320968156497,2026-04
2026-04-29,ITA US 12/18/26 C245 Equity,2026-05-06,10.55,7.449999999999999,6.780805017992685,7.449999999999999,6.780805017992685,10.16300592249333,9.026706197528666,6.0514865,8.535221950525937,2026-04
2026-04-29,ITA US 01/15/27 C230 Equity,2026-05-06,16.95,12.2,11.371169040680911,12.2,11.371169040680911,14.298918886392414,13.541299623424706,12.460814,13.119655899542902,2026-04
2026-04-29,ITA US 10/16/26 C240 Equity,2026-05-06,8.55,5.3,4.665247151195903,5.3,4.665247151195903,7.199837400020737,6.2849278084454205,5.3869276,6.352566529144239,2026-04
2026-04-29,ITA US 10/16/26 C235 Equity,2026-05-06,10.3,7.1,6.6539511665014475,7.1,6.6539511665014475,9.719111839190376,8.813003044526328,7.5272803,8.188271174548598,2026-04
2026-04-29,ITA US 10/16/26 C245 Equity,2026-05-06,6.9,4.9,4.3170929905247615,4.9,4.3170929905247615,7.762521204245201,6.659788806347681,4.091644,6.084517278972381,2026-04
2026-04-29,ITA US 01/15/27 C245 Equity,2026-05-06,11.100000000000001,8.5,7.835582146614916,8.5,7.835582146614916,11.095895062987477,9.8397257469362,7.986731,9.531111205627171,2026-04
2026-04-29,ITA US 01/15/27 C235 Equity,2026-05-06,14.850000000000001,11.0,10.298367744227265,11.0,10.298367744227265,13.325917052744748,12.171001633577994,10.987071,11.925828184493854,2026-04
2026-04-29,ITA US 12/18/26 C230 Equity,2026-05-06,15.9,11.25,10.170053646952981,11.25,10.170053646952981,13.29545397317034,12.317256292913033,11.369645,12.160803575097443,2026-04
2026-04-29,ITA US 10/16/26 C230 Equity,2026-05-06,12.55,8.899999999999999,8.461848703459093,8.899999999999999,8.461848703459093,11.326244363653736,10.551968211586882,10.267707,9.8890866014606,2026-04
2026-04-29,ITA US 01/15/27 C250 Equity,2026-05-06,9.899999999999999,7.0,6.40726723911301,7.0,6.40726723911301,8.74208055129047,7.660574338528644,5.7834077,7.971381952569682,2026-04
2026-04-29,ITA US 12/18/26 C250 Equity,2026-05-06,8.75,6.050000000000001,5.476628121580786,6.050000000000001,5.476628121580786,7.675273162872293,6.764275778514941,5.3976355,7.027517319067818,2026-04
2026-04-29,ITA US 07/17/26 C250 Equity,2026-05-06,2.2,1.9749999999999999,1.714482554084335,1.9749999999999999,1.714482554084335,6.441281585322443,4.703355932083856,2.6292875,3.2663618305698443,2026-04
2026-04-29,ITA US 01/15/27 C240 Equity,2026-05-06,13.2,9.649999999999999,8.963887429404092,9.649999999999999,8.963887429404092,12.10181258411695,10.951442008980042,9.118725,10.638975846102154,2026-04
2026-04-29,ITA US 10/16/26 C255 Equity,2026-05-06,4.65,3.2,2.9190565319018082,3.2,2.9190565319018082,5.9672947535405285,4.504303145930919,3.349863,4.405751091772557,2026-04
2026-04-30,ITA US 10/16/26 C255 Equity,2026-05-07,5.3,3.7249999999999996,3.5823299770932944,3.7249999999999996,3.5823299770932944,5.41403943852907,5.287453775875658,3.0612843,5.221238317427748,2026-04
2026-04-30,ITA US 10/16/26 C235 Equity,2026-05-07,11.0,8.75,8.773928421151059,8.75,8.773928421151059,11.096441396555175,10.851486206650524,8.880916,10.181049185468705,2026-04
2026-04-30,ITA US 12/18/26 C240 Equity,2026-05-07,12.0,10.2,9.886656178132736,10.2,9.886656178132736,12.40393610965577,11.627811477042417,9.65892,11.519926145459772,2026-04
2026-04-30,ITA US 01/15/27 C245 Equity,2026-05-07,11.25,9.55,8.607252745109133,9.55,8.607252745109133,11.86363908489232,11.506493673194665,8.95797,10.956950740909946,2026-04
2026-04-30,ITA US 07/17/26 C250 Equity,2026-05-07,2.1,1.9,1.5928509679784462,1.9,1.5928509679784462,4.053972310213023,3.518780089565251,2.342925,3.3500459802081544,2026-04
2026-04-30,ITA US 12/18/26 C245 Equity,2026-05-07,10.3,8.6,8.28126581678314,8.6,8.28126581678314,10.876750382634988,10.48303515617543,7.243186,9.998098416464485,2026-04
2026-04-30,ITA US 01/15/27 C230 Equity,2026-05-07,16.9,14.600000000000001,13.91089344024829,14.600000000000001,13.91089344024829,15.828989652947202,15.42942869520824,13.1784935,15.78738470038659,2026-04
2026-04-30,ITA US 01/15/27 C235 Equity,2026-05-07,14.8,12.75,12.210226469297188,12.75,12.210226469297188,14.775374750227446,14.100664093905179,11.37685,14.00060619890052,2026-04
2026-04-30,ITA US 10/16/26 C230 Equity,2026-05-07,12.75,10.3,10.120778666899216,10.3,10.120778666899216,12.050843247926903,11.802610781769609,9.681591,11.586938458002738,2026-04
2026-04-30,ITA US 10/16/26 C250 Equity,2026-05-07,6.35,5.7,5.615971492422752,5.7,5.615971492422752,7.604177650674669,7.433920229032795,4.2048917,7.125504514215612,2026-04
2026-04-30,ITA US 12/18/26 C235 Equity,2026-05-07,13.6,11.65,11.245685725085053,11.65,11.245685725085053,13.784495092506987,13.064112437458247,10.55141,12.948729251112413,2026-04
2026-04-30,ITA US 10/16/26 C240 Equity,2026-05-07,9.1,7.0,6.860325779155882,7.0,6.860325779155882,8.559078034543937,8.582546150609442,7.222275,8.401332232751221,2026-04
2026-04-30,ITA US 01/15/27 C240 Equity,2026-05-07,12.85,11.15,10.792510142714622,11.15,10.792510142714622,13.227073303916352,12.711012225864392,10.299513,12.448803088018042,2026-04
2026-04-30,ITA US 01/15/27 C250 Equity,2026-05-07,10.05,8.55,8.178472089626958,8.55,8.178472089626958,9.762381440019741,9.31383673872228,6.8881564,9.82220919622885,2026-04
2026-04-30,ITA US 10/16/26 C245 Equity,2026-05-07,7.55,6.25,6.012409846344448,6.25,6.012409846344448,7.65908505788143,7.529825325311949,5.2694373,7.591492224335285,2026-04
2026-04-30,ITA US 12/18/26 C230 Equity,2026-05-07,15.649999999999999,13.399999999999999,12.84966947864695,13.399999999999999,12.84966947864695,15.154187500895155,14.336397003218515,12.350232,14.623532367224728,2026-04
2026-04-30,ITA US 12/18/26 C250 Equity,2026-05-07,8.7,8.05,7.0592310793099555,8.05,7.0592310793099555,9.417041804300196,9.186921426560504,5.6049438,9.41220917879605,2026-04
2026-04-30,ITA US 07/17/26 C230 Equity,2026-05-07,7.25,5.45,5.115388609831934,5.45,5.115388609831934,7.179331558487762,7.08501030616816,6.3050094,6.815590668894046,2026-04
2026-05-01,ITA US 12/18/26 C250 Equity,2026-05-08,8.85,6.8,6.218763380245324,6.8,6.218763380245324,10.086198563502087,9.376181225349802,9.319602,9.284037261014133,2026-05
2026-05-01,ITA US 12/18/26 C245 Equity,2026-05-08,10.2,8.0,7.528483760247718,8.0,7.528483760247718,11.203965644944597,10.371683416142654,10.07529,10.340644112559474,2026-05
2026-05-01,ITA US 10/16/26 C240 Equity,2026-05-08,9.2,7.3,6.694698561258049,7.3,6.694698561258049,9.769161583488962,9.298323043701684,9.032456,9.62365846796638,2026-05
2026-05-01,ITA US 12/18/26 C235 Equity,2026-05-08,14.2,11.0,10.091801451401944,11.0,10.091801451401944,13.534445923651951,12.81672370688353,13.916963,13.174161845145935,2026-05
2026-05-01,ITA US 01/15/27 C245 Equity,2026-05-08,11.5,9.65,8.648863772853998,9.65,8.648863772853998,12.065266366998127,11.533314778313951,12.8587885,11.893618003395254,2026-05
2026-05-01,ITA US 10/16/26 C235 Equity,2026-05-08,10.8,8.7,8.08309598611025,8.7,8.08309598611025,11.254547828740183,10.631845133285992,10.982042,10.809477772369789,2026-05
2026-05-01,ITA US 12/18/26 C240 Equity,2026-05-08,12.25,9.1,8.133663601730756,9.1,8.133663601730756,11.302541277909533,10.607913686716728,12.502601,10.937989548937376,2026-05
2026-05-01,ITA US 07/17/26 C230 Equity,2026-05-08,7.0,4.699999999999999,4.6510914397100205,4.699999999999999,4.6510914397100205,7.168660904628957,6.100604623397075,6.116211,6.370143123959322,2026-05
2026-05-01,ITA US 10/16/26 C230 Equity,2026-05-08,12.8,9.399999999999999,8.886112303545273,9.399999999999999,8.886112303545273,11.077550463471606,10.47150218633276,12.837149,10.88957560962783,2026-05
2026-05-01,ITA US 07/17/26 C250 Equity,2026-05-08,2.4749999999999996,1.6,1.324573847907398,1.6,1.324573847907398,3.606896423925244,3.371036873118607,2.9755201,3.8894466694777896,2026-05
2026-05-01,ITA US 01/15/27 C250 Equity,2026-05-08,10.05,8.2,7.358676280946398,8.2,7.358676280946398,11.29009805209075,10.163172801879153,10.756826,10.425300969909543,2026-05
2026-05-01,ITA US 10/16/26 C255 Equity,2026-05-08,5.25,4.25,3.7828197852538388,4.25,3.7828197852538388,6.797678751082905,6.535075225244556,4.5513554,6.842295883092376,2026-05
2026-05-01,ITA US 12/18/26 C230 Equity,2026-05-08,16.2,12.85,12.071051817081457,12.85,12.071051817081457,15.014274745043833,14.298889385547323,15.397389,14.919568519065175,2026-05
2026-05-01,ITA US 01/15/27 C230 Equity,2026-05-08,17.25,14.1,12.897082699360844,14.1,12.897082699360844,16.309204703998894,15.583597665061658,16.850613,16.072542409900954,2026-05
2026-05-01,ITA US 10/16/26 C245 Equity,2026-05-08,7.6499999999999995,6.050000000000001,5.5500842618834945,6.050000000000001,5.5500842618834945,9.105595223250607,8.503741879694312,6.505024,8.467628234131706,2026-05
2026-05-01,ITA US 01/15/27 C235 Equity,2026-05-08,15.0,11.75,10.62829637067747,11.75,10.62829637067747,13.991031261718533,13.274546375862258,14.986136,13.658287324416344,2026-05
2026-05-01,ITA US 10/16/26 C250 Equity,2026-05-08,6.4,5.0,4.5058365601832895,5.0,4.5058365601832895,7.915571558484284,7.309288877541869,5.712683,7.484037261014133,2026-05
2026-05-01,ITA US 01/15/27 C240 Equity,2026-05-08,13.4,10.6,9.536778224295203,10.6,9.536778224295203,13.848326528270707,13.049104426190901,13.904822,13.053026613518675,2026-05
2026-05-04,ITA US 10/16/26 C255 Equity,2026-05-11,5.2,3.6500000000000004,3.1292052422208236,3.6500000000000004,3.1292052422208236,5.534772996148982,5.633574328412795,3.6547096,5.862322450214459,2026-05
2026-05-04,ITA US 10/16/26 C235 Equity,2026-05-11,11.55,7.85,7.092946963219972,7.85,7.092946963219972,9.821122080700853,9.704917519174323,9.589954,9.743545434480563,2026-05
2026-05-04,ITA US 01/15/27 C235 Equity,2026-05-11,16.0,11.5,10.344208730551031,11.5,10.344208730551031,12.543251891922857,12.480021550925605,14.314046,13.231835252540197,2026-05
2026-05-04,ITA US 07/17/26 C250 Equity,2026-05-11,2.375,1.375,1.0387881960502727,1.375,1.0387881960502727,1.0489174972346174,1.6598290028921063,2.7352867,2.760679375936,2026-05
2026-05-04,ITA US 12/18/26 C245 Equity,2026-05-11,10.9,7.699999999999999,6.555848096852082,7.699999999999999,6.555848096852082,9.378369513960351,9.394979394258346,9.472085,9.726472639327817,2026-05
2026-05-04,ITA US 01/15/27 C230 Equity,2026-05-11,18.3,13.25,12.01873638060972,13.25,12.01873638060972,14.661234450261393,14.488173373359157,16.36564,14.99135430871221,2026-05
2026-05-04,ITA US 12/18/26 C230 Equity,2026-05-11,17.1,12.1,11.18937087422757,12.1,11.18937087422757,12.928737075417374,12.856784116452154,14.523622,13.614960053995697,2026-05
2026-05-04,ITA US 12/18/26 C250 Equity,2026-05-11,9.350000000000001,6.4,5.7157966232915065,6.4,5.7157966232915065,7.920745098549445,7.916386901222839,8.895883,8.375243447150279,2026-05
2026-05-04,ITA US 12/18/26 C240 Equity,2026-05-11,12.850000000000001,9.100000000000001,8.152995109912759,9.100000000000001,8.152995109912759,10.082176876758822,10.081320051196343,12.173702,10.851344581029888,2026-05
2026-05-04,ITA US 01/15/27 C250 Equity,2026-05-11,10.45,7.5,6.577055903994476,7.5,6.577055903994476,9.982967971305115,9.58306683303601,10.096909,9.500447253913347,2026-05
2026-05-04,ITA US 10/16/26 C250 Equity,2026-05-11,6.35,4.55,3.9468035704656863,4.55,3.9468035704656863,5.963208542875367,6.236553001001578,4.6016135,6.686953629090645,2026-05
2026-05-04,ITA US 10/16/26 C230 Equity,2026-05-11,13.75,9.7,8.752207063037826,9.7,8.752207063037826,10.115751661378638,10.183204168785744,12.633458,11.279644126771844,2026-05
2026-05-04,ITA US 12/18/26 C235 Equity,2026-05-11,14.8,10.600000000000001,9.576116549759641,10.600000000000001,9.576116549759641,12.282878060968926,12.272098821538055,13.245647,12.590571543644785,2026-05
2026-05-04,ITA US 07/17/26 C230 Equity,2026-05-11,7.5,4.5,3.94286132290624,4.5,3.94286132290624,5.671049181222466,5.463558661347996,5.3323717,5.800865848075268,2026-05
2026-05-04,ITA US 01/15/27 C245 Equity,2026-05-11,12.15,8.75,7.729975157509494,8.75,7.729975157509494,10.665240186468715,10.428287694566242,12.163377,10.679446530163597,2026-05
2026-05-04,ITA US 10/16/26 C245 Equity,2026-05-11,8.05,5.65,4.956985345192634,5.65,4.956985345192634,6.956615033551869,7.210380131601033,6.0151324,7.514762457387451,2026-05
2026-05-04,ITA US 01/15/27 C240 Equity,2026-05-11,13.75,10.0,9.038997533181634,10.0,9.038997533181634,11.695244564430473,11.588563575945003,13.325419,11.816028653806034,2026-05
2026-05-04,ITA US 10/16/26 C240 Equity,2026-05-11,9.55,6.6,5.809759132577081,6.6,5.809759132577081,8.13279934453739,8.23501205341257,8.347192,8.48071272658218,2026-05
2026-05-05,ITA US 12/18/26 C245 Equity,2026-05-12,10.5,7.6,6.925435044228294,7.6,6.925435044228294,9.039537032721634,9.442609455233889,8.761724,9.288069605082832,2026-05
2026-05-05,ITA US 10/16/26 C240 Equity,2026-05-12,9.05,6.55,6.13972682714577,6.55,6.13972682714577,7.5547293611971655,8.030884965210653,7.565206,7.946182974721069,2026-05
2026-05-05,ITA US 01/15/27 C240 Equity,2026-05-12,13.45,10.399999999999999,9.420544462002516,10.399999999999999,9.420544462002516,11.77839854579872,12.05530569664876,12.790497,12.071359470623642,2026-05
2026-05-05,ITA US 10/16/26 C255 Equity,2026-05-12,5.35,3.675,3.3166513951709824,3.675,3.3166513951709824,4.658115169093309,5.336211238340095,3.2718256,5.4039795317823796,2026-05
2026-05-05,ITA US 10/16/26 C250 Equity,2026-05-12,6.25,4.45,4.098888580635163,4.45,4.098888580635163,5.248806038038188,5.961987716119362,3.8761718,6.119488081868577,2026-05
2026-05-05,ITA US 12/18/26 C240 Equity,2026-05-12,12.25,9.2,8.421295544325131,9.2,8.421295544325131,10.525626386516418,10.904131979883637,11.557792,10.93604354339979,2026-05
2026-05-05,ITA US 01/15/27 C250 Equity,2026-05-12,10.05,7.45,6.755984916070609,7.45,6.755984916070609,9.635516800383455,9.787697947910889,9.276001,9.099446094276589,2026-05
2026-05-05,ITA US 12/18/26 C250 Equity,2026-05-12,8.9,5.95,5.221446213759901,5.95,5.221446213759901,7.2064058283449794,7.628810920328929,6.474343,7.422878507056246,2026-05
2026-05-05,ITA US 01/15/27 C235 Equity,2026-05-12,15.45,11.9,10.839498997815193,11.9,10.839498997815193,12.640409173668463,13.017858198581518,14.239064,13.422150081772589,2026-05
2026-05-05,ITA US 07/17/26 C230 Equity,2026-05-12,7.65,4.35,3.9253147896225915,4.35,3.9253147896225915,4.629464637251326,4.844927901107221,4.4737577,5.185699823109346,2026-05
2026-05-05,ITA US 01/15/27 C230 Equity,2026-05-12,17.55,13.6,12.657598704240913,13.6,12.657598704240913,14.370881998198733,14.603691685507828,15.487009,14.969612610116508,2026-05
2026-05-05,ITA US 10/16/26 C245 Equity,2026-05-12,7.3999999999999995,5.25,4.796661650400815,5.25,4.796661650400815,5.314496837985834,5.828231700593989,4.915292,6.274788672523375,2026-05
2026-05-05,ITA US 10/16/26 C235 Equity,2026-05-12,10.9,7.95,7.450633058896855,7.95,7.450633058896855,9.024927144953207,9.39873303665454,8.997039,9.310439899832222,2026-05
2026-05-05,ITA US 01/15/27 C245 Equity,2026-05-12,11.65,8.75,7.997008279405344,8.75,7.997008279405344,10.034852499183245,10.255287765639935,11.28034,10.276359423142464,2026-05
2026-05-05,ITA US 12/18/26 C230 Equity,2026-05-12,16.45,12.3,11.361854726226502,12.3,11.361854726226502,13.010374777838631,13.319542174329312,13.842652,13.798980755668804,2026-05
2026-05-05,ITA US 10/16/26 C230 Equity,2026-05-12,13.25,9.4,8.789985391496579,9.4,8.789985391496579,10.177264009662178,10.546001372536558,11.805641,10.834296682892656,2026-05
2026-05-05,ITA US 12/18/26 C235 Equity,2026-05-12,14.3,10.55,9.603646153582648,10.55,9.603646153582648,11.78240216692096,12.222865898066706,12.332452,12.16917619093681,2026-05
2026-05-05,ITA US 07/17/26 C250 Equity,2026-05-12,2.6,1.1749999999999998,0.9535763765394937,1.1749999999999998,0.9535763765394937,-0.30869537743325104,0.5848504056889468,2.038187,2.0521081903607774,2026-05
2026-05-06,ITA US 10/16/26 C255 Equity,2026-05-13,5.0,4.65,4.326341350101419,4.65,4.326341350101419,6.2977876061599405,6.811907556300829,5.1295457,5.874068152358502,2026-05
2026-05-06,ITA US 01/15/27 C230 Equity,2026-05-13,18.15,16.95,16.32130654089286,16.95,16.32130654089286,17.28533601680156,17.1679405634451,19.121517,17.689151165304434,2026-05
2026-05-06,ITA US 01/15/27 C240 Equity,2026-05-13,13.75,13.2,12.486762239567947,13.2,12.486762239567947,14.400856769254975,14.55673894908711,16.833302,14.278490060862367,2026-05
2026-05-06,ITA US 10/16/26 C250 Equity,2026-05-13,6.55,6.25,5.863148082535769,6.25,5.863148082535769,6.940515872693024,7.641009238523849,6.356289,7.05267039218043,2026-05
2026-05-06,ITA US 07/17/26 C230 Equity,2026-05-13,7.65,7.1,6.499491711460196,7.1,6.499491711460196,6.641977213393942,6.971135718890954,9.3387785,7.4833887650356266,2026-05
2026-05-06,ITA US 01/15/27 C245 Equity,2026-05-13,11.5,11.100000000000001,10.502512709063513,11.100000000000001,10.502512709063513,12.464260921228671,12.533932309938209,14.692415,12.132980407631994,2026-05
2026-05-06,ITA US 10/16/26 C240 Equity,2026-05-13,8.8,8.55,7.957088022450282,8.55,7.957088022450282,9.63113940083661,9.972172480362824,10.572223,9.531463951698148,2026-05
2026-05-06,ITA US 12/18/26 C235 Equity,2026-05-13,14.75,13.65,12.798606515037967,13.65,12.798606515037967,14.089559284243029,14.378312916771009,16.358738,14.544369487341479,2026-05
2026-05-06,ITA US 12/18/26 C245 Equity,2026-05-13,10.35,10.55,9.915922511193921,10.55,9.915922511193921,11.432007216312853,11.849282020349996,13.463711,11.290825333723529,2026-05
2026-05-06,ITA US 12/18/26 C250 Equity,2026-05-13,8.85,8.75,8.015117627985916,8.75,8.015117627985916,9.45884663445559,10.181451377452118,11.625182,9.685101947318824,2026-05
2026-05-06,ITA US 10/16/26 C235 Equity,2026-05-13,10.9,10.3,9.864596043679265,10.3,9.864596043679265,11.274454017589655,11.357500797495524,13.231653,11.09734337817726,2026-05
2026-05-06,ITA US 12/18/26 C240 Equity,2026-05-13,12.95,11.75,10.894797343555405,11.75,10.894797343555405,12.643505961038159,13.042438059137424,14.988992,12.698583542102172,2026-05
2026-05-06,ITA US 12/18/26 C230 Equity,2026-05-13,16.75,15.9,15.044879338478037,15.9,15.044879338478037,15.650754234207184,15.918972387979855,18.0025,16.62271096050645,2026-05
2026-05-06,ITA US 01/15/27 C250 Equity,2026-05-13,10.2,9.899999999999999,9.32532012051642,9.899999999999999,9.32532012051642,11.637244595933197,11.792725517906444,13.4679575,10.743195084503617,2026-05
2026-05-06,ITA US 10/16/26 C245 Equity,2026-05-13,7.95,6.9,6.529057457780007,6.9,6.529057457780007,7.859632538395166,8.176110460190253,8.613672,7.868296334855846,2026-05
2026-05-06,ITA US 01/15/27 C235 Equity,2026-05-13,15.649999999999999,14.850000000000001,14.272869760512425,14.850000000000001,14.272869760512425,15.315634090236127,15.404270251149601,17.571083,15.679685414565334,2026-05
2026-05-06,ITA US 07/17/26 C250 Equity,2026-05-13,2.925,2.2,1.8601184186068844,2.2,1.8601184186068844,1.7437810664445497,3.1670245682767444,3.269645,2.8368853902011573,2026-05
2026-05-06,ITA US 10/16/26 C230 Equity,2026-05-13,13.3,12.55,12.111319874617966,12.55,12.111319874617966,12.432043924671051,12.710825079022163,15.537226,13.175684851342227,2026-05
2026-05-07,ITA US 12/18/26 C240 Equity,2026-05-14,12.75,12.0,11.070441103146244,12.0,11.070441103146244,12.754452078520291,11.874051133058533,13.251138,12.701105532391324,2026-05
2026-05-07,ITA US 01/15/27 C240 Equity,2026-05-14,13.3,12.85,12.065620296343155,12.85,12.065620296343155,14.500691560350258,13.334827359591136,14.540217,13.712815714331692,2026-05
2026-05-07,ITA US 01/15/27 C235 Equity,2026-05-14,15.399999999999999,14.8,13.836680954985011,14.8,13.836680954985011,15.75771716769647,14.65482717399684,16.026564,15.608353711821035,2026-05
2026-05-07,ITA US 12/18/26 C250 Equity,2026-05-14,8.600000000000001,8.7,7.9113614335302715,8.7,7.9113614335302715,10.429931598166096,9.500004289977266,9.680709,9.553368992828533,2026-05
2026-05-07,ITA US 07/17/26 C250 Equity,2026-05-14,2.1500000000000004,2.1,1.8183916104115372,2.1,1.8183916104115372,3.427354041656036,2.6433480329741847,2.597839,2.729161295989734,2026-05
2026-05-07,ITA US 10/16/26 C255 Equity,2026-05-14,5.3,5.3,5.110445419282524,5.3,5.110445419282524,7.258888153479871,6.4102525135380946,4.991285,6.436959010408173,2026-05
2026-05-07,ITA US 01/15/27 C250 Equity,2026-05-14,10.0,10.05,9.301772946233449,10.05,9.301772946233449,12.46182198060638,11.146547570518234,11.928158,11.028156265239714,2026-05
2026-05-07,ITA US 12/18/26 C235 Equity,2026-05-14,14.0,13.6,12.634247865100308,13.6,12.634247865100308,14.651824425946355,13.661882469188225,14.588133,14.258943578676751,2026-05
2026-05-07,ITA US 10/16/26 C230 Equity,2026-05-14,12.85,12.75,12.384772176856856,12.75,12.384772176856856,13.56039506932989,12.4347708366778,14.041271,13.386998237637764,2026-05
2026-05-07,ITA US 10/16/26 C245 Equity,2026-05-14,7.35,7.55,7.049054485276237,7.55,7.049054485276237,8.670568859177205,7.859148576625573,8.3325205,8.43171156251985,2026-05
2026-05-07,ITA US 10/16/26 C240 Equity,2026-05-14,8.85,9.1,8.6077786781927,9.1,8.6077786781927,10.5728148199914,9.663895734407959,11.085497,10.059841823495912,2026-05
2026-05-07,ITA US 12/18/26 C230 Equity,2026-05-14,16.3,15.649999999999999,14.65745751833275,15.649999999999999,14.65745751833275,16.586185460267714,15.616005172700316,16.50474,16.388605219943095,2026-05
2026-05-07,ITA US 01/15/27 C245 Equity,2026-05-14,11.3,11.25,10.33437473142885,11.25,10.33437473142885,12.864253486360035,11.755073600826673,12.939443,12.196395635295996,2026-05
2026-05-07,ITA US 10/16/26 C250 Equity,2026-05-14,6.65,6.35,5.87887409868966,6.35,5.87887409868966,7.574420219332631,6.6538122699579185,6.0321007,7.069419974135125,2026-05
2026-05-07,ITA US 07/17/26 C230 Equity,2026-05-14,6.949999999999999,7.25,6.772733954347176,7.25,6.772733954347176,8.987285505057898,7.473727752900123,8.753111,8.000464551599972,2026-05
2026-05-07,ITA US 10/16/26 C235 Equity,2026-05-14,10.600000000000001,11.0,10.466482480968457,11.0,10.466482480968457,12.218321609557268,11.1068227097836,12.334164,11.743669639044887,2026-05
2026-05-07,ITA US 12/18/26 C245 Equity,2026-05-14,10.35,10.3,9.443326732105538,10.3,9.443326732105538,12.042081446504397,10.905663479393159,11.752325,11.149369526131778,2026-05
2026-05-07,ITA US 01/15/27 C230 Equity,2026-05-14,17.6,16.9,15.919735841824412,16.9,15.919735841824412,17.829412927150383,16.620904957754735,18.212482,17.682806587988043,2026-05
2026-05-08,ITA US 10/16/26 C250 Equity,2026-05-15,3.7,6.4,6.044018427410096,6.4,6.044018427410096,7.699951115062105,7.0739271499317145,7.666445,6.9946045512253985,2026-05
2026-05-08,ITA US 01/15/27 C250 Equity,2026-05-15,8.2,10.05,9.251950237645952,10.05,9.251950237645952,12.46339887186452,11.576368285981486,12.491831,11.146713675052386,2026-05
2026-05-08,ITA US 10/16/26 C235 Equity,2026-05-15,7.6,10.8,10.262521943062703,10.8,10.262521943062703,12.575042638945867,11.712852716775739,12.777612,11.514979559571376,2026-05
2026-05-08,ITA US 10/16/26 C240 Equity,2026-05-15,6.45,9.2,8.735856307969565,9.2,8.735856307969565,9.954138300453845,9.269910220752449,11.708032,9.53340602332477,2026-05
2026-05-08,ITA US 01/15/27 C245 Equity,2026-05-15,9.399999999999999,11.5,10.778884378075752,11.5,10.778884378075752,13.203672171985652,12.456531443595141,13.566104,12.483540767607893,2026-05
2026-05-08,ITA US 01/15/27 C235 Equity,2026-05-15,12.5,15.0,14.19005139552139,15.0,14.19005139552139,16.01272382327434,15.31475426569656,17.036495,15.877228114719642,2026-05
2026-05-08,ITA US 12/18/26 C245 Equity,2026-05-15,8.15,10.2,9.3325827688241,10.2,9.3325827688241,12.035916524237756,11.349394590002506,12.131575,11.039896162805594,2026-05
2026-05-08,ITA US 10/16/26 C255 Equity,2026-05-15,3.0,5.25,4.847896160647052,5.25,4.847896160647052,7.501656951154095,6.838728865776661,5.265264,6.359984775682439,2026-05
2026-05-08,ITA US 10/16/26 C230 Equity,2026-05-15,9.149999999999999,12.8,12.23225049026308,12.8,12.23225049026308,13.746296601771654,13.017244147538815,15.053103,13.48250621492708,2026-05
2026-05-08,ITA US 01/15/27 C230 Equity,2026-05-15,14.35,17.25,16.39177367285835,17.25,16.39177367285835,17.99980469106556,17.217617318103215,19.368948,18.00432851732823,2026-05
2026-05-08,ITA US 01/15/27 C240 Equity,2026-05-15,10.85,13.4,12.538313660247198,13.4,12.538313660247198,14.590133947015183,13.862320541496276,15.488408,14.234976773943858,2026-05
2026-05-08,ITA US 12/18/26 C230 Equity,2026-05-15,13.4,16.2,15.276014067908243,16.2,15.276014067908243,16.92327722107094,16.407935438892086,17.86942,17.116038699268596,2026-05
2026-05-08,ITA US 10/16/26 C245 Equity,2026-05-15,4.65,7.6499999999999995,7.158213208230791,7.6499999999999995,7.158213208230791,9.356798435533989,8.765156253169398,8.845431,8.66588280399597,2026-05
2026-05-08,ITA US 12/18/26 C235 Equity,2026-05-15,11.75,14.2,13.253359234690057,14.2,13.253359234690057,15.570773527968223,14.985322144350482,15.8898115,15.114151024248832,2026-05
2026-05-08,ITA US 07/17/26 C230 Equity,2026-05-15,3.95,7.0,6.578986436597179,7.0,6.578986436597179,8.253345621727846,7.141643496509506,9.396178,7.130157052175672,2026-05
2026-05-08,ITA US 12/18/26 C250 Equity,2026-05-15,6.6,8.85,8.074337550864456,8.85,8.074337550864456,10.642284636734805,10.115062051192309,11.081914,9.849149192680267,2026-05
2026-05-08,ITA US 12/18/26 C240 Equity,2026-05-15,10.25,12.25,11.364204315769651,12.25,11.364204315769651,13.498851524276333,12.873478275397279,13.883304,13.246686955884229,2026-05
2026-05-08,ITA US 07/17/26 C250 Equity,2026-05-15,0.875,2.4749999999999996,2.1947018265168103,2.4749999999999996,2.1947018265168103,4.3935722463918605,4.031909099555014,3.253388,3.6202267296344948,2026-05
2026-05-11,ITA US 10/16/26 C250 Equity,2026-05-18,4.65,6.35,6.109883490585929,6.35,6.109883490585929,7.627365030268658,7.185720273665287,6.62694,6.753630515926751,2026-05
2026-05-11,ITA US 12/18/26 C240 Equity,2026-05-18,10.399999999999999,12.850000000000001,12.375117218442965,12.850000000000001,12.375117218442965,13.359557491852438,13.01080561223222,14.391934,13.15210379714067,2026-05
2026-05-11,ITA US 07/17/26 C250 Equity,2026-05-18,1.625,2.375,2.0273566566419357,2.375,2.0273566566419357,2.7148473491077123,2.493714887861346,3.2936115,2.1567244083243997,2026-05
2026-05-11,ITA US 10/16/26 C255 Equity,2026-05-18,3.5250000000000004,5.2,4.871219476199117,5.2,4.871219476199117,7.103660602500662,6.772815365137756,5.1419497,5.908685826222601,2026-05
2026-05-11,ITA US 01/15/27 C245 Equity,2026-05-18,9.75,12.15,11.542435235292247,12.15,11.542435235292247,12.787897535852117,12.292513033713393,14.088897,12.342696805627629,2026-05
2026-05-11,ITA US 10/16/26 C240 Equity,2026-05-18,6.75,9.55,9.30496606719968,9.55,9.30496606719968,10.54460496744359,9.853330321470965,11.733054,9.787419724364522,2026-05
2026-05-11,ITA US 12/18/26 C245 Equity,2026-05-18,8.7,10.9,10.378131495339584,10.9,10.378131495339584,11.574880587543152,11.176362758173557,12.468218,11.060354769239554,2026-05
2026-05-11,ITA US 12/18/26 C250 Equity,2026-05-18,7.3,9.350000000000001,8.822161113924373,9.350000000000001,8.822161113924373,9.758510068708336,9.472843049248073,11.387636,9.494894224822165,2026-05
2026-05-11,ITA US 07/17/26 C230 Equity,2026-05-18,4.85,7.5,6.982352536187664,7.5,6.982352536187664,7.826398525825602,7.067304773671703,9.262238,7.087809463570545,2026-05
2026-05-11,ITA US 10/16/26 C235 Equity,2026-05-18,8.399999999999999,11.55,11.311869613450071,11.55,11.311869613450071,12.479474125936623,11.894518117943186,13.105888,11.764189120226968,2026-05
2026-05-11,ITA US 12/18/26 C235 Equity,2026-05-18,12.05,14.8,14.283145565346597,14.8,14.283145565346597,15.58025271717776,15.198161601847179,16.203451,15.078334819795213,2026-05
2026-05-11,ITA US 01/15/27 C230 Equity,2026-05-18,15.0,18.3,17.717832577921154,18.3,17.717832577921154,17.937381230844583,17.36298250044808,18.935713,18.325772887829295,2026-05
2026-05-11,ITA US 10/16/26 C230 Equity,2026-05-18,10.2,13.75,13.527603695614502,13.75,13.527603695614502,14.056586985449748,13.62163604650968,15.125541,13.858522537743504,2026-05
2026-05-11,ITA US 01/15/27 C250 Equity,2026-05-18,8.6,10.45,9.89171912240228,10.45,9.89171912240228,11.702131633897084,11.111786272975598,12.630547,10.724262370374456,2026-05
2026-05-11,ITA US 01/15/27 C235 Equity,2026-05-18,13.15,16.0,15.419431377493831,16.0,15.419431377493831,15.686777217061941,15.266727717184889,17.237509,16.052478938286598,2026-05
2026-05-11,ITA US 10/16/26 C245 Equity,2026-05-18,6.0,8.05,7.7031017551525975,8.05,7.7031017551525975,8.92145904109487,8.625043441080951,9.127554,8.372064951179922,2026-05
2026-05-11,ITA US 01/15/27 C240 Equity,2026-05-18,11.4,13.75,13.169764235124209,13.75,13.169764235124209,14.976937561685101,14.426470993632874,15.198597,14.040244465483795,2026-05
2026-05-11,ITA US 12/18/26 C230 Equity,2026-05-18,14.05,17.1,16.6806009972062,17.1,16.6806009972062,16.914042360163712,16.525064820661,18.343483,17.319825106157733,2026-05
2026-05-12,ITA US 01/15/27 C230 Equity,2026-05-19,14.4,17.55,17.136076661575842,17.55,17.136076661575842,16.634948104849073,16.155612171137776,16.013128,17.10539550751963,2026-05
2026-05-12,ITA US 07/17/26 C230 Equity,2026-05-19,4.65,7.65,7.424599171956348,7.65,7.424599171956348,7.366455579847175,6.697066671657827,8.1237335,6.971863023178111,2026-05
2026-05-12,ITA US 10/16/26 C250 Equity,2026-05-19,5.0,6.25,6.042707623634723,6.25,6.042707623634723,6.236478073914275,6.193611450436579,5.509647,6.110679529059483,2026-05
2026-05-12,ITA US 12/18/26 C235 Equity,2026-05-19,11.1,14.3,13.88622132378409,14.3,13.88622132378409,13.807919886251529,13.555310939571488,12.789457,13.978927852205931,2026-05
2026-05-12,ITA US 10/16/26 C230 Equity,2026-05-19,9.75,13.25,12.926660444862492,13.25,12.926660444862492,13.373180088656017,13.1773371628148,12.514625,12.96512927900607,2026-05
2026-05-12,ITA US 12/18/26 C230 Equity,2026-05-19,13.2,16.45,16.0405507510409,16.45,16.0405507510409,15.47055225883594,15.210642542408463,15.384448,16.13476365307192,2026-05
2026-05-12,ITA US 07/17/26 C250 Equity,2026-05-19,1.6749999999999998,2.6,2.3455939759612607,2.6,2.3455939759612607,2.739508011978014,2.5749915705281268,2.785914,2.370253276312364,2026-05
2026-05-12,ITA US 10/16/26 C255 Equity,2026-05-19,3.75,5.35,5.110646423737449,5.35,5.110646423737449,5.775908567323276,5.803026585570878,4.5845656,5.458019584482635,2026-05
2026-05-12,ITA US 01/15/27 C235 Equity,2026-05-19,12.55,15.45,14.881593703538579,15.45,14.881593703538579,14.65783470719495,14.33730117077337,13.896161,15.161269888594003,2026-05
2026-05-12,ITA US 10/16/26 C235 Equity,2026-05-19,7.800000000000001,10.9,10.50612774104097,10.9,10.50612774104097,11.185770675144997,10.807951772112752,10.504769,10.72419782934831,2026-05
2026-05-12,ITA US 10/16/26 C240 Equity,2026-05-19,6.300000000000001,9.05,8.857562565928703,9.05,8.857562565928703,9.469001871781273,9.136352765919746,9.723033,8.929578980561011,2026-05
2026-05-12,ITA US 12/18/26 C250 Equity,2026-05-19,6.9,8.9,8.426756926691878,8.9,8.426756926691878,8.786855503120957,8.494738242576709,9.474156,8.767817758684487,2026-05
2026-05-12,ITA US 01/15/27 C240 Equity,2026-05-19,10.75,13.45,13.013704252438016,13.45,13.013704252438016,13.457079065819649,13.159011372975419,12.179122,13.248993076194779,2026-05
2026-05-12,ITA US 01/15/27 C250 Equity,2026-05-19,7.65,10.05,9.599669728253279,10.05,9.599669728253279,10.527014165607925,9.995395241347403,9.936444,9.885475722296414,2026-05
2026-05-12,ITA US 12/18/26 C245 Equity,2026-05-19,8.3,10.5,9.98406201576194,10.5,9.98406201576194,10.74903045181057,10.412010250812497,10.034279,10.318232183603527,2026-05
2026-05-12,ITA US 10/16/26 C245 Equity,2026-05-19,5.75,7.3999999999999995,7.086478564920609,7.3999999999999995,7.086478564920609,7.691808309477923,7.510916555864981,7.224806,7.276316399962571,2026-05
2026-05-12,ITA US 12/18/26 C240 Equity,2026-05-19,9.8,12.25,11.834830834938446,12.25,11.834830834938446,11.856442909477675,11.604485723130969,11.252064,11.984309003418632,2026-05
2026-05-12,ITA US 01/15/27 C245 Equity,2026-05-19,9.4,11.65,11.191486696616101,11.65,11.191486696616101,11.734542189603655,11.301759920909792,10.8990345,11.46877055681143,2026-05
2026-05-13,ITA US 12/18/26 C250 Equity,2026-05-20,7.9,8.85,8.257805064776218,8.85,8.257805064776218,8.703430384067486,8.722588338200946,8.816198,8.849278824981953,2026-05
2026-05-13,ITA US 01/15/27 C245 Equity,2026-05-20,10.35,11.5,11.197134855191162,11.5,11.197134855191162,11.693751854426225,11.405256744984811,9.967402,11.385453509540378,2026-05
2026-05-13,ITA US 12/18/26 C230 Equity,2026-05-20,15.35,16.75,16.224616950676264,16.75,16.224616950676264,15.519385803975652,15.47052935301183,15.842626,16.53348198743121,2026-05
2026-05-13,ITA US 01/15/27 C230 Equity,2026-05-20,16.4,18.15,17.916756121002596,18.15,17.916756121002596,17.351807965289314,17.071489736973756,16.372915,17.68097475413754,2026-05
2026-05-13,ITA US 01/15/27 C240 Equity,2026-05-20,12.35,13.75,13.467687694642542,13.75,13.467687694642542,13.317947776158757,13.089607384705708,11.406993,13.405085646638572,2026-05
2026-05-13,ITA US 12/18/26 C235 Equity,2026-05-20,13.0,14.75,14.255012133762214,14.75,14.255012133762214,14.122884370386231,14.016745540807797,12.640117,14.62477886369489,2026-05
2026-05-13,ITA US 12/18/26 C245 Equity,2026-05-20,9.4,10.35,9.848313676521295,10.35,9.848313676521295,10.511487245366904,10.408732736179298,9.410325,10.26779554592845,2026-05
2026-05-13,ITA US 12/18/26 C240 Equity,2026-05-20,11.1,12.95,12.47680331556833,12.95,12.47680331556833,12.916384674694083,12.918433739720706,11.376192,13.171340470033812,2026-05
2026-05-13,ITA US 01/15/27 C235 Equity,2026-05-20,14.05,15.649999999999999,15.408253534513149,15.649999999999999,15.408253534513149,14.70736494427366,14.5347871739672,13.319149,15.330726645366447,2026-05
2026-05-13,ITA US 10/16/26 C250 Equity,2026-05-20,5.25,6.55,6.257173805104765,6.55,6.257173805104765,5.462447443571838,5.615140221672517,6.100059,6.031806242772778,2026-05
2026-05-13,ITA US 10/16/26 C230 Equity,2026-05-20,11.0,13.3,12.99473653631454,13.3,12.99473653631454,12.421493546909181,12.436592247820524,11.828994,12.921771805490842,2026-05
2026-05-13,ITA US 07/17/26 C230 Equity,2026-05-20,5.9,7.65,7.402858597308873,7.65,7.402858597308873,7.245426195486026,6.528661330069145,7.59519,6.867227164035972,2026-05
2026-05-13,ITA US 10/16/26 C255 Equity,2026-05-20,4.35,5.0,4.742069324186945,5.0,4.742069324186945,5.734130502388977,5.7403944096075605,4.2887797,5.174886930922119,2026-05
2026-05-13,ITA US 10/16/26 C245 Equity,2026-05-20,6.4,7.95,7.65312520440609,7.95,7.65312520440609,6.716852634040241,6.86180029024388,7.1689086,7.350322963719275,2026-05
2026-05-13,ITA US 07/17/26 C250 Equity,2026-05-20,1.875,2.925,2.658459143239388,2.925,2.658459143239388,3.771870094054444,3.632973577550466,2.8428714,2.783320534376737,2026-05
2026-05-13,ITA US 10/16/26 C240 Equity,2026-05-20,7.5,8.8,8.493571740408177,8.8,8.493571740408177,8.63104589326133,8.5652986368785,8.784131,8.536209924212713,2026-05
2026-05-13,ITA US 10/16/26 C235 Equity,2026-05-20,9.399999999999999,10.9,10.5736684341112,10.9,10.5736684341112,10.726699321741753,10.60770937698021,9.8021,10.677752754530669,2026-05
2026-05-13,ITA US 01/15/27 C250 Equity,2026-05-20,9.15,10.2,9.749693971766247,10.2,9.749693971766247,10.56670327632027,10.24558747623566,9.353783,10.102252715817729,2026-05
2026-05-14,ITA US 01/15/27 C230 Equity,2026-05-21,16.2,17.6,16.594063180420605,17.6,16.594063180420605,16.800902646665858,16.756589582485592,16.939377,17.62277578530488,2026-05
2026-05-14,ITA US 10/16/26 C235 Equity,2026-05-21,9.5,10.600000000000001,9.90560623444164,10.600000000000001,9.90560623444164,10.286837674398644,10.319071950796602,10.058171,10.713656380453507,2026-05
2026-05-14,ITA US 07/17/26 C250 Equity,2026-05-21,1.75,2.1500000000000004,1.7923451928836003,2.1500000000000004,1.7923451928836003,2.9977092113009807,2.789994572766183,3.0295563,2.3705672010650254,2026-05
2026-05-14,ITA US 07/17/26 C230 Equity,2026-05-21,5.7,6.949999999999999,6.2964537830708975,6.949999999999999,6.2964537830708975,6.7137455612240045,6.22094803850929,7.8633137,6.596971397444083,2026-05
2026-05-14,ITA US 12/18/26 C240 Equity,2026-05-21,10.95,12.75,11.768706491475193,12.75,11.768706491475193,11.940581955093347,12.269095889558518,11.419435,12.805274409268964,2026-05
2026-05-14,ITA US 12/18/26 C230 Equity,2026-05-21,15.15,16.3,15.202916025223082,16.3,15.202916025223082,15.077803450848142,15.290624397163015,16.055077,16.452143930857176,2026-05
2026-05-14,ITA US 12/18/26 C235 Equity,2026-05-21,12.8,14.0,12.986436431588695,14.0,12.986436431588695,13.502456902311287,13.620774900181688,12.353205,14.129558212043591,2026-05
2026-05-14,ITA US 12/18/26 C245 Equity,2026-05-21,9.3,10.35,9.408672097975,10.35,9.408672097975,10.20754166905353,10.359600437505414,9.799696,10.667601655595082,2026-05
2026-05-14,ITA US 01/15/27 C240 Equity,2026-05-21,12.05,13.3,12.397470852521,13.3,12.397470852521,12.79272857469956,12.69398201247649,12.036358,13.307030541290805,2026-05
2026-05-14,ITA US 10/16/26 C230 Equity,2026-05-21,11.0,12.85,12.095906895680452,12.85,12.095906895680452,11.54903098018071,11.639862794238192,12.079166,12.775749676140661,2026-05
2026-05-14,ITA US 01/15/27 C245 Equity,2026-05-21,10.350000000000001,11.3,10.39761557758344,11.3,10.39761557758344,11.185205226779726,11.168429137420254,10.376634,11.520575546430862,2026-05
2026-05-14,ITA US 01/15/27 C235 Equity,2026-05-21,14.05,15.399999999999999,14.448221296857705,15.399999999999999,14.448221296857705,14.495253049838787,14.52861524981772,13.888747,15.513656380453504,2026-05
2026-05-14,ITA US 10/16/26 C250 Equity,2026-05-21,5.35,6.65,6.086638928206144,6.65,6.086638928206144,5.681284066081163,5.777028193369622,6.6024423,6.595929078370352,2026-05
2026-05-14,ITA US 12/18/26 C250 Equity,2026-05-21,7.85,8.600000000000001,7.732265021616247,8.600000000000001,7.732265021616247,8.25090685871303,8.493590498564505,8.455351,8.901691478639162,2026-05
2026-05-14,ITA US 10/16/26 C240 Equity,2026-05-21,7.8,8.85,8.114099667486819,8.85,8.114099667486819,8.232579629574555,8.415378579443434,9.301344,8.954056650455025,2026-05
2026-05-14,ITA US 10/16/26 C255 Equity,2026-05-21,4.325,5.3,4.852671302985447,5.3,4.852671302985447,5.733138334660785,6.05757214096536,4.7965107,5.873972752656975,2026-05
2026-05-14,ITA US 01/15/27 C250 Equity,2026-05-21,9.2,10.0,9.15560583215211,10.0,9.15560583215211,10.65068436063412,10.508580786251525,9.801014,10.431059624191453,2026-05
2026-05-14,ITA US 10/16/26 C245 Equity,2026-05-21,6.25,7.35,6.761630842176382,7.35,6.761630842176382,7.304396480249077,7.2536443175898535,7.1091475,7.602917582818935,2026-05
2026-05-15,ITA US 10/16/26 C230 Equity,2026-05-22,12.8,9.149999999999999,8.575981955070326,9.149999999999999,8.575981955070326,7.321412951916624,7.770464434745655,10.735122,8.987868440777367,2026-05
2026-05-15,ITA US 12/18/26 C245 Equity,2026-05-22,10.4,8.15,7.463169382299069,8.15,7.463169382299069,7.8186649825638765,8.25112787476472,8.827529,8.76093470780078,2026-05
2026-05-15,ITA US 01/15/27 C230 Equity,2026-05-22,17.55,14.35,13.399171154496765,14.35,13.399171154496765,13.287348559103052,13.702677245113657,14.353288,14.640656950210388,2026-05
2026-05-15,ITA US 07/17/26 C230 Equity,2026-05-22,6.050000000000001,3.95,3.4743850806906607,3.95,3.4743850806906607,2.938672307089792,3.0573602106564923,4.928663,3.760107277530409,2026-05
2026-05-15,ITA US 12/18/26 C230 Equity,2026-05-22,16.2,13.4,12.349256167678531,13.4,12.349256167678531,12.100711185226077,12.800049857298378,13.869172,13.852367132150764,2026-05
2026-05-15,ITA US 07/17/26 C250 Equity,2026-05-22,1.5499999999999998,0.875,0.7799906302561044,0.875,0.7799906302561044,-1.4548432257336312,-0.9178808704391415,2.584267,0.8695838786118781,2026-05
2026-05-15,ITA US 01/15/27 C250 Equity,2026-05-22,10.05,8.2,7.550483567980329,8.2,7.550483567980329,8.287789855757005,8.493908618183564,8.920743,8.857595624567374,2026-05
2026-05-15,ITA US 10/16/26 C245 Equity,2026-05-22,7.35,4.65,4.101240116161079,4.65,4.101240116161079,3.2858896364138257,3.8671711019029615,5.1359386,4.872830271143899,2026-05
2026-05-15,ITA US 10/16/26 C255 Equity,2026-05-22,4.65,3.0,2.4096946712766796,3.0,2.4096946712766796,2.1538202049453634,2.7558493361646867,3.6491132,3.6044264175745155,2026-05
2026-05-15,ITA US 10/16/26 C240 Equity,2026-05-22,8.55,6.45,5.514629512512759,6.45,5.514629512512759,5.1721022028123205,5.82413592750367,7.7953463,6.784906649732097,2026-05
2026-05-15,ITA US 01/15/27 C240 Equity,2026-05-22,13.35,10.85,9.987976201188076,10.85,9.987976201188076,10.228119182878022,10.551035282541408,11.259423,11.314274795284382,2026-05
2026-05-15,ITA US 12/18/26 C235 Equity,2026-05-22,14.1,11.75,10.652456466017474,11.75,10.652456466017474,10.768400971026448,11.408154964782454,11.913258,12.258511241937509,2026-05
2026-05-15,ITA US 01/15/27 C245 Equity,2026-05-22,11.6,9.399999999999999,8.57025632763832,9.399999999999999,8.57025632763832,8.994023162095505,9.379407156843412,10.290195,10.043276744188852,2026-05
2026-05-15,ITA US 10/16/26 C235 Equity,2026-05-22,10.4,7.6,6.886368631769949,7.6,6.886368631769949,6.476530023136089,6.940447238589403,8.500633,7.6392825277064915,2026-05
2026-05-15,ITA US 10/16/26 C250 Equity,2026-05-22,6.15,3.7,3.3195324665281785,3.7,3.3195324665281785,2.486666357874009,2.818878730924805,4.1368303,3.969491187910503,2026-05
2026-05-15,ITA US 01/15/27 C235 Equity,2026-05-22,15.45,12.5,11.591272394626015,12.5,11.591272394626015,11.519520904191308,12.01110272324046,12.496348,12.911485132773288,2026-05
2026-05-15,ITA US 12/18/26 C240 Equity,2026-05-22,12.05,10.25,9.29855751535887,10.25,9.29855751535887,9.680707297051757,10.220393204836626,10.888394,10.90832701361283,2026-05
2026-05-15,ITA US 12/18/26 C250 Equity,2026-05-22,8.9,6.6,5.924815724421256,6.6,5.924815724421256,5.31089859937749,5.804414259423284,7.97947,6.934175260686649,2026-05
2026-05-18,ITA US 12/18/26 C240 Equity,2026-05-26,13.8,10.399999999999999,9.859896315487756,10.399999999999999,9.859896315487756,11.463692065214893,12.393191359253343,12.816214,11.823323282910062,2026-05
2026-05-18,ITA US 01/15/27 C250 Equity,2026-05-26,11.8,8.6,8.037499214823448,8.6,8.037499214823448,10.462974447728072,11.129773652515631,10.115539,10.343207384151855,2026-05
2026-05-18,ITA US 12/18/26 C245 Equity,2026-05-26,11.899999999999999,8.7,8.035188052413217,8.7,8.035188052413217,9.957229070256304,10.897051861808482,10.697333,10.31455231248167,2026-05
2026-05-18,ITA US 01/15/27 C245 Equity,2026-05-26,13.35,9.75,9.198783882701605,9.75,9.198783882701605,11.518452318893342,12.298189659855746,12.411637,11.575044735608099,2026-05
2026-05-18,ITA US 01/15/27 C235 Equity,2026-05-26,17.55,13.15,12.318016986068848,13.15,12.318016986068848,13.393127561573564,14.248020659229246,15.589163,14.482666030259338,2026-05
2026-05-18,ITA US 10/16/26 C255 Equity,2026-05-26,6.05,3.5250000000000004,3.27257125511128,3.5250000000000004,3.27257125511128,4.125013158303725,5.649805823718481,4.0628023,5.2802888278241795,2026-05
2026-05-18,ITA US 01/15/27 C240 Equity,2026-05-26,15.65,11.4,10.84763544905241,11.4,10.84763544905241,12.676078644567529,13.400581377266361,13.67853,12.931670350523255,2026-05
2026-05-18,ITA US 12/18/26 C230 Equity,2026-05-26,18.3,14.05,13.307258454079378,14.05,13.307258454079378,14.33285671628385,15.246806171534667,15.987943,15.487246348732507,2026-05
2026-05-18,ITA US 10/16/26 C235 Equity,2026-05-26,12.65,8.399999999999999,8.086952977439319,8.399999999999999,8.086952977439319,9.195441535745124,9.979665241316527,10.380537,9.76500806664741,2026-05
2026-05-18,ITA US 01/15/27 C230 Equity,2026-05-26,20.1,15.0,14.461728544068201,15.0,14.461728544068201,15.596440800480693,16.20036414767715,17.395235,16.340220239568286,2026-05
2026-05-18,ITA US 07/17/26 C250 Equity,2026-05-26,3.0999999999999996,1.625,1.3412165560504827,1.625,1.3412165560504827,1.4827858813890753,3.5986911964467083,2.926189,3.4167204387339654,2026-05
2026-05-18,ITA US 10/16/26 C245 Equity,2026-05-26,8.8,6.0,5.681774255490202,6.0,5.681774255490202,5.755689772642706,7.097391665412677,6.6486764,7.339914189786996,2026-05
2026-05-18,ITA US 12/18/26 C235 Equity,2026-05-26,16.35,12.05,11.213666107657119,12.05,11.213666107657119,12.738997212560767,13.642053361650785,14.571244,13.512034175811632,2026-05
2026-05-18,ITA US 10/16/26 C230 Equity,2026-05-26,15.0,10.2,9.78930759490072,10.2,9.78930759490072,10.62316826094161,11.411941178053675,13.334969,11.620806143934518,2026-05
2026-05-18,ITA US 10/16/26 C250 Equity,2026-05-26,7.25,4.65,4.357986676213217,4.65,4.357986676213217,4.653997462885281,6.1085578165403565,5.171865,6.0743678934122345,2026-05
2026-05-18,ITA US 10/16/26 C240 Equity,2026-05-26,10.55,6.75,6.404584386713706,6.75,6.404584386713706,7.648356708384357,8.6696254958961,9.023536,8.298110555321243,2026-05
2026-05-18,ITA US 12/18/26 C250 Equity,2026-05-26,10.75,7.3,6.603780702742349,7.3,6.603780702742349,8.150938553803552,9.210070500666333,9.016595,8.945642901779733,2026-05
2026-05-18,ITA US 07/17/26 C230 Equity,2026-05-26,8.2,4.85,4.437649578301565,4.85,4.437649578301565,5.04850514733981,5.823256277590227,6.413478,5.685047706155195,2026-05
2026-05-19,ITA US 01/15/27 C230 Equity,2026-05-27,20.549999999999997,14.4,13.713449706658249,14.4,13.713449706658249,15.050873361925259,15.092139096994174,17.09178,15.55441843559142,2026-05
2026-05-19,ITA US 10/16/26 C250 Equity,2026-05-27,8.5,5.0,4.553507186991861,5.0,4.553507186991861,5.924890168868319,6.567494859393645,6.14638,6.423088426574092,2026-05
2026-05-19,ITA US 01/15/27 C235 Equity,2026-05-27,18.1,12.55,11.71919972364103,12.55,11.71919972364103,13.330918011468246,13.541615263065696,15.427052,14.003746681029316,2026-05
2026-05-19,ITA US 01/15/27 C245 Equity,2026-05-27,13.75,9.4,8.64366199554402,9.4,8.64366199554402,11.221300755759891,11.482852196685513,12.737364,11.085656454024154,2026-05
2026-05-19,ITA US 10/16/26 C255 Equity,2026-05-27,6.6,3.75,3.339809022237667,3.75,3.339809022237667,3.627213025872896,4.331207063127966,4.440822,4.896378791861318,2026-05
2026-05-19,ITA US 10/16/26 C230 Equity,2026-05-27,16.05,9.75,9.119861275503807,9.75,9.119861275503807,10.024646348253455,10.395451388576841,13.47742,10.872076399203348,2026-05
2026-05-19,ITA US 01/15/27 C250 Equity,2026-05-27,12.15,7.65,7.5563462661429766,7.65,7.5563462661429766,10.225869071005906,10.012791609130733,10.220824,9.350822278960559,2026-05
2026-05-19,ITA US 01/15/27 C240 Equity,2026-05-27,15.549999999999999,10.75,9.968128308077151,10.75,9.968128308077151,11.982444425571833,12.126208062710486,13.696199,12.111063099487756,2026-05
2026-05-19,ITA US 10/16/26 C240 Equity,2026-05-27,11.100000000000001,6.300000000000001,5.776159893690308,6.300000000000001,5.776159893690308,6.976431829502542,7.3878992525495875,7.892475,7.612819231509598,2026-05
2026-05-19,ITA US 07/17/26 C230 Equity,2026-05-27,9.149999999999999,4.65,4.270891111726209,4.65,4.270891111726209,6.13961414696216,5.8127513031373645,6.590256,5.707392326427201,2026-05
2026-05-19,ITA US 10/16/26 C245 Equity,2026-05-27,9.45,5.75,5.334923461606892,5.75,5.334923461606892,6.328475003717085,6.640389241400845,6.719798,6.943926051785949,2026-05
2026-05-19,ITA US 12/18/26 C245 Equity,2026-05-27,12.75,8.3,7.532826280985781,8.3,7.532826280985781,9.492449390132727,9.796662617455382,10.550797,9.824484645291689,2026-05
2026-05-19,ITA US 12/18/26 C250 Equity,2026-05-27,10.649999999999999,6.9,6.19668395041014,6.9,6.19668395041014,7.765297296419155,8.196644721092351,9.593748,8.439112097020192,2026-05
2026-05-19,ITA US 12/18/26 C235 Equity,2026-05-27,16.8,11.1,10.158148292195026,11.1,10.158148292195026,12.13158609212173,12.406026333953392,14.315408,12.586088717417388,2026-05
2026-05-19,ITA US 10/16/26 C235 Equity,2026-05-27,13.05,7.800000000000001,7.224152431916555,7.800000000000001,7.224152431916555,8.805910232600448,9.004995427910206,10.267705,9.043254257902888,2026-05
2026-05-19,ITA US 12/18/26 C240 Equity,2026-05-27,14.45,9.8,8.968040502266552,9.8,8.968040502266552,10.746473615950379,11.054953247090038,13.077284,11.242187377061892,2026-05
2026-05-19,ITA US 12/18/26 C230 Equity,2026-05-27,19.35,13.2,12.250082115442844,13.2,12.250082115442844,13.482846119885235,13.80340509138278,16.280863,14.467884749553628,2026-05
2026-05-19,ITA US 07/17/26 C250 Equity,2026-05-27,2.5250000000000004,1.6749999999999998,1.359085012031939,1.6749999999999998,1.359085012031939,3.5952025283028544,3.9501360508482115,3.299886,3.489019406318816,2026-05
2026-05-20,ITA US 07/17/26 C230 Equity,2026-05-28,11.85,5.9,5.8027592355230615,5.9,5.8027592355230615,8.9466736353657,8.134440988072681,7.180654,7.18926860265123,2026-05
2026-05-20,ITA US 10/16/26 C255 Equity,2026-05-28,7.75,4.35,4.072355624217231,4.35,4.072355624217231,7.538201671932675,7.520513607690726,4.5273476,6.733307628202743,2026-05
2026-05-20,ITA US 07/17/26 C250 Equity,2026-05-28,3.55,1.875,1.6810044225687746,1.875,1.6810044225687746,6.325395320451865,6.096959848316619,3.362495,4.358292949033495,2026-05
2026-05-20,ITA US 01/15/27 C235 Equity,2026-05-28,20.25,14.05,13.433827703069051,14.05,13.433827703069051,16.103531382441243,15.870486875272782,16.40919,15.97440902785341,2026-05
2026-05-20,ITA US 10/16/26 C240 Equity,2026-05-28,13.1,7.5,7.551610760768355,7.5,7.551610760768355,10.596097908800726,10.419531753184678,9.591109,9.673168993310762,2026-05
2026-05-20,ITA US 12/18/26 C240 Equity,2026-05-28,16.6,11.1,10.566572293249669,11.1,10.566572293249669,13.86303216353351,13.736201412232722,14.125409,13.337853066086907,2026-05
2026-05-20,ITA US 01/15/27 C250 Equity,2026-05-28,13.7,9.15,8.79154555870778,9.15,8.79154555870778,12.553756553800255,12.209855088984714,12.693587,11.326043603346797,2026-05
2026-05-20,ITA US 10/16/26 C245 Equity,2026-05-28,11.1,6.4,6.4067645346580795,6.4,6.4067645346580795,9.718393785520117,9.479519909600501,8.256918,8.48813621693537,2026-05
2026-05-20,ITA US 12/18/26 C230 Equity,2026-05-28,21.85,15.35,15.167508096569184,15.35,15.167508096569184,17.643048402523185,17.331525890892614,17.834867,17.50734176595813,2026-05
2026-05-20,ITA US 01/15/27 C240 Equity,2026-05-28,17.95,12.35,12.073457707621467,12.35,12.073457707621467,14.720722452241137,14.354253681414253,15.053273,14.167406593041953,2026-05
2026-05-20,ITA US 01/15/27 C230 Equity,2026-05-28,23.15,16.4,16.152645980713906,16.4,16.152645980713906,18.79687490443616,18.272716478729865,18.183943,18.132755136911275,2026-05
2026-05-20,ITA US 10/16/26 C235 Equity,2026-05-28,15.399999999999999,9.399999999999999,9.446898561779493,9.399999999999999,9.446898561779493,12.248051966769676,11.915387793133583,12.989466,11.356751064241482,2026-05
2026-05-20,ITA US 10/16/26 C250 Equity,2026-05-28,9.25,5.25,5.166139780445243,5.25,5.166139780445243,8.790805489079737,8.735946155744836,6.235213,7.5554117488990915,2026-05
2026-05-20,ITA US 10/16/26 C230 Equity,2026-05-28,18.25,11.0,11.161480935441288,11.0,11.161480935441288,13.900518168310247,13.480954300057629,14.28404,13.020835390780835,2026-05
2026-05-20,ITA US 12/18/26 C235 Equity,2026-05-28,19.5,13.0,12.770328259371745,13.0,12.770328259371745,15.552427599680769,15.32053463758933,16.577991,15.086119209793777,2026-05
2026-05-20,ITA US 12/18/26 C250 Equity,2026-05-28,12.2,7.9,7.6513753374489974,7.9,7.6513753374489974,10.731867028761506,10.652740759649825,10.02162,10.108385639734871,2026-05
2026-05-20,ITA US 12/18/26 C245 Equity,2026-05-28,14.3,9.4,9.059530343871339,9.4,9.059530343871339,12.769723539961713,12.559174592776149,12.510941,11.721668701276887,2026-05
2026-05-20,ITA US 01/15/27 C245 Equity,2026-05-28,15.6,10.35,9.82752254376654,10.35,9.82752254376654,13.52428714807521,13.327975406760705,13.34782,12.50995851933652,2026-05
2026-05-21,ITA US 12/18/26 C240 Equity,2026-05-29,16.450000000000003,10.95,10.353416523597962,10.95,10.353416523597962,12.750934285611345,12.063093685105247,13.136849,12.20855004843574,2026-05
2026-05-21,ITA US 10/16/26 C235 Equity,2026-05-29,15.25,9.5,9.18154521970042,9.5,9.18154521970042,11.731125954254475,10.765005471114566,12.476394,10.703883790657963,2026-05
2026-05-21,ITA US 12/18/26 C230 Equity,2026-05-29,21.7,15.15,14.645621082954948,15.15,14.645621082954948,16.66552314732983,15.850082588355706,17.104443,16.360465567282137,2026-05
2026-05-21,ITA US 12/18/26 C250 Equity,2026-05-29,12.1,7.85,7.227455289528625,7.85,7.227455289528625,10.387813734290486,9.734609994665952,9.265466,9.427628792747374,2026-05
2026-05-21,ITA US 01/15/27 C250 Equity,2026-05-29,13.85,9.2,8.598422596166241,9.2,8.598422596166241,11.597332414037432,10.615100642826551,11.594997,10.461346658491644,2026-05
2026-05-21,ITA US 10/16/26 C230 Equity,2026-05-29,17.9,11.0,10.804572336154438,11.0,10.804572336154438,12.646467941929611,11.808676968046809,13.58107,12.113439458117918,2026-05
2026-05-21,ITA US 07/17/26 C250 Equity,2026-05-29,3.2,1.75,1.4371564913207964,1.75,1.4371564913207964,3.756919268219095,3.015937075393987,3.0319517,2.703828126200995,2026-05
2026-05-21,ITA US 10/16/26 C245 Equity,2026-05-29,10.65,6.25,6.02597306082413,6.25,6.02597306082413,9.3733437206494,8.683152313310165,6.887149,7.778701503213023,2026-05
2026-05-21,ITA US 07/17/26 C230 Equity,2026-05-29,11.45,5.7,5.2269443671304305,5.7,5.2269443671304305,8.198536448533476,6.731315746257568,6.820783,6.359574202269085,2026-05
2026-05-21,ITA US 12/18/26 C245 Equity,2026-05-29,14.2,9.3,8.739265137819514,9.3,8.739265137819514,11.794633572154066,11.0327487241452,11.967916,10.73935199688171,2026-05
2026-05-21,ITA US 12/18/26 C235 Equity,2026-05-29,19.0,12.8,12.292493852100437,12.8,12.292493852100437,14.592675334174725,13.69640123312806,14.870115,13.939199717881817,2026-05
2026-05-21,ITA US 01/15/27 C245 Equity,2026-05-29,15.6,10.350000000000001,9.741286005876999,10.350000000000001,9.741286005876999,12.556800762221432,11.716521456849254,12.561822,11.692325887717491,2026-05
2026-05-21,ITA US 01/15/27 C230 Equity,2026-05-29,22.9,16.2,15.526159743817132,16.2,15.526159743817132,17.60900040276072,16.60833201321279,18.03269,17.184071312565624,2026-05
2026-05-21,ITA US 10/16/26 C250 Equity,2026-05-29,9.0,5.35,4.977543194457596,5.35,4.977543194457596,7.390382362184927,6.932462890874179,5.7870073,6.837740913208158,2026-05
2026-05-21,ITA US 10/16/26 C240 Equity,2026-05-29,12.6,7.8,7.5722225762963005,7.8,7.5722225762963005,9.273660381583166,8.51538269845355,9.358468,8.702787648166932,2026-05
2026-05-21,ITA US 10/16/26 C255 Equity,2026-05-29,7.7,4.325,4.097031383774781,4.325,4.097031383774781,7.009490001673339,6.447847633423805,4.301842,5.971455177608991,2026-05
2026-05-21,ITA US 01/15/27 C240 Equity,2026-05-29,17.95,12.05,11.408955183135122,12.05,11.408955183135122,14.216276812127482,13.173575607838838,14.096681,13.308550048435741,2026-05
2026-05-21,ITA US 01/15/27 C235 Equity,2026-05-29,20.35,14.05,13.369625005364728,14.05,13.369625005364728,15.199835951325415,14.369694928646009,15.481217,15.092173608717596,2026-05
2026-05-22,ITA US 10/16/26 C240 Equity,2026-06-01,10.8,8.55,8.220288712924114,8.55,8.220288712924114,10.098549851438918,9.538937427293675,10.545067,9.397365872212005,2026-05
2026-05-22,ITA US 10/16/26 C250 Equity,2026-06-01,7.35,6.15,5.922797497709062,6.15,5.922797497709062,7.166695131039765,7.075700817032487,6.56267,6.751521792789115,2026-05
2026-05-22,ITA US 01/15/27 C250 Equity,2026-06-01,11.600000000000001,10.05,9.426039003566574,10.05,9.426039003566574,12.194095667403712,11.638108410648815,12.253444,10.869466518496697,2026-05
2026-05-22,ITA US 01/15/27 C245 Equity,2026-06-01,13.85,11.6,10.965286893373396,11.6,10.965286893373396,13.00613642301766,12.63429961376587,13.510785,12.515381098359393,2026-05
2026-05-22,ITA US 10/16/26 C255 Equity,2026-06-01,6.5,4.65,4.347334182981122,4.65,4.347334182981122,6.380147052574084,6.236007605074263,4.9081516,5.5635402739310305,2026-05
2026-05-22,ITA US 12/18/26 C235 Equity,2026-06-01,16.35,14.1,13.469066975639496,14.1,13.469066975639496,14.882718885670638,14.446636856790631,16.139387,14.891991103976395,2026-05
2026-05-22,ITA US 10/16/26 C235 Equity,2026-06-01,12.850000000000001,10.4,10.068239994380633,10.4,10.068239994380633,11.909707352840764,11.355036298901684,13.134625,11.191991103976399,2026-05
2026-05-22,ITA US 10/16/26 C245 Equity,2026-06-01,9.1,7.35,7.00770549819601,7.35,7.00770549819601,9.109108794549464,9.057864608664907,9.127424,8.411189448709674,2026-05
2026-05-22,ITA US 12/18/26 C250 Equity,2026-06-01,10.850000000000001,8.9,8.484746433207887,8.9,8.484746433207887,10.749357245217274,10.65741442397945,11.820314,9.722941563428598,2026-05
2026-05-22,ITA US 07/17/26 C250 Equity,2026-06-01,2.325,1.5499999999999998,1.2542070747514977,1.5499999999999998,1.2542070747514977,2.6535677096344497,2.122546464864106,3.350072,1.964607804085678,2026-05
2026-05-22,ITA US 01/15/27 C235 Equity,2026-06-01,17.950000000000003,15.45,14.826415860872318,15.45,14.826415860872318,16.180150298026582,15.756225411718875,16.83313,16.186070633165333,2026-05
2026-05-22,ITA US 07/17/26 C230 Equity,2026-06-01,8.85,6.050000000000001,5.614744701223658,6.050000000000001,5.614744701223658,6.9819981367554105,6.055240741696837,7.8188853,6.043863528779512,2026-05
2026-05-22,ITA US 10/16/26 C230 Equity,2026-06-01,15.6,12.8,12.451890072045627,12.8,12.451890072045627,13.330272723937956,12.926690873194348,15.708135,13.565491528952162,2026-05
2026-05-22,ITA US 01/15/27 C240 Equity,2026-06-01,15.75,13.35,12.727157333618875,13.35,12.727157333618875,14.300644026908191,13.868272501996826,15.392295,14.132681799435856,2026-05
2026-05-22,ITA US 01/15/27 C230 Equity,2026-06-01,20.5,17.55,16.928218309611427,17.55,16.928218309611427,17.883968913850307,17.2965273356217,19.55148,18.21846541978794,2026-05
2026-05-22,ITA US 12/18/26 C245 Equity,2026-06-01,12.3,10.4,9.788211847845865,10.4,9.788211847845865,11.850848078946719,11.55619575766997,12.7699995,11.36416333954545,2026-05
2026-05-22,ITA US 12/18/26 C230 Equity,2026-06-01,19.15,16.2,15.564767247269828,16.2,15.564767247269828,16.765878333568043,16.365548906617928,18.469337,16.981393360542242,2026-05
2026-05-22,ITA US 12/18/26 C240 Equity,2026-06-01,13.8,12.05,11.431889048881239,12.05,11.431889048881239,13.140863911680649,12.847269250436028,14.222495,12.864485462616024,2026-05
2026-05-26,ITA US 10/16/26 C245 Equity,2026-06-02,8.6,8.8,8.27498805076095,8.8,8.27498805076095,10.294647805366147,9.866520475455566,10.799296,9.52526581422483,2026-05
2026-05-26,ITA US 01/15/27 C235 Equity,2026-06-02,17.15,17.55,16.8138218391874,17.55,16.8138218391874,17.73246660058108,17.1610338340108,16.99242,17.954709110854854,2026-05
2026-05-26,ITA US 12/18/26 C250 Equity,2026-06-02,9.8,10.75,10.283123934346618,10.75,10.283123934346618,12.162293228641241,11.747944228919346,11.897972,11.190238218212542,2026-05
2026-05-26,ITA US 01/15/27 C230 Equity,2026-06-02,19.35,20.1,19.52704559037769,20.1,19.52704559037769,19.945047550290177,19.181516268641708,18.932041,20.340331098098098,2026-05
2026-05-26,ITA US 01/15/27 C240 Equity,2026-06-02,15.15,15.65,14.711943700295873,15.65,14.711943700295873,15.472129640950268,14.911074651094133,15.324781,15.764938347276734,2026-05
2026-05-26,ITA US 01/15/27 C245 Equity,2026-06-02,13.3,13.35,12.753483271103928,13.35,12.753483271103928,14.316619053159684,13.691289478171225,13.692388,13.848871559508305,2026-05
2026-05-26,ITA US 10/16/26 C240 Equity,2026-06-02,10.4,10.55,10.08322315947814,10.55,10.08322315947814,11.746335936543424,11.17475969858073,11.609156,11.157207122722841,2026-05
2026-05-26,ITA US 10/16/26 C255 Equity,2026-06-02,6.35,6.05,5.567479245247985,6.05,5.567479245247985,7.996485654689669,7.693682214010909,6.0494833,6.969851277148036,2026-05
2026-05-26,ITA US 01/15/27 C250 Equity,2026-06-02,11.35,11.8,11.221786255582908,11.8,11.221786255582908,13.808477240702961,13.098258462664164,12.953139,12.543175877362087,2026-05
2026-05-26,ITA US 07/17/26 C250 Equity,2026-06-02,1.95,3.0999999999999996,1.8605067443992638,3.0999999999999996,1.8605067443992638,3.4991957550636315,4.1697777796766395,3.897053,3.6531661589668474,2026-05
2026-05-26,ITA US 12/18/26 C245 Equity,2026-06-02,11.75,11.899999999999999,12.129101922556666,11.899999999999999,12.129101922556666,14.2082806109064,13.363851239182935,12.822524,12.754633959777113,2026-05
2026-05-26,ITA US 12/18/26 C240 Equity,2026-06-02,13.95,13.8,13.255059626198955,13.8,13.255059626198955,14.787420559277916,14.232890578305662,13.799297,14.439549159110905,2026-05
2026-05-26,ITA US 12/18/26 C235 Equity,2026-06-02,15.7,16.35,15.494571954357463,16.35,15.494571954357463,16.467334317096288,15.905649032427815,16.289846,16.803491352040915,2026-05
2026-05-26,ITA US 12/18/26 C230 Equity,2026-06-02,17.95,18.3,17.85218164341032,18.3,17.85218164341032,18.183268785677928,17.53685621095681,17.980341,18.58911333928415,2026-05
2026-05-26,ITA US 07/17/26 C230 Equity,2026-06-02,7.5,8.2,7.763090228359375,8.2,7.763090228359375,9.493138742204508,8.381174849604664,10.0527525,8.179789698019263,2026-05
2026-05-26,ITA US 10/16/26 C235 Equity,2026-06-02,12.0,12.65,12.39039694878289,12.65,12.39039694878289,13.846610595639195,13.053453382755816,13.944789,13.119393183631008,2026-05
2026-05-26,ITA US 10/16/26 C250 Equity,2026-06-02,6.95,7.25,6.818679176536912,7.25,6.818679176536912,9.2062217775079,8.665339350624551,8.22495,8.041419745340244,2026-05
2026-05-26,ITA US 10/16/26 C230 Equity,2026-06-02,14.5,15.0,14.765554054036716,15.0,14.765554054036716,15.420564311810526,14.65933707906744,15.790243,15.353797412060306,2026-05
2026-05-27,ITA US 10/16/26 C235 Equity,2026-06-03,10.8,13.05,12.575209201159025,13.05,12.575209201159025,13.129045976164019,12.21161074049945,12.42108,12.762881706783288,2026-05
2026-05-27,ITA US 01/15/27 C235 Equity,2026-06-03,14.95,18.1,17.82964853351304,18.1,17.82964853351304,17.86279306257792,17.114907672759838,17.404179,18.05517779308989,2026-05
2026-05-27,ITA US 10/16/26 C230 Equity,2026-06-03,12.3,16.05,15.779791488282001,16.05,15.779791488282001,15.797076306124119,14.480424236009544,15.325326,15.520586168640268,2026-05
2026-05-27,ITA US 01/15/27 C250 Equity,2026-06-03,10.399999999999999,12.15,11.626679016514867,12.15,11.626679016514867,13.381369468841726,12.513601178571838,10.815418,12.315186371259843,2026-05
2026-05-27,ITA US 12/18/26 C235 Equity,2026-06-03,14.1,16.8,16.32120060481282,16.8,16.32120060481282,16.79723856788247,16.089060132348692,16.49733,16.664919114944496,2026-05
2026-05-27,ITA US 12/18/26 C250 Equity,2026-06-03,9.15,10.649999999999999,10.80712843834873,10.649999999999999,10.80712843834873,11.6436392472234,10.681562054674586,9.547893,10.556450080155255,2026-05
2026-05-27,ITA US 12/18/26 C245 Equity,2026-06-03,10.7,12.75,12.269460489131129,12.75,12.269460489131129,13.656792812663152,12.93514573711702,11.239349,12.799420887049061,2026-05
2026-05-27,ITA US 10/16/26 C250 Equity,2026-06-03,5.75,8.5,8.190836962700377,8.5,8.190836962700377,9.092733493919884,8.62013601795025,7.933236,8.4705957797235,2026-05
2026-05-27,ITA US 01/15/27 C230 Equity,2026-06-03,17.799999999999997,20.549999999999997,20.293215245653403,20.549999999999997,20.293215245653403,20.45287135637596,19.064847048885817,18.484802,20.250582206150778,2026-05
2026-05-27,ITA US 01/15/27 C240 Equity,2026-06-03,13.649999999999999,15.549999999999999,15.26546225269242,15.549999999999999,15.26546225269242,16.01699921813268,15.041737698617155,13.63569,15.546281580383827,2026-05
2026-05-27,ITA US 10/16/26 C255 Equity,2026-06-03,5.25,6.6,6.261256034022639,6.6,6.261256034022639,8.03036789430614,7.4340884698918765,6.4608545,6.8774572276102095,2026-05
2026-05-27,ITA US 10/16/26 C245 Equity,2026-06-03,7.550000000000001,9.45,9.096469979267182,9.45,9.096469979267182,10.154847001797853,9.515811938266774,9.349004,9.532301296645036,2026-05
2026-05-27,ITA US 07/17/26 C250 Equity,2026-06-03,1.5,2.5250000000000004,2.1669600781137017,2.5250000000000004,2.1669600781137017,4.280538082579545,3.2390679710142436,3.499698,2.098087755891411,2026-05
2026-05-27,ITA US 10/16/26 C240 Equity,2026-06-03,9.2,11.100000000000001,10.752928537537857,11.100000000000001,10.752928537537857,11.545676168000178,10.749068510479404,9.971969,10.999255471219609,2026-05
2026-05-27,ITA US 12/18/26 C240 Equity,2026-06-03,12.3,14.45,13.978117776637767,14.45,13.978117776637767,14.151597364290495,13.52480525847995,12.46917,14.316913434831532,2026-05
2026-05-27,ITA US 12/18/26 C230 Equity,2026-06-03,16.6,19.35,18.86057354742827,19.35,18.86057354742827,18.53116140121587,17.351972325712836,18.038155,19.034680374560697,2026-05
2026-05-27,ITA US 07/17/26 C230 Equity,2026-06-03,6.45,9.149999999999999,8.726608262651473,9.149999999999999,8.726608262651473,10.382203767108283,8.458809342617542,9.835139,8.483498847433001,2026-05
2026-05-27,ITA US 01/15/27 C245 Equity,2026-06-03,11.8,13.75,13.18485862224509,13.75,13.18485862224509,14.004041567072587,13.213300070846126,11.800349,13.702933151092743,2026-05
2026-05-28,ITA US 10/16/26 C250 Equity,2026-06-04,7.699999999999999,9.25,9.265574354963922,9.25,9.265574354963922,9.771974268752466,8.934285370893583,9.327014,8.472672523824189,2026-05
2026-05-28,ITA US 07/17/26 C230 Equity,2026-06-04,9.3,11.85,11.523247362954592,11.85,11.523247362954592,12.916086568854892,11.134743705240838,9.398165,10.70330177742654,2026-05
2026-05-28,ITA US 12/18/26 C245 Equity,2026-06-04,12.5,14.3,14.11599576798072,14.3,14.11599576798072,14.960823919488178,14.307701565725537,12.721898,13.675613215085281,2026-05
2026-05-28,ITA US 01/15/27 C235 Equity,2026-06-04,18.3,20.25,20.046864188854737,20.25,20.046864188854737,19.945029467930752,18.828230422295555,18.086615,19.47363972105833,2026-05
2026-05-28,ITA US 01/15/27 C230 Equity,2026-06-04,20.85,23.15,22.795190797403848,23.15,22.795190797403848,22.658121836127563,21.5219064791568,20.88242,22.305701063368172,2026-05
2026-05-28,ITA US 01/15/27 C250 Equity,2026-06-04,12.05,13.7,13.316285392887597,13.7,13.316285392887597,14.408354734693498,13.684783715541096,12.059472,13.180870441720874,2026-05
2026-05-28,ITA US 12/18/26 C250 Equity,2026-06-04,10.75,12.2,11.987042581466385,12.2,11.987042581466385,13.212036232415764,12.512494351693244,11.235642,11.789362271606056,2026-05
2026-05-28,ITA US 12/18/26 C230 Equity,2026-06-04,19.4,21.85,21.67579064984705,21.85,21.67579064984705,21.02841424076192,19.940779423216817,19.844685,21.03858147296415,2026-05
2026-05-28,ITA US 10/16/26 C240 Equity,2026-06-04,10.85,13.1,13.207101272117077,13.1,13.207101272117077,13.150858382012647,12.276244602143139,12.930417,12.441792061218747,2026-05
2026-05-28,ITA US 10/16/26 C230 Equity,2026-06-04,15.75,18.25,18.459744740345855,18.25,18.459744740345855,18.19616665136887,16.827522878267203,17.745064,17.260431086225793,2026-05
2026-05-28,ITA US 01/15/27 C240 Equity,2026-06-04,15.95,17.95,17.33450249894863,17.95,17.33450249894863,17.3864312083734,16.846970159206233,16.873125,17.10542669843958,2026-05
2026-05-28,ITA US 12/18/26 C240 Equity,2026-06-04,14.6,16.6,16.444785154018692,16.6,16.444785154018692,15.874568106594282,15.222078821311454,15.756656,16.006476133994894,2026-05
2026-05-28,ITA US 07/17/26 C250 Equity,2026-06-04,2.6,3.55,3.163954020194357,3.55,3.163954020194357,4.6831137764405355,3.8583209255222517,3.971385,2.406698976568319,2026-05
2026-05-28,ITA US 12/18/26 C235 Equity,2026-06-04,17.0,19.5,19.263039040590318,19.5,19.263039040590318,18.561732672105254,17.46210507935093,17.989628,18.62145179272303,2026-05
2026-05-28,ITA US 10/16/26 C235 Equity,2026-06-04,13.6,15.399999999999999,15.56585753401123,15.399999999999999,15.56585753401123,15.429800074554269,13.963891549116887,14.436555,14.586135865499177,2026-05
2026-05-28,ITA US 10/16/26 C255 Equity,2026-06-04,6.550000000000001,7.75,7.572420749779375,7.75,7.572420749779375,9.372652366674803,8.754290064984275,7.242104,7.522728860914109,2026-05
2026-05-28,ITA US 01/15/27 C245 Equity,2026-06-04,13.7,15.6,15.15706352878848,15.6,15.15706352878848,15.388600063583171,14.754272263597052,14.039506,15.045271771938454,2026-05
2026-05-28,ITA US 10/16/26 C245 Equity,2026-06-04,9.0,11.1,11.156107585592279,11.1,11.156107585592279,11.734407366966597,10.998158293932882,10.668081,10.658738085900662,2026-05
2026-05-29,ITA US 01/15/27 C250 Equity,2026-06-05,11.5,13.85,13.730033604977212,13.85,13.730033604977212,13.23599734922909,12.330617252982357,11.342425,12.612992427242448,2026-05
2026-05-29,ITA US 01/15/27 C230 Equity,2026-06-05,19.7,22.9,22.935553242729682,22.9,22.935553242729682,22.153185654711734,20.959318406693797,21.491146,21.741992099703943,2026-05
2026-05-29,ITA US 12/18/26 C230 Equity,2026-06-05,18.35,21.7,21.840409086041852,21.7,21.840409086041852,20.66155729924651,19.48603556551943,19.866302,20.477308026927798,2026-05
2026-05-29,ITA US 10/16/26 C235 Equity,2026-06-05,12.5,15.25,15.627427352652488,15.25,15.627427352652488,16.032071177401875,14.421755591015074,14.390353,14.286421172480974,2026-05
2026-05-29,ITA US 10/16/26 C230 Equity,2026-06-05,14.8,17.9,18.151613534980395,17.9,18.151613534980395,17.44140166443448,16.008593739962283,17.298418,16.66140619533771,2026-05
2026-05-29,ITA US 12/18/26 C240 Equity,2026-06-05,13.899999999999999,16.450000000000003,16.480888491258188,16.450000000000003,16.480888491258188,15.255952346364896,14.472282048603644,15.4640255,15.315749759819154,2026-05
2026-05-29,ITA US 10/16/26 C255 Equity,2026-06-05,6.2,7.7,7.79667640329372,7.7,7.79667640329372,8.041834544799892,7.1099645653983,7.0188155,6.527881512638263,2026-05
2026-05-29,ITA US 10/16/26 C240 Equity,2026-06-05,11.15,12.6,12.829233505283357,12.6,12.829233505283357,12.98373179400749,11.876415418441196,11.597935,11.652663748522587,2026-05
2026-05-29,ITA US 07/17/26 C230 Equity,2026-06-05,7.6,11.45,11.539051045422575,11.45,11.539051045422575,12.679023518499081,10.47686109883913,8.810279,10.049696013397345,2026-05
2026-05-29,ITA US 07/17/26 C250 Equity,2026-06-05,1.925,3.2,3.048565045406036,3.2,3.048565045406036,4.869487548721612,3.264682401678206,4.0075936,1.8268001250212986,2026-05
2026-05-29,ITA US 12/18/26 C235 Equity,2026-06-05,16.15,19.0,18.973207420294614,19.0,18.973207420294614,18.27935342202618,16.871829773328155,17.735767,17.98531154935329,2026-05
2026-05-29,ITA US 01/15/27 C240 Equity,2026-06-05,15.5,17.95,17.781826215837476,17.95,17.781826215837476,17.176939235593355,16.46207627510624,16.903564,16.896335664185383,2026-05
2026-05-29,ITA US 01/15/27 C245 Equity,2026-06-05,13.3,15.6,15.100605242691975,15.6,15.100605242691975,15.217353346897482,14.587976897289831,13.415451,14.590238864774944,2026-05
2026-05-29,ITA US 10/16/26 C250 Equity,2026-06-05,7.4,9.0,9.042975340179947,9.0,9.042975340179947,9.241794736160639,8.202956761502818,9.164831,8.118754827511257,2026-05
2026-05-29,ITA US 12/18/26 C250 Equity,2026-06-05,10.9,12.1,11.99789257309375,12.1,11.99789257309375,12.211087156855598,11.562103839153485,10.629323,11.34812297306355,2026-05
2026-05-29,ITA US 01/15/27 C235 Equity,2026-06-05,17.5,20.35,20.405812112201847,20.35,20.405812112201847,19.963254498097776,18.792275258259437,18.146574,19.265114619292216,2026-05
2026-05-29,ITA US 10/16/26 C245 Equity,2026-06-05,9.0,10.65,10.672490858879,10.65,10.672490858879,10.633219933639554,9.679762103009894,9.595811,9.652070084226603,2026-05
2026-05-29,ITA US 12/18/26 C245 Equity,2026-06-05,12.100000000000001,14.2,14.04861896079002,14.2,14.04861896079002,14.184373565879326,13.405090399113604,12.235958,13.314998024980907,2026-05
2026-06-01,ITA US 12/18/26 C235 Equity,2026-06-08,15.25,16.35,15.308283519147508,16.35,15.308283519147508,12.070066956419755,12.64718469732536,13.347272,13.871816154342826,2026-06
2026-06-01,ITA US 07/17/26 C230 Equity,2026-06-08,6.55,8.85,7.921968614734395,8.85,7.921968614734395,6.028926845221854,5.816787732223038,7.324139,6.078288260052696,2026-06
2026-06-01,ITA US 10/16/26 C255 Equity,2026-06-08,5.75,6.5,5.848980876078258,6.5,5.848980876078258,3.425919516043397,3.7316718979944064,5.192532,4.178719680254691,2026-06
2026-06-01,ITA US 10/16/26 C245 Equity,2026-06-08,8.15,9.1,8.368300567543296,9.1,8.368300567543296,5.425423263151181,5.927047862425617,7.358905,6.650582299641279,2026-06
2026-06-01,ITA US 10/16/26 C235 Equity,2026-06-08,11.85,12.850000000000001,12.083609201229217,12.850000000000001,12.083609201229217,8.882581619940899,9.46379322798327,9.884532,10.327853090352795,2026-06
2026-06-01,ITA US 12/18/26 C240 Equity,2026-06-08,13.15,13.8,13.745982743380354,13.8,13.745982743380354,10.621849702465985,11.105688380248903,11.066968,11.370569962730555,2026-06
2026-06-01,ITA US 01/15/27 C240 Equity,2026-06-08,14.4,15.75,14.731889537707378,15.75,14.731889537707378,11.226600802137746,11.806344695438197,12.353422,13.122736174775426,2026-06
2026-06-01,ITA US 12/18/26 C250 Equity,2026-06-08,9.0,10.850000000000001,10.140888537171001,10.850000000000001,10.140888537171001,6.817825437032003,7.41358940036727,8.538879,8.355982235716027,2026-06
2026-06-01,ITA US 12/18/26 C245 Equity,2026-06-08,11.25,12.3,11.395200200561677,12.3,11.395200200561677,8.347389129523611,8.928936849115694,9.868588,9.80661923565125,2026-06
2026-06-01,ITA US 01/15/27 C230 Equity,2026-06-08,18.5,20.5,19.37810747065363,20.5,19.37810747065363,15.282571424282297,15.715639093248592,15.590533,17.79423285603774,2026-06
2026-06-01,ITA US 07/17/26 C250 Equity,2026-06-08,1.5499999999999998,2.325,1.6034452324406456,2.325,1.6034452324406456,-1.2581323766201926,-1.0195400491928872,1.9559904,-0.4877499782116872,2026-06
2026-06-01,ITA US 10/16/26 C250 Equity,2026-06-08,7.199999999999999,7.35,6.671061873167752,7.35,6.671061873167752,3.9998500265552934,4.529168178427016,5.5489464,4.943908363696085,2026-06
2026-06-01,ITA US 01/15/27 C250 Equity,2026-06-08,11.15,11.600000000000001,11.425840118390346,11.600000000000001,11.425840118390346,8.705920926433311,8.933123442931308,8.880648,9.171926831701082,2026-06
2026-06-01,ITA US 12/18/26 C230 Equity,2026-06-08,17.45,19.15,18.146732206356607,19.15,18.146732206356607,14.127298374295382,14.58110549572389,14.983147,16.510177452022777,2026-06
2026-06-01,ITA US 01/15/27 C235 Equity,2026-06-08,16.4,17.950000000000003,16.88036788747725,17.950000000000003,16.88036788747725,12.964899014628084,13.674832064798743,13.749459,15.295963898382714,2026-06
2026-06-01,ITA US 10/16/26 C240 Equity,2026-06-08,9.649999999999999,10.8,10.027707138187484,10.8,10.027707138187484,7.131596778992615,7.680154982157527,8.11738,8.326606898740524,2026-06
2026-06-01,ITA US 01/15/27 C245 Equity,2026-06-08,12.55,13.85,12.868729619815541,13.85,12.868729619815541,9.558099243877264,10.270108302135728,10.42998,11.334637703656243,2026-06
2026-06-01,ITA US 10/16/26 C230 Equity,2026-06-08,13.8,15.6,14.735335156649796,15.6,14.735335156649796,10.873495695710872,11.232403014941728,12.402551,12.938195920027763,2026-06
2026-06-02,ITA US 10/16/26 C240 Equity,2026-06-09,10.600000000000001,10.4,9.729706321179028,10.4,9.729706321179028,6.229379265000771,7.500513830453399,8.723134,8.07075500317512,2026-06
2026-06-02,ITA US 10/16/26 C255 Equity,2026-06-09,6.1,6.35,5.910260297901054,6.35,5.910260297901054,2.8623966633786253,4.09003659474482,5.253626,4.193590294584643,2026-06
2026-06-02,ITA US 12/18/26 C240 Equity,2026-06-09,13.85,13.95,12.974297159127511,13.95,12.974297159127511,9.338749664400732,10.685752509088081,11.661719,11.554810407190073,2026-06
2026-06-02,ITA US 01/15/27 C245 Equity,2026-06-09,13.7,13.3,12.322117517083699,13.3,12.322117517083699,9.15269026246361,10.415883145658706,11.32527,11.082219728470342,2026-06
2026-06-02,ITA US 10/16/26 C245 Equity,2026-06-09,8.65,8.6,7.974959653625897,8.6,7.974959653625897,4.765218537327433,6.053629686432289,7.5925064,6.382219728470341,2026-06
2026-06-02,ITA US 07/17/26 C230 Equity,2026-06-09,8.1,7.5,6.780656582217473,7.5,6.780656582217473,4.022905018526492,4.702558235823055,7.0522,4.719496222074099,2026-06
2026-06-02,ITA US 12/18/26 C245 Equity,2026-06-09,12.0,11.75,10.797895157162932,11.75,10.797895157162932,8.01615693254721,9.312201566627701,10.515709,9.598164324455388,2026-06
2026-06-02,ITA US 01/15/27 C230 Equity,2026-06-09,19.9,19.35,18.255603054077007,19.35,18.255603054077007,14.000963902674544,15.169279509925817,16.390917,16.767330010029237,2026-06
2026-06-02,ITA US 01/15/27 C250 Equity,2026-06-09,11.55,11.35,10.433298191590408,11.35,10.433298191590408,7.6282141964032135,8.742492315651567,9.577087,9.087200333102913,2026-06
2026-06-02,ITA US 01/15/27 C235 Equity,2026-06-09,17.4,17.15,16.109948105983495,17.15,16.109948105983495,12.15567995314948,13.415628070371094,14.689512,14.728493521769575,2026-06
2026-06-02,ITA US 07/17/26 C250 Equity,2026-06-09,1.9,1.95,1.4742015625001796,1.95,1.4742015625001796,-2.0134268473301056,-0.9471103400867218,2.5599697,-0.7084672428073604,2026-06
2026-06-02,ITA US 10/16/26 C230 Equity,2026-06-09,14.9,14.5,13.745983593091674,14.5,13.745983593091674,9.707294472162108,10.85907003921855,12.098403,12.071200733994344,2026-06
2026-06-02,ITA US 01/15/27 C240 Equity,2026-06-09,15.2,15.15,14.108862116412782,15.15,14.108862116412782,10.550656329138285,11.762293932514295,12.863663,12.798773471180105,2026-06
2026-06-02,ITA US 12/18/26 C235 Equity,2026-06-09,16.05,15.7,14.618800749674664,15.7,14.618800749674664,10.827294498708545,12.152677787965084,13.974174,13.344438117754622,2026-06
2026-06-02,ITA US 12/18/26 C230 Equity,2026-06-09,18.85,17.95,16.946946039281176,17.95,16.946946039281176,13.00129664279584,14.2460449354996,15.59544,15.63110839396942,2026-06
2026-06-02,ITA US 10/16/26 C235 Equity,2026-06-09,12.7,12.0,11.307050448223844,12.0,11.307050448223844,7.188631216322173,8.394647400363114,9.863728,9.38065973381444,2026-06
2026-06-02,ITA US 12/18/26 C250 Equity,2026-06-09,10.9,9.8,8.9701839081134,9.8,8.9701839081134,5.345015289132865,6.611707531803266,8.917805,7.207477353177686,2026-06
2026-06-02,ITA US 10/16/26 C250 Equity,2026-06-09,7.35,6.95,6.474494406467383,6.95,6.474494406467383,2.17454014518281,3.544818720188159,6.0774894,4.379458885172701,2026-06
2026-06-03,ITA US 01/15/27 C240 Equity,2026-06-10,13.899999999999999,13.649999999999999,12.67073919649658,13.649999999999999,12.67073919649658,9.116552910617898,10.615962499749985,10.484827,11.343199527757921,2026-06
2026-06-03,ITA US 12/18/26 C235 Equity,2026-06-10,14.600000000000001,14.1,13.024272467184808,14.1,13.024272467184808,9.315611351700348,10.892135655943736,11.624087,11.789855658474481,2026-06
2026-06-03,ITA US 01/15/27 C250 Equity,2026-06-10,10.9,10.399999999999999,9.455382266735969,10.399999999999999,9.455382266735969,6.23003461049742,7.659935335942584,7.9896317,8.157780867498674,2026-06
2026-06-03,ITA US 12/18/26 C245 Equity,2026-06-10,11.0,10.7,9.791425183772827,10.7,9.791425183772827,6.15688016131379,7.79570029167258,8.556645,8.393805577676515,2026-06
2026-06-03,ITA US 12/18/26 C250 Equity,2026-06-10,9.65,9.15,8.265693086122132,9.15,8.265693086122132,4.605212001969546,6.138947165078032,7.912841,6.929762399493692,2026-06
2026-06-03,ITA US 10/16/26 C250 Equity,2026-06-10,6.65,5.75,6.314190425445908,5.75,6.314190425445908,2.2992735334734213,3.4638554485501007,4.329605,3.4418362715136213,2026-06
2026-06-03,ITA US 10/16/26 C235 Equity,2026-06-10,11.2,10.8,10.152916211508085,10.8,10.152916211508085,6.039113418816491,7.41507683591496,7.9023213,8.314003402514352,2026-06
2026-06-03,ITA US 01/15/27 C230 Equity,2026-06-10,17.85,17.799999999999997,16.593366904378676,17.799999999999997,16.593366904378676,12.309144354265058,13.820469246993115,14.074109,15.329726738882357,2026-06
2026-06-03,ITA US 10/16/26 C245 Equity,2026-06-10,7.7,7.550000000000001,7.043827712695451,7.550000000000001,7.043827712695451,3.337697015562167,4.828151050711712,5.3401375,5.221824045681492,2026-06
2026-06-03,ITA US 10/16/26 C255 Equity,2026-06-10,5.35,5.25,4.767114781798684,5.25,4.767114781798684,1.9753499291883312,3.325061261549667,3.6127284,3.1792382531127172,2026-06
2026-06-03,ITA US 07/17/26 C250 Equity,2026-06-10,1.225,1.5,1.5201761956345377,1.5,1.5201761956345377,-0.9460617672342941,0.025764898312823803,1.4094315,-0.8081637284863694,2026-06
2026-06-03,ITA US 01/15/27 C235 Equity,2026-06-10,15.8,14.95,14.578412922192758,14.95,14.578412922192758,10.06644096899182,11.579611778864273,11.952327,12.22220655056919,2026-06
2026-06-03,ITA US 01/15/27 C245 Equity,2026-06-10,12.2,11.8,10.932776537228321,11.8,10.932776537228321,7.635660475792005,9.159831926317555,9.404135,9.581731705656576,2026-06
2026-06-03,ITA US 12/18/26 C240 Equity,2026-06-10,12.55,12.3,11.268240085462008,12.3,11.268240085462008,7.701677979628729,9.314819924276415,10.11803,10.015181059752937,2026-06
2026-06-03,ITA US 12/18/26 C230 Equity,2026-06-10,16.55,16.6,15.328483347729426,16.6,15.328483347729426,11.25939493517175,12.9002165572252,13.75735,14.261615930852454,2026-06
2026-06-03,ITA US 07/17/26 C230 Equity,2026-06-10,6.6,6.45,5.604070663440957,6.45,5.604070663440957,2.9150898689418394,3.8182492817859313,5.6407757,3.8258560149172536,2026-06
2026-06-03,ITA US 10/16/26 C240 Equity,2026-06-10,9.4,9.2,8.59707871260774,9.2,8.59707871260774,4.991112395627008,6.425892310199136,7.215577,6.695365739802774,2026-06
2026-06-03,ITA US 10/16/26 C230 Equity,2026-06-10,13.45,12.3,12.226662565491727,12.3,12.226662565491727,6.92973553007014,8.275571289724443,9.3346195,9.390096098982045,2026-06
2026-06-04,ITA US 12/18/26 C250 Equity,2026-06-11,12.7,10.75,10.031961578092394,10.75,10.031961578092394,7.030625905612315,8.554289864706941,9.806491,8.680611189446434,2026-06
2026-06-04,ITA US 12/18/26 C240 Equity,2026-06-11,16.85,14.6,13.8710524517901,14.6,13.8710524517901,10.188836160125476,11.57481465787833,13.045908,12.418447176864072,2026-06
2026-06-04,ITA US 01/15/27 C230 Equity,2026-06-11,23.35,20.85,20.41154132157921,20.85,20.41154132157921,16.27688733063337,16.944658653242378,16.841612,18.501040030541155,2026-06
2026-06-04,ITA US 10/16/26 C250 Equity,2026-06-11,9.100000000000001,7.699999999999999,7.354807597823763,7.699999999999999,7.354807597823763,4.1420927680668775,5.497612081606173,6.2157393,5.4767404654813365,2026-06
2026-06-04,ITA US 12/18/26 C230 Equity,2026-06-11,21.9,19.4,18.871001326100213,19.4,18.871001326100213,14.552441942284277,15.382885161231293,16.76523,16.985095434556097,2026-06
2026-06-04,ITA US 07/17/26 C250 Equity,2026-06-11,3.0,2.6,2.158909559825553,2.6,2.158909559825553,0.3485364909900568,1.8185596555726669,2.1648157,0.28881433750126684,2026-06
2026-06-04,ITA US 10/16/26 C235 Equity,2026-06-11,15.5,13.6,13.244333093540483,13.6,13.244333093540483,9.222895813852208,10.3165326091618,11.459173,11.171381131778253,2026-06
2026-06-04,ITA US 07/17/26 C230 Equity,2026-06-11,11.25,9.3,8.73845694931034,9.3,8.73845694931034,6.717013738402255,7.023647988625161,8.416437,6.753206242586007,2026-06
2026-06-04,ITA US 10/16/26 C230 Equity,2026-06-11,18.4,15.75,15.417869365406517,15.75,15.417869365406517,11.884331294974208,12.357550766437326,13.502141,13.488966158521215,2026-06
2026-06-04,ITA US 12/18/26 C235 Equity,2026-06-11,19.4,17.0,16.46645737663278,17.0,16.46645737663278,12.260484421111265,13.497620464867332,15.259237,14.703270323748335,2026-06
2026-06-04,ITA US 01/15/27 C240 Equity,2026-06-11,18.200000000000003,15.95,15.336654093836998,15.95,15.336654093836998,11.854711008195494,13.110754898171596,13.820436,13.746465644869065,2026-06
2026-06-04,ITA US 10/16/26 C245 Equity,2026-06-11,11.05,9.0,8.632418443982651,9.0,8.632418443982651,5.8997669555748145,7.258249346295333,8.059899,6.93080762596774,2026-06
2026-06-04,ITA US 10/16/26 C240 Equity,2026-06-11,13.05,10.85,10.49959409006001,10.85,10.49959409006001,7.19233470004291,8.442977960189337,9.079571,8.646465644869066,2026-06
2026-06-04,ITA US 01/15/27 C245 Equity,2026-06-11,15.85,13.7,13.214703000776417,13.7,13.214703000776417,9.744514006589888,11.068946892204526,11.708812,11.49891843399764,2026-06
2026-06-04,ITA US 12/18/26 C245 Equity,2026-06-11,14.600000000000001,12.5,11.826662323987295,12.5,11.826662323987295,8.700901673153469,10.052524241775483,11.532905,10.3868445619777,2026-06
2026-06-04,ITA US 01/15/27 C235 Equity,2026-06-11,20.549999999999997,18.3,17.850056775698516,18.3,17.850056775698516,13.414546587753593,14.524248166062016,15.36547,16.003270323748335,2026-06
2026-06-04,ITA US 01/15/27 C250 Equity,2026-06-11,14.05,12.05,11.497124756348152,12.05,11.497124756348152,8.658589990819273,9.964076243995734,10.631508,9.980611189446446,2026-06
2026-06-04,ITA US 10/16/26 C255 Equity,2026-06-11,7.8500000000000005,6.550000000000001,6.1196490223855635,6.550000000000001,6.1196490223855635,2.9112708413661093,4.531961713911917,5.3039145,4.324048940477185,2026-06
2026-06-05,ITA US 12/18/26 C230 Equity,2026-06-12,21.05,18.35,17.548421427580305,18.35,17.548421427580305,14.726586685884156,14.651158946288598,15.638801,16.244198799649254,2026-06
2026-06-05,ITA US 10/16/26 C250 Equity,2026-06-12,9.25,7.4,6.950354056102548,7.4,6.950354056102548,5.538547010648047,5.561749968401533,5.968654,5.593354123999593,2026-06
2026-06-05,ITA US 01/15/27 C245 Equity,2026-06-12,15.3,13.3,12.64611979510453,13.3,12.64611979510453,11.039615019797237,11.012425495613247,11.355783,11.472131675777401,2026-06
2026-06-05,ITA US 12/18/26 C240 Equity,2026-06-12,16.3,13.899999999999999,13.183314934530966,13.899999999999999,13.183314934530966,10.881802901699906,10.968769869733217,11.783372,11.872431189580677,2026-06
2026-06-05,ITA US 10/16/26 C240 Equity,2026-06-12,12.75,11.15,9.600804558197403,11.15,9.600804558197403,8.217973647710426,8.331603223731587,8.972179,9.188375785565725,2026-06
2026-06-05,ITA US 10/16/26 C255 Equity,2026-06-12,7.699999999999999,6.2,5.7736966849476,6.2,5.7736966849476,4.6651158116291835,4.619507239002624,5.1414533,4.500029676317093,2026-06
2026-06-05,ITA US 10/16/26 C245 Equity,2026-06-12,10.75,9.0,8.53799354073044,9.0,8.53799354073044,6.8789399862294935,7.007110863187147,7.9892077,7.172131675777396,2026-06
2026-06-05,ITA US 01/15/27 C235 Equity,2026-06-12,19.8,17.5,16.597156907624502,17.5,16.597156907624502,14.380678686092374,14.371147150498855,15.0272875,15.533717623349816,2026-06
2026-06-05,ITA US 12/18/26 C235 Equity,2026-06-12,18.45,16.15,15.446078296326673,16.15,15.446078296326673,13.09381085669329,13.070816533312586,14.577829,14.117773027364763,2026-06
2026-06-05,ITA US 01/15/27 C230 Equity,2026-06-12,22.15,19.7,18.893761459317385,19.7,18.893761459317385,16.3858960470159,16.254050976270996,16.511023,17.6601433956343,2026-06
2026-06-05,ITA US 10/16/26 C230 Equity,2026-06-12,17.4,14.8,14.355353591346761,14.8,14.355353591346761,11.319547675319352,11.222155708076174,12.0870905,12.540328075684146,2026-06
2026-06-05,ITA US 07/17/26 C250 Equity,2026-06-12,2.425,1.925,1.6330972797508863,1.925,1.6330972797508863,0.6594803427438798,0.19413556367448415,2.469016,-0.4201934098782767,2026-06
2026-06-05,ITA US 12/18/26 C245 Equity,2026-06-12,14.3,12.100000000000001,11.414713336738005,12.100000000000001,11.414713336738005,9.59780563574229,9.650350161069195,10.777612,10.184205547797337,2026-06
2026-06-05,ITA US 07/17/26 C230 Equity,2026-06-12,9.65,7.6,7.344190158927231,7.6,7.344190158927231,6.323879640507805,5.49511030278682,7.048911,5.252401947704088,2026-06
2026-06-05,ITA US 01/15/27 C250 Equity,2026-06-12,13.350000000000001,11.5,10.861201164199915,11.5,10.861201164199915,9.732839674332709,9.672088553547415,9.664585,9.737317187989628,2026-06
2026-06-05,ITA US 01/15/27 C240 Equity,2026-06-12,17.5,15.5,14.770502305955281,15.5,14.770502305955281,12.83787524080222,12.877228998901723,13.173001,13.604320381550774,2026-06
2026-06-05,ITA US 10/16/26 C235 Equity,2026-06-12,14.850000000000001,12.5,11.727280267732558,12.5,11.727280267732558,9.352898076029634,9.251740577953168,10.448844,10.269939239409627,2026-06
2026-06-05,ITA US 12/18/26 C250 Equity,2026-06-12,12.35,10.9,10.187521851483849,10.9,10.187521851483849,8.384883419038722,8.564977439636785,9.519418,9.093354123999593,2026-06
2026-06-08,ITA US 12/18/26 C240 Equity,2026-06-15,18.049999999999997,13.15,12.098907036414843,13.15,12.098907036414843,9.793363680328067,10.397640399334996,11.310294,11.182153134343546,2026-06
2026-06-08,ITA US 10/16/26 C245 Equity,2026-06-15,11.850000000000001,8.15,7.4204994309645445,8.15,7.4204994309645445,5.286865147227182,5.838438713750073,6.440835,6.117469793655488,2026-06
2026-06-08,ITA US 01/15/27 C235 Equity,2026-06-15,22.1,16.4,15.39134723291428,16.4,15.39134723291428,12.539516541612464,13.164748434907752,13.795652,14.296236986631687,2026-06
2026-06-08,ITA US 10/16/26 C230 Equity,2026-06-15,19.4,13.8,13.201637900458929,13.8,13.201637900458929,10.197382725277235,10.521223474136617,10.644251,11.53539528117001,2026-06
2026-06-08,ITA US 10/16/26 C235 Equity,2026-06-15,16.549999999999997,11.85,11.04587598066084,11.85,11.04587598066084,8.336868451215329,8.758417704809112,9.207722,9.59236626266658,2026-06
2026-06-08,ITA US 12/18/26 C245 Equity,2026-06-15,15.25,11.25,10.44911644793651,11.25,10.44911644793651,8.492378309164934,9.03950074927917,9.607428,9.349358985625578,2026-06
2026-06-08,ITA US 01/15/27 C240 Equity,2026-06-15,19.65,14.4,13.271093233972866,14.4,13.271093233972866,11.16696277526795,11.754642027928373,11.745613,12.41017160234853,2026-06
2026-06-08,ITA US 12/18/26 C250 Equity,2026-06-15,12.75,9.0,8.197707599585742,9.0,8.197707599585742,5.583149659473467,6.173729407366128,8.409909,6.746314164705707,2026-06
2026-06-08,ITA US 01/15/27 C245 Equity,2026-06-15,17.15,12.55,11.684387872138736,12.55,11.684387872138736,9.563539589311421,10.149497196689708,10.472972,10.605395921635548,2026-06
2026-06-08,ITA US 01/15/27 C230 Equity,2026-06-15,24.5,18.5,17.266608031586873,18.5,17.266608031586873,14.28765866333655,14.81696535124896,15.477522,16.32332140915007,2026-06
2026-06-08,ITA US 10/16/26 C250 Equity,2026-06-15,10.0,7.199999999999999,6.542709774956595,7.199999999999999,6.542709774956595,4.442115592313195,5.073890284649281,5.498677,5.298018676625951,2026-06
2026-06-08,ITA US 10/16/26 C255 Equity,2026-06-15,7.8,5.75,5.132136250491369,5.75,5.132136250491369,3.1630313904830683,3.7118406373140633,4.5168257,3.8442281368877165,2026-06
2026-06-08,ITA US 12/18/26 C235 Equity,2026-06-15,20.700000000000003,15.25,14.279464231921704,15.25,14.279464231921704,11.596798718909904,12.133904461199407,13.281824,13.124255454636671,2026-06
2026-06-08,ITA US 01/15/27 C250 Equity,2026-06-15,15.0,11.15,10.057278829899191,11.15,10.057278829899191,7.918569070228037,8.462939315308486,9.023743,9.094147952660846,2026-06
2026-06-08,ITA US 12/18/26 C230 Equity,2026-06-15,23.1,17.45,16.314817138678155,17.45,16.314817138678155,13.149476875151555,13.712239750949172,15.058731,15.295302941145085,2026-06
2026-06-08,ITA US 07/17/26 C250 Equity,2026-06-15,2.925,1.5499999999999998,1.1285998388283007,1.5499999999999998,1.1285998388283007,-0.665396022410734,-0.6162148504214056,2.0144455,-0.7476488992843229,2026-06
2026-06-08,ITA US 07/17/26 C230 Equity,2026-06-15,12.15,6.55,5.72824912271776,6.55,5.72824912271776,4.753514102401908,4.448748127071566,6.503879,4.131524557204902,2026-06
2026-06-08,ITA US 10/16/26 C240 Equity,2026-06-15,14.350000000000001,9.649999999999999,8.915511505932704,9.649999999999999,8.915511505932704,6.634495860570327,7.343991712904635,7.7446356,7.594227006363482,2026-06
2026-06-09,ITA US 12/18/26 C240 Equity,2026-06-16,18.75,13.85,13.64175403068207,13.85,13.64175403068207,9.931392028455042,10.672997780514148,12.142158,11.296341812488315,2026-06
2026-06-09,ITA US 10/16/26 C255 Equity,2026-06-16,9.0,6.1,6.084553864194717,6.1,6.084553864194717,3.5801510361022686,4.304072389637561,4.7882137,3.808792552669847,2026-06
2026-06-09,ITA US 10/16/26 C240 Equity,2026-06-16,14.95,10.600000000000001,10.326494852859597,10.600000000000001,10.326494852859597,7.173413519417385,7.826546351662627,8.906817,8.024360280493301,2026-06
2026-06-09,ITA US 07/17/26 C250 Equity,2026-06-16,3.4499999999999997,1.9,1.5851327002266644,1.9,1.5851327002266644,-0.7069759632487695,-0.22548416612489142,2.215607,-0.8058794393955186,2026-06
2026-06-09,ITA US 12/18/26 C245 Equity,2026-06-16,16.25,12.0,11.59874046287963,12.0,11.59874046287963,8.51802327590563,9.258053955026238,10.653106,9.536411096675524,2026-06
2026-06-09,ITA US 07/17/26 C230 Equity,2026-06-16,13.600000000000001,8.1,7.790338733999726,8.1,7.790338733999726,6.056614366064655,5.63485033129975,7.4375167,5.335631254921022,2026-06
2026-06-09,ITA US 01/15/27 C235 Equity,2026-06-16,22.7,17.4,17.169185524716898,17.4,17.169185524716898,13.058844395260838,13.665187303966048,15.2110815,14.797432364148055,2026-06
2026-06-09,ITA US 10/16/26 C250 Equity,2026-06-16,10.350000000000001,7.35,7.425465095801919,7.35,7.425465095801919,4.724832506839025,5.441871510873483,5.8548045,4.885917412549649,2026-06
2026-06-09,ITA US 12/18/26 C250 Equity,2026-06-16,14.100000000000001,10.9,9.755976293896792,10.9,9.755976293896792,5.809684926089233,6.657008823533172,9.703924,8.10619443262442,2026-06
2026-06-09,ITA US 01/15/27 C230 Equity,2026-06-16,25.9,19.9,19.602061533702564,19.9,19.602061533702564,15.644181564381903,15.756857854997346,16.897057,17.267520446891112,2026-06
2026-06-09,ITA US 10/16/26 C230 Equity,2026-06-16,20.6,14.9,14.901775394117454,14.9,14.901775394117454,11.66117906195452,11.70442774411162,12.680547,12.267520446891115,2026-06
2026-06-09,ITA US 12/18/26 C235 Equity,2026-06-16,21.4,16.05,15.737561241178692,16.05,15.737561241178692,11.922462744446262,12.529747164989425,14.551181,13.425450832153041,2026-06
2026-06-09,ITA US 01/15/27 C250 Equity,2026-06-16,15.65,11.55,11.08362017546065,11.55,11.08362017546065,8.476475639921144,9.126087465063978,9.674742,9.173843540529711,2026-06
2026-06-09,ITA US 01/15/27 C240 Equity,2026-06-16,20.1,15.2,14.783861516447098,15.2,14.783861516447098,11.193245979751996,11.87914980523054,13.111914,12.624360280493299,2026-06
2026-06-09,ITA US 10/16/26 C235 Equity,2026-06-16,17.4,12.7,12.282087140252294,12.7,12.282087140252294,8.868998014198713,9.409076778020292,10.640192,10.097432364148055,2026-06
2026-06-09,ITA US 10/16/26 C245 Equity,2026-06-16,12.65,8.65,8.776617448904148,8.65,8.776617448904148,5.530673999450233,6.171434839266913,7.247017,6.120466500690478,2026-06
2026-06-09,ITA US 12/18/26 C230 Equity,2026-06-16,24.35,18.85,18.28584702897021,18.85,18.28584702897021,14.779612684764619,14.995411326405549,16.603241,16.371391170856224,2026-06
2026-06-09,ITA US 01/15/27 C245 Equity,2026-06-16,17.7,13.7,12.886064716880794,13.7,12.886064716880794,10.340967264367668,11.13230754706828,11.550272,11.412263352635645,2026-06
2026-06-10,ITA US 12/18/26 C235 Equity,2026-06-17,23.4,14.600000000000001,13.555400996943735,14.600000000000001,13.555400996943735,10.469237561265807,10.996911216116802,12.183871,12.180541142278452,2026-06
2026-06-10,ITA US 10/16/26 C245 Equity,2026-06-17,14.5,7.7,7.202492323726973,7.7,7.202492323726973,5.0922275773617205,5.40976809137759,6.1859083,5.54825815181867,2026-06
2026-06-10,ITA US 01/15/27 C250 Equity,2026-06-17,16.95,10.9,9.851290809760748,10.9,9.851290809760748,7.118083891113457,7.55431238283261,8.487225,8.504486685717678,2026-06
2026-06-10,ITA US 12/18/26 C230 Equity,2026-06-17,26.4,16.55,15.43570217648655,16.55,15.43570217648655,12.288694213172908,12.94373761053905,14.30367,14.168252025712096,2026-06
2026-06-10,ITA US 01/15/27 C230 Equity,2026-06-17,27.85,17.85,16.549612959791332,17.85,16.549612959791332,13.364550613782132,13.873172311406279,14.609064,15.336362833742005,2026-06
2026-06-10,ITA US 12/18/26 C245 Equity,2026-06-17,18.25,11.0,10.088875889303822,11.0,10.088875889303822,7.689390348831683,8.195126641451598,9.409971,8.804295087828638,2026-06
2026-06-10,ITA US 07/17/26 C250 Equity,2026-06-17,4.7,1.225,0.8167560570837301,1.225,0.8167560570837301,-1.1418688901559584,-1.3364751636500163,1.60308,-1.2254671442698606,2026-06
2026-06-10,ITA US 10/16/26 C235 Equity,2026-06-17,20.0,11.2,10.749590409555324,11.2,10.749590409555324,7.879921299238478,8.240149931487679,8.591297,8.736578078288419,2026-06
2026-06-10,ITA US 12/18/26 C250 Equity,2026-06-17,16.0,9.65,8.6820271093714,9.65,8.6820271093714,5.984044127780819,6.496209838966997,8.251924,7.408357409682784,2026-06
2026-06-10,ITA US 10/16/26 C250 Equity,2026-06-17,12.25,6.65,6.0412699681689315,6.65,6.0412699681689315,3.4808191033917595,3.912805464003183,5.093089,4.364394345692753,2026-06
2026-06-10,ITA US 10/16/26 C255 Equity,2026-06-17,10.15,5.35,4.821532216344796,5.35,4.821532216344796,2.560662716505119,2.8974754902287874,4.089255,3.1699020354854053,2026-06
2026-06-10,ITA US 10/16/26 C240 Equity,2026-06-17,16.799999999999997,9.4,8.693480056973092,9.4,8.693480056973092,5.945945107356723,6.351956200086765,7.492985,6.961897715124189,2026-06
2026-06-10,ITA US 01/15/27 C245 Equity,2026-06-17,19.55,12.2,11.089835722909035,12.2,11.089835722909035,8.666686611887279,9.362544733727534,9.944099,9.916368959848576,2026-06
2026-06-10,ITA US 01/15/27 C235 Equity,2026-06-17,24.75,15.8,14.621409391810264,15.8,14.621409391810264,11.409398427057573,11.954078554437205,12.989706,13.33657807828842,2026-06
2026-06-10,ITA US 01/15/27 C240 Equity,2026-06-17,22.2,13.899999999999999,12.834649849917176,13.899999999999999,12.834649849917176,10.049737996478303,10.544131317833681,10.940096,11.549823843104248,2026-06
2026-06-10,ITA US 10/16/26 C230 Equity,2026-06-17,22.9,13.45,12.620584364793926,13.45,12.620584364793926,9.712650592444591,10.183721137716486,10.420545,11.068252025712095,2026-06
2026-06-10,ITA US 07/17/26 C230 Equity,2026-06-17,15.65,6.6,5.689004042532485,6.6,5.689004042532485,5.572184699872954,4.981712447145325,6.2894726,4.108344365737018,2026-06
2026-06-10,ITA US 12/18/26 C240 Equity,2026-06-17,20.7,12.55,11.678302140246386,12.55,11.678302140246386,9.132900002781536,9.65493631549274,10.784342,10.353694567069358,2026-06
2026-06-11,ITA US 01/15/27 C250 Equity,2026-06-18,15.85,14.05,13.926637852779573,14.05,13.926637852779573,11.38475999747948,11.999599326789873,13.068907,11.968427689526058,2026-06
2026-06-11,ITA US 01/15/27 C235 Equity,2026-06-18,22.55,20.549999999999997,20.83636645341433,20.549999999999997,20.83636645341433,16.859621205359034,16.86539007779687,17.51423,18.215394835364627,2026-06
2026-06-11,ITA US 10/16/26 C245 Equity,2026-06-18,12.65,11.05,11.167525819403352,11.05,11.167525819403352,8.572001614740346,9.27866058278843,9.762119,8.901493193640466,2026-06
2026-06-11,ITA US 01/15/27 C245 Equity,2026-06-18,17.85,15.85,16.00976426193148,15.85,16.00976426193148,12.595712495827643,13.284835911742851,14.513566,13.657530129650434,2026-06
2026-06-11,ITA US 12/18/26 C245 Equity,2026-06-18,16.55,14.600000000000001,14.618751093307418,14.600000000000001,14.618751093307418,11.707890822148611,12.400413249438738,13.588079,12.473474725635482,2026-06
2026-06-11,ITA US 10/16/26 C255 Equity,2026-06-18,9.0,7.8500000000000005,7.727568648681592,7.8500000000000005,7.727568648681592,5.887551016196657,6.81232434606458,6.703256,5.920746701911918,2026-06
2026-06-11,ITA US 10/16/26 C250 Equity,2026-06-18,10.65,9.100000000000001,9.175730051505552,9.100000000000001,9.175730051505552,6.80208510966843,7.563020870816001,8.537181,6.996446157531043,2026-06
2026-06-11,ITA US 12/18/26 C250 Equity,2026-06-18,14.25,12.7,12.650092025314283,12.7,12.650092025314283,9.886464887373009,10.713574431998994,12.364616,10.640409221521072,2026-06
2026-06-11,ITA US 12/18/26 C240 Equity,2026-06-18,18.4,16.85,16.92948691565915,16.85,16.92948691565915,13.228545280840265,13.855366790796001,15.774999,14.631860041420754,2026-06
2026-06-11,ITA US 10/16/26 C230 Equity,2026-06-18,19.95,18.4,18.6045881564837,18.4,18.6045881564837,15.671880464682976,15.706447204587736,15.773876,16.099746301851876,2026-06
2026-06-11,ITA US 01/15/27 C240 Equity,2026-06-18,20.15,18.200000000000003,18.426328111703086,18.200000000000003,18.426328111703086,14.773255006557624,15.272060692470674,16.16628,15.91591544543571,2026-06
2026-06-11,ITA US 10/16/26 C240 Equity,2026-06-18,14.6,13.05,13.236698477424449,13.05,13.236698477424449,10.268731904580406,10.674755362837152,11.857575,10.787896977430723,2026-06
2026-06-11,ITA US 10/16/26 C235 Equity,2026-06-18,17.450000000000003,15.5,15.899203911491915,15.5,15.899203911491915,12.923421476319186,12.765361827008693,13.54102,13.187376367359644,2026-06
2026-06-11,ITA US 12/18/26 C235 Equity,2026-06-18,21.1,19.4,19.533803699861636,19.4,19.533803699861636,15.89653044280885,15.894689738704324,17.447662,17.087376367359642,2026-06
2026-06-11,ITA US 12/18/26 C230 Equity,2026-06-18,23.8,21.9,22.193159456037684,21.9,22.193159456037684,18.414921459230555,18.55143016562466,18.827215,19.511820173871815,2026-06
2026-06-11,ITA US 01/15/27 C230 Equity,2026-06-18,25.2,23.35,23.750372129188325,23.35,23.750372129188325,19.725867737166226,19.768236510352477,19.73596,20.939838641876804,2026-06
2026-06-12,ITA US 01/15/27 C245 Equity,2026-06-22,15.75,15.3,14.67818081155213,15.3,14.67818081155213,12.995438132219126,12.567549674432433,12.702812,13.320001992582869,2026-06
2026-06-12,ITA US 12/18/26 C230 Equity,2026-06-22,21.4,21.05,20.34854501626336,21.05,20.34854501626336,18.122293681786868,17.373054087286896,17.416319,18.832276198484735,2026-06
2026-06-12,ITA US 10/16/26 C245 Equity,2026-06-22,10.8,10.75,10.29424208265998,10.75,10.29424208265998,8.891021929403749,8.385394797725628,8.27804,8.704057396597813,2026-06
2026-06-12,ITA US 01/15/27 C250 Equity,2026-06-22,14.1,13.350000000000001,12.662890392726444,13.350000000000001,12.662890392726444,11.571473815682111,11.148735299710566,11.021354,11.45832087125785,2026-06
2026-06-12,ITA US 12/18/26 C240 Equity,2026-06-22,16.75,16.3,15.5961549820754,16.3,15.5961549820754,13.535049207488726,13.142316128196697,14.100578,14.250990870785682,2026-06
2026-06-12,ITA US 01/15/27 C240 Equity,2026-06-22,18.05,17.5,16.738177541925833,17.5,16.738177541925833,14.671112686490856,14.272669972254333,14.468941,15.40702780679565,2026-06
2026-06-12,ITA US 10/16/26 C230 Equity,2026-06-22,18.05,17.4,16.982629897250675,17.4,16.982629897250675,15.168473122353413,14.280427719705987,14.7053175,15.16029466648971,2026-06
2026-06-12,ITA US 10/16/26 C235 Equity,2026-06-22,14.95,14.850000000000001,14.414545512191465,14.850000000000001,14.414545512191465,12.500330009066857,11.789063388436418,11.880937,12.707155696526772,2026-06
2026-06-12,ITA US 10/16/26 C250 Equity,2026-06-22,9.1,9.25,8.694039180466342,9.25,8.694039180466342,7.569261949924814,7.134652793713143,7.5905347,7.2703947432777785,2026-06
2026-06-12,ITA US 12/18/26 C250 Equity,2026-06-22,12.45,12.35,11.559922290700214,12.35,11.559922290700214,9.90443912642478,9.608344757279674,10.552456,10.326431679287758,2026-06
2026-06-12,ITA US 12/18/26 C235 Equity,2026-06-22,18.95,18.45,17.872919221712536,18.45,17.872919221712536,15.531214003191467,15.015586495206653,15.52451,16.35111876051681,2026-06
2026-06-12,ITA US 10/16/26 C255 Equity,2026-06-22,7.45,7.699999999999999,7.159857994622131,7.699999999999999,7.159857994622131,6.3650814542310155,5.9270348384282885,6.3291564,5.806195428088875,2026-06
2026-06-12,ITA US 10/16/26 C240 Equity,2026-06-22,12.75,12.75,12.298829369252395,12.75,12.298829369252395,10.758318229331907,10.161898865677461,9.998115,10.635046274800626,2026-06
2026-06-15,ITA US 10/16/26 C250 Equity,2026-06-23,8.5,10.0,9.149991574608205,10.0,9.149991574608205,6.690875946045809,6.93198941070538,7.2173333,7.341336663274973,2026-06
2026-06-15,ITA US 12/18/26 C230 Equity,2026-06-23,21.6,23.1,21.696540350681015,23.1,21.696540350681015,18.61522928489652,18.60836432958718,17.536423,20.418951130297465,2026-06
2026-06-15,ITA US 10/16/26 C255 Equity,2026-06-23,7.05,7.8,6.907782090278549,7.8,6.907782090278549,4.792708496100735,4.9861201404926705,5.7371616,5.162113272562749,2026-06
2026-06-15,ITA US 12/18/26 C240 Equity,2026-06-23,16.2,18.049999999999997,16.791034662241074,18.049999999999997,16.791034662241074,13.83836363965714,14.097934708785607,13.942835,15.62771813273191,2026-06
2026-06-15,ITA US 10/16/26 C230 Equity,2026-06-23,17.5,19.4,18.469674493755175,19.4,18.469674493755175,16.230050671728698,16.035464700951174,15.136165,16.718951130297462,2026-06
2026-06-15,ITA US 01/15/27 C240 Equity,2026-06-23,18.25,19.65,18.46413161065541,19.65,18.46413161065541,15.336834233883295,15.543068771922595,14.3439865,17.09582894076182,2026-06
2026-06-15,ITA US 12/18/26 C235 Equity,2026-06-23,18.950000000000003,20.700000000000003,19.282291772546774,20.700000000000003,19.282291772546774,16.103874324147935,15.934803250086524,15.084556,17.963027156617983,2026-06
2026-06-15,ITA US 01/15/27 C245 Equity,2026-06-23,16.05,17.15,15.905591412271994,17.15,15.905591412271994,12.695020052810571,12.981011796302134,12.863173,14.533948883844612,2026-06
2026-06-15,ITA US 12/18/26 C250 Equity,2026-06-23,11.75,12.75,12.157152856385947,12.75,12.157152856385947,9.098532575565015,9.370560195202367,10.151297,10.113318195269988,2026-06
2026-06-15,ITA US 01/15/27 C250 Equity,2026-06-23,14.15,15.0,13.782876277788876,15.0,13.782876277788876,11.708603818812579,12.017405942109319,11.767137,12.693041175195217,2026-06
2026-06-15,ITA US 10/16/26 C245 Equity,2026-06-23,10.25,11.850000000000001,10.78300005079104,11.850000000000001,10.78300005079104,8.295955876062674,8.421492044499882,8.574964,9.233948883844615,2026-06
2026-06-15,ITA US 10/16/26 C240 Equity,2026-06-23,12.45,14.350000000000001,13.451033589079223,14.350000000000001,13.451033589079223,10.471104280962443,10.486197015721748,10.498408,11.66393974879173,2026-06
2026-06-15,ITA US 10/16/26 C235 Equity,2026-06-23,14.9,16.549999999999997,15.419608420406798,16.549999999999997,15.419608420406798,13.067282413842715,12.732609063054394,12.446215,13.922934816593056,2026-06
2026-06-16,ITA US 10/16/26 C255 Equity,2026-06-24,7.550000000000001,9.0,8.348865419113052,9.0,8.348865419113052,4.671869724754405,4.8032411629074865,6.455598,5.475443671980045,2026-06
2026-06-16,ITA US 01/15/27 C250 Equity,2026-06-24,14.0,15.65,14.834225611283088,15.65,14.834225611283088,11.422857726446914,11.701577550922654,11.619975,12.477812523954107,2026-06
2026-06-16,ITA US 12/18/26 C240 Equity,2026-06-24,16.85,18.75,17.940885988496063,18.75,17.940885988496063,12.91943879947221,13.189464063669607,13.3819685,15.219543891407108,2026-06
2026-06-16,ITA US 01/15/27 C230 Equity,2026-06-24,23.45,25.9,25.15057052393469,25.9,25.15057052393469,19.914713034181347,19.896358230489643,19.124338,22.10952826056122,2026-06
2026-06-16,ITA US 12/18/26 C250 Equity,2026-06-24,12.6,14.100000000000001,13.401227894630651,14.100000000000001,13.401227894630651,9.61028555680597,9.797896757139887,9.653298,10.773941799989,2026-06
2026-06-16,ITA US 10/16/26 C235 Equity,2026-06-24,15.1,17.4,16.63723734696819,17.4,16.63723734696819,12.665912264663975,12.492992202082773,12.812998,13.861983332298644,2026-06
2026-06-16,ITA US 10/16/26 C250 Equity,2026-06-24,9.2,10.350000000000001,9.79998102810307,10.350000000000001,9.79998102810307,6.101833938975465,6.187594171576636,7.0987067,6.914034140013925,2026-06
2026-06-16,ITA US 01/15/27 C245 Equity,2026-06-24,16.0,17.7,16.91026189928667,17.7,16.91026189928667,12.464036359500096,12.64468355017996,12.871315,14.262120649342005,2026-06
2026-06-16,ITA US 10/16/26 C240 Equity,2026-06-24,13.15,14.95,14.367764591662223,14.95,14.367764591662223,10.486941028125212,10.402295931504225,10.5985985,11.50747001938717,2026-06
2026-06-16,ITA US 10/16/26 C245 Equity,2026-06-24,10.45,12.65,12.046951405002,12.65,12.046951405002,7.891389538397041,7.970948233409046,8.739051,9.058249925376904,2026-06
2026-06-16,ITA US 12/18/26 C230 Equity,2026-06-24,21.85,24.35,23.603653498926388,24.35,23.603653498926388,18.80101135041491,18.895744887947302,18.432653,20.75736204851636,2026-06
2026-06-16,ITA US 10/16/26 C230 Equity,2026-06-24,18.200000000000003,20.6,20.068296722578793,20.6,20.068296722578793,15.947078577159969,15.992458282818946,14.749034,17.073306644501404,2026-06
2026-06-16,ITA US 01/15/27 C235 Equity,2026-06-24,20.65,22.7,21.792571362062994,22.7,21.792571362062994,17.364391199790987,17.3487228689011,16.67201,19.16198333229864,2026-06
2026-06-16,ITA US 12/18/26 C235 Equity,2026-06-24,19.15,21.4,20.32644056255392,21.4,20.32644056255392,16.149396200501457,16.08725677149631,15.593533,17.861983332298642,2026-06
2026-06-16,ITA US 12/18/26 C245 Equity,2026-06-24,14.75,16.25,15.43538120666642,16.25,15.43538120666642,11.409712396906457,11.495700219161723,11.456209,12.834102181337027,2026-06
2026-06-16,ITA US 01/15/27 C240 Equity,2026-06-24,18.15,20.1,19.30560117878653,20.1,19.30560117878653,14.776276284491326,15.030067306968691,14.34507,16.679451551382186,2026-06
2026-06-17,ITA US 10/16/26 C235 Equity,2026-06-25,17.5,20.0,19.232364130140503,20.0,19.232364130140503,13.380958773451889,13.53426950168766,16.114122,15.154412800108432,2026-06
2026-06-17,ITA US 10/16/26 C240 Equity,2026-06-25,14.75,16.799999999999997,16.145403507107112,16.799999999999997,16.145403507107112,10.300499374370517,10.302316740032882,13.336959,11.896971249611056,2026-06
2026-06-17,ITA US 10/16/26 C245 Equity,2026-06-25,12.55,14.5,13.779678862069494,14.5,13.779678862069494,8.145281365085893,8.498878254038894,10.9985895,9.75639662107841,2026-06
2026-06-17,ITA US 10/16/26 C255 Equity,2026-06-25,8.55,10.15,9.486693253174534,10.15,9.486693253174534,4.961557007199847,5.382098859764319,7.8005924,5.563218175750846,2026-06
2026-06-17,ITA US 01/15/27 C230 Equity,2026-06-25,25.85,27.85,26.688885190209287,27.85,26.688885190209287,20.531570928124246,20.832235860179082,22.40819,22.948808052278274,2026-06
2026-06-17,ITA US 12/18/26 C230 Equity,2026-06-25,24.55,26.4,25.27614175607933,26.4,25.27614175607933,18.834797221982036,19.28029063236488,20.20062,21.432863456293227,2026-06
2026-06-17,ITA US 01/15/27 C240 Equity,2026-06-25,20.0,22.2,21.137534107407195,22.2,21.137534107407195,15.094500091920665,15.309133628843492,16.580061,17.38489737759112,2026-06
2026-06-17,ITA US 12/18/26 C240 Equity,2026-06-25,18.65,20.7,19.695001518053147,20.7,19.695001518053147,13.355462608953767,13.50008755251543,15.399478,15.840934313601089,2026-06
2026-06-17,ITA US 01/15/27 C235 Equity,2026-06-25,22.5,24.75,23.8114957154664,24.75,23.8114957154664,17.59544539500601,17.9935215494406,19.66018,19.92639433210345,2026-06
2026-06-17,ITA US 12/18/26 C245 Equity,2026-06-25,16.25,18.25,17.164513822277947,18.25,17.164513822277947,10.797585304382853,11.346058038499885,13.961292,13.440452025093364,2026-06
2026-06-17,ITA US 10/16/26 C250 Equity,2026-06-25,10.2,12.25,11.551499466335292,12.25,11.551499466335292,6.15748853669032,6.595758194231932,9.344043,7.597104096575892,2026-06
2026-06-17,ITA US 12/18/26 C235 Equity,2026-06-25,21.6,23.4,22.574929148700164,23.4,22.574929148700164,16.030578454266035,16.375818938593504,18.091763,18.46648667212837,2026-06
2026-06-17,ITA US 01/15/27 C245 Equity,2026-06-25,17.4,19.55,18.463416160880104,19.55,18.463416160880104,12.442252438568467,12.968537747409318,15.310612,14.872341217063457,2026-06
2026-06-17,ITA US 01/15/27 C250 Equity,2026-06-25,15.25,16.95,15.799010844228672,16.95,15.799010844228672,9.946847189391411,10.54023905375091,13.48021,12.12125184061577,2026-06
2026-06-17,ITA US 10/16/26 C230 Equity,2026-06-25,20.7,22.9,22.17326049526316,22.9,22.17326049526316,16.282934678042693,16.585232680333647,16.831203,17.888900392303196,2026-06
2026-06-17,ITA US 12/18/26 C250 Equity,2026-06-25,13.95,16.0,14.929537434468594,16.0,14.929537434468594,9.532910025677584,10.280194686673855,12.302144,11.413048692560938,2026-06
