date,contract,target_date,target_t1,naive_forecast,crr_forecast,pred_naive_random_walk,pred_crr_binomial_roll-down,pred_ols,pred_ridge,pred_xgboost,pred_elasticnet_delta,origem
2026-03-02,ITA US 10/16/26 C255 Equity,2026-03-09,14.700000000000001,19.0,18.486246503449497,19.0,18.486246503449497,21.092880340101495,18.49661805776617,19.61203,19.11287334898366,2026-03
2026-03-02,ITA US 10/16/26 C235 Equity,2026-03-09,24.15,30.2,29.79196763938928,30.2,29.79196763938928,29.714312456999405,25.814982527823563,26.755829,27.382936452311608,2026-03
2026-03-02,ITA US 10/16/26 C230 Equity,2026-03-09,27.0,33.65,33.25431187317403,33.65,33.25431187317403,32.4848298323344,28.496285362601814,27.380096,29.998911749627386,2026-03
2026-03-02,ITA US 12/18/26 C240 Equity,2026-03-09,24.55,29.549999999999997,29.04053163808926,29.549999999999997,29.04053163808926,28.891912048010084,28.047353902656788,26.814354,29.407842352761776,2026-03
2026-03-02,ITA US 07/17/26 C250 Equity,2026-03-09,11.899999999999999,16.3,15.912971255375146,16.3,15.912971255375146,19.222579292723957,17.617940019951455,16.631556,17.79896166740769,2026-03
2026-03-02,ITA US 12/18/26 C235 Equity,2026-03-09,27.1,32.65,32.14761226242915,32.65,32.14761226242915,31.287080896818182,30.092036238486145,27.656073,31.435969224047167,2026-03
2026-03-02,ITA US 10/16/26 C240 Equity,2026-03-09,21.5,27.05,26.606717096072085,27.05,26.606717096072085,27.488335210377926,23.823719563364826,24.620037,25.35442992141149,2026-03
2026-03-02,ITA US 07/17/26 C230 Equity,2026-03-09,22.450000000000003,29.15,28.941181744500888,29.15,28.941181744500888,28.438381143877926,27.591648277478434,24.292213,27.874223421838128,2026-03
2026-03-02,ITA US 07/17/26 C280 Equity,2026-03-09,3.9499999999999997,5.75,5.391086204309179,5.75,5.391086204309179,5.5637648515036595,8.415893402910925,7.144942,6.691342041751822,2026-03
2026-03-02,ITA US 10/16/26 C245 Equity,2026-03-09,18.9,24.25,23.75579585700091,24.25,23.75579585700091,25.286170346178434,23.88777304466516,23.815702,24.71603156255345,2026-03
2026-03-02,ITA US 12/18/26 C250 Equity,2026-03-09,19.85,23.4,23.56193208011563,23.4,23.56193208011563,24.76632371569024,24.369670948171525,22.216099,25.234936487002702,2026-03
2026-03-02,ITA US 12/18/26 C230 Equity,2026-03-09,30.35,36.2,35.71786185325815,36.2,35.71786185325815,34.30368777274003,32.24185584303524,27.983513,33.906102374277296,2026-03
2026-03-02,ITA US 10/16/26 C250 Equity,2026-03-09,16.5,21.450000000000003,21.027442345439837,21.450000000000003,21.027442345439837,23.950658283469622,21.26333516897067,22.379263,22.227347698707195,2026-03
2026-03-02,ITA US 12/18/26 C245 Equity,2026-03-09,21.75,26.1,25.46988310516173,26.1,25.46988310516173,26.604469809712686,24.70176952994916,25.020166,26.367249740284144,2026-03
2026-03-03,ITA US 10/16/26 C255 Equity,2026-03-10,14.15,16.35,15.51347652568757,16.35,15.51347652568757,16.003594154671962,15.400085139460813,17.368765,15.633376932697285,2026-03
2026-03-03,ITA US 10/16/26 C240 Equity,2026-03-10,20.4,23.8,23.014585128629303,23.8,23.014585128629303,22.7074153193097,21.38695497217431,25.042334,22.24763353730019,2026-03
2026-03-03,ITA US 12/18/26 C230 Equity,2026-03-10,28.75,32.45,31.811936142765067,32.45,31.811936142765067,28.220197225040792,29.42778761808129,28.794586,30.23980396463342,2026-03
2026-03-03,ITA US 12/18/26 C235 Equity,2026-03-10,26.15,29.05,28.64260410999524,29.05,28.64260410999524,26.244418714265656,27.1777296588333,28.665668,27.979231751444726,2026-03
2026-03-03,ITA US 12/18/26 C250 Equity,2026-03-10,19.15,20.4,19.635763346029734,20.4,19.635763346029734,17.859082157887215,19.48926569043374,20.185928,21.24674403007178,2026-03
2026-03-03,ITA US 10/16/26 C245 Equity,2026-03-10,18.049999999999997,21.1,20.18933126180424,21.1,20.18933126180424,20.681220740191673,20.514825293134088,23.291763,21.612736703528437,2026-03
2026-03-03,ITA US 12/18/26 C240 Equity,2026-03-10,23.55,26.05,25.59441632413436,26.05,25.59441632413436,23.901945315655965,25.490330702992253,26.60625,26.06033202036986,2026-03
2026-03-03,ITA US 10/16/26 C235 Equity,2026-03-10,23.1,26.8,26.12381848112806,26.8,26.12381848112806,24.267097175199325,23.677575194883044,27.046144,24.41477825677852,2026-03
2026-03-03,ITA US 07/17/26 C250 Equity,2026-03-10,11.25,13.7,13.528590514607718,13.7,13.528590514607718,14.11097045102882,14.546930953408323,15.632509,14.368145416032881,2026-03
2026-03-03,ITA US 10/16/26 C230 Equity,2026-03-10,25.75,29.85,29.274684750211506,29.85,29.274684750211506,26.18555246934627,25.565629827308758,27.802036,26.36406602773742,2026-03
2026-03-03,ITA US 10/16/26 C250 Equity,2026-03-10,16.1,18.55,17.68339335784077,18.55,17.68339335784077,16.856081656112945,18.53481104763023,20.061848,19.049512840678915,2026-03
2026-03-03,ITA US 07/17/26 C295 Equity,2026-03-10,1.875,2.575,2.2938145138802946,2.575,2.2938145138802946,4.050722640249679,4.025703000729843,3.1653876,2.8913660033098374,2026-03
2026-03-03,ITA US 12/18/26 C245 Equity,2026-03-10,21.2,23.3,23.10440511489461,23.3,23.10440511489461,22.20895602374879,22.425324697827236,23.712214,23.739464723820795,2026-03
2026-03-03,ITA US 07/17/26 C230 Equity,2026-03-10,21.15,25.4,25.0432931892309,25.4,25.0432931892309,22.45955942343393,24.828752026107672,24.103195,24.300557335546536,2026-03
2026-03-03,ITA US 07/17/26 C280 Equity,2026-03-10,3.625,4.5,4.137638964664254,4.5,4.137638964664254,4.924757167180346,5.264391959373606,5.3871026,4.692387588287826,2026-03
2026-03-04,ITA US 07/17/26 C280 Equity,2026-03-11,3.375,4.800000000000001,4.4748508049932125,4.800000000000001,4.4748508049932125,3.155859384362481,5.235003168253506,4.8755045,4.517131851526585,2026-03
2026-03-04,ITA US 12/18/26 C250 Equity,2026-03-11,18.2,22.4,21.8254245130253,22.4,21.8254245130253,20.12541698381087,21.358349544147487,21.352554,23.17960063199714,2026-03
2026-03-04,ITA US 10/16/26 C230 Equity,2026-03-11,24.8,30.85,30.243631739896944,30.85,30.243631739896944,26.099964881335936,25.602545116991685,27.465366,26.706414764843267,2026-03
2026-03-04,ITA US 12/18/26 C245 Equity,2026-03-11,21.0,24.450000000000003,23.545936231613577,24.450000000000003,23.545936231613577,22.285882327463224,22.580998193404184,22.996943,24.330925704037917,2026-03
2026-03-04,ITA US 10/16/26 C250 Equity,2026-03-11,15.3,19.1,18.55735506736411,19.1,18.55735506736411,15.922349724021238,18.603274405573536,20.552542,19.409565539723225,2026-03
2026-03-04,ITA US 10/16/26 C245 Equity,2026-03-11,17.4,21.45,20.92104818163736,21.45,20.92104818163736,20.219952208237622,19.841769664872103,22.794014,21.122196183610384,2026-03
2026-03-04,ITA US 10/16/26 C240 Equity,2026-03-11,19.8,24.15,23.626582916117627,24.15,23.626582916117627,21.500720857697722,20.928182961684513,24.510506,21.87944558997962,2026-03
2026-03-04,ITA US 12/18/26 C240 Equity,2026-03-11,22.549999999999997,26.7,26.029563233711404,26.7,26.029563233711404,23.397650749650698,24.201281189383238,25.535238,25.768980350863576,2026-03
2026-03-04,ITA US 07/17/26 C295 Equity,2026-03-11,1.8250000000000002,2.575,2.3982823377221427,2.575,2.3982823377221427,1.4094998520458866,3.8567068586420152,2.5230978,2.566259900508456,2026-03
2026-03-04,ITA US 07/17/26 C250 Equity,2026-03-11,10.25,13.9,13.710431473735634,13.9,13.710431473735634,13.276456243498725,13.719274955096203,14.524878,14.16732999170708,2026-03
2026-03-04,ITA US 12/18/26 C235 Equity,2026-03-11,25.1,30.45,29.615930057703785,30.45,29.615930057703785,26.916817256142114,27.473263105475127,28.175632,28.705098271377786,2026-03
2026-03-04,ITA US 10/16/26 C255 Equity,2026-03-11,13.5,16.55,15.708270897530879,16.55,15.708270897530879,14.731477867774984,14.989309926668478,17.508001,15.435208243116236,2026-03
2026-03-04,ITA US 10/16/26 C235 Equity,2026-03-11,22.2,27.15,26.649473739654898,27.15,26.649473739654898,23.072768657971388,22.687201713122846,25.49667,23.923189783365455,2026-03
2026-03-04,ITA US 12/18/26 C230 Equity,2026-03-11,28.45,33.65,32.59912434040848,33.65,32.59912434040848,28.45492826590247,28.955988513866394,28.050795,30.72598571137395,2026-03
2026-03-04,ITA US 07/17/26 C230 Equity,2026-03-11,20.4,26.35,26.221606264324848,26.35,26.221606264324848,22.9985668534894,24.140851076600953,22.6245,24.37471006372181,2026-03
2026-03-05,ITA US 07/17/26 C295 Equity,2026-03-12,1.4,1.8250000000000002,1.7334901351651344,1.8250000000000002,1.7334901351651344,1.2041570771972907,1.9303247369758392,3.6644146,1.659267601548743,2026-03
2026-03-05,ITA US 07/17/26 C230 Equity,2026-03-12,15.7,20.799999999999997,20.81277228606279,20.799999999999997,20.81277228606279,17.69508672427903,20.319942085066426,19.676184,19.881994353420854,2026-03
2026-03-05,ITA US 12/18/26 C230 Equity,2026-03-12,23.7,29.2,28.514967505932635,29.2,28.514967505932635,24.63688104612629,27.056428180414812,27.857788,27.45917075823459,2026-03
2026-03-05,ITA US 12/18/26 C250 Equity,2026-03-12,15.2,18.95,17.765904178415415,18.95,17.765904178415415,16.283066465965298,19.483089941395885,18.56956,19.77708316771403,2026-03
2026-03-05,ITA US 10/16/26 C255 Equity,2026-03-12,10.65,13.75,13.241625400669962,13.75,13.241625400669962,11.537991006310502,12.900047546778211,14.029011,12.529443949675958,2026-03
2026-03-05,ITA US 12/18/26 C245 Equity,2026-03-12,17.15,21.1,20.115179240757314,21.1,20.115179240757314,18.094813162179886,20.91873507808831,21.369274,21.337372860006674,2026-03
2026-03-05,ITA US 07/17/26 C250 Equity,2026-03-12,7.45,11.7,11.463747252690894,11.7,11.463747252690894,10.481760862099076,13.371613846820646,12.026651,12.203362837523914,2026-03
2026-03-05,ITA US 10/16/26 C235 Equity,2026-03-12,18.25,22.9,22.49937152968342,22.9,22.49937152968342,19.46095658437036,20.33999714014521,23.597172,20.8299314709448,2026-03
2026-03-05,ITA US 12/18/26 C235 Equity,2026-03-12,21.25,26.2,25.48927707456596,26.2,25.48927707456596,22.77044695846738,25.247096396772143,26.309132,25.56022226577032,2026-03
2026-03-05,ITA US 10/16/26 C245 Equity,2026-03-12,13.850000000000001,18.25,17.30810074627175,18.25,17.30810074627175,16.223716444841788,17.95177957440492,19.558163,18.395192190360344,2026-03
2026-03-05,ITA US 10/16/26 C250 Equity,2026-03-12,12.4,15.7,15.055700403335646,15.7,15.055700403335646,12.49623172670604,15.932161438407979,17.051842,15.957654733998147,2026-03
2026-03-05,ITA US 10/16/26 C230 Equity,2026-03-12,20.6,26.25,25.591773240343592,26.25,25.591773240343592,21.786080556114324,23.03033492063897,26.026499,23.187339880979653,2026-03
2026-03-05,ITA US 12/18/26 C240 Equity,2026-03-12,19.15,23.6,22.829769697596486,23.6,22.829769697596486,21.280293373725108,23.228265769634767,23.091488,24.04624443334291,2026-03
2026-03-05,ITA US 07/17/26 C280 Equity,2026-03-12,2.575,3.575,3.2965898367421778,3.575,3.2965898367421778,2.803899326475044,3.228911469362256,5.1850514,3.24592026130054,2026-03
2026-03-05,ITA US 10/16/26 C240 Equity,2026-03-12,15.95,20.55,19.795881571340583,20.55,19.795881571340583,18.886066554983774,19.106143926939023,22.124916,19.49199090234187,2026-03
2026-03-06,ITA US 10/16/26 C235 Equity,2026-03-13,17.3,24.25,23.644918007503556,24.25,23.644918007503556,22.60743288197524,21.846890155315275,23.933813,22.479199123059768,2026-03
2026-03-06,ITA US 07/17/26 C250 Equity,2026-03-13,7.85,12.05,11.547096508436107,12.05,11.547096508436107,11.956056712922859,13.765435769936978,11.051961,13.00013477169139,2026-03
2026-03-06,ITA US 10/16/26 C240 Equity,2026-03-13,15.1,21.4,20.611435886194897,21.4,20.611435886194897,20.81184269587901,20.35396871803055,22.359827,20.77474590204577,2026-03
2026-03-06,ITA US 12/18/26 C250 Equity,2026-03-13,14.45,20.0,18.926943609645406,20.0,18.926943609645406,19.312040915210513,21.069036338086306,19.345337,21.38464915078341,2026-03
2026-03-06,ITA US 10/16/26 C245 Equity,2026-03-13,13.05,18.9,18.54821619985509,18.9,18.54821619985509,19.299909966640207,19.486742858573304,20.954178,19.60402382786208,2026-03
2026-03-06,ITA US 10/16/26 C230 Equity,2026-03-13,20.05,27.15,26.301676430806356,27.15,26.301676430806356,24.24064614199109,23.648653035576622,25.206156,24.280210950462394,2026-03
2026-03-06,ITA US 07/17/26 C230 Equity,2026-03-13,15.149999999999999,22.4,22.134501264624205,22.4,22.134501264624205,21.143391339163905,21.53767375122917,19.771593,21.717331844794277,2026-03
2026-03-06,ITA US 10/16/26 C250 Equity,2026-03-13,11.5,16.95,16.19183897530662,16.95,16.19183897530662,16.35222853553255,17.560152554418025,18.418816,17.79975809810737,2026-03
2026-03-06,ITA US 12/18/26 C245 Equity,2026-03-13,15.9,21.95,21.24966699882005,21.95,21.24966699882005,21.32034838243464,22.13251724213806,22.470196,22.722299816049702,2026-03
2026-03-06,ITA US 12/18/26 C235 Equity,2026-03-13,20.25,27.35,26.315952035779283,27.35,26.315952035779283,25.856814566183797,25.83162613555678,26.223091,26.89252638409915,2026-03
2026-03-06,ITA US 07/17/26 C280 Equity,2026-03-13,2.4499999999999997,3.8499999999999996,3.608346333961272,3.8499999999999996,3.608346333961272,3.851838840153551,5.232272895019479,3.8626814,4.230437329935871,2026-03
2026-03-06,ITA US 10/16/26 C255 Equity,2026-03-13,9.850000000000001,14.700000000000001,14.074594155218689,14.700000000000001,14.074594155218689,14.603564137861486,14.349286813569968,13.240618,14.123598121968527,2026-03
2026-03-06,ITA US 07/17/26 C295 Equity,2026-03-13,1.775,2.65,1.7693640129391874,2.65,1.7693640129391874,1.7422799845358234,3.357027755512746,3.5216556,3.2023927189538717,2026-03
2026-03-06,ITA US 12/18/26 C230 Equity,2026-03-13,22.7,30.05,29.399876995281023,30.05,29.399876995281023,27.759348617483585,27.970958990027977,27.861286,28.571272394015562,2026-03
2026-03-06,ITA US 12/18/26 C240 Equity,2026-03-13,18.25,24.35,23.66872422910385,24.35,23.66872422910385,23.354812881774524,24.380792681879296,23.651218,24.989702338446627,2026-03
2026-03-09,ITA US 12/18/26 C245 Equity,2026-03-16,16.95,21.75,22.07247865987735,21.75,22.07247865987735,25.24224790075513,23.190847847714696,23.217556,22.542730088471068,2026-03
2026-03-09,ITA US 10/16/26 C255 Equity,2026-03-16,10.5,14.700000000000001,14.448274039277269,14.700000000000001,14.448274039277269,18.373171879024955,15.28640917598666,14.21609,14.045322162509255,2026-03
2026-03-09,ITA US 07/17/26 C250 Equity,2026-03-16,7.85,11.899999999999999,12.024407379846535,11.899999999999999,12.024407379846535,15.632423420798379,14.978696182796824,11.936537,12.965126126794864,2026-03
2026-03-09,ITA US 07/17/26 C295 Equity,2026-03-16,1.825,1.8250000000000002,1.7619790483696405,1.8250000000000002,1.7619790483696405,5.821390323766037,2.9935488053833748,4.168856,2.05700174428013,2026-03
2026-03-09,ITA US 10/16/26 C240 Equity,2026-03-16,16.3,21.5,21.423178774362807,21.5,21.423178774362807,24.44018951674324,21.717107348715388,23.479597,21.141540140631797,2026-03
2026-03-09,ITA US 10/16/26 C230 Equity,2026-03-16,20.75,27.0,27.036055729697015,27.0,27.036055729697015,27.72701797506643,24.623306620563728,25.786612,24.0725754111761,2026-03
2026-03-09,ITA US 12/18/26 C250 Equity,2026-03-16,14.75,19.85,19.502993933885417,19.85,19.502993933885417,23.14117017896053,21.882740686888454,20.020708,21.193902863366127,2026-03
2026-03-09,ITA US 10/16/26 C235 Equity,2026-03-16,18.45,24.15,24.063216359748957,24.15,24.063216359748957,26.369448769811306,22.87463905352756,25.249279,22.354125792227844,2026-03
2026-03-09,ITA US 10/16/26 C250 Equity,2026-03-16,12.3,16.5,16.4194487353673,16.5,16.4194487353673,19.873424003472465,18.126794106013044,18.582966,17.264744199178246,2026-03
2026-03-09,ITA US 07/17/26 C280 Equity,2026-03-16,2.5500000000000003,3.9499999999999997,3.896954856487562,3.9499999999999997,3.896954856487562,8.356300922065245,5.991965980354637,4.576177,4.2441533596328185,2026-03
2026-03-09,ITA US 10/16/26 C245 Equity,2026-03-16,14.2,18.9,18.729852375346717,18.9,18.729852375346717,23.13668288853112,20.205169404666933,21.597696,19.547551526084412,2026-03
2026-03-09,ITA US 12/18/26 C240 Equity,2026-03-16,19.05,24.55,24.70457687378035,24.55,24.70457687378035,27.44416916379248,25.547783700347054,24.820196,25.180755599111176,2026-03
2026-03-09,ITA US 12/18/26 C230 Equity,2026-03-16,24.1,30.35,29.98535501771799,30.35,29.98535501771799,31.31240738837613,29.125739268251507,28.43943,28.74530365744699,2026-03
2026-03-09,ITA US 07/17/26 C230 Equity,2026-03-16,16.2,22.450000000000003,22.94139488331779,22.450000000000003,22.94139488331779,25.014347979293,23.771729757456576,20.556353,21.864276620531545,2026-03
2026-03-09,ITA US 12/18/26 C235 Equity,2026-03-16,21.4,27.1,27.375657414499898,27.1,27.375657414499898,29.49050916219155,27.595378513742,26.26355,26.74472276032825,2026-03
2026-03-10,ITA US 10/16/26 C255 Equity,2026-03-17,10.899999999999999,14.15,13.40193289402674,14.15,13.40193289402674,15.821196556883518,11.62744357739304,13.628885,11.784313326754067,2026-03
2026-03-10,ITA US 10/16/26 C250 Equity,2026-03-17,12.45,16.1,15.418802258754702,16.1,15.418802258754702,17.987917042717292,14.55675364093931,17.447746,15.186349143818225,2026-03
2026-03-10,ITA US 07/17/26 C280 Equity,2026-03-17,3.125,3.625,3.211151917843905,3.625,3.211151917843905,6.166681532662841,2.606942008737196,4.3929257,2.2965999251300877,2026-03
2026-03-10,ITA US 12/18/26 C245 Equity,2026-03-17,17.15,21.2,20.41189562551285,21.2,20.41189562551285,23.038052087032145,19.062389875807437,20.932377,20.176097310999747,2026-03
2026-03-10,ITA US 07/17/26 C230 Equity,2026-03-17,15.8,21.15,20.482475156394013,21.15,20.482475156394013,22.18890840451307,18.487674217337098,19.744797,19.077685112426618,2026-03
2026-03-10,ITA US 10/16/26 C245 Equity,2026-03-17,14.35,18.049999999999997,17.280767489459052,18.049999999999997,17.280767489459052,19.860386629538787,16.05936939014042,19.397331,16.86777544376394,2026-03
2026-03-10,ITA US 12/18/26 C230 Equity,2026-03-17,24.25,28.75,28.118488385762177,28.75,28.118488385762177,27.97237469295949,24.37642296792878,27.698261,25.71904317605916,2026-03
2026-03-10,ITA US 07/17/26 C250 Equity,2026-03-17,7.65,11.25,10.609371583216447,11.25,10.609371583216447,13.616713592930491,10.862636782045357,11.053968,10.49543212789744,2026-03
2026-03-10,ITA US 07/17/26 C295 Equity,2026-03-17,1.825,1.875,1.5270885257771623,1.875,1.5270885257771623,3.3922835448103026,-1.2864238960199614,3.7210903,0.264240536462383,2026-03
2026-03-10,ITA US 12/18/26 C250 Equity,2026-03-17,15.9,19.15,18.930916611925294,19.15,18.930916611925294,20.51321561949709,18.30431739916309,18.841513,18.683340162196654,2026-03
2026-03-10,ITA US 12/18/26 C235 Equity,2026-03-17,21.4,26.15,25.18212465225851,26.15,25.18212465225851,26.946640395215532,22.833183288840214,25.668753,24.30039518248964,2026-03
2026-03-10,ITA US 12/18/26 C240 Equity,2026-03-17,19.7,23.55,22.611514492889622,23.55,22.611514492889622,24.566032137465847,20.68230488022554,23.421455,22.6580446449547,2026-03
2026-03-10,ITA US 10/16/26 C235 Equity,2026-03-17,18.549999999999997,23.1,22.251415453949317,23.1,22.251415453949317,23.760621002447394,18.686914236913694,23.788294,19.89112450298907,2026-03
2026-03-10,ITA US 10/16/26 C230 Equity,2026-03-17,20.9,25.75,25.15206484197437,25.75,25.15206484197437,25.033672963628277,20.220021139446114,25.216864,21.40300513514746,2026-03
2026-03-10,ITA US 10/16/26 C240 Equity,2026-03-17,16.25,20.4,19.882728312697036,20.4,19.882728312697036,21.825156363010016,17.37524071783705,21.83508,18.577689732507917,2026-03
2026-03-11,ITA US 07/17/26 C230 Equity,2026-03-18,16.1,20.4,19.75725370996152,20.4,19.75725370996152,24.912676388972127,19.356384090321924,21.015198,18.1044258593069,2026-03
2026-03-11,ITA US 07/17/26 C250 Equity,2026-03-18,8.0,10.25,9.736983390489298,10.25,9.736983390489298,15.769355741074362,10.895504811435519,11.012711,8.995176727302736,2026-03
2026-03-11,ITA US 12/18/26 C230 Equity,2026-03-18,23.15,28.45,27.609336729258647,28.45,27.609336729258647,31.723812488834607,25.07125631766721,28.256573,25.122377530260152,2026-03
2026-03-11,ITA US 12/18/26 C245 Equity,2026-03-18,16.6,21.0,20.143898193250823,21.0,20.143898193250823,25.95644971729969,19.559428086061125,21.410192,19.37837815842174,2026-03
2026-03-11,ITA US 10/16/26 C245 Equity,2026-03-18,14.05,17.4,16.48344409014472,17.4,16.48344409014472,22.230808450070235,16.549056716712844,20.125233,15.788018213495032,2026-03
2026-03-11,ITA US 10/16/26 C255 Equity,2026-03-18,10.55,13.5,12.831502097782028,13.5,12.831502097782028,18.325425311347356,12.19467985669488,13.709155,10.647005041087668,2026-03
2026-03-11,ITA US 10/16/26 C240 Equity,2026-03-18,15.65,19.8,18.814942549048762,19.8,18.814942549048762,24.57021352632855,17.890722067370238,22.439882,17.559605947449338,2026-03
2026-03-11,ITA US 12/18/26 C250 Equity,2026-03-18,14.75,18.2,17.397689618210244,18.2,17.397689618210244,22.62421087383884,17.623306327940412,18.820457,17.169917166035255,2026-03
2026-03-11,ITA US 07/17/26 C280 Equity,2026-03-18,2.6,3.375,3.0626842183003493,3.375,3.0626842183003493,8.308642057656309,3.2952383555379363,4.555595,1.549577442259228,2026-03
2026-03-11,ITA US 12/18/26 C235 Equity,2026-03-18,21.1,25.1,24.28661952686479,25.1,24.28661952686479,28.77462870506006,23.182263885326144,26.48004,22.922063946797135,2026-03
2026-03-11,ITA US 12/18/26 C240 Equity,2026-03-18,18.25,22.549999999999997,22.106471210932988,22.549999999999997,22.106471210932988,26.914440553253087,21.805123708385217,24.053488,21.360847284062086,2026-03
2026-03-11,ITA US 10/16/26 C235 Equity,2026-03-18,17.950000000000003,22.2,21.386741459804494,22.2,21.386741459804494,26.061894111561717,19.134401060788512,24.345984,18.73166672588356,2026-03
2026-03-11,ITA US 10/16/26 C230 Equity,2026-03-18,20.0,24.8,23.961565419221408,24.8,23.961565419221408,27.047052298855093,20.35782354411755,25.890968,20.147151634663693,2026-03
2026-03-11,ITA US 10/16/26 C250 Equity,2026-03-18,12.2,15.3,14.416527203176717,15.3,14.416527203176717,20.441212222144582,15.107539331094797,17.40195,13.927473801385123,2026-03
2026-03-11,ITA US 07/17/26 C295 Equity,2026-03-18,1.9749999999999999,1.8250000000000002,1.6927675731515122,1.8250000000000002,1.6927675731515122,7.276707339424203,0.733050069205234,4.1631474,-0.030023696681041212,2026-03
2026-03-12,ITA US 10/16/26 C240 Equity,2026-03-19,13.95,15.95,15.420038734150264,15.95,15.420038734150264,15.698057407096556,12.125962707835832,17.980341,11.622436487632722,2026-03
2026-03-12,ITA US 12/18/26 C235 Equity,2026-03-19,18.85,21.25,20.486117938499188,21.25,20.486117938499188,20.31052585293997,17.482611153102685,23.737778,17.70905608057064,2026-03
2026-03-12,ITA US 07/17/26 C250 Equity,2026-03-19,6.4,7.45,7.902928867493176,7.45,7.902928867493176,8.99790167565487,6.515380167792092,9.931235,4.272208723716492,2026-03
2026-03-12,ITA US 07/17/26 C230 Equity,2026-03-19,13.6,15.7,15.260415215168699,15.7,15.260415215168699,16.8255166625773,13.190275319928128,18.778675,12.511676604305345,2026-03
2026-03-12,ITA US 12/18/26 C250 Equity,2026-03-19,13.149999999999999,15.2,15.115500500898909,15.2,15.115500500898909,15.51627408996631,12.78907896953949,16.259468,12.195197358010985,2026-03
2026-03-12,ITA US 10/16/26 C235 Equity,2026-03-19,16.0,18.25,17.777476853867036,18.25,17.777476853867036,17.82000392278749,13.873241443638012,21.50241,13.61161996388626,2026-03
2026-03-12,ITA US 10/16/26 C230 Equity,2026-03-19,18.35,20.6,20.19229597813311,20.6,20.19229597813311,19.99320862919685,15.63911606299692,23.25968,15.678618510116594,2026-03
2026-03-12,ITA US 12/18/26 C230 Equity,2026-03-19,21.25,23.7,24.06268317452606,23.7,24.06268317452606,24.412528645628793,19.77344976412197,24.985676,19.63039706241853,2026-03
2026-03-12,ITA US 10/16/26 C245 Equity,2026-03-19,12.0,13.850000000000001,13.292905036161606,13.850000000000001,13.292905036161606,13.907599933149282,10.699886126924325,15.069693,10.09908787560142,2026-03
2026-03-12,ITA US 07/17/26 C280 Equity,2026-03-19,2.325,2.575,2.334097141829493,2.575,2.334097141829493,5.112796733607375,-1.0092881065895511,4.0137324,-1.1126731809554333,2026-03
2026-03-12,ITA US 07/17/26 C295 Equity,2026-03-19,1.775,1.4,1.2278563604450647,1.4,1.2278563604450647,4.138111110056039,-3.542789794862699,3.8957732,-2.4494926011608618,2026-03
2026-03-12,ITA US 10/16/26 C255 Equity,2026-03-19,8.65,10.65,10.290939534329404,10.65,10.290939534329404,11.115767942763707,7.059650971377618,11.470783,5.909398359154138,2026-03
2026-03-12,ITA US 10/16/26 C250 Equity,2026-03-19,10.149999999999999,12.4,12.262032057852327,12.4,12.262032057852327,13.294501053224447,10.127782815277069,13.630892,8.98142672911746,2026-03
2026-03-12,ITA US 12/18/26 C245 Equity,2026-03-19,14.6,17.15,16.514286814374167,17.15,16.514286814374167,17.606389172189324,13.272999068792357,18.395643,13.470590542703652,2026-03
2026-03-12,ITA US 12/18/26 C240 Equity,2026-03-19,16.75,19.15,18.63250652644017,19.15,18.63250652644017,18.560098739132364,15.9436531043201,20.341135,15.75983528041502,2026-03
2026-03-13,ITA US 10/16/26 C250 Equity,2026-03-20,8.9,11.5,10.490914111030413,11.5,10.490914111030413,4.533710277727279,6.907572020664123,10.918587,6.60817096596614,2026-03
2026-03-13,ITA US 07/17/26 C280 Equity,2026-03-20,1.775,2.4499999999999997,2.0980850055705855,2.4499999999999997,2.0980850055705855,-2.1290057748916347,-1.5723675013909464,3.8990033,-2.420692902376025,2026-03
2026-03-13,ITA US 10/16/26 C240 Equity,2026-03-20,11.5,15.1,14.077668122108179,15.1,14.077668122108179,7.40877297998933,9.4361217045461,16.316273,9.411841839829945,2026-03
2026-03-13,ITA US 10/16/26 C245 Equity,2026-03-20,9.95,13.05,11.900675648007585,13.05,11.900675648007585,5.262846848660953,7.967541468064036,13.156674,7.931540130599823,2026-03
2026-03-13,ITA US 12/18/26 C230 Equity,2026-03-20,18.200000000000003,22.7,21.35918117566733,22.7,21.35918117566733,15.672508110542374,16.436403375600264,23.510006,17.4980598759419,2026-03
2026-03-13,ITA US 10/16/26 C230 Equity,2026-03-20,15.05,20.05,18.816335760142227,20.05,18.816335760142227,12.070046474666936,13.020383089887673,21.648777,13.956154521289871,2026-03
2026-03-13,ITA US 10/16/26 C235 Equity,2026-03-20,13.3,17.3,16.11162579982974,17.3,16.11162579982974,9.404255604270473,11.017167524560133,19.030407,11.283676412648637,2026-03
2026-03-13,ITA US 07/17/26 C230 Equity,2026-03-20,10.649999999999999,15.149999999999999,14.311228277378211,15.149999999999999,14.311228277378211,8.91848507164767,10.910224330515979,17.746101,10.869999585084955,2026-03
2026-03-13,ITA US 10/16/26 C255 Equity,2026-03-20,7.55,9.850000000000001,8.886235911511555,9.850000000000001,8.886235911511555,2.1292234921620405,4.265516873134139,9.447529,3.679324352098469,2026-03
2026-03-13,ITA US 12/18/26 C250 Equity,2026-03-20,11.1,14.45,12.911456603976,14.45,12.911456603976,6.677698068307709,9.867633241001558,14.644966,10.028568097293343,2026-03
2026-03-13,ITA US 12/18/26 C240 Equity,2026-03-20,14.450000000000001,18.25,16.976580392326763,18.25,16.976580392326763,10.019340192273823,12.860089982513397,18.07712,13.480294215990076,2026-03
2026-03-13,ITA US 12/18/26 C245 Equity,2026-03-20,12.899999999999999,15.9,14.917402212521006,15.9,14.917402212521006,8.391369886826705,11.14443240903923,16.790934,10.965052180065717,2026-03
2026-03-13,ITA US 07/17/26 C250 Equity,2026-03-20,4.8,7.85,7.118267707339713,7.85,7.118267707339713,2.267029337832607,4.5385747260662,9.49408,3.2910490723511288,2026-03
2026-03-13,ITA US 12/18/26 C235 Equity,2026-03-20,16.25,20.25,19.0617154918943,20.25,19.0617154918943,12.12661462969636,14.965402852211277,20.677391,15.33092768903106,2026-03
2026-03-16,ITA US 12/18/26 C235 Equity,2026-03-23,16.55,21.4,20.780027287910247,21.4,20.780027287910247,24.777464915468965,21.11681379231024,23.169859,19.03960440157511,2026-03
2026-03-16,ITA US 12/18/26 C240 Equity,2026-03-23,14.850000000000001,19.05,18.436082859392187,19.05,18.436082859392187,22.123026005372225,19.01251752685522,20.232615,16.845497819783915,2026-03
2026-03-16,ITA US 12/18/26 C250 Equity,2026-03-23,11.15,14.75,14.185535937247723,14.75,14.185535937247723,17.569158853853924,15.97974328623538,14.406103,12.95134634847209,2026-03
2026-03-16,ITA US 10/16/26 C235 Equity,2026-03-23,14.35,18.45,17.95629249274223,18.45,17.95629249274223,21.89018508876613,17.1849325755064,21.460022,14.931142208143998,2026-03
2026-03-16,ITA US 12/18/26 C230 Equity,2026-03-23,18.9,24.1,23.541722301784155,24.1,23.541722301784155,27.895218249945437,22.971571707077064,25.064169,20.986972792527055,2026-03
2026-03-16,ITA US 10/16/26 C255 Equity,2026-03-23,8.3,10.5,10.097521262270188,10.5,10.097521262270188,13.655616136956692,10.508332438049019,10.110297,6.926084910314458,2026-03
2026-03-16,ITA US 07/17/26 C250 Equity,2026-03-23,4.5,7.85,7.77991311334612,7.85,7.77991311334612,12.990637743615657,9.720991007636576,9.585495,5.643979468060778,2026-03
2026-03-16,ITA US 10/16/26 C240 Equity,2026-03-23,12.45,16.3,15.623578412182916,16.3,15.623578412182916,19.83029697672471,15.866979336992797,18.090256,13.191360324169867,2026-03
2026-03-16,ITA US 07/17/26 C295 Equity,2026-03-23,1.625,1.825,1.6464321781311444,1.825,1.6464321781311444,10.454820394796304,3.9315062476300806,4.0863595,-0.31160115260012256,2026-03
2026-03-16,ITA US 10/16/26 C245 Equity,2026-03-23,10.75,14.2,13.650475434515272,14.2,13.650475434515272,17.755437907255377,14.751226628848906,13.146635,11.719833076240118,2026-03
2026-03-16,ITA US 07/17/26 C230 Equity,2026-03-23,11.100000000000001,16.2,16.03192944268778,16.2,16.03192944268778,20.92236599771063,17.469654777259592,18.20507,14.043100680836467,2026-03
2026-03-16,ITA US 12/18/26 C245 Equity,2026-03-23,13.15,16.95,16.168974854648727,16.95,16.168974854648727,20.01757984094174,17.37469484948021,18.44838,14.59748550294499,2026-03
2026-03-16,ITA US 10/16/26 C250 Equity,2026-03-23,9.0,12.3,11.680735001681128,12.3,11.680735001681128,15.961458079676358,13.284602690675971,11.552536,10.056788715747274,2026-03
2026-03-16,ITA US 07/17/26 C280 Equity,2026-03-23,2.25,2.5500000000000003,2.3639375373175766,2.5500000000000003,2.3639375373175766,8.508891471078453,4.431000776015386,4.143972,0.21378503682432148,2026-03
2026-03-16,ITA US 10/16/26 C230 Equity,2026-03-23,16.7,20.75,20.238602639009834,20.75,20.238602639009834,23.366693899179744,19.131017084021902,21.959673,17.05889124376849,2026-03
2026-03-17,ITA US 12/18/26 C230 Equity,2026-03-24,18.5,24.25,24.108531479039982,24.25,24.108531479039982,28.477889879737354,21.84161952617911,27.265068,20.946998008490365,2026-03
2026-03-17,ITA US 07/17/26 C250 Equity,2026-03-24,4.55,7.65,7.489008856242945,7.65,7.489008856242945,12.457548216917061,7.001679031863963,9.973715,5.165152772928612,2026-03
2026-03-17,ITA US 07/17/26 C280 Equity,2026-03-24,0.975,3.125,3.1171268586887773,3.125,3.1171268586887773,9.499938745719092,4.119031134238874,4.618749,0.5824577594031517,2026-03
2026-03-17,ITA US 07/17/26 C295 Equity,2026-03-24,1.575,1.825,1.663604871485527,1.825,1.663604871485527,10.594870363054785,2.1244277730775885,4.2652965,-0.5733759454276062,2026-03
2026-03-17,ITA US 12/18/26 C240 Equity,2026-03-24,14.5,19.7,18.715939439286306,19.7,18.715939439286306,22.68442541348326,18.02660031208291,22.623142,17.324148045460674,2026-03
2026-03-17,ITA US 07/17/26 C230 Equity,2026-03-24,10.7,15.8,15.667374174412444,15.8,15.667374174412444,20.29142338512079,14.659741497426916,20.428095,13.278535958003593,2026-03
2026-03-17,ITA US 10/16/26 C250 Equity,2026-03-24,8.55,12.45,11.96049860526956,12.45,11.96049860526956,16.215168013788656,11.472847090915065,12.166845,9.828127125999165,2026-03
2026-03-17,ITA US 10/16/26 C255 Equity,2026-03-24,7.3500000000000005,10.899999999999999,10.252541939134112,10.899999999999999,10.252541939134112,13.995280172726105,8.882509377940575,10.791867,7.068018254654783,2026-03
2026-03-17,ITA US 12/18/26 C235 Equity,2026-03-24,16.35,21.4,21.079813699209236,21.4,21.079813699209236,25.065778194532115,19.253298375085883,25.540403,18.71735556230177,2026-03
2026-03-17,ITA US 10/16/26 C240 Equity,2026-03-24,11.45,16.25,15.950569179781917,16.25,15.950569179781917,19.863476384865788,13.895991036368581,20.512878,12.760269385266255,2026-03
2026-03-17,ITA US 12/18/26 C250 Equity,2026-03-24,11.35,15.9,15.045885016904602,15.9,15.045885016904602,18.98169586905042,14.874835509942352,17.608212,13.749827299185707,2026-03
2026-03-17,ITA US 12/18/26 C245 Equity,2026-03-24,12.85,17.15,16.328754537285104,17.15,16.328754537285104,20.367135442737457,15.69503994598159,20.43569,14.516678618846363,2026-03
2026-03-17,ITA US 10/16/26 C245 Equity,2026-03-24,10.0,14.35,13.811219535912173,14.35,13.811219535912173,18.203750875619924,12.947170814479223,15.846053,11.52397010718913,2026-03
2026-03-17,ITA US 10/16/26 C235 Equity,2026-03-24,13.3,18.549999999999997,18.11647103082545,18.549999999999997,18.11647103082545,21.874523493841238,15.517119245590527,23.860909,14.820211276626251,2026-03
2026-03-17,ITA US 10/16/26 C230 Equity,2026-03-24,15.35,20.9,20.67062792632799,20.9,20.67062792632799,23.674794880199727,17.283320116054377,24.273184,16.93277537427359,2026-03
2026-03-18,ITA US 12/18/26 C235 Equity,2026-03-25,18.049999999999997,21.1,19.823897599690362,21.1,19.823897599690362,21.15222920285356,17.67558144317809,24.9547,18.037173355272106,2026-03
2026-03-18,ITA US 01/15/27 C250 Equity,2026-03-25,13.2,15.85,14.849978692454783,15.85,14.849978692454783,14.807407935656716,12.999630667400595,19.22919,11.879294891972744,2026-03
2026-03-18,ITA US 07/17/26 C230 Equity,2026-03-25,12.350000000000001,16.1,15.293150229880624,16.1,15.293150229880624,18.324141205177984,14.360611031252354,20.597286,13.556772589877365,2026-03
2026-03-18,ITA US 07/17/26 C250 Equity,2026-03-25,5.75,8.0,7.256720999451974,8.0,7.256720999451974,9.46474593423023,6.254605239495362,9.960037,5.099242639131958,2026-03
2026-03-18,ITA US 01/15/27 C240 Equity,2026-03-25,16.6,19.85,18.744647188014184,19.85,18.744647188014184,18.992537503810603,15.879159770127734,22.869808,15.329815056927274,2026-03
2026-03-18,ITA US 01/15/27 C230 Equity,2026-03-25,20.700000000000003,25.4,24.059697055697477,25.4,24.059697055697477,25.439166852835378,19.604622082597075,26.875435,20.412723117266456,2026-03
2026-03-18,ITA US 10/16/26 C250 Equity,2026-03-25,9.85,12.2,11.131861595669648,12.2,11.131861595669648,12.491834825932965,10.136109936740233,12.321053,9.281644274560282,2026-03
2026-03-18,ITA US 12/18/26 C245 Equity,2026-03-25,14.3,16.6,15.519522401721767,16.6,15.519522401721767,16.410527267167563,14.078557967736968,19.823246,13.534832134542564,2026-03
2026-03-18,ITA US 10/16/26 C255 Equity,2026-03-25,8.45,10.55,9.494403043294321,10.55,9.494403043294321,10.04610395032999,7.3691093527808675,10.830437,6.396703933225788,2026-03
2026-03-18,ITA US 10/16/26 C240 Equity,2026-03-25,13.2,15.65,14.725041434190592,15.65,14.725041434190592,15.024346624689935,12.160722692675858,19.292685,11.760635439218486,2026-03
2026-03-18,ITA US 12/18/26 C230 Equity,2026-03-25,20.45,23.15,22.24424838314885,23.15,22.24424838314885,23.76570462496143,19.627533028608273,26.004543,19.597693065738223,2026-03
2026-03-18,ITA US 10/16/26 C230 Equity,2026-03-25,17.2,20.0,19.240292552645283,20.0,19.240292552645283,19.83747176998665,15.658880159098777,23.81977,15.892571925986314,2026-03
2026-03-18,ITA US 12/18/26 C240 Equity,2026-03-25,15.85,18.25,17.57527244996315,18.25,17.57527244996315,17.36886036006494,16.086257255603222,21.738358,15.450957033708246,2026-03
2026-03-18,ITA US 12/18/26 C250 Equity,2026-03-25,12.55,14.75,13.725497487961889,14.75,13.725497487961889,14.755961737379229,13.29001125507258,16.504345,12.442060067273779,2026-03
2026-03-18,ITA US 10/16/26 C235 Equity,2026-03-25,15.05,17.950000000000003,16.56846655144754,17.950000000000003,16.56846655144754,16.98694995801602,13.161214563949153,22.673754,13.69802544784662,2026-03
2026-03-18,ITA US 07/17/26 C295 Equity,2026-03-25,1.6749999999999998,1.9749999999999999,1.6605439365095174,1.9749999999999999,1.6605439365095174,7.766969418643317,1.5730250295717312,4.19779,-0.7088966284693561,2026-03
2026-03-18,ITA US 07/17/26 C280 Equity,2026-03-25,2.2,2.6,2.196173314122834,2.6,2.196173314122834,5.852822528114691,1.5797719052685348,4.5541716,-0.2912584192328489,2026-03
2026-03-18,ITA US 10/16/26 C245 Equity,2026-03-25,11.45,14.05,12.831073035973503,14.05,12.831073035973503,14.154472475481652,11.54436456791334,15.791956,10.904524838444951,2026-03
2026-03-19,ITA US 10/16/26 C245 Equity,2026-03-26,9.25,12.0,11.091000184205843,12.0,11.091000184205843,9.186006857179528,9.623866608600462,13.533145,8.675877733852264,2026-03
2026-03-19,ITA US 10/16/26 C235 Equity,2026-03-26,12.649999999999999,16.0,15.030113884757172,16.0,15.030113884757172,12.40729174503017,11.808532103892572,19.605606,11.751379152883707,2026-03
2026-03-19,ITA US 12/18/26 C240 Equity,2026-03-26,13.65,16.75,15.660880650007535,16.75,15.660880650007535,12.990522504895278,13.814120870541402,20.04199,13.669956964767003,2026-03
2026-03-19,ITA US 01/15/27 C240 Equity,2026-03-26,14.0,17.35,16.386246027259013,17.35,16.386246027259013,13.717895256688305,13.828076473265408,20.672441,12.86904917391498,2026-03
2026-03-19,ITA US 10/16/26 C250 Equity,2026-03-26,8.1,10.149999999999999,9.265639303428978,10.149999999999999,9.265639303428978,6.901714518019672,8.254044930193324,11.79409,7.026031585455692,2026-03
2026-03-19,ITA US 12/18/26 C235 Equity,2026-03-26,15.35,18.85,17.819488946156156,18.85,17.819488946156156,15.065751250318641,15.98784977917112,22.759062,15.609753306652163,2026-03
2026-03-19,ITA US 01/15/27 C250 Equity,2026-03-26,11.15,13.7,12.845769980742686,13.7,12.845769980742686,9.835637450850825,10.963699399770574,16.510006,9.594244620038285,2026-03
2026-03-19,ITA US 07/17/26 C295 Equity,2026-03-26,1.625,1.775,1.5150137072563676,1.775,1.5150137072563676,6.629411954386894,0.93982017963285,4.1899176,-0.9904954466991072,2026-03
2026-03-19,ITA US 07/17/26 C250 Equity,2026-03-26,4.1,6.4,5.8581709684812955,6.4,5.8581709684812955,5.128676944985115,4.7493442182164145,10.179395,3.4636277875134986,2026-03
2026-03-19,ITA US 10/16/26 C255 Equity,2026-03-26,6.85,8.65,7.875880833869846,8.65,7.875880833869846,5.482505977759427,5.331569117982449,10.010159,4.299594381699356,2026-03
2026-03-19,ITA US 12/18/26 C245 Equity,2026-03-26,12.0,14.6,13.627320211064486,14.6,13.627320211064486,11.271023460627704,12.183552730380447,16.89381,11.384090766939217,2026-03
2026-03-19,ITA US 01/15/27 C230 Equity,2026-03-26,18.15,21.85,21.237503108478197,21.85,21.237503108478197,18.42412922958642,16.990679263194522,25.17608,17.257899045151962,2026-03
2026-03-19,ITA US 12/18/26 C250 Equity,2026-03-26,10.8,13.149999999999999,12.291492044363148,13.149999999999999,12.291492044363148,10.420494064834523,11.3443440623457,14.398551,10.426169062111823,2026-03
2026-03-19,ITA US 10/16/26 C240 Equity,2026-03-26,10.75,13.95,12.994399392595923,13.95,12.994399392595923,10.249186360135878,10.498747611022704,16.084644,9.994035573264219,2026-03
2026-03-19,ITA US 10/16/26 C230 Equity,2026-03-26,14.5,18.35,17.35915447041961,18.35,17.35915447041961,14.944271567957173,14.428029283133727,23.106972,14.495153330273425,2026-03
2026-03-19,ITA US 07/17/26 C280 Equity,2026-03-26,1.3499999999999999,2.325,1.6436967724679077,2.325,1.6436967724679077,1.370145205283336,-0.13552358175767765,4.5461392,-0.9465514298482312,2026-03
2026-03-19,ITA US 07/17/26 C230 Equity,2026-03-26,10.2,13.6,12.74479597389545,13.6,12.74479597389545,12.370573992042393,12.071545188263537,17.508205,11.09322696050491,2026-03
2026-03-19,ITA US 12/18/26 C230 Equity,2026-03-26,17.3,21.25,20.164737064157904,21.25,20.164737064157904,18.239146394530117,17.439846434981284,25.170937,17.740874314803765,2026-03
2026-03-20,ITA US 10/16/26 C235 Equity,2026-03-27,11.0,13.3,13.026384106127491,13.3,13.026384106127491,10.528390126916207,11.790798559920987,16.377604,9.645004834138135,2026-03
2026-03-20,ITA US 01/15/27 C240 Equity,2026-03-27,12.5,15.1,14.81286471807357,15.1,14.81286471807357,11.66717255228626,15.08996661711888,18.96038,12.186629881716978,2026-03
2026-03-20,ITA US 10/16/26 C245 Equity,2026-03-27,8.1,9.95,9.770201364276097,9.95,9.770201364276097,7.742552475386702,9.682165982649499,11.78722,7.219562326615552,2026-03
2026-03-20,ITA US 12/18/26 C230 Equity,2026-03-27,15.7,18.200000000000003,17.756106713419715,18.200000000000003,17.756106713419715,14.840307093624245,17.158326115440143,22.552158,15.2901888187467,2026-03
2026-03-20,ITA US 12/18/26 C235 Equity,2026-03-27,13.7,16.25,15.403015939351572,16.25,15.403015939351572,12.572217652639585,14.89046708822529,19.991632,13.52116015449349,2026-03
2026-03-20,ITA US 10/16/26 C230 Equity,2026-03-27,12.85,15.05,14.823591582239525,15.05,14.823591582239525,12.015332529475442,13.693359386023541,19.991966,11.720152933278534,2026-03
2026-03-20,ITA US 07/17/26 C230 Equity,2026-03-27,8.25,10.649999999999999,10.86945821959191,10.649999999999999,10.86945821959191,8.819986445368112,12.1966636908158,13.789858,8.760645144291017,2026-03
2026-03-20,ITA US 12/18/26 C250 Equity,2026-03-27,9.1,11.1,10.665987439128912,11.1,10.665987439128912,8.247459504793248,10.905605884515015,11.388108,8.980212899226572,2026-03
2026-03-20,ITA US 12/18/26 C240 Equity,2026-03-27,12.1,14.450000000000001,13.80414669068579,14.450000000000001,13.80414669068579,11.099504494414148,13.58240254703028,16.829803,12.015869454245916,2026-03
2026-03-20,ITA US 01/15/27 C230 Equity,2026-03-27,16.049999999999997,18.8,18.852328632130344,18.8,18.852328632130344,15.386433691391916,18.342071789019986,23.529385,15.888617958112754,2026-03
2026-03-20,ITA US 01/15/27 C250 Equity,2026-03-27,9.7,12.600000000000001,11.443659565399395,12.600000000000001,11.443659565399395,8.90142898968071,10.5657265233325,13.0857935,8.987294000960015,2026-03
2026-03-20,ITA US 12/18/26 C245 Equity,2026-03-27,10.6,12.899999999999999,11.799302073254388,12.899999999999999,11.799302073254388,9.55761509663615,11.93995114023241,14.542736,10.22538201204483,2026-03
2026-03-20,ITA US 10/16/26 C240 Equity,2026-03-27,9.45,11.5,11.219479888800691,11.5,11.219479888800691,8.70920359714696,10.392992869609966,12.950902,8.118147902066557,2026-03
2026-03-20,ITA US 07/17/26 C280 Equity,2026-03-27,1.525,1.775,1.7287550660790176,1.775,1.7287550660790176,2.6726176017715133,0.9508968345309654,4.577501,-0.7919946058125187,2026-03
2026-03-20,ITA US 10/16/26 C250 Equity,2026-03-27,7.3,8.9,7.878782104206475,8.9,7.878782104206475,5.182015195848399,8.216915198025108,10.977462,6.316315407083772,2026-03
2026-03-20,ITA US 10/16/26 C255 Equity,2026-03-27,5.3,7.55,7.230116910143642,7.55,7.230116910143642,5.004283663011751,6.043115324790868,8.1076145,3.805572652199094,2026-03
2026-03-20,ITA US 07/17/26 C250 Equity,2026-03-27,3.55,4.8,4.642746883328697,4.8,4.642746883328697,3.454537845021351,5.601928615694229,8.659614,2.6025996062815766,2026-03
2026-03-23,ITA US 10/16/26 C235 Equity,2026-03-30,9.15,14.35,13.413504543345958,14.35,13.413504543345958,15.993370663167301,11.871540883580586,15.517044,10.158322892916281,2026-03
2026-03-23,ITA US 12/18/26 C250 Equity,2026-03-30,7.300000000000001,11.15,10.055642596543562,11.15,10.055642596543562,11.767316917283466,9.977891290964873,11.574707,8.422614337153165,2026-03
2026-03-23,ITA US 10/16/26 C245 Equity,2026-03-30,6.7,10.75,9.986348291472282,10.75,9.986348291472282,12.715065578835189,9.623219536003942,12.04156,7.455245828252396,2026-03
2026-03-23,ITA US 10/16/26 C250 Equity,2026-03-30,6.0,9.0,8.847060791523935,9.0,8.847060791523935,10.15254583403988,9.01349438903701,11.824003,6.058661156460939,2026-03
2026-03-23,ITA US 01/15/27 C230 Equity,2026-03-30,13.45,19.75,18.604946844453902,19.75,18.604946844453902,19.808367918462405,17.58212198260859,22.86557,16.19734007614324,2026-03
2026-03-23,ITA US 01/15/27 C250 Equity,2026-03-30,7.9,11.95,11.087753118681787,11.95,11.087753118681787,12.193689153962893,9.580258233154451,11.214647,7.833669203567034,2026-03
2026-03-23,ITA US 07/17/26 C250 Equity,2026-03-30,3.375,4.5,4.679626109297983,4.5,4.679626109297983,6.600836359672023,5.014992835458754,8.022748,1.5855705716186543,2026-03
2026-03-23,ITA US 07/17/26 C230 Equity,2026-03-30,6.7,11.100000000000001,10.770623773862846,11.100000000000001,10.770623773862846,13.16870131717431,11.149401213336958,13.005007,8.537989597427012,2026-03
2026-03-23,ITA US 12/18/26 C240 Equity,2026-03-30,9.100000000000001,14.850000000000001,13.630457508875699,14.850000000000001,13.630457508875699,15.702760474132122,13.737605530330102,16.29474,11.97730070717626,2026-03
2026-03-23,ITA US 10/16/26 C240 Equity,2026-03-30,7.85,12.45,11.965853683768655,12.45,11.965853683768655,14.582383322497785,11.06354547895837,12.130035,8.657331994476381,2026-03
2026-03-23,ITA US 07/17/26 C280 Equity,2026-03-30,0.525,2.25,2.0039757173605555,2.25,2.0039757173605555,7.9762316274588265,2.697823219418476,4.5269127,-0.6635253800634109,2026-03
2026-03-23,ITA US 10/16/26 C255 Equity,2026-03-30,5.1,8.3,6.852133019917671,8.3,6.852133019917671,9.335173258502369,5.983744531463872,8.030241,4.0588637902652085,2026-03
2026-03-23,ITA US 10/16/26 C230 Equity,2026-03-30,10.2,16.7,15.664032934693562,16.7,15.664032934693562,18.6404437351872,14.5137670943233,20.72749,12.964425086799638,2026-03
2026-03-23,ITA US 12/18/26 C235 Equity,2026-03-30,11.4,16.55,15.623776758464958,16.55,15.623776758464958,17.059353580332214,14.991850968959618,20.072735,13.320477006383264,2026-03
2026-03-23,ITA US 01/15/27 C240 Equity,2026-03-30,10.0,16.0,14.608093545628128,16.0,14.608093545628128,15.659571690079087,14.863266571536807,18.509155,12.632097789884197,2026-03
2026-03-23,ITA US 12/18/26 C230 Equity,2026-03-30,12.95,18.9,17.65089044731998,18.9,17.65089044731998,19.55973524908364,16.5823290899477,22.774336,15.439118107274105,2026-03
2026-03-23,ITA US 12/18/26 C245 Equity,2026-03-30,8.95,13.15,11.95430776790616,13.15,11.95430776790616,13.621863199702515,11.679603933980122,13.731344,9.885802015232686,2026-03
2026-03-24,ITA US 12/18/26 C240 Equity,2026-03-31,12.649999999999999,14.5,13.784769138031228,14.5,13.784769138031228,16.45022525928302,15.579368701228125,16.09801,13.733043401996571,2026-03
2026-03-24,ITA US 10/16/26 C250 Equity,2026-03-31,6.5,8.55,7.754472997988267,8.55,7.754472997988267,10.894812903205336,9.568406732890285,11.013932,7.548086412525939,2026-03
2026-03-24,ITA US 01/15/27 C245 Equity,2026-03-31,11.100000000000001,13.55,12.87417359235328,13.55,12.87417359235328,15.90296692489186,14.678565435412828,15.088018,13.0339423013374,2026-03
2026-03-24,ITA US 01/15/27 C240 Equity,2026-03-31,12.75,15.1,14.46204973502479,15.1,14.46204973502479,16.46712752305976,16.1723791346902,18.546663,13.921066275064476,2026-03
2026-03-24,ITA US 10/16/26 C240 Equity,2026-03-31,9.35,11.45,10.768878752629986,11.45,10.768878752629986,14.41654105608707,11.641405237727046,11.363509,9.640329851479324,2026-03
2026-03-24,ITA US 07/17/26 C295 Equity,2026-03-31,1.4749999999999999,1.575,1.363218000840059,1.575,1.363218000840059,13.52918157397771,3.945215787819384,4.3236375,1.0213187240072328,2026-03
2026-03-24,ITA US 07/17/26 C250 Equity,2026-03-31,3.475,4.55,4.208414674559492,4.55,4.208414674559492,7.252298319949983,6.248151943065665,6.992492,3.7953264295313995,2026-03
2026-03-24,ITA US 01/15/27 C250 Equity,2026-03-31,9.75,12.0,11.540807797331414,12.0,11.540807797331414,13.922116487707346,11.258917352339964,10.827742,9.868868706643642,2026-03
2026-03-24,ITA US 12/18/26 C245 Equity,2026-03-31,10.649999999999999,12.85,11.949437485053487,12.85,11.949437485053487,14.747733254783,13.471100516366224,13.025396,11.82430473279878,2026-03
2026-03-24,ITA US 12/18/26 C235 Equity,2026-03-31,14.1,16.35,15.648725174355352,16.35,15.648725174355352,18.484830902858718,16.775593387340365,20.0645,15.355485236046308,2026-03
2026-03-24,ITA US 12/18/26 C250 Equity,2026-03-31,9.0,11.35,10.30983041387488,11.35,10.30983041387488,12.847893535118004,12.221316167762451,11.27926,10.790282822575913,2026-03
2026-03-24,ITA US 10/16/26 C245 Equity,2026-03-31,7.95,10.0,9.26235842604665,10.0,9.26235842604665,12.83704165822173,10.606336636505905,11.62495,8.796029374063593,2026-03
2026-03-24,ITA US 10/16/26 C255 Equity,2026-03-31,5.55,7.3500000000000005,6.765202873060419,7.3500000000000005,6.765202873060419,9.46206776831135,7.231265521464335,7.799324,5.180572077773606,2026-03
2026-03-24,ITA US 01/15/27 C230 Equity,2026-03-31,16.75,18.5,18.058336110740786,18.5,18.058336110740786,20.216831346003474,18.57072644357585,22.491547,17.07450965780427,2026-03
2026-03-24,ITA US 10/16/26 C235 Equity,2026-03-31,11.0,13.3,12.694287654894366,13.3,12.694287654894366,15.877125489045572,12.798718697097426,15.171064,11.183739773352226,2026-03
2026-03-24,ITA US 12/18/26 C230 Equity,2026-03-31,16.0,18.5,17.7162804295725,18.5,17.7162804295725,20.903818208680118,18.618840954697394,22.508747,17.27655700076481,2026-03
2026-03-24,ITA US 07/17/26 C280 Equity,2026-03-31,0.975,0.975,0.7924180211686533,0.975,0.7924180211686533,6.098544142901986,-0.06345786942037535,4.528047,-0.35942103577567475,2026-03
2026-03-24,ITA US 10/16/26 C230 Equity,2026-03-31,13.0,15.35,14.702483664633501,15.35,14.702483664633501,18.19101473273315,15.223318274408307,20.04684,13.617258793229642,2026-03
2026-03-24,ITA US 07/17/26 C230 Equity,2026-03-31,8.75,10.7,10.279523315979116,10.7,10.279523315979116,13.920923196871655,12.378202886403498,12.2447815,10.263071359870391,2026-03
2026-03-24,ITA US 01/15/27 C235 Equity,2026-03-31,14.5,16.5,16.060555382091188,16.5,16.060555382091188,18.80440379839363,15.635426117946487,19.716484,14.017747495560979,2026-03
2026-03-25,ITA US 12/18/26 C240 Equity,2026-04-01,14.9,15.85,15.192387174590825,15.85,15.192387174590825,16.176445281640383,15.053895189542859,18.201267,14.120981790910559,2026-03
2026-03-25,ITA US 10/16/26 C235 Equity,2026-04-01,13.8,15.05,14.504845762148337,15.05,14.504845762148337,16.026566072294656,12.862240041436767,17.233458,12.072306427599745,2026-03
2026-03-25,ITA US 01/15/27 C250 Equity,2026-04-01,12.05,13.2,12.616674583385004,13.2,12.616674583385004,13.697562490880117,10.886672116547125,12.616856,10.328511318293792,2026-03
2026-03-25,ITA US 10/16/26 C255 Equity,2026-04-01,6.95,8.45,8.02847026708538,8.45,8.02847026708538,9.10401988940265,6.991417893561563,8.213096,5.402401987123344,2026-03
2026-03-25,ITA US 07/17/26 C250 Equity,2026-04-01,5.2,5.75,5.217464703670029,5.75,5.217464703670029,6.117939031769481,5.534914535338288,8.263523,3.8717467087175628,2026-03
2026-03-25,ITA US 12/18/26 C235 Equity,2026-04-01,16.9,18.049999999999997,17.468435095245653,18.049999999999997,17.468435095245653,19.481455882484642,16.68242462228046,21.160877,16.069483256710928,2026-03
2026-03-25,ITA US 12/18/26 C250 Equity,2026-04-01,10.95,12.55,11.895844807684623,12.55,11.895844807684623,12.52932624116155,12.143969203564398,11.8051,11.1464722660006,2026-03
2026-03-25,ITA US 10/16/26 C250 Equity,2026-04-01,8.75,9.85,9.394489127201778,9.85,9.394489127201778,10.423989243491294,9.404328988831299,11.217368,8.005403166970657,2026-03
2026-03-25,ITA US 10/16/26 C245 Equity,2026-04-01,10.0,11.45,11.01295289862738,11.45,11.01295289862738,12.655104018317378,10.898259915483678,12.147075,9.423342750439982,2026-03
2026-03-25,ITA US 10/16/26 C230 Equity,2026-04-01,15.45,17.2,16.66076316850013,17.2,16.66076316850013,18.404939814153124,14.997279892586622,22.19199,14.54934735709672,2026-03
2026-03-25,ITA US 01/15/27 C230 Equity,2026-04-01,20.0,20.700000000000003,19.950096690867944,20.700000000000003,19.950096690867944,21.35488264215669,18.60371257242491,23.630606,18.35412939116138,2026-03
2026-03-25,ITA US 01/15/27 C240 Equity,2026-04-01,15.6,16.6,15.980151878462358,16.6,15.980151878462358,17.228410747429482,15.501281152569657,19.074886,14.362640506974806,2026-03
2026-03-25,ITA US 01/15/27 C245 Equity,2026-04-01,13.850000000000001,14.649999999999999,14.316877277372923,14.649999999999999,14.316877277372923,16.017010657169337,14.326374370166,15.594679,13.044841107410715,2026-03
2026-03-25,ITA US 10/16/26 C240 Equity,2026-04-01,11.7,13.2,12.688434059476338,13.2,12.688434059476338,14.168705647221438,11.737579141727927,13.330511,10.53032549675823,2026-03
2026-03-25,ITA US 07/17/26 C230 Equity,2026-04-01,11.0,12.350000000000001,11.785269454727969,12.350000000000001,11.785269454727969,14.733953084272791,12.30951881145958,13.350966,11.105304653232524,2026-03
2026-03-25,ITA US 12/18/26 C245 Equity,2026-04-01,13.05,14.3,13.528787426477198,14.3,13.528787426477198,14.94090606413811,13.411098473733453,14.609267,12.329818956310234,2026-03
2026-03-25,ITA US 07/17/26 C280 Equity,2026-04-01,1.325,2.2,2.012358900214163,2.2,2.012358900214163,1.7265378169849726,3.149278715007446,4.537717,0.396752837703676,2026-03
2026-03-25,ITA US 12/18/26 C230 Equity,2026-04-01,19.25,20.45,19.678737583238966,20.45,19.678737583238966,21.50863614516409,18.4446885088631,23.63944,18.172811736625782,2026-03
2026-03-25,ITA US 07/17/26 C295 Equity,2026-04-01,0.725,1.6749999999999998,1.4554286021749858,1.6749999999999998,1.4554286021749858,11.0383052557337,2.5461934702216436,4.1597548,0.11141221891113329,2026-03
2026-03-25,ITA US 01/15/27 C235 Equity,2026-04-01,17.65,18.5,17.925941541333586,18.5,17.925941541333586,18.98556604283045,15.76043361670746,21.302864,15.006809863972219,2026-03
2026-03-26,ITA US 07/17/26 C250 Equity,2026-04-02,3.95,4.1,3.81334502890907,4.1,3.81334502890907,6.927103263848251,3.5097241494521967,6.578696,2.3802901319828846,2026-03
2026-03-26,ITA US 07/17/26 C295 Equity,2026-04-02,1.6749999999999998,1.625,1.4330441608927857,1.625,1.4330441608927857,14.052316880905654,2.7822097947502655,4.444493,0.30663220752187526,2026-03
2026-03-26,ITA US 07/17/26 C280 Equity,2026-04-02,0.875,1.3499999999999999,1.2831670929844037,1.3499999999999999,1.2831670929844037,7.498744556209461,0.34215884897409765,4.7327185,-0.5218370704912212,2026-03
2026-03-26,ITA US 10/16/26 C250 Equity,2026-04-02,8.05,8.1,7.378581145456932,8.1,7.378581145456932,10.483629263666511,7.5709863025925195,9.489428,6.258316370783945,2026-03
2026-03-26,ITA US 01/15/27 C250 Equity,2026-04-02,11.15,11.15,10.264336417339083,11.15,10.264336417339083,12.499840460928299,9.487713347976396,11.355443,8.352166510278051,2026-03
2026-03-26,ITA US 12/18/26 C245 Equity,2026-04-02,12.4,12.0,11.323400230350057,12.0,11.323400230350057,13.86159611142214,11.355160149658762,14.0262,10.065050544186263,2026-03
2026-03-26,ITA US 10/16/26 C255 Equity,2026-04-02,6.65,6.85,6.1954660013675555,6.85,6.1954660013675555,8.789070257123942,4.927310955042493,7.931193,3.75931062740981,2026-03
2026-03-26,ITA US 12/18/26 C250 Equity,2026-04-02,10.6,10.8,10.041937339860441,10.8,10.041937339860441,12.113974149037976,10.852720592624785,10.246689,9.475084496676994,2026-03
2026-03-26,ITA US 10/16/26 C240 Equity,2026-04-02,11.0,10.75,9.957602709529784,10.75,9.957602709529784,12.501768221584538,9.57615561420237,12.421091,8.105801593910737,2026-03
2026-03-26,ITA US 01/15/27 C240 Equity,2026-04-02,14.1,14.0,13.3287255853105,14.0,13.3287255853105,14.602668711724686,13.297132106230475,16.811836,11.792045776908289,2026-03
2026-03-26,ITA US 01/15/27 C235 Equity,2026-04-02,16.15,16.15,15.44884532190252,16.15,15.44884532190252,17.02946164487732,13.967037599753883,19.528343,12.68283770292556,2026-03
2026-03-26,ITA US 07/17/26 C230 Equity,2026-04-02,10.45,10.2,9.96644216828254,10.2,9.96644216828254,14.012165049610358,11.912538897146872,11.847422,9.070617634164785,2026-03
2026-03-26,ITA US 01/15/27 C245 Equity,2026-04-02,13.05,12.2,11.547279587575442,12.2,11.547279587575442,13.861466797434698,11.922205229003358,13.924048,10.591753132624088,2026-03
2026-03-26,ITA US 12/18/26 C240 Equity,2026-04-02,13.9,13.65,12.907723974309292,13.65,12.907723974309292,14.527412676338784,13.351795639093801,16.369675,11.999152987869163,2026-03
2026-03-26,ITA US 10/16/26 C245 Equity,2026-04-02,9.399999999999999,9.25,8.482833100091792,9.25,8.482833100091792,11.388437033125545,8.580701385305513,11.40297,7.1769061225868125,2026-03
2026-03-26,ITA US 10/16/26 C230 Equity,2026-04-02,14.95,14.5,13.72797081582244,14.5,13.72797081582244,15.99430515352566,13.14603114539125,17.260607,11.951245401754182,2026-03
2026-03-26,ITA US 12/18/26 C235 Equity,2026-04-02,15.95,15.35,14.385348931455518,15.35,14.385348931455518,17.013145883536414,14.30288755623835,18.886925,13.382915493628216,2026-03
2026-03-26,ITA US 10/16/26 C235 Equity,2026-04-02,12.7,12.649999999999999,11.86431263743968,12.649999999999999,11.86431263743968,14.26190238958555,10.948395938806485,14.204135,9.703802612031263,2026-03
2026-03-26,ITA US 12/18/26 C230 Equity,2026-04-02,17.9,17.3,16.372924939774336,17.3,16.372924939774336,18.108654413004793,15.384097180201115,20.708208,14.934897616259894,2026-03
2026-03-26,ITA US 01/15/27 C230 Equity,2026-04-02,18.549999999999997,18.15,17.445405247745843,18.15,17.445405247745843,19.23893481641879,16.85879255422143,21.079395,15.843533452084635,2026-03
2026-03-27,ITA US 10/16/26 C240 Equity,2026-04-06,11.65,9.45,8.780736733759912,9.45,8.780736733759912,9.205735286247958,7.69861830143477,10.524318,6.504277034022473,2026-03
2026-03-27,ITA US 01/15/27 C245 Equity,2026-04-06,13.5,11.1,10.164134669588528,11.1,10.164134669588528,10.433590753957333,9.537980657654204,10.180983,9.050506977529215,2026-03
2026-03-27,ITA US 01/15/27 C230 Equity,2026-04-06,19.65,16.049999999999997,15.181123904976383,16.049999999999997,15.181123904976383,15.393221178124895,14.364845696765054,19.345549,13.464886902147997,2026-03
2026-03-27,ITA US 01/15/27 C250 Equity,2026-04-06,11.850000000000001,9.7,8.745098622899285,9.7,8.745098622899285,8.108709387869155,7.814370281724543,8.936987,6.832119732266472,2026-03
2026-03-27,ITA US 01/15/27 C235 Equity,2026-04-06,17.95,14.350000000000001,13.657199524776418,14.350000000000001,13.657199524776418,13.493066086088625,11.573327579713403,16.798515,10.55562069360862,2026-03
2026-03-27,ITA US 07/17/26 C250 Equity,2026-04-06,4.5,3.55,3.0998843307028316,3.55,3.0998843307028316,4.381166960155156,2.4959733796430807,4.857608,1.5358535598735092,2026-03
2026-03-27,ITA US 12/18/26 C250 Equity,2026-04-06,10.75,9.1,8.31643183627185,9.1,8.31643183627185,8.024632840889215,8.184453642416742,9.387037,7.378635924166485,2026-03
2026-03-27,ITA US 12/18/26 C230 Equity,2026-04-06,18.85,15.7,14.661016123610976,15.7,14.661016123610976,15.068347097724448,13.500032775703149,18.642317,13.190840784394425,2026-03
2026-03-27,ITA US 12/18/26 C240 Equity,2026-04-06,15.05,12.1,11.111824919534895,12.1,11.111824919534895,11.515334272226843,10.870923257455994,13.447527,10.142689048787902,2026-03
2026-03-27,ITA US 07/17/26 C280 Equity,2026-04-06,1.625,1.525,1.2509280411541814,1.525,1.2509280411541814,6.139592187090116,0.6610794211835405,4.6281195,-0.23425629546253823,2026-03
2026-03-27,ITA US 10/16/26 C250 Equity,2026-04-06,8.8,7.3,6.522949495628973,7.3,6.522949495628973,7.419531853962582,6.290645854003484,8.766201,5.229702901637776,2026-03
2026-03-27,ITA US 10/16/26 C245 Equity,2026-04-06,9.55,8.1,7.371985370563184,8.1,7.371985370563184,7.982037570163956,6.662499434186403,9.4734535,5.740948481932877,2026-03
2026-03-27,ITA US 12/18/26 C245 Equity,2026-04-06,12.55,10.6,9.930033075021798,10.6,9.930033075021798,10.477581684031241,9.72802313996861,10.3934,8.422528628873511,2026-03
2026-03-27,ITA US 10/16/26 C230 Equity,2026-04-06,16.15,12.85,12.183037860382665,12.85,12.183037860382665,12.68096238881495,11.042457035257101,13.881464,10.010204741132814,2026-03
2026-03-27,ITA US 10/16/26 C235 Equity,2026-04-06,13.7,11.0,10.328408516608782,11.0,10.328408516608782,10.806123377067681,8.923647897131993,11.22232,7.791262863893175,2026-03
2026-03-27,ITA US 07/17/26 C230 Equity,2026-04-06,10.5,8.25,8.107693476006391,8.25,8.107693476006391,11.056457480437285,9.321726846893226,10.929918,6.90218256975446,2026-03
2026-03-27,ITA US 01/15/27 C240 Equity,2026-04-06,15.899999999999999,12.5,11.157177687922434,12.5,11.157177687922434,10.49730705815161,9.836850580419984,13.282562,9.81779258783969,2026-03
2026-03-27,ITA US 12/18/26 C235 Equity,2026-04-06,16.6,13.7,12.642038793844176,13.7,12.642038793844176,13.227379858902887,12.13541028622824,16.342392,11.451742847264981,2026-03
2026-03-27,ITA US 10/16/26 C255 Equity,2026-04-06,6.85,5.3,4.93964732056893,5.3,4.93964732056893,4.659264796210442,2.6345323480140586,7.2829413,1.960333530574049,2026-03
2026-03-30,ITA US 07/17/26 C230 Equity,2026-04-07,9.8,6.7,6.335953428969086,6.7,6.335953428969086,16.298853675550646,10.246855127906441,10.734718,6.47546784720577,2026-03
2026-03-30,ITA US 12/18/26 C240 Equity,2026-04-07,14.2,9.100000000000001,8.478089305005478,9.100000000000001,8.478089305005478,13.872621574756794,10.374434360519533,9.956314,8.106208743429466,2026-03
2026-03-30,ITA US 12/18/26 C230 Equity,2026-04-07,18.05,12.95,12.41095991218072,12.95,12.41095991218072,18.694196530211723,14.13109873791517,15.646868,11.603246191050205,2026-03
2026-03-30,ITA US 10/16/26 C240 Equity,2026-04-07,11.05,7.85,7.2985322975775775,7.85,7.2985322975775775,13.970276694087238,8.376606948416162,8.536943,6.00725992079641,2026-03
2026-03-30,ITA US 07/17/26 C280 Equity,2026-04-07,1.7249999999999999,0.525,0.4324256371066645,0.525,0.4324256371066645,11.68723345815437,-1.0849348846271276,4.856044,-0.6603568137446215,2026-03
2026-03-30,ITA US 10/16/26 C245 Equity,2026-04-07,9.5,6.7,6.244727270520631,6.7,6.244727270520631,13.09035156821487,7.771090929638831,9.054836,5.50083042150637,2026-03
2026-03-30,ITA US 01/15/27 C235 Equity,2026-04-07,17.35,12.350000000000001,10.638670881614656,12.350000000000001,10.638670881614656,16.435085778345467,11.275928613257552,13.870667,9.558489315028801,2026-03
2026-03-30,ITA US 07/17/26 C250 Equity,2026-04-07,4.4,3.375,3.0846806738251145,3.375,3.0846806738251145,12.350461392839025,5.965666124582004,5.054287,2.917642992860602,2026-03
2026-03-30,ITA US 10/16/26 C235 Equity,2026-04-07,12.95,9.15,8.73954848689551,9.15,8.73954848689551,15.378829110464093,9.760827830603775,10.704894,7.082905073391603,2026-03
2026-03-30,ITA US 10/16/26 C255 Equity,2026-04-07,6.95,5.1,4.634632680540625,5.1,4.634632680540625,11.02790399191573,4.851928563425005,7.4459558,3.0141288245176057,2026-03
2026-03-30,ITA US 12/18/26 C245 Equity,2026-04-07,12.45,8.95,8.388610633240347,8.95,8.388610633240347,14.606316925521247,10.589643963089374,10.475718,7.921529945083977,2026-03
2026-03-30,ITA US 10/16/26 C250 Equity,2026-04-07,7.949999999999999,6.0,5.5827807478254075,6.0,5.5827807478254075,12.396957110943633,7.407700148873211,8.729362,5.037624630949829,2026-03
2026-03-30,ITA US 01/15/27 C240 Equity,2026-04-07,14.9,10.0,9.54360271747638,10.0,9.54360271747638,14.169743282503278,10.959463322990846,10.063646,8.632267182437527,2026-03
2026-03-30,ITA US 01/15/27 C230 Equity,2026-04-07,19.05,13.45,12.385002858203183,13.45,12.385002858203183,17.65601657149989,13.459859405849974,16.5048,11.653034765824627,2026-03
2026-03-30,ITA US 12/18/26 C250 Equity,2026-04-07,10.7,7.300000000000001,6.665947843295262,7.300000000000001,6.665947843295262,11.434707033750856,8.013047497292305,9.052596,6.50641210685377,2026-03
2026-03-30,ITA US 01/15/27 C245 Equity,2026-04-07,13.1,9.350000000000001,8.700842567973273,9.350000000000001,8.700842567973273,14.971197705936783,10.505167763731789,9.889643,8.567041301337584,2026-03
2026-03-30,ITA US 10/16/26 C230 Equity,2026-04-07,15.1,10.2,9.900737799003467,10.2,9.900737799003467,15.876671037184476,10.79470092836789,11.328418,8.29850101453378,2026-03
2026-03-30,ITA US 12/18/26 C235 Equity,2026-04-07,16.1,11.4,10.815692457710973,11.4,10.815692457710973,17.128013688545565,12.766452130214697,13.862098,10.312201480618356,2026-03
2026-03-30,ITA US 01/15/27 C250 Equity,2026-04-07,11.649999999999999,7.9,6.432146040263764,7.9,6.432146040263764,10.950204914915549,7.723766742473311,8.535949,6.119538360936707,2026-03
2026-03-31,ITA US 07/17/26 C280 Equity,2026-04-08,1.825,0.975,0.8486844983009322,0.975,0.8486844983009322,6.251422201088303,1.6113351718077151,4.89397,-0.08480037600738399,2026-03
2026-03-31,ITA US 07/17/26 C295 Equity,2026-04-08,1.525,1.4749999999999999,1.2799859718483084,1.4749999999999999,1.2799859718483084,21.891438414439534,4.835343397073357,4.7154126,0.9695730209234333,2026-03
2026-03-31,ITA US 12/18/26 C230 Equity,2026-04-08,23.2,16.0,15.134819252436996,16.0,15.134819252436996,23.11409238285441,15.847796063465724,16.925737,14.479825621714497,2026-03
2026-03-31,ITA US 07/17/26 C230 Equity,2026-04-08,14.25,8.75,8.370015739127298,8.75,8.370015739127298,17.54244046216415,11.512785911822643,11.10689,8.188568542980219,2026-03
2026-03-31,ITA US 01/15/27 C230 Equity,2026-04-08,23.7,16.75,15.649130066778476,16.75,15.649130066778476,22.445797997305444,15.715007992588708,19.235703,15.060122738912678,2026-03
2026-03-31,ITA US 01/15/27 C240 Equity,2026-04-08,18.25,12.75,11.852143955361027,12.75,11.852143955361027,17.597715356313913,13.361405875895619,12.717906,11.358905077513612,2026-03
2026-03-31,ITA US 12/18/26 C245 Equity,2026-04-08,16.35,10.649999999999999,9.782671630231231,10.649999999999999,9.782671630231231,16.966118004769353,11.229285957451937,11.908583,9.376640035366812,2026-03
2026-03-31,ITA US 01/15/27 C250 Equity,2026-04-08,14.85,9.75,9.001592432045197,9.75,9.001592432045197,14.108452565802194,9.906054442170449,8.959856,7.970467301557158,2026-03
2026-03-31,ITA US 10/16/26 C230 Equity,2026-04-08,20.4,13.0,12.224512430178972,13.0,12.224512430178972,19.602524704646584,12.422980001454391,12.955111,11.078480521433775,2026-03
2026-03-31,ITA US 10/16/26 C235 Equity,2026-04-08,17.65,11.0,10.366537810588738,11.0,10.366537810588738,17.791529465950937,10.54481115966211,11.582221,8.693297122828792,2026-03
2026-03-31,ITA US 12/18/26 C240 Equity,2026-04-08,18.5,12.649999999999999,11.579691805881838,12.649999999999999,11.579691805881838,18.160428086597268,13.0985017481214,12.563147,11.675222666516285,2026-03
2026-03-31,ITA US 01/15/27 C245 Equity,2026-04-08,16.85,11.100000000000001,10.261293826768883,11.100000000000001,10.261293826768883,17.349230791337153,12.07207701858448,11.855383,10.200457840447363,2026-03
2026-03-31,ITA US 10/16/26 C240 Equity,2026-04-08,15.25,9.35,8.783220102951269,9.35,8.783220102951269,15.553266852788173,9.420050411693119,10.791625,7.328070759061472,2026-03
2026-03-31,ITA US 07/17/26 C250 Equity,2026-04-08,5.95,3.475,3.1102210846238294,3.475,3.1102210846238294,12.288383415639949,5.438654930885969,5.2103148,2.533875803813981,2026-03
2026-03-31,ITA US 12/18/26 C250 Equity,2026-04-08,14.100000000000001,9.0,8.381740969014906,9.0,8.381740969014906,13.739926257858977,9.463860759000873,9.495627,8.229634289656913,2026-03
2026-03-31,ITA US 10/16/26 C255 Equity,2026-04-08,9.75,5.55,5.124668947957167,5.55,5.124668947957167,11.822242985795334,5.482182129412383,7.7583957,3.361896688224618,2026-03
2026-03-31,ITA US 10/16/26 C245 Equity,2026-04-08,12.9,7.95,7.39958480046077,7.95,7.39958480046077,14.287414758797105,8.707323879877524,10.565206,6.560688113823341,2026-03
2026-03-31,ITA US 12/18/26 C235 Equity,2026-04-08,20.4,14.1,13.339199013090594,14.1,13.339199013090594,20.84482276430931,14.65760528425928,14.570039,12.863866908997752,2026-03
2026-03-31,ITA US 10/16/26 C250 Equity,2026-04-08,11.6,6.5,6.023758333107984,6.5,6.023758333107984,12.967395020123533,7.140901027295241,8.871118,5.31319645636718,2026-03
2026-03-31,ITA US 01/15/27 C235 Equity,2026-04-08,20.95,14.5,13.66022566621001,14.5,13.66022566621001,19.557592151787446,13.244821448456648,14.314539,11.67909346581145,2026-03
2026-04-01,ITA US 10/16/26 C250 Equity,2026-04-09,10.95,8.75,7.95277213120617,8.75,7.95277213120617,8.570855964559746,7.149887809458924,6.981391,7.277914550005935,2026-04
2026-04-01,ITA US 12/18/26 C235 Equity,2026-04-09,20.65,16.9,15.83792238033957,16.9,15.83792238033957,16.64640461064471,14.646680813526148,13.58721,15.19828681277072,2026-04
2026-04-01,ITA US 01/15/27 C240 Equity,2026-04-09,19.1,15.6,14.481177503840629,15.6,14.481177503840629,14.480755901448143,13.033331883469579,11.837778,13.94514074192635,2026-04
2026-04-01,ITA US 01/15/27 C235 Equity,2026-04-09,20.95,17.65,16.587943873067772,17.65,16.587943873067772,16.573205281797765,14.569209585301275,14.33406,15.739544926120725,2026-04
2026-04-01,ITA US 01/15/27 C250 Equity,2026-04-09,14.3,12.05,11.361187417829044,12.05,11.361187417829044,11.877141027853174,10.185511021051163,9.542989,10.438755877244589,2026-04
2026-04-01,ITA US 10/16/26 C235 Equity,2026-04-09,17.5,13.8,12.845806356554771,13.8,12.845806356554771,13.138671580715824,11.382747819521594,10.815555,12.032656133289548,2026-04
2026-04-01,ITA US 10/16/26 C240 Equity,2026-04-09,15.15,11.7,10.809499998391722,11.7,10.809499998391722,11.001995138858021,9.41969220696527,9.916075,10.01267606770932,2026-04
2026-04-01,ITA US 07/17/26 C230 Equity,2026-04-09,14.45,11.0,10.032147077221534,11.0,10.032147077221534,11.046074455841698,9.248183906423657,8.051504,9.44939299740969,2026-04
2026-04-01,ITA US 12/18/26 C250 Equity,2026-04-09,13.5,10.95,9.915200702650607,10.95,9.915200702650607,10.648602628158974,8.932102988477663,8.724913,9.483223247676078,2026-04
2026-04-01,ITA US 07/17/26 C295 Equity,2026-04-09,1.525,0.725,0.6304559330967181,0.725,0.6304559330967181,7.009130700598478,1.5268591699324237,1.7609684,-0.2904117943422154,2026-04
2026-04-01,ITA US 12/18/26 C230 Equity,2026-04-09,23.25,19.25,18.316298195130667,19.25,18.316298195130667,19.08346497030725,16.79886678647477,15.095661,17.461147923012494,2026-04
2026-04-01,ITA US 01/15/27 C245 Equity,2026-04-09,16.45,13.850000000000001,13.11984136617365,13.850000000000001,13.11984136617365,13.942749555937194,12.223713290063788,11.253264,12.297230627328357,2026-04
2026-04-01,ITA US 12/18/26 C245 Equity,2026-04-09,16.25,13.05,12.14240275018755,13.05,12.14240275018755,13.372724959920316,11.417518466670856,10.509525,11.470103345237844,2026-04
2026-04-01,ITA US 07/17/26 C280 Equity,2026-04-09,1.7249999999999999,1.325,0.9619017839778191,1.325,0.9619017839778191,1.7513323345931262,-0.5223579153850881,1.2699709,0.20422770806233448,2026-04
2026-04-01,ITA US 10/16/26 C230 Equity,2026-04-09,19.700000000000003,15.45,14.585264261249096,15.45,14.585264261249096,14.339129133819405,12.937304471518217,11.647118,13.732443803730611,2026-04
2026-04-01,ITA US 07/17/26 C250 Equity,2026-04-09,6.199999999999999,5.2,3.950043447313503,5.2,3.950043447313503,5.308446193559094,3.838354047802822,4.370815,3.8192247081621344,2026-04
2026-04-01,ITA US 10/16/26 C255 Equity,2026-04-09,9.45,6.95,6.23483659141987,6.95,6.23483659141987,6.113311265508209,4.903805636464936,4.8199973,5.387319678995841,2026-04
2026-04-01,ITA US 12/18/26 C240 Equity,2026-04-09,18.299999999999997,14.9,13.879520245004356,14.9,13.879520245004356,15.006799784699508,13.138059675727263,11.631812,13.306572000249682,2026-04
2026-04-01,ITA US 10/16/26 C245 Equity,2026-04-09,13.0,10.0,9.166386818212612,10.0,9.166386818212612,9.602564520943382,8.136458340373466,8.456781,8.442951868394287,2026-04
2026-04-01,ITA US 01/15/27 C230 Equity,2026-04-09,23.55,20.0,18.822058526769755,20.0,18.822058526769755,18.97816286448753,16.98253612917376,15.620952,18.161999242746617,2026-04
2026-04-02,ITA US 10/16/26 C230 Equity,2026-04-10,18.0,14.95,14.552367141246272,14.95,14.552367141246272,15.963123047630782,13.147256351268904,12.885836,13.720235977049635,2026-04
2026-04-02,ITA US 01/15/27 C230 Equity,2026-04-10,21.65,18.549999999999997,17.81352657091121,18.549999999999997,17.81352657091121,20.12316428913993,17.009910646718257,15.977065,17.180920566588565,2026-04
2026-04-02,ITA US 01/15/27 C235 Equity,2026-04-10,19.05,16.15,15.612493129548039,16.15,15.612493129548039,17.78580705989569,14.712045962583291,14.145265,14.704764811692892,2026-04
2026-04-02,ITA US 07/17/26 C295 Equity,2026-04-10,1.6749999999999998,1.6749999999999998,1.3992933474123592,1.6749999999999998,1.3992933474123592,7.739881416854068,3.2583772795109294,1.7497308,1.2476370287470908,2026-04
2026-04-02,ITA US 07/17/26 C250 Equity,2026-04-10,5.1,3.95,3.594125203623534,3.95,3.594125203623534,6.0949908338573096,3.2583156231821686,3.5074034,3.0397706803306144,2026-04
2026-04-02,ITA US 12/18/26 C240 Equity,2026-04-10,16.45,13.9,13.428345148628976,13.9,13.428345148628976,15.989337431834905,12.873958528769652,12.390542,12.779175534550276,2026-04
2026-04-02,ITA US 07/17/26 C280 Equity,2026-04-10,1.775,0.875,0.702010892003864,0.875,0.702010892003864,2.487247582571925,-1.1296511683068804,1.3527213,0.1874185407465392,2026-04
2026-04-02,ITA US 07/17/26 C230 Equity,2026-04-10,13.0,10.45,9.833475047002466,10.45,9.833475047002466,13.249368626211425,10.355429828087493,9.069478,9.389019997597426,2026-04
2026-04-02,ITA US 12/18/26 C245 Equity,2026-04-10,14.55,12.4,11.83261730789545,12.4,11.83261730789545,15.386844419466042,11.973458377625107,11.12407,11.289803314591563,2026-04
2026-04-02,ITA US 12/18/26 C250 Equity,2026-04-10,12.75,10.6,10.032538507969708,10.6,10.032538507969708,13.10126170676439,9.994634216746135,9.254398,9.612894455884641,2026-04
2026-04-02,ITA US 10/16/26 C245 Equity,2026-04-10,11.45,9.399999999999999,8.877223277536803,9.399999999999999,8.877223277536803,11.614893057530656,8.636072950514587,9.42809,8.314363246249705,2026-04
2026-04-02,ITA US 10/16/26 C235 Equity,2026-04-10,15.6,12.7,12.208111973144796,12.7,12.208111973144796,14.446259128925831,11.421930650108509,11.201982,11.401583240531018,2026-04
2026-04-02,ITA US 01/15/27 C250 Equity,2026-04-10,13.75,11.15,10.451316256972865,11.15,10.451316256972865,13.32888392384218,10.09296391939934,9.552712,9.990811566399675,2026-04
2026-04-02,ITA US 12/18/26 C235 Equity,2026-04-10,18.75,15.95,15.291371564932582,15.95,15.291371564932582,17.849785767689603,14.634888090348191,13.556977,14.720163341482676,2026-04
2026-04-02,ITA US 10/16/26 C240 Equity,2026-04-10,13.4,11.0,10.398557070222417,11.0,10.398557070222417,12.938320188202432,9.945198936691163,10.234802,9.783379202641171,2026-04
2026-04-02,ITA US 10/16/26 C255 Equity,2026-04-10,8.5,6.65,6.1516099434936695,6.65,6.1516099434936695,8.111287473305142,5.415851405561453,5.782435,5.5579420332201925,2026-04
2026-04-02,ITA US 01/15/27 C240 Equity,2026-04-10,17.35,14.1,13.507701745790273,14.1,13.507701745790273,15.275909197128104,12.633868278588965,13.1653385,12.907369041180262,2026-04
2026-04-02,ITA US 01/15/27 C245 Equity,2026-04-10,15.600000000000001,13.05,11.726558893926672,13.05,11.726558893926672,15.359557941305406,12.175984764713757,11.549797,11.931640994559324,2026-04
2026-04-02,ITA US 10/16/26 C250 Equity,2026-04-10,10.05,8.05,7.754139905996161,8.05,7.754139905996161,10.808877146209554,7.72573146247043,7.3335924,7.051601407448768,2026-04
2026-04-02,ITA US 12/18/26 C230 Equity,2026-04-10,21.25,17.9,17.35346161982116,17.9,17.35346161982116,20.384588957388814,16.95272138264391,15.781674,16.575460590077576,2026-04
2026-04-06,ITA US 01/15/27 C245 Equity,2026-04-13,16.8,13.5,12.965277167496106,13.5,12.965277167496106,13.148586126466883,12.155592675316202,10.217142,12.753476414250263,2026-04
2026-04-06,ITA US 07/17/26 C250 Equity,2026-04-13,5.300000000000001,4.5,4.231561040043448,4.5,4.231561040043448,4.646424325612921,3.2588973895907145,3.569599,3.960470551152812,2026-04
2026-04-06,ITA US 01/15/27 C250 Equity,2026-04-13,14.8,11.850000000000001,11.385135650033389,11.850000000000001,11.385135650033389,11.752751989690669,10.458196632657186,9.54067,11.06882395336078,2026-04
2026-04-06,ITA US 01/15/27 C230 Equity,2026-04-13,24.0,19.65,19.124093217738153,19.65,19.124093217738153,18.367642816439368,16.71924822428361,14.176926,18.631324807221898,2026-04
2026-04-06,ITA US 12/18/26 C235 Equity,2026-04-13,20.55,16.6,15.945270587011132,16.6,15.945270587011132,16.573555821703025,14.807279112940591,11.705545,15.708898679855904,2026-04
2026-04-06,ITA US 10/16/26 C255 Equity,2026-04-13,8.3,6.85,6.445457382245778,6.85,6.445457382245778,6.360791480227443,5.325356872223505,4.541571,6.109442433804252,2026-04
2026-04-06,ITA US 10/16/26 C250 Equity,2026-04-13,9.9,8.8,8.16821628466023,8.8,8.16821628466023,8.920847334481152,7.146442335465263,6.790822,8.146365649328107,2026-04
2026-04-06,ITA US 07/17/26 C280 Equity,2026-04-13,0.775,1.625,1.433727353278087,1.625,1.433727353278087,2.4034306590444654,1.2080896151564033,0.43556035,1.3915843432254644,2026-04
2026-04-06,ITA US 12/18/26 C250 Equity,2026-04-13,13.25,10.75,10.095823656051259,10.75,10.095823656051259,10.990162473769669,9.502484819738392,8.0927725,10.100317486661275,2026-04
2026-04-06,ITA US 12/18/26 C230 Equity,2026-04-13,23.25,18.85,18.390528403224152,18.85,18.390528403224152,18.669991024356463,16.972080924166715,13.421189,17.86902849043462,2026-04
2026-04-06,ITA US 07/17/26 C230 Equity,2026-04-13,14.149999999999999,10.5,10.296563013726116,10.5,10.296563013726116,11.107056173816197,9.830931714399302,7.604002,9.767304815448922,2026-04
2026-04-06,ITA US 01/15/27 C240 Equity,2026-04-13,18.9,15.899999999999999,15.112182497923872,15.899999999999999,15.112182497923872,15.170458033583447,13.57961975444395,10.972058,15.068466948040712,2026-04
2026-04-06,ITA US 12/18/26 C245 Equity,2026-04-13,15.899999999999999,12.55,12.051378412963459,12.55,12.051378412963459,13.139054954308037,11.528291726704103,9.086174,11.78111238241439,2026-04
2026-04-06,ITA US 10/16/26 C230 Equity,2026-04-13,19.25,16.15,15.774202722551541,16.15,15.774202722551541,16.003764564629737,14.136056808962957,11.21933,15.26875345278825,2026-04
2026-04-06,ITA US 10/16/26 C235 Equity,2026-04-13,16.65,13.7,13.083319662088503,13.7,13.083319662088503,13.043158177378828,11.463721746121418,9.934596,12.744753243087265,2026-04
2026-04-06,ITA US 12/18/26 C240 Equity,2026-04-13,18.25,15.05,14.550929478655354,15.05,14.550929478655354,15.586275844591409,13.45498265618058,9.752962,14.283262879026868,2026-04
2026-04-06,ITA US 07/17/26 C295 Equity,2026-04-13,0.47500000000000003,1.4749999999999999,1.2654242955254302,1.4749999999999999,1.2654242955254302,9.946529923060808,4.606857762352599,0.8718477,1.3857973210038486,2026-04
2026-04-06,ITA US 10/16/26 C245 Equity,2026-04-13,11.899999999999999,9.55,9.145795599139085,9.55,9.145795599139085,9.45475236431705,8.193289573791368,7.8547635,8.805138815412919,2026-04
2026-04-06,ITA US 01/15/27 C235 Equity,2026-04-13,21.3,17.95,16.910392687500273,17.95,16.910392687500273,16.72129830838268,14.97943192517977,12.835818,16.848972678370384,2026-04
2026-04-06,ITA US 10/16/26 C240 Equity,2026-04-13,14.4,11.65,10.941431703433413,11.65,10.941431703433413,11.174255359038597,9.837038913872068,9.168727,10.772892931908425,2026-04
2026-04-07,ITA US 12/18/26 C240 Equity,2026-04-14,19.6,14.2,13.472905560645202,14.2,13.472905560645202,14.147061247148065,12.451686296529719,12.5334,12.68378197174997,2026-04
2026-04-07,ITA US 01/15/27 C250 Equity,2026-04-14,15.95,11.649999999999999,11.019921503676706,11.649999999999999,11.019921503676706,10.247973934061266,9.091921647046128,10.257111,10.13091390248816,2026-04
2026-04-07,ITA US 10/16/26 C240 Equity,2026-04-14,15.65,11.05,10.266590521688299,11.05,10.266590521688299,9.241984272023606,8.387513338607672,10.219995,9.43440791815547,2026-04
2026-04-07,ITA US 10/16/26 C255 Equity,2026-04-14,9.8,6.95,6.409499142001483,6.95,6.409499142001483,5.502960972049168,4.564564964275734,5.6429605,5.4783482521438716,2026-04
2026-04-07,ITA US 12/18/26 C235 Equity,2026-04-14,21.9,16.1,15.393659348669852,16.1,15.393659348669852,14.979698485931445,13.620615275632717,14.334234,14.476539846624117,2026-04
2026-04-07,ITA US 12/18/26 C230 Equity,2026-04-14,24.45,18.05,17.258226481785435,18.05,17.258226481785435,16.486639353712306,15.563823933781498,16.539492,16.4001702221988,2026-04
2026-04-07,ITA US 10/16/26 C245 Equity,2026-04-14,13.55,9.5,8.805358200399352,9.5,8.805358200399352,8.049612023578263,7.143502350225345,9.150386,8.01865549440001,2026-04
2026-04-07,ITA US 07/17/26 C280 Equity,2026-04-14,1.0,1.7249999999999999,1.490277598075693,1.7249999999999999,1.490277598075693,5.192733509334667,2.263181652253415,1.8349627,0.7704888065292292,2026-04
2026-04-07,ITA US 12/18/26 C250 Equity,2026-04-14,15.100000000000001,10.7,10.043500675684605,10.7,10.043500675684605,9.771515322900289,8.610497440758826,9.492373,9.321911269363053,2026-04
2026-04-07,ITA US 07/17/26 C230 Equity,2026-04-14,15.600000000000001,9.8,9.42610139592301,9.8,9.42610139592301,8.951008032785253,8.231032117936325,8.767102,8.327609324256839,2026-04
2026-04-07,ITA US 01/15/27 C240 Equity,2026-04-14,20.45,14.9,14.164280622255733,14.9,14.164280622255733,13.684348128396813,12.324885024123555,13.608942,13.325304263383519,2026-04
2026-04-07,ITA US 01/15/27 C230 Equity,2026-04-14,25.7,19.05,18.415865883988268,19.05,18.415865883988268,17.43305448690361,15.98610128154169,17.22057,17.29837841722588,2026-04
2026-04-07,ITA US 07/17/26 C295 Equity,2026-04-14,1.4249999999999998,1.525,1.2882134776152365,1.525,1.2882134776152365,8.456819325811773,3.6071790551945373,1.8762649,0.7104489518413082,2026-04
2026-04-07,ITA US 10/16/26 C250 Equity,2026-04-14,11.55,7.949999999999999,7.3936990930462265,7.949999999999999,7.3936990930462265,7.109550913360415,5.812227321429303,7.0457253,6.5482999242180515,2026-04
2026-04-07,ITA US 01/15/27 C235 Equity,2026-04-14,22.950000000000003,17.35,16.05568325226613,17.35,16.05568325226613,15.364090021562674,14.017141345915187,15.12199,15.507576589860125,2026-04
2026-04-07,ITA US 12/18/26 C245 Equity,2026-04-14,17.05,12.45,11.586598490764256,12.45,11.586598490764256,11.576601833080034,10.370480812931094,11.042135,10.939360995168967,2026-04
2026-04-07,ITA US 07/17/26 C250 Equity,2026-04-14,7.1000000000000005,4.4,4.0597156889673975,4.4,4.0597156889673975,4.513719041993884,3.0406023897205277,3.8682995,3.1331904397648738,2026-04
2026-04-07,ITA US 10/16/26 C230 Equity,2026-04-14,20.95,15.1,14.438479099333266,15.1,14.438479099333266,13.898496165198226,12.585789336799415,13.299666,13.466974752036453,2026-04
2026-04-07,ITA US 01/15/27 C245 Equity,2026-04-14,18.049999999999997,13.1,12.491538105876197,13.1,12.491538105876197,11.692013089099826,10.533406782334726,11.851764,11.616724799538998,2026-04
2026-04-07,ITA US 10/16/26 C235 Equity,2026-04-14,18.450000000000003,12.95,12.285935775974945,12.95,12.285935775974945,11.384384138446759,10.343277313632763,11.511796,11.257292406285446,2026-04
2026-04-08,ITA US 12/18/26 C230 Equity,2026-04-15,23.35,23.2,22.119991356099675,23.2,22.119991356099675,21.356865230152316,18.887194900127746,19.360706,21.039766998466114,2026-04
2026-04-08,ITA US 01/15/27 C235 Equity,2026-04-15,22.2,20.95,20.429770896511258,20.95,20.429770896511258,19.282155542376984,17.261050475348476,16.342356,18.831044540959812,2026-04
2026-04-08,ITA US 01/15/27 C240 Equity,2026-04-15,19.8,18.25,18.013214412377746,18.25,18.013214412377746,17.414706070252166,15.63589443728978,14.256347,16.40124852829379,2026-04
2026-04-08,ITA US 10/16/26 C245 Equity,2026-04-15,12.9,12.9,11.949185665842448,12.9,11.949185665842448,12.121824687455192,10.67112039982972,11.234809,11.138691009234114,2026-04
2026-04-08,ITA US 12/18/26 C240 Equity,2026-04-15,18.200000000000003,18.5,17.461049372337644,18.5,17.461049372337644,18.22197207332959,16.077127050407405,14.405416,16.69959595557649,2026-04
2026-04-08,ITA US 10/16/26 C235 Equity,2026-04-15,17.55,17.65,16.65266051004018,17.65,16.65266051004018,16.158708796410732,14.311815552347817,14.305046,15.664346281239661,2026-04
2026-04-08,ITA US 12/18/26 C235 Equity,2026-04-15,20.8,20.4,19.31272628263486,20.4,19.31272628263486,19.190810392710183,16.915653381778274,15.539416,18.477076071842507,2026-04
2026-04-08,ITA US 01/15/27 C250 Equity,2026-04-15,15.5,14.85,14.013519245119987,14.85,14.013519245119987,14.406928189787427,12.288430286474272,11.440405,13.04819120880006,2026-04
2026-04-08,ITA US 07/17/26 C230 Equity,2026-04-15,14.9,14.25,13.587005254569672,14.25,13.587005254569672,13.408145165169095,11.429769835716009,10.404906,12.258614947319199,2026-04
2026-04-08,ITA US 10/16/26 C230 Equity,2026-04-15,20.1,20.4,18.64300619595113,20.4,18.64300619595113,19.019307437257027,16.638033648156522,16.155237,18.233020531119863,2026-04
2026-04-08,ITA US 12/18/26 C250 Equity,2026-04-15,14.1,14.100000000000001,13.12102140421373,14.100000000000001,13.12102140421373,13.921839755844593,11.995204814047343,10.795223,12.443210261811844,2026-04
2026-04-08,ITA US 07/17/26 C250 Equity,2026-04-15,5.6,5.95,5.2780304640561715,5.95,5.2780304640561715,5.7352230643397135,4.316569931845324,5.9763026,4.367615418122365,2026-04
2026-04-08,ITA US 10/16/26 C240 Equity,2026-04-15,15.149999999999999,15.25,14.476664442937452,15.25,14.476664442937452,14.196591550295476,12.439196029465247,11.838671,13.3676055327038,2026-04
2026-04-08,ITA US 07/17/26 C295 Equity,2026-04-15,1.525,1.525,1.3247494953946106,1.525,1.3247494953946106,9.29378662156784,4.224329597751005,1.9632641,0.40057937338416383,2026-04
2026-04-08,ITA US 10/16/26 C250 Equity,2026-04-15,11.15,11.6,10.696882313056733,11.6,10.696882313056733,11.23941220969698,9.62083669619481,9.198904,9.93946652535639,2026-04
2026-04-08,ITA US 07/17/26 C280 Equity,2026-04-15,1.775,1.825,1.5596301292109511,1.825,1.5596301292109511,5.996273494819926,2.98545029051928,2.0939834,0.5552217593098383,2026-04
2026-04-08,ITA US 10/16/26 C255 Equity,2026-04-15,9.25,9.75,8.924985563967201,9.75,8.924985563967201,9.42465752651504,7.823819244818922,8.429543,8.011131797330027,2026-04
2026-04-08,ITA US 12/18/26 C245 Equity,2026-04-15,16.35,16.35,15.343382629224717,16.35,15.343382629224717,16.162348333845465,14.200323765697707,12.98165,14.565434146658477,2026-04
2026-04-08,ITA US 01/15/27 C245 Equity,2026-04-15,17.65,16.85,15.923215298257492,16.85,15.923215298257492,16.461027376104376,14.202548652496498,13.006815,15.081160122815627,2026-04
2026-04-08,ITA US 01/15/27 C230 Equity,2026-04-15,24.8,23.7,22.73044798550581,23.7,22.73044798550581,22.489007416595186,19.42922138983485,19.231272,21.4245843680731,2026-04
2026-04-09,ITA US 10/16/26 C245 Equity,2026-04-16,11.65,13.0,11.758713821078404,13.0,11.758713821078404,12.14044577199253,10.0831476229844,11.457358,11.381700861760681,2026-04
2026-04-09,ITA US 07/17/26 C230 Equity,2026-04-16,12.55,14.45,13.808959751413825,14.45,13.808959751413825,14.258544125213433,11.832703517506033,10.77496,12.668421735558537,2026-04
2026-04-09,ITA US 07/17/26 C250 Equity,2026-04-16,4.6,6.199999999999999,5.527365832696432,6.199999999999999,5.527365832696432,5.549167615318073,3.854419967135696,6.6818933,4.784886556383384,2026-04
2026-04-09,ITA US 12/18/26 C240 Equity,2026-04-16,16.299999999999997,18.299999999999997,16.93579404040074,18.299999999999997,16.93579404040074,17.965987855769,15.456698787123285,14.84642,16.636196665908795,2026-04
2026-04-09,ITA US 12/18/26 C230 Equity,2026-04-16,20.9,23.25,21.81594774258199,23.25,21.81594774258199,22.095858311339605,19.12149594647368,19.535288,21.272046437498688,2026-04
2026-04-09,ITA US 01/15/27 C240 Equity,2026-04-16,17.6,19.1,17.570593541205387,19.1,17.570593541205387,17.57236676408335,15.030051834238176,14.919839,17.376517259613856,2026-04
2026-04-09,ITA US 10/16/26 C255 Equity,2026-04-16,8.5,9.45,8.445676871028933,9.45,8.445676871028933,9.154540248427127,6.828615988455619,9.269222,7.847062743268449,2026-04
2026-04-09,ITA US 10/16/26 C235 Equity,2026-04-16,15.5,17.5,16.1151808002757,17.5,16.1151808002757,15.924299230278795,13.60569819216923,14.646627,15.64932916654259,2026-04
2026-04-09,ITA US 12/18/26 C250 Equity,2026-04-16,12.4,13.5,12.205464445786948,13.5,12.205464445786948,12.480376159997197,10.134503058999053,11.712636,11.971183927997338,2026-04
2026-04-09,ITA US 07/17/26 C295 Equity,2026-04-16,1.525,1.525,1.223775130007153,1.525,1.223775130007153,7.174404093056275,2.237802786585309,1.9132425,0.5388852659572188,2026-04
2026-04-09,ITA US 10/16/26 C240 Equity,2026-04-16,13.45,15.15,13.835801785577846,15.15,13.835801785577846,14.310313255547669,12.02311397643915,12.537312,13.432405224641263,2026-04
2026-04-09,ITA US 12/18/26 C245 Equity,2026-04-16,14.55,16.25,14.924366487404326,16.25,14.924366487404326,16.153160785216322,13.565589114565066,13.580607,14.604291263174403,2026-04
2026-04-09,ITA US 01/15/27 C235 Equity,2026-04-16,19.65,20.95,20.063549554133076,20.95,20.063549554133076,19.56798607347697,17.095798360601535,17.3742,18.999790372757353,2026-04
2026-04-09,ITA US 01/15/27 C230 Equity,2026-04-16,22.0,23.55,22.447631501592035,23.55,22.447631501592035,22.361895408272368,19.43282492719841,20.328812,21.46552285027181,2026-04
2026-04-09,ITA US 07/17/26 C280 Equity,2026-04-16,1.775,1.7249999999999999,1.3935212919707414,1.7249999999999999,1.3935212919707414,3.6320172543940235,0.8226111576657082,1.8528037,0.5895700713185603,2026-04
2026-04-09,ITA US 10/16/26 C250 Equity,2026-04-16,9.6,10.95,9.791725366549697,10.95,9.791725366549697,10.458202697603607,8.271913320356294,9.467394,9.412667914905029,2026-04
2026-04-09,ITA US 01/15/27 C245 Equity,2026-04-16,15.55,16.45,15.717571120834412,16.45,15.717571120834412,16.426166454034533,14.01776447281701,13.844034,14.831190353498467,2026-04
2026-04-09,ITA US 01/15/27 C250 Equity,2026-04-16,13.7,14.3,13.628470054866373,14.3,13.628470054866373,14.011762321890927,11.696016435853503,12.494688,12.645302420998181,2026-04
2026-04-09,ITA US 10/16/26 C230 Equity,2026-04-16,17.9,19.700000000000003,18.648613392742263,19.700000000000003,18.648613392742263,18.077263759493793,15.735649412781514,16.468674,17.73812641125621,2026-04
2026-04-09,ITA US 12/18/26 C235 Equity,2026-04-16,18.549999999999997,20.65,19.235038394817646,20.65,19.235038394817646,19.214756718152508,16.669212608563537,16.848051,18.873311374143675,2026-04
2026-04-10,ITA US 10/16/26 C250 Equity,2026-04-17,9.95,10.05,9.441763067627704,10.05,9.441763067627704,10.53343790154274,9.57430201298937,9.139997,9.414134656434015,2026-04
2026-04-10,ITA US 12/18/26 C250 Equity,2026-04-17,13.100000000000001,12.75,12.025102718459854,12.75,12.025102718459854,13.090114748633487,11.82948057647929,11.22134,12.126641683617967,2026-04
2026-04-10,ITA US 07/17/26 C295 Equity,2026-04-17,0.7000000000000001,1.6749999999999998,1.4268353605842163,1.6749999999999998,1.4268353605842163,8.836560162690644,4.626107688704257,1.1591145,1.6127284678474543,2026-04
2026-04-10,ITA US 01/15/27 C240 Equity,2026-04-17,18.35,17.35,16.653538205906237,17.35,16.653538205906237,17.03756026830832,15.686427132920034,14.296146,16.525850916486522,2026-04
2026-04-10,ITA US 07/17/26 C230 Equity,2026-04-17,13.45,13.0,12.505690348928539,13.0,12.505690348928539,13.785409780311713,12.74573443617986,10.024013,12.283447395833548,2026-04
2026-04-10,ITA US 10/16/26 C255 Equity,2026-04-17,8.75,8.5,7.914808333407137,8.5,7.914808333407137,8.941201298194951,7.713559910767307,9.011537,7.787790383743348,2026-04
2026-04-10,ITA US 07/17/26 C280 Equity,2026-04-17,0.925,1.775,1.519317448711977,1.775,1.519317448711977,4.727513706183476,2.685095864203543,0.91567975,1.5525490139784641,2026-04
2026-04-10,ITA US 12/18/26 C240 Equity,2026-04-17,17.4,16.45,15.730408675428547,16.45,15.730408675428547,16.665190752739523,15.443851836789936,13.640983,15.677280613143385,2026-04
2026-04-10,ITA US 07/17/26 C250 Equity,2026-04-17,4.949999999999999,5.1,4.788214657412262,5.1,4.788214657412262,5.700710405855343,4.626355293869164,5.7451296,4.566609741422296,2026-04
2026-04-10,ITA US 01/15/27 C230 Equity,2026-04-17,23.15,21.65,21.30467083049665,21.65,21.30467083049665,20.246849043120278,19.38132671696184,18.748798,20.66002188476975,2026-04
2026-04-10,ITA US 01/15/27 C245 Equity,2026-04-17,16.2,15.600000000000001,14.84503248982005,15.600000000000001,14.84503248982005,16.05788218843669,14.619467775440103,12.93062,14.86657335097436,2026-04
2026-04-10,ITA US 12/18/26 C245 Equity,2026-04-17,15.0,14.55,13.97991151912691,14.55,13.97991151912691,15.383249456836364,14.003399942480636,12.302981,13.798382506860152,2026-04
2026-04-10,ITA US 10/16/26 C230 Equity,2026-04-17,19.0,18.0,17.319933561419944,18.0,17.319933561419944,17.430439389354245,16.47435695445582,15.427119,17.106840093495894,2026-04
2026-04-10,ITA US 10/16/26 C245 Equity,2026-04-17,11.95,11.45,10.827820779256344,11.45,10.827820779256344,11.485369572439676,10.688351975444604,10.729254,10.723254112132237,2026-04
2026-04-10,ITA US 12/18/26 C230 Equity,2026-04-17,22.25,21.25,20.478005569638963,21.25,20.478005569638963,20.73034230136481,19.573428779082658,17.976122,20.345378821801372,2026-04
2026-04-10,ITA US 12/18/26 C235 Equity,2026-04-17,19.35,18.75,18.0983678222976,18.75,18.0983678222976,18.8270270874429,17.618351946407998,15.553005,17.87159900090886,2026-04
2026-04-10,ITA US 01/15/27 C235 Equity,2026-04-17,20.25,19.05,18.976738211154633,19.05,18.976738211154633,18.365849261825026,17.203559704099728,16.301414,17.99975470959563,2026-04
2026-04-10,ITA US 10/16/26 C235 Equity,2026-04-17,16.450000000000003,15.6,14.8189393178038,15.6,14.8189393178038,15.007375532014517,14.07032996481868,12.811097,14.641138595298086,2026-04
2026-04-10,ITA US 10/16/26 C240 Equity,2026-04-17,14.25,13.4,12.738837048365138,13.4,12.738837048365138,12.783354623776074,11.954115765617132,11.475423,12.575082850617704,2026-04
2026-04-10,ITA US 01/15/27 C250 Equity,2026-04-17,13.75,13.75,12.504866832598193,13.75,12.504866832598193,13.15907852778001,11.739875072576964,11.7633095,12.975097332600908,2026-04
2026-04-13,ITA US 10/16/26 C255 Equity,2026-04-20,7.35,8.3,8.055370893635253,8.3,8.055370893635253,5.178527600600082,6.971418449867622,11.190374,7.9342009457356815,2026-04
2026-04-13,ITA US 01/15/27 C245 Equity,2026-04-20,15.149999999999999,16.8,15.885898459507612,16.8,15.885898459507612,13.987134119677677,15.186733600581611,13.592338,16.41534534887074,2026-04
2026-04-13,ITA US 01/15/27 C240 Equity,2026-04-20,17.4,18.9,18.432540711376564,18.9,18.432540711376564,15.96870714778712,16.982878766782846,16.068724,18.44051355926567,2026-04
2026-04-13,ITA US 07/17/26 C280 Equity,2026-04-20,1.575,0.775,0.6506740871728351,0.775,0.6506740871728351,-1.1109648039351168,-0.5169165356999539,2.9760025,0.7899313805313065,2026-04
2026-04-13,ITA US 01/15/27 C230 Equity,2026-04-20,22.35,24.0,23.164445971921555,24.0,23.164445971921555,19.799534234741234,20.251443379606386,20.964165,23.075353987624524,2026-04
2026-04-13,ITA US 10/16/26 C230 Equity,2026-04-20,17.95,19.25,19.344352479853523,19.25,19.344352479853523,15.937908838453733,17.148447266859556,16.662203,18.457495439961953,2026-04
2026-04-13,ITA US 07/17/26 C230 Equity,2026-04-20,12.95,14.149999999999999,13.985368846942876,14.149999999999999,13.985368846942876,12.04570651264659,13.152580320666406,12.445027,13.509172625666915,2026-04
2026-04-13,ITA US 10/16/26 C235 Equity,2026-04-20,15.549999999999999,16.65,16.295017637571068,16.65,16.295017637571068,12.446489025648598,14.19552530828105,14.434222,16.04906850363134,2026-04
2026-04-13,ITA US 12/18/26 C235 Equity,2026-04-20,18.95,20.55,19.95280932350685,20.55,19.95280932350685,17.383419423729844,18.55416419180499,17.130335,20.03050667023667,2026-04
2026-04-13,ITA US 10/16/26 C250 Equity,2026-04-20,9.3,9.9,9.644869206750089,9.9,9.644869206750089,6.989293234653683,8.905360657753903,11.171452,9.60782319426359,2026-04
2026-04-13,ITA US 12/18/26 C245 Equity,2026-04-20,14.0,15.899999999999999,15.066357780522683,15.899999999999999,15.066357780522683,13.221922641536533,14.410758969021726,13.666012,15.497639670513525,2026-04
2026-04-13,ITA US 10/16/26 C240 Equity,2026-04-20,13.25,14.4,14.030222889456674,14.4,14.030222889456674,10.870459162467498,12.582069027210867,14.172123,13.933596944218607,2026-04
2026-04-13,ITA US 01/15/27 C235 Equity,2026-04-20,19.9,21.3,20.5135566439551,21.3,20.5135566439551,17.25289734150443,18.143538423253318,18.12254,20.590886519749983,2026-04
2026-04-13,ITA US 10/16/26 C245 Equity,2026-04-20,11.35,11.899999999999999,11.540224198658146,11.899999999999999,11.540224198658146,7.674426827423922,9.70789967076918,12.46071,11.523334771861009,2026-04
2026-04-13,ITA US 01/15/27 C250 Equity,2026-04-20,14.05,14.8,13.973212727751127,14.8,13.973212727751127,11.132917490616933,12.548701238782236,13.867198,14.400411544337944,2026-04
2026-04-13,ITA US 12/18/26 C230 Equity,2026-04-20,21.45,23.25,22.555259416008347,23.25,22.555259416008347,20.340525330171758,20.880096827243378,20.60263,22.424135763221397,2026-04
2026-04-13,ITA US 07/17/26 C250 Equity,2026-04-20,4.9,5.300000000000001,4.733051144634033,5.300000000000001,4.733051144634033,1.6998244950341768,3.710528683259364,8.768063,5.086628683763843,2026-04
2026-04-13,ITA US 12/18/26 C240 Equity,2026-04-20,16.5,18.25,17.435285174661296,18.25,17.435285174661296,15.386277697758077,16.583579621058295,15.486116,17.83723904603477,2026-04
2026-04-13,ITA US 12/18/26 C250 Equity,2026-04-20,12.6,13.25,13.057856713584185,13.25,13.057856713584185,10.862672660311729,12.1386795582234,12.641821,12.988742422560065,2026-04
2026-04-14,ITA US 10/16/26 C255 Equity,2026-04-21,5.9,9.8,9.28393188132743,9.8,9.28393188132743,4.983798946595655,7.140298219015451,9.365386,8.597595563675455,2026-04
2026-04-14,ITA US 07/17/26 C280 Equity,2026-04-21,0.55,1.0,0.7520909646542736,1.0,0.7520909646542736,-5.889614411965786,-2.5067598352351705,1.5165945,0.17598114626789996,2026-04
2026-04-14,ITA US 07/17/26 C230 Equity,2026-04-21,8.55,15.600000000000001,15.19125821307022,15.600000000000001,15.19125821307022,10.793513713525979,12.60521595457984,10.672041,13.83624264777896,2026-04
2026-04-14,ITA US 01/15/27 C245 Equity,2026-04-21,12.399999999999999,18.049999999999997,17.371992446324217,18.049999999999997,17.371992446324217,13.599232105155242,15.210870712544414,14.33483,16.827567562466026,2026-04
2026-04-14,ITA US 10/16/26 C230 Equity,2026-04-21,14.3,20.95,20.42361263684271,20.95,20.42361263684271,15.32231794344228,16.6731356001402,16.484352,19.03190948156954,2026-04
2026-04-14,ITA US 12/18/26 C250 Equity,2026-04-21,9.7,15.100000000000001,14.455886708581096,15.100000000000001,14.455886708581096,11.555269691852917,12.896889045713547,12.055835,13.994724947523315,2026-04
2026-04-14,ITA US 10/16/26 C240 Equity,2026-04-21,10.05,15.65,15.110494680506404,15.65,15.110494680506404,10.721452140088141,12.835623664891436,12.44034,14.330360397094825,2026-04
2026-04-14,ITA US 12/18/26 C230 Equity,2026-04-21,17.05,24.45,23.82802514707458,24.45,23.82802514707458,19.892458254301324,21.007149470592584,20.689726,22.51342023469111,2026-04
2026-04-14,ITA US 10/16/26 C235 Equity,2026-04-21,11.95,18.450000000000003,17.9000743962165,18.450000000000003,17.9000743962165,13.784200835246697,14.891894980027995,14.8759575,16.964374830391662,2026-04
2026-04-14,ITA US 01/15/27 C240 Equity,2026-04-21,13.9,20.45,19.764304119896263,20.45,19.764304119896263,16.002632293216283,17.374701644049306,16.096418,19.141467575362373,2026-04
2026-04-14,ITA US 01/15/27 C230 Equity,2026-04-21,18.0,25.7,25.0147031201159,25.7,25.0147031201159,20.567040063705065,21.50710337239907,21.197166,23.67836629514884,2026-04
2026-04-14,ITA US 12/18/26 C240 Equity,2026-04-21,12.9,19.6,18.96202476893745,19.6,18.96202476893745,15.492124027924932,17.05376390008264,15.471909,18.34542779580872,2026-04
2026-04-14,ITA US 12/18/26 C245 Equity,2026-04-21,11.0,17.05,16.423873916515202,17.05,16.423873916515202,13.020859485620642,14.659239439534465,14.454242,15.80705730194552,2026-04
2026-04-14,ITA US 07/17/26 C250 Equity,2026-04-21,2.925,7.1000000000000005,5.8124067533373625,7.1000000000000005,5.8124067533373625,1.4014063799670122,4.4039759946861725,5.947487,6.050950917317358,2026-04
2026-04-14,ITA US 01/15/27 C235 Equity,2026-04-21,15.85,22.950000000000003,22.234497981150536,22.950000000000003,22.234497981150536,18.361753225925856,18.94336281088509,19.281485,21.351334207009295,2026-04
2026-04-14,ITA US 10/16/26 C250 Equity,2026-04-21,7.55,11.55,11.022307715914767,11.55,11.022307715914767,6.759932671657468,8.978177881520743,9.571638,10.419162162786758,2026-04
2026-04-14,ITA US 12/18/26 C235 Equity,2026-04-21,14.950000000000001,21.9,21.245315436725498,21.9,21.245315436725498,18.13831393882186,18.851783191608767,17.464277,20.482026733528727,2026-04
2026-04-14,ITA US 01/15/27 C250 Equity,2026-04-21,10.649999999999999,15.95,15.250955934518405,15.95,15.250955934518405,11.323542455027406,12.969407161390366,13.622026,14.711495777524757,2026-04
2026-04-14,ITA US 10/16/26 C245 Equity,2026-04-21,8.95,13.55,13.012218581921772,13.55,13.012218581921772,8.719920400853646,10.881003264061402,11.016243,12.33449664597336,2026-04
2026-04-15,ITA US 01/15/27 C240 Equity,2026-04-22,12.2,19.8,18.854824430739665,19.8,18.854824430739665,16.786764320895344,16.325537069453667,16.240929,18.09207042404917,2026-04
2026-04-15,ITA US 01/15/27 C235 Equity,2026-04-22,13.8,22.2,21.24174041831586,22.2,21.24174041831586,18.760986296322287,18.221711844365288,18.161787,20.248730523826545,2026-04
2026-04-15,ITA US 07/17/26 C280 Equity,2026-04-22,1.575,1.775,1.4968753634306315,1.775,1.4968753634306315,-1.8065452495311423,-0.5734139623077734,0.9602439,0.6578805743890934,2026-04
2026-04-15,ITA US 12/18/26 C240 Equity,2026-04-22,11.149999999999999,18.200000000000003,17.41985239352174,18.200000000000003,17.41985239352174,15.290608462821599,15.120163170562028,15.887194,16.535427602180253,2026-04
2026-04-15,ITA US 12/18/26 C235 Equity,2026-04-22,12.85,20.8,19.91578325842509,20.8,19.91578325842509,17.65765297730289,17.499081820470696,17.428648,19.022447916355247,2026-04
2026-04-15,ITA US 10/16/26 C250 Equity,2026-04-22,6.35,11.15,10.447441863996852,11.15,10.447441863996852,8.382310033869631,8.462826678777613,9.643723,9.621761476661662,2026-04
2026-04-15,ITA US 10/16/26 C255 Equity,2026-04-22,5.3,9.25,8.693356696946253,9.25,8.693356696946253,6.520407651517518,6.628373597384114,9.27347,7.648415654095087,2026-04
2026-04-15,ITA US 12/18/26 C245 Equity,2026-04-22,9.85,16.35,15.510285538013466,16.35,15.510285538013466,14.110132501874936,13.791850644075742,14.5259285,14.70518190027999,2026-04
2026-04-15,ITA US 10/16/26 C240 Equity,2026-04-22,8.350000000000001,15.149999999999999,14.387308063017615,15.149999999999999,14.387308063017615,11.635235625104485,11.917479837571694,12.286807,13.440021084583556,2026-04
2026-04-15,ITA US 10/16/26 C230 Equity,2026-04-22,11.8,20.1,19.352549851022292,20.1,19.352549851022292,16.725568513474705,16.43417504234131,16.82672,17.920692384573815,2026-04
2026-04-15,ITA US 07/17/26 C250 Equity,2026-04-22,2.3,5.6,5.088475626761472,5.6,5.088475626761472,1.8457488822840773,2.8925283225359184,6.1172094,4.154587635380393,2026-04
2026-04-15,ITA US 12/18/26 C230 Equity,2026-04-22,14.55,23.35,22.479903053244332,23.35,22.479903053244332,20.263443303475285,19.569296212310086,20.923277,21.14725356231382,2026-04
2026-04-15,ITA US 10/16/26 C235 Equity,2026-04-22,9.95,17.55,16.693923979722335,17.55,16.693923979722335,13.663013931041679,13.696993437907352,15.044665,15.703969428405687,2026-04
2026-04-15,ITA US 01/15/27 C245 Equity,2026-04-22,10.7,17.65,16.74921647744152,17.65,16.74921647744152,15.147022719089307,14.619009013289276,15.270555,16.031108314477994,2026-04
2026-04-15,ITA US 10/16/26 C245 Equity,2026-04-22,7.300000000000001,12.9,12.151574182773484,12.9,12.151574182773484,9.884252940977301,10.127608845536324,11.009091,11.285125051035486,2026-04
2026-04-15,ITA US 12/18/26 C250 Equity,2026-04-22,8.4,14.1,13.298049642762626,14.1,13.298049642762626,11.858610146590264,11.586388784018053,12.711061,12.58578062249707,2026-04
2026-04-15,ITA US 01/15/27 C250 Equity,2026-04-22,9.149999999999999,15.5,14.767100502335037,15.5,14.767100502335037,13.440649110334318,12.877822383667091,13.763315,13.867591646003781,2026-04
2026-04-15,ITA US 01/15/27 C230 Equity,2026-04-22,15.5,24.8,23.854951074682678,24.8,23.854951074682678,21.49606374783964,20.53976927503585,21.083254,22.517341636562612,2026-04
2026-04-15,ITA US 07/17/26 C230 Equity,2026-04-22,6.4,14.9,14.194707217119632,14.9,14.194707217119632,11.780930490272599,11.848665641257927,11.327553,12.878267298240658,2026-04
2026-04-16,ITA US 12/18/26 C245 Equity,2026-04-23,9.5,14.55,13.498453422322731,14.55,13.498453422322731,11.507213364226706,11.483360943483005,12.899948,12.450701403755318,2026-04
2026-04-16,ITA US 10/16/26 C235 Equity,2026-04-23,9.6,15.5,14.35567529353977,15.5,14.35567529353977,11.088984694020446,11.462911051081976,13.375909,13.20690154744743,2026-04
2026-04-16,ITA US 10/16/26 C255 Equity,2026-04-23,4.85,8.5,7.663474981810014,8.5,7.663474981810014,5.207541854492005,5.373795864786562,8.422067,6.447818146598574,2026-04
2026-04-16,ITA US 10/16/26 C240 Equity,2026-04-23,8.1,13.45,12.548459101670206,13.45,12.548459101670206,9.54992347459078,9.82777375312409,12.038141,11.29727251172644,2026-04
2026-04-16,ITA US 01/15/27 C230 Equity,2026-04-23,15.350000000000001,22.0,20.809955259751344,22.0,20.809955259751344,17.5813685161105,17.792046163916588,19.216846,19.66148877097419,2026-04
2026-04-16,ITA US 10/16/26 C250 Equity,2026-04-23,5.9,9.6,8.856744291332214,9.6,8.856744291332214,6.540016637596748,6.86499204690279,9.208484,7.617133689695018,2026-04
2026-04-16,ITA US 07/17/26 C280 Equity,2026-04-23,1.525,1.775,1.4656748674808195,1.775,1.4656748674808195,2.0378342642771177,1.0644261842431924,1.8397949,0.2310340802392581,2026-04
2026-04-16,ITA US 07/17/26 C230 Equity,2026-04-23,6.300000000000001,12.55,11.83119091487747,12.55,11.83119091487747,9.447324248266764,10.276832540479274,10.633315,10.49659450694136,2026-04
2026-04-16,ITA US 07/17/26 C250 Equity,2026-04-23,2.3,4.6,4.119194841701478,4.6,4.119194841701478,0.6572837490463801,1.3979555917353021,5.20758,2.7120549557343527,2026-04
2026-04-16,ITA US 10/16/26 C245 Equity,2026-04-23,6.75,11.65,10.626116545468582,11.65,10.626116545468582,7.89388994807894,8.206246885434222,10.140398,9.587860101008307,2026-04
2026-04-16,ITA US 12/18/26 C235 Equity,2026-04-23,12.2,18.549999999999997,17.32240763646355,18.549999999999997,17.32240763646355,14.326236085173985,14.62805591588997,16.855888,16.319855445690173,2026-04
2026-04-16,ITA US 10/16/26 C230 Equity,2026-04-23,11.4,17.9,16.721672426080826,17.9,16.721672426080826,13.305489650915847,14.02721795242729,16.58818,15.670336839744166,2026-04
2026-04-16,ITA US 12/18/26 C230 Equity,2026-04-23,14.45,20.9,19.68890580059419,20.9,19.68890580059419,16.58580423155855,16.93167642685101,18.319689,18.64466674479686,2026-04
2026-04-16,ITA US 01/15/27 C235 Equity,2026-04-23,13.55,19.65,18.48618941098356,19.65,18.48618941098356,15.518067786194695,15.494058769706612,17.155478,17.24539636393019,2026-04
2026-04-16,ITA US 01/15/27 C250 Equity,2026-04-23,9.149999999999999,13.7,12.643134417661336,13.7,12.643134417661336,10.735269393617752,10.517887275409636,12.560677,11.605067338678616,2026-04
2026-04-16,ITA US 12/18/26 C240 Equity,2026-04-23,11.100000000000001,16.299999999999997,15.149762227397337,16.299999999999997,15.149762227397337,12.336048248337825,12.607893043705733,14.384256,14.18057401134135,2026-04
2026-04-16,ITA US 12/18/26 C250 Equity,2026-04-23,8.25,12.4,11.453097112908816,12.4,11.453097112908816,9.26998659930678,9.346996262359042,11.167128,10.428686669619069,2026-04
2026-04-16,ITA US 01/15/27 C240 Equity,2026-04-23,11.9,17.6,16.492776811369474,17.6,16.492776811369474,14.227000279630559,14.243032920469963,16.250166,15.435196145947645,2026-04
2026-04-16,ITA US 01/15/27 C245 Equity,2026-04-23,10.649999999999999,15.55,14.482764192122909,15.55,14.482764192122909,12.636197354645166,12.56980121427067,13.462192,13.474120374757007,2026-04
2026-04-17,ITA US 07/17/26 C250 Equity,2026-04-24,2.05,4.949999999999999,4.481647298706172,4.949999999999999,4.481647298706172,-0.29017205093016685,2.491382612012279,4.9787364,2.920082784009232,2026-04
2026-04-17,ITA US 12/18/26 C245 Equity,2026-04-24,8.7,15.0,14.044554845823193,15.0,14.044554845823193,10.158675393561639,12.17298336689586,11.663504,12.759885386260283,2026-04
2026-04-17,ITA US 12/18/26 C240 Equity,2026-04-24,9.6,17.4,16.313154980567102,17.4,16.313154980567102,11.614018670158005,13.795109614398518,14.214536,15.146522612226986,2026-04
2026-04-17,ITA US 10/16/26 C255 Equity,2026-04-24,4.55,8.75,8.276265368317231,8.75,8.276265368317231,4.211551400800477,6.347571177888277,8.072241,6.571628555326242,2026-04
2026-04-17,ITA US 01/15/27 C230 Equity,2026-04-24,13.95,23.15,21.82389546720933,23.15,21.82389546720933,17.130066245505752,18.675587432492335,19.379728,20.46748964649231,2026-04
2026-04-17,ITA US 10/16/26 C240 Equity,2026-04-24,7.2,14.25,13.57697087201532,14.25,13.57697087201532,9.248033865927155,11.27921247735271,10.596283,11.962377804588478,2026-04
2026-04-17,ITA US 10/16/26 C235 Equity,2026-04-24,8.85,16.450000000000003,16.03537761732379,16.450000000000003,16.03537761732379,10.852193223500404,13.0361631944548,12.778615,14.040027414650798,2026-04
2026-04-17,ITA US 12/18/26 C235 Equity,2026-04-24,11.55,19.35,18.287852520995166,19.35,18.287852520995166,13.08308448305022,15.262817363757014,15.585261,16.977447114832433,2026-04
2026-04-17,ITA US 10/16/26 C230 Equity,2026-04-24,10.55,19.0,18.449998345433094,19.0,18.449998345433094,13.69069728417516,15.410582124238822,14.514131,16.453670003027298,2026-04
2026-04-17,ITA US 10/16/26 C250 Equity,2026-04-24,5.55,9.95,9.4174025564579,9.95,9.4174025564579,5.028893293105757,7.346501932047777,8.783904,7.831741334771896,2026-04
2026-04-17,ITA US 07/17/26 C280 Equity,2026-04-24,1.45,0.925,0.736983758357692,0.925,0.736983758357692,-1.8078761565282147,-0.913605272525464,1.5942025,-0.8670839076339811,2026-04
2026-04-17,ITA US 10/16/26 C245 Equity,2026-04-24,6.1,11.95,11.274820227784495,11.95,11.274820227784495,6.952426328551828,9.166744702933151,9.618918,9.751607298957019,2026-04
2026-04-17,ITA US 12/18/26 C230 Equity,2026-04-24,13.2,22.25,21.132583066438425,22.25,21.132583066438425,16.769875984369726,18.224974232334972,18.127909,19.662289337560324,2026-04
2026-04-17,ITA US 01/15/27 C245 Equity,2026-04-24,9.6,16.2,15.080657704028948,16.2,15.080657704028948,11.075980286116435,13.225830521542775,12.874063,13.981688020974289,2026-04
2026-04-17,ITA US 12/18/26 C250 Equity,2026-04-24,7.3,13.100000000000001,12.22339511920073,13.100000000000001,12.22339511920073,8.419693453164928,10.516067854176908,10.839232,10.994883652694318,2026-04
2026-04-17,ITA US 01/15/27 C235 Equity,2026-04-24,12.600000000000001,20.25,19.371344446198496,20.25,19.371344446198496,14.157038522195196,16.344324046488698,16.805159,17.720470271217447,2026-04
2026-04-17,ITA US 01/15/27 C250 Equity,2026-04-24,8.15,13.75,12.440370161407968,13.75,12.440370161407968,8.378580433733166,10.57416573462316,11.230697,11.50279737552955,2026-04
2026-04-17,ITA US 07/17/26 C230 Equity,2026-04-24,5.45,13.45,13.072480852542961,13.45,13.072480852542961,9.49220376849784,11.568268555478902,9.6609335,11.061120442899153,2026-04
2026-04-17,ITA US 01/15/27 C240 Equity,2026-04-24,10.7,18.35,17.10298433111254,18.35,17.10298433111254,12.490472503022579,14.559473345291643,14.195693,16.03799627120978,2026-04
2026-04-20,ITA US 12/18/26 C250 Equity,2026-04-27,7.5,12.6,11.456191340197405,12.6,11.456191340197405,8.947705881739687,8.741317873833474,11.665803,10.40583149349526,2026-04
2026-04-20,ITA US 10/16/26 C240 Equity,2026-04-27,7.5,13.25,12.841264675409622,13.25,12.841264675409622,9.424326630416786,9.30501399348389,11.536464,10.879416031119948,2026-04
2026-04-20,ITA US 10/16/26 C230 Equity,2026-04-27,10.35,17.95,17.549586430808944,17.95,17.549586430808944,13.8153252917637,13.07032177138142,16.020329,15.323767430657194,2026-04
2026-04-20,ITA US 07/17/26 C230 Equity,2026-04-27,5.199999999999999,12.95,12.40802714709765,12.95,12.40802714709765,9.098356705163942,8.80880012412316,10.620014,10.478623039955465,2026-04
2026-04-20,ITA US 01/15/27 C250 Equity,2026-04-27,8.35,14.05,12.581186182026812,14.05,12.581186182026812,8.913643185232765,8.792262532408373,12.218516,11.732744201992322,2026-04
2026-04-20,ITA US 07/17/26 C280 Equity,2026-04-27,1.45,1.575,1.3069177975873572,1.575,1.3069177975873572,-1.6770427002445043,-1.7105304452688532,1.4736245,-0.19879096100627613,2026-04
2026-04-20,ITA US 07/17/26 C250 Equity,2026-04-27,1.5750000000000002,4.9,4.363491350265692,4.9,4.363491350265692,0.8571983403805365,1.1404083058872931,6.2690077,2.8010315516775064,2026-04
2026-04-20,ITA US 10/16/26 C255 Equity,2026-04-27,4.449999999999999,7.35,6.826312698756095,7.35,6.826312698756095,3.1807398290590125,2.977178259578384,7.87603,5.058092115786819,2026-04
2026-04-20,ITA US 01/15/27 C230 Equity,2026-04-27,13.95,22.35,21.3253858182739,22.35,21.3253858182739,16.87773875800391,16.19464300388897,19.28147,19.601398725519445,2026-04
2026-04-20,ITA US 10/16/26 C235 Equity,2026-04-27,8.9,15.549999999999999,15.116250774594683,15.549999999999999,15.116250774594683,11.319570294076033,11.056179352557315,13.836297,13.048629773440599,2026-04
2026-04-20,ITA US 12/18/26 C245 Equity,2026-04-27,8.5,14.0,13.181668739676946,14.0,13.181668739676946,9.917769298926046,9.769754528471019,12.825734,11.674047789356424,2026-04
2026-04-20,ITA US 12/18/26 C240 Equity,2026-04-27,9.649999999999999,16.5,15.697691529215902,16.5,15.697691529215902,12.62262449183722,12.528293742037814,14.124459,14.168584151740735,2026-04
2026-04-20,ITA US 01/15/27 C235 Equity,2026-04-27,12.05,19.9,18.94836000475714,19.9,18.94836000475714,14.352656742442381,14.094410329826093,17.18291,17.29182640068557,2026-04
2026-04-20,ITA US 12/18/26 C235 Equity,2026-04-27,11.45,18.95,18.025928927526465,18.95,18.025928927526465,14.15189413114389,13.976448044948135,16.715261,16.50486567341047,2026-04
2026-04-20,ITA US 10/16/26 C250 Equity,2026-04-27,4.6,9.3,8.579100820654762,9.3,8.579100820654762,5.1825344841515975,5.030247021342973,9.85246,7.086901033509526,2026-04
2026-04-20,ITA US 01/15/27 C240 Equity,2026-04-27,10.5,17.4,16.565567639459786,17.4,16.565567639459786,12.970497861101,12.756122998086076,15.385405,15.013833817006493,2026-04
2026-04-20,ITA US 12/18/26 C230 Equity,2026-04-27,13.2,21.45,20.499839791725506,21.45,20.499839791725506,17.198706562267407,16.40902672033763,18.8219,18.791193691066248,2026-04
2026-04-20,ITA US 01/15/27 C245 Equity,2026-04-27,9.2,15.149999999999999,14.370931524326995,15.149999999999999,14.370931524326995,10.573287201110581,10.359739234670627,13.779383,12.853335516272669,2026-04
2026-04-20,ITA US 10/16/26 C245 Equity,2026-04-27,6.35,11.35,10.295653124533311,11.35,10.295653124533311,6.96240896211102,6.943743721086978,10.8837595,9.052227133728055,2026-04
2026-04-21,ITA US 12/18/26 C230 Equity,2026-04-28,12.75,17.05,16.18957903158763,17.05,16.18957903158763,13.996227596860752,13.370902472751888,16.071756,14.604019714363677,2026-04
2026-04-21,ITA US 01/15/27 C235 Equity,2026-04-28,11.8,15.85,14.96542106037708,15.85,14.96542106037708,12.55279360119775,11.619526104117304,14.399572,13.261750514844419,2026-04
2026-04-21,ITA US 12/18/26 C240 Equity,2026-04-28,9.55,12.9,12.166883182846806,12.9,12.166883182846806,10.228590869088722,9.622711531259625,12.253062,10.58134040902761,2026-04
2026-04-21,ITA US 10/16/26 C230 Equity,2026-04-28,10.1,14.3,13.794143943918117,14.3,13.794143943918117,11.576467146229117,10.936175530340094,12.237329,11.89768483039407,2026-04
2026-04-21,ITA US 07/17/26 C230 Equity,2026-04-28,4.75,8.55,8.137341780560837,8.55,8.137341780560837,6.506328570898221,6.220677673493862,7.765937,6.285264694394115,2026-04
2026-04-21,ITA US 10/16/26 C235 Equity,2026-04-28,8.25,11.95,11.47006223160401,11.95,11.47006223160401,9.090766726150944,8.237874857937992,11.223742,9.470822335208888,2026-04
2026-04-21,ITA US 01/15/27 C250 Equity,2026-04-28,7.7,10.649999999999999,9.896517165848072,10.649999999999999,9.896517165848072,7.882641898672438,7.033321878070355,9.479483,8.350208441716024,2026-04
2026-04-21,ITA US 01/15/27 C240 Equity,2026-04-28,10.3,13.9,13.065139709306445,13.9,13.065139709306445,11.114336766147225,10.314404086338918,12.666753,11.536413038551505,2026-04
2026-04-21,ITA US 12/18/26 C235 Equity,2026-04-28,10.9,14.950000000000001,14.113100719526205,14.950000000000001,14.113100719526205,12.166627410081848,11.39944744634464,14.217644,12.52589148331717,2026-04
2026-04-21,ITA US 12/18/26 C250 Equity,2026-04-28,7.35,9.7,8.980077593904051,9.7,8.980077593904051,7.237344918829713,6.383485787485627,9.1373,7.519958469988224,2026-04
2026-04-21,ITA US 10/16/26 C240 Equity,2026-04-28,6.75,10.05,9.627822143058225,10.05,9.627822143058225,7.445536338057375,6.62362773230644,9.676364,7.694330592893011,2026-04
2026-04-21,ITA US 01/15/27 C245 Equity,2026-04-28,8.95,12.399999999999999,11.583284616380535,12.399999999999999,11.583284616380535,10.193811419962744,9.011829548292146,11.427001,10.118119216556966,2026-04
2026-04-21,ITA US 10/16/26 C255 Equity,2026-04-28,4.2,5.9,5.539124626215107,5.9,5.539124626215107,2.6448222443450096,1.6815828302995488,4.7465606,3.6316857746250752,2026-04
2026-04-21,ITA US 12/18/26 C245 Equity,2026-04-28,8.2,11.0,10.265166067022761,11.0,10.265166067022761,8.15440784274534,7.3068707881174975,10.323669,8.685914290105323,2026-04
2026-04-21,ITA US 01/15/27 C230 Equity,2026-04-28,13.4,18.0,17.073767498568543,18.0,17.073767498568543,14.453650684317617,13.823895875094829,16.552717,15.466037776110891,2026-04
2026-04-21,ITA US 10/16/26 C250 Equity,2026-04-28,5.0,7.55,7.187425269084517,7.55,7.187425269084517,5.211934268339686,4.307124097948641,6.539081,5.375990555051519,2026-04
2026-04-21,ITA US 10/16/26 C245 Equity,2026-04-28,5.75,8.95,8.502092123477208,8.95,8.502092123477208,6.478966504800409,5.829939179018723,8.754153,6.700140237912435,2026-04
2026-04-21,ITA US 07/17/26 C250 Equity,2026-04-28,2.175,2.925,2.595889768272144,2.925,2.595889768272144,0.4312082508461561,-0.5431456123016307,3.6140175,0.8248174591031994,2026-04
2026-04-22,ITA US 10/16/26 C255 Equity,2026-04-29,3.2,5.3,5.020678511152167,5.3,5.020678511152167,3.3929582998397834,3.409510052920682,4.2185698,3.698539571165318,2026-04
2026-04-22,ITA US 01/15/27 C245 Equity,2026-04-29,8.5,10.7,10.075874991770203,10.7,10.075874991770203,8.682263452925294,8.909073557153727,8.574382,9.074924705964815,2026-04
2026-04-22,ITA US 01/15/27 C235 Equity,2026-04-29,11.0,13.8,13.164462671243756,13.8,13.164462671243756,10.661543808293665,10.980097844294722,11.737024,11.873468352504569,2026-04
2026-04-22,ITA US 12/18/26 C245 Equity,2026-04-29,7.449999999999999,9.85,9.248142755521673,9.85,9.248142755521673,7.616281816887355,7.855638075759028,9.042842,8.202501200516462,2026-04
2026-04-22,ITA US 10/16/26 C230 Equity,2026-04-29,8.899999999999999,11.8,11.462710537765,11.8,11.462710537765,9.435771655631083,10.008246282065834,9.242301,10.048129443358881,2026-04
2026-04-22,ITA US 01/15/27 C240 Equity,2026-04-29,9.649999999999999,12.2,11.369322875635152,12.2,11.369322875635152,8.868244398657419,9.281077170355472,9.925296,10.491785489212495,2026-04
2026-04-22,ITA US 10/16/26 C245 Equity,2026-04-29,4.9,7.300000000000001,7.010341447626108,7.300000000000001,7.010341447626108,5.621636683874378,5.669138448768162,6.584854,5.697860139139188,2026-04
2026-04-22,ITA US 12/18/26 C240 Equity,2026-04-29,8.6,11.149999999999999,10.563288914398111,11.149999999999999,10.563288914398111,8.100660006928926,8.602900769250912,9.403724,9.488916032943784,2026-04
2026-04-22,ITA US 10/16/26 C235 Equity,2026-04-29,7.1,9.95,9.621978569579493,9.95,9.621978569579493,7.521207646199298,7.819710112873619,8.966377,8.131568669623567,2026-04
2026-04-22,ITA US 01/15/27 C230 Equity,2026-04-29,12.2,15.5,14.850505565552975,15.5,14.850505565552975,11.899232603222565,12.545737030665613,12.314549,13.62532322400656,2026-04
2026-04-22,ITA US 12/18/26 C235 Equity,2026-04-29,10.05,12.85,12.249738269047807,12.85,12.249738269047807,10.263635585756258,10.645873945672136,11.102836,11.084602272873681,2026-04
2026-04-22,ITA US 10/16/26 C240 Equity,2026-04-29,5.3,8.350000000000001,8.042735853864063,8.350000000000001,8.042735853864063,5.879441738281331,6.1742895268331335,8.163439,6.647499227207483,2026-04
2026-04-22,ITA US 07/17/26 C250 Equity,2026-04-29,1.9749999999999999,2.3,2.1019914224634038,2.3,2.1019914224634038,-0.19393181713263274,0.05251939678810835,1.6980393,0.863084180167043,2026-04
2026-04-22,ITA US 07/17/26 C230 Equity,2026-04-29,4.05,6.4,5.873172536497037,6.4,5.873172536497037,3.411847190315884,4.453889773360508,6.322005,4.759555982292772,2026-04
2026-04-22,ITA US 12/18/26 C250 Equity,2026-04-29,6.050000000000001,8.4,7.850846176479309,8.4,7.850846176479309,6.118199359986377,6.322818069889641,6.798397,6.878057098779771,2026-04
2026-04-22,ITA US 10/16/26 C250 Equity,2026-04-29,3.9,6.35,6.067910882877198,6.35,6.067910882877198,4.812887523124845,4.765145272611253,4.1346855,4.828076708401841,2026-04
2026-04-22,ITA US 12/18/26 C230 Equity,2026-04-29,11.25,14.55,13.929712617202847,14.55,13.929712617202847,11.777622274045058,12.430492571650829,11.86776,12.761330200789251,2026-04
2026-04-22,ITA US 01/15/27 C250 Equity,2026-04-29,7.0,9.149999999999999,8.578173102699964,9.149999999999999,8.578173102699964,6.5168984173445175,6.749778099632282,7.501212,7.50058401756831,2026-04
2026-04-23,ITA US 01/15/27 C230 Equity,2026-04-30,14.600000000000001,15.350000000000001,15.246259668919869,15.350000000000001,15.246259668919869,11.338953558893744,12.817732489822417,13.42913,13.813328333745552,2026-04
2026-04-23,ITA US 10/16/26 C250 Equity,2026-04-30,5.7,5.9,5.959134619611385,5.9,5.959134619611385,3.6469438507203282,4.604961307396829,5.218788,4.700719546375479,2026-04
2026-04-23,ITA US 10/16/26 C230 Equity,2026-04-30,10.3,11.4,11.592538530716084,11.4,11.592538530716084,8.019817251534443,9.626817140841712,10.5230465,9.98260764080862,2026-04
2026-04-23,ITA US 12/18/26 C230 Equity,2026-04-30,13.399999999999999,14.45,14.431055170462022,14.45,14.431055170462022,10.60374011405152,12.161292363885526,12.071454,13.0034347606492,2026-04
2026-04-23,ITA US 12/18/26 C240 Equity,2026-04-30,10.2,11.100000000000001,10.945349599213827,11.100000000000001,10.945349599213827,7.897787937487178,9.168295583989273,9.837884,9.780220192148521,2026-04
2026-04-23,ITA US 01/15/27 C245 Equity,2026-04-30,9.55,10.649999999999999,10.280071245212389,10.649999999999999,10.280071245212389,7.779289493885994,8.87639987991025,9.038284,9.355040456772276,2026-04
2026-04-23,ITA US 12/18/26 C235 Equity,2026-04-30,11.65,12.2,12.153615866794144,12.2,12.153615866794144,8.868163191927469,10.404518220465167,11.327491,10.762629555491191,2026-04
2026-04-23,ITA US 10/16/26 C235 Equity,2026-04-30,8.75,9.6,9.684732301408381,9.6,9.684732301408381,6.0404249664124965,7.500674364339748,9.767145,8.112268398526234,2026-04
2026-04-23,ITA US 01/15/27 C235 Equity,2026-04-30,12.75,13.55,13.214064659461771,13.55,13.214064659461771,9.646550956422278,10.949821861081064,12.064576,11.985924749272218,2026-04
2026-04-23,ITA US 10/16/26 C255 Equity,2026-04-30,3.7249999999999996,4.85,4.912129696518993,4.85,4.912129696518993,2.2449417058013346,3.3176003238294474,4.418364,3.5715396103249555,2026-04
2026-04-23,ITA US 01/15/27 C240 Equity,2026-04-30,11.15,11.9,11.655732484274514,11.9,11.655732484274514,8.500407631238822,9.722098575892648,10.606985,10.528563875016387,2026-04
2026-04-23,ITA US 07/17/26 C250 Equity,2026-04-30,1.9,2.3,2.2410411998404554,2.3,2.2410411998404554,-0.14950673945318194,1.1587309559206052,2.4297822,1.2020224821153813,2026-04
2026-04-23,ITA US 12/18/26 C250 Equity,2026-04-30,8.05,8.25,8.097795602325407,8.25,8.097795602325407,5.228695388217009,6.483196651633911,7.542827,7.0622930550903025,2026-04
2026-04-23,ITA US 07/17/26 C230 Equity,2026-04-30,5.45,6.300000000000001,6.31566991858713,6.300000000000001,6.31566991858713,2.1384501540703145,4.519777437645724,7.136378,5.015796110447839,2026-04
2026-04-23,ITA US 10/16/26 C245 Equity,2026-04-30,6.25,6.75,6.898182295012682,6.75,6.898182295012682,4.198602020776139,5.404618405976587,6.206097,5.4732084881951035,2026-04
2026-04-23,ITA US 01/15/27 C250 Equity,2026-04-30,8.55,9.149999999999999,8.928183140612,9.149999999999999,8.928183140612,6.082020625355314,7.200434681468391,8.35156,7.835864042993537,2026-04
2026-04-23,ITA US 12/18/26 C245 Equity,2026-04-30,8.6,9.5,9.38772096559486,9.5,9.38772096559486,6.8534040637554625,8.108251140713985,9.230129,8.18538111042729,2026-04
2026-04-23,ITA US 10/16/26 C240 Equity,2026-04-30,7.0,8.1,8.290822377367771,8.1,8.290822377367771,5.056661628575862,6.539273480175245,8.515443,6.735099857080372,2026-04
2026-04-24,ITA US 01/15/27 C245 Equity,2026-05-01,9.65,9.6,8.855209172140235,9.6,8.855209172140235,8.817059913957966,8.925051829463186,7.875645,8.584455422470038,2026-04
2026-04-24,ITA US 10/16/26 C245 Equity,2026-05-01,6.050000000000001,6.1,5.677997052592079,6.1,5.677997052592079,5.1366295256874395,5.399808792105633,4.820273,5.0956352976716754,2026-04
2026-04-24,ITA US 10/16/26 C255 Equity,2026-05-01,4.25,4.55,4.180037192573564,4.55,4.180037192573564,3.756894441931477,3.8149211107618175,3.473237,3.5442593672034004,2026-04
2026-04-24,ITA US 01/15/27 C250 Equity,2026-05-01,8.2,8.15,7.443230701329243,8.15,7.443230701329243,7.056648021518926,7.200488286199214,6.955479,7.108973357080057,2026-04
2026-04-24,ITA US 12/18/26 C235 Equity,2026-05-01,11.0,11.55,10.697708619441459,11.55,10.697708619441459,10.060830287511079,10.587686029253842,10.754721,10.395118110376412,2026-04
2026-04-24,ITA US 12/18/26 C230 Equity,2026-05-01,12.85,13.2,12.373926785059098,13.2,12.373926785059098,11.954387144212026,12.371429520187746,11.172074,12.026920661210942,2026-04
2026-04-24,ITA US 10/16/26 C230 Equity,2026-05-01,9.399999999999999,10.55,10.006443414331251,10.55,10.006443414331251,9.513582885213687,10.00230796134958,9.244641,9.412925540903172,2026-04
2026-04-24,ITA US 07/17/26 C250 Equity,2026-05-01,1.6,2.05,1.7972979136021277,2.05,1.7972979136021277,2.3375754654141545,2.5451737909674232,2.2597883,1.2399423249982449,2026-04
2026-04-24,ITA US 01/15/27 C240 Equity,2026-05-01,10.6,10.7,9.818031408973004,10.7,9.818031408973004,9.351534905122062,9.668133296004257,9.387118,9.600651602395015,2026-04
2026-04-24,ITA US 01/15/27 C230 Equity,2026-05-01,14.1,13.95,13.099079602120025,13.95,13.099079602120025,11.799313572810048,12.275141156255696,11.971858,12.688751720917272,2026-04
2026-04-24,ITA US 10/16/26 C235 Equity,2026-05-01,8.7,8.85,8.347713120439984,8.85,8.347713120439984,7.535188365366647,7.928763020300963,9.225394,7.644687556554231,2026-04
2026-04-24,ITA US 07/17/26 C230 Equity,2026-05-01,4.699999999999999,5.45,5.117684818219869,5.45,5.117684818219869,4.373667927624657,5.293148877482894,6.570098,4.454434864574024,2026-04
2026-04-24,ITA US 10/16/26 C250 Equity,2026-05-01,5.0,5.55,5.12258861720555,5.55,5.12258861720555,5.175357256587004,5.158087002189751,4.763592,4.634022551445301,2026-04
2026-04-24,ITA US 01/15/27 C235 Equity,2026-05-01,11.75,12.600000000000001,11.738695510141248,12.600000000000001,11.738695510141248,10.861849367412244,11.591929820312927,10.888907,11.507921332058457,2026-04
2026-04-24,ITA US 12/18/26 C240 Equity,2026-05-01,9.1,9.6,8.893598249423412,9.6,8.893598249423412,8.050661891514029,8.356838646909338,8.961696,8.546223507662507,2026-04
2026-04-24,ITA US 12/18/26 C250 Equity,2026-05-01,6.8,7.3,6.531438321331442,7.3,6.531438321331442,6.234318261940901,6.52715905236766,5.28299,6.3758487653609395,2026-04
2026-04-24,ITA US 12/18/26 C245 Equity,2026-05-01,8.0,8.7,8.054611504779139,8.7,8.054611504779139,7.944887772744629,8.18690622424334,7.5763965,7.661743171612302,2026-04
2026-04-24,ITA US 10/16/26 C240 Equity,2026-05-01,7.3,7.2,6.744506179100549,7.2,6.744506179100549,6.051311492751344,6.509135416239326,6.8219156,6.1027389792454025,2026-04
2026-04-27,ITA US 12/18/26 C240 Equity,2026-05-04,9.100000000000001,9.649999999999999,8.975469137339974,9.649999999999999,8.975469137339974,11.127914677174264,9.440872741589263,9.031277,9.689890270621262,2026-04
2026-04-27,ITA US 10/16/26 C250 Equity,2026-05-04,4.55,4.6,4.236816243328592,4.6,4.236816243328592,6.768858198270488,4.96629640688108,3.4626727,4.737072224597465,2026-04
2026-04-27,ITA US 12/18/26 C235 Equity,2026-05-04,10.600000000000001,11.45,10.684843192620272,11.45,10.684843192620272,13.280169949806801,11.737977739965006,9.979894,11.384943981179495,2026-04
2026-04-27,ITA US 01/15/27 C245 Equity,2026-05-04,8.75,9.2,8.431464009650906,9.2,8.431464009650906,11.064141117031602,9.076002058397842,7.3640895,9.262567107933286,2026-04
2026-04-27,ITA US 12/18/26 C230 Equity,2026-05-04,12.1,13.2,12.419424898849456,13.2,12.419424898849456,14.713292972736392,13.275047181781348,11.065328,13.11723303515394,2026-04
2026-04-27,ITA US 01/15/27 C230 Equity,2026-05-04,13.25,13.95,12.92840494182789,13.95,12.92840494182789,14.514663178328,12.903733121085168,11.47237,13.775862861144981,2026-04
2026-04-27,ITA US 12/18/26 C245 Equity,2026-05-04,7.699999999999999,8.5,7.834682775092783,8.5,7.834682775092783,10.7206293659488,9.034910308982983,6.568054,8.544795138726586,2026-04
2026-04-27,ITA US 01/15/27 C235 Equity,2026-05-04,11.5,12.05,11.369728541175203,12.05,11.369728541175203,12.535301745172122,11.01479048361853,10.29386,12.040804290805891,2026-04
2026-04-27,ITA US 07/17/26 C230 Equity,2026-05-04,4.5,5.199999999999999,4.727816248791468,5.199999999999999,4.727816248791468,6.805380344132912,5.653748844791476,6.2434897,5.276256959060305,2026-04
2026-04-27,ITA US 01/15/27 C240 Equity,2026-05-04,10.0,10.5,9.781824352340816,10.5,9.781824352340816,11.62412633033956,9.86729816531265,9.529534,10.490676281340244,2026-04
2026-04-27,ITA US 12/18/26 C250 Equity,2026-05-04,6.4,7.5,6.866040481712087,7.5,6.866040481712087,9.316226902875155,7.769724932466337,5.224153,7.67730490656783,2026-04
2026-04-27,ITA US 01/15/27 C250 Equity,2026-05-04,7.5,8.35,7.071471231649084,8.35,7.071471231649084,9.521652506588541,7.711359814861895,6.009927,8.381509668964615,2026-04
2026-04-27,ITA US 10/16/26 C235 Equity,2026-05-04,7.85,8.9,8.408372993295556,8.9,8.408372993295556,10.873831255148717,9.229657911868518,8.774007,8.786954754866253,2026-04
2026-04-27,ITA US 07/17/26 C250 Equity,2026-05-04,1.375,1.5750000000000002,1.33409072634623,1.5750000000000002,1.33409072634623,4.137069959311402,2.357150613048754,1.5925472,1.8132025865596613,2026-04
2026-04-27,ITA US 10/16/26 C255 Equity,2026-05-04,3.6500000000000004,4.449999999999999,4.074230737926424,4.449999999999999,4.074230737926424,6.777671993815625,4.8774814042510695,3.077985,4.530708904541951,2026-04
2026-04-27,ITA US 10/16/26 C240 Equity,2026-05-04,6.6,7.5,7.466081312960101,7.5,7.466081312960101,9.76154013597072,7.920621313397453,6.9774165,7.524358421111696,2026-04
2026-04-27,ITA US 10/16/26 C230 Equity,2026-05-04,9.7,10.35,9.929787281684611,10.35,9.929787281684611,12.423191449828789,11.011235990891283,8.904973,10.30213374260479,2026-04
2026-04-27,ITA US 10/16/26 C245 Equity,2026-05-04,5.65,6.35,5.911379381889672,6.35,5.911379381889672,8.73991056851395,7.060421760383944,4.268369,6.445258557412869,2026-04
2026-04-28,ITA US 07/17/26 C250 Equity,2026-05-05,1.1749999999999998,2.175,1.9754369937420762,2.175,1.9754369937420762,6.150650731677622,4.726609115939242,1.3211341,3.3252793454669316,2026-04
2026-04-28,ITA US 10/16/26 C245 Equity,2026-05-05,5.25,5.75,5.751388539887448,5.75,5.751388539887448,9.31785327491532,7.754673226277577,5.362666,6.68449385957713,2026-04
2026-04-28,ITA US 12/18/26 C240 Equity,2026-05-05,9.2,9.55,9.18085869274501,9.55,9.18085869274501,11.92358549596558,10.289152527204234,9.69851,10.438433341837023,2026-04
2026-04-28,ITA US 10/16/26 C230 Equity,2026-05-05,9.4,10.1,9.153428537741078,10.1,9.153428537741078,12.26506854515162,11.180574439136073,9.458367,10.859904390439716,2026-04
2026-04-28,ITA US 10/16/26 C250 Equity,2026-05-05,4.45,5.0,4.831388654670364,5.0,4.831388654670364,7.910682620401445,6.570270327459188,4.393717,6.006355701718674,2026-04
2026-04-28,ITA US 01/15/27 C235 Equity,2026-05-05,11.9,11.8,11.329073609158339,11.8,11.329073609158339,14.59756110844128,12.91112839340637,10.294005,12.631891280394997,2026-04
2026-04-28,ITA US 01/15/27 C240 Equity,2026-05-05,10.399999999999999,10.3,9.949617152890905,10.3,9.949617152890905,13.16487812752424,11.369542146610836,10.298139,11.138743480529545,2026-04
2026-04-28,ITA US 01/15/27 C245 Equity,2026-05-05,8.75,8.95,8.411493514855758,8.95,8.411493514855758,11.705850827942518,9.880930016646893,9.1660385,9.854639123911868,2026-04
2026-04-28,ITA US 01/15/27 C230 Equity,2026-05-05,13.6,13.4,13.023776341010965,13.4,13.023776341010965,14.994457905372608,13.603002640818017,12.53418,14.075851482149695,2026-04
2026-04-28,ITA US 10/16/26 C255 Equity,2026-05-05,3.675,4.2,4.037056806398344,4.2,4.037056806398344,7.587013899677414,5.81912703280104,3.1968315,5.1221893146203925,2026-04
2026-04-28,ITA US 10/16/26 C235 Equity,2026-05-05,7.95,8.25,8.230039843316899,8.25,8.230039843316899,11.220820466567265,9.720790588538101,8.775462,8.977230658366846,2026-04
2026-04-28,ITA US 10/16/26 C240 Equity,2026-05-05,6.55,6.75,6.621589587513015,6.75,6.621589587513015,10.223297415311498,8.156272150772523,7.8412247,7.583047726037771,2026-04
2026-04-28,ITA US 12/18/26 C235 Equity,2026-05-05,10.55,10.9,10.53796198027105,10.9,10.53796198027105,13.511064111536827,12.094838209623287,10.470155,11.676026017781552,2026-04
2026-04-28,ITA US 01/15/27 C250 Equity,2026-05-05,7.45,7.7,7.204069623372875,7.7,7.204069623372875,9.852563370621573,8.347782058283205,6.4681025,8.585685419973295,2026-04
2026-04-28,ITA US 07/17/26 C230 Equity,2026-05-05,4.35,4.75,4.387121523717686,4.75,4.387121523717686,6.642635649248673,5.7681694931139464,5.574263,5.647556858698854,2026-04
2026-04-28,ITA US 12/18/26 C245 Equity,2026-05-05,7.6,8.2,7.949242382690815,8.2,7.949242382690815,11.319373744430896,9.782037349434354,7.7131367,9.093132821399701,2026-04
2026-04-28,ITA US 12/18/26 C230 Equity,2026-05-05,12.3,12.75,12.506110378005438,12.75,12.506110378005438,15.17525474368253,13.873757630475655,11.0778265,13.515766771131243,2026-04
2026-04-28,ITA US 12/18/26 C250 Equity,2026-05-05,5.95,7.35,6.991189024516073,7.35,6.991189024516073,10.277444515379285,8.546141758682321,5.107933,8.373863760325568,2026-04
2026-04-29,ITA US 12/18/26 C235 Equity,2026-05-06,13.65,10.05,9.360550799402455,10.05,9.360550799402455,12.071559481417767,11.156004765881917,10.342656,10.80833474768406,2026-04
2026-04-29,ITA US 10/16/26 C250 Equity,2026-05-06,6.25,3.9,3.5150310734617505,3.9,3.5150310734617505,6.3122235136533025,5.530233282743094,3.1943855,4.855445680485122,2026-04
2026-04-29,ITA US 07/17/26 C230 Equity,2026-05-06,7.1,4.05,3.6518078130727742,4.05,3.6518078130727742,5.605898624089468,5.481615585542636,5.5435395,4.945800561368104,2026-04
2026-04-29,ITA US 12/18/26 C240 Equity,2026-05-06,11.75,8.6,7.953835712790528,8.6,7.953835712790528,10.74776940576289,9.542244129669964,8.215868,9.465006802645863,2026-04
2026-04-29,ITA US 12/18/26 C245 Equity,2026-05-06,10.55,7.449999999999999,6.780805017992685,7.449999999999999,6.780805017992685,10.09537252467071,9.097601034374733,5.622153,8.315928561425922,2026-04
2026-04-29,ITA US 01/15/27 C230 Equity,2026-05-06,16.95,12.2,11.371169040680911,12.2,11.371169040680911,13.747976616466243,13.213051447213946,12.12449,12.86096395055532,2026-04
2026-04-29,ITA US 10/16/26 C240 Equity,2026-05-06,8.55,5.3,4.665247151195903,5.3,4.665247151195903,6.403213835672171,5.860047213679408,5.447841,6.071622780082302,2026-04
2026-04-29,ITA US 10/16/26 C235 Equity,2026-05-06,10.3,7.1,6.6539511665014475,7.1,6.6539511665014475,9.126449671839056,8.431178943596095,7.44431,7.796620653223575,2026-04
2026-04-29,ITA US 10/16/26 C245 Equity,2026-05-06,6.9,4.9,4.3170929905247615,4.9,4.3170929905247615,7.033328316657352,6.3035903249403695,3.734573,5.783161953667026,2026-04
2026-04-29,ITA US 01/15/27 C245 Equity,2026-05-06,11.100000000000001,8.5,7.835582146614916,8.5,7.835582146614916,11.157084902619271,10.081475584825117,8.14234,9.399313261969606,2026-04
2026-04-29,ITA US 01/15/27 C235 Equity,2026-05-06,14.850000000000001,11.0,10.298367744227265,11.0,10.298367744227265,13.347831170171554,12.452688940657238,10.933614,11.820300767517434,2026-04
2026-04-29,ITA US 12/18/26 C230 Equity,2026-05-06,15.9,11.25,10.170053646952981,11.25,10.170053646952981,12.955889308525084,12.329748680481632,10.589204,11.970675518636176,2026-04
2026-04-29,ITA US 10/16/26 C230 Equity,2026-05-06,12.55,8.899999999999999,8.461848703459093,8.899999999999999,8.461848703459093,10.310059030511992,10.205293178707024,9.772503,9.6736252940875,2026-04
2026-04-29,ITA US 01/15/27 C250 Equity,2026-05-06,9.899999999999999,7.0,6.40726723911301,7.0,6.40726723911301,9.0268186329991,7.923454871662335,5.6344495,7.869425542667079,2026-04
2026-04-29,ITA US 12/18/26 C250 Equity,2026-05-06,8.75,6.050000000000001,5.476628121580786,6.050000000000001,5.476628121580786,8.209728370111291,7.043125295441607,4.776105,7.033654939683874,2026-04
2026-04-29,ITA US 07/17/26 C250 Equity,2026-05-06,2.2,1.9749999999999999,1.714482554084335,1.9749999999999999,1.714482554084335,7.983343703270208,5.857436566214895,1.6863728,3.1219605777131973,2026-04
2026-04-29,ITA US 01/15/27 C240 Equity,2026-05-06,13.2,9.649999999999999,8.963887429404092,9.649999999999999,8.963887429404092,12.227851916091732,11.162777166169619,9.045896,10.473976585117859,2026-04
2026-04-29,ITA US 10/16/26 C255 Equity,2026-05-06,4.65,3.2,2.9190565319018082,3.2,2.9190565319018082,5.348547064262933,4.345236418551451,2.9532504,4.072992199454355,2026-04
2026-04-30,ITA US 10/16/26 C255 Equity,2026-05-07,5.3,3.7249999999999996,3.5823299770932944,3.7249999999999996,3.5823299770932944,5.431951280620414,4.468612273064398,3.4190888,4.167904024396802,2026-04
2026-04-30,ITA US 10/16/26 C235 Equity,2026-05-07,11.0,8.75,8.773928421151059,8.75,8.773928421151059,10.883040222322107,9.901279797270407,8.889023,9.018331060414344,2026-04
2026-04-30,ITA US 12/18/26 C240 Equity,2026-05-07,12.0,10.2,9.886656178132736,10.2,9.886656178132736,13.456991003467744,11.651216321712553,9.570523,10.633468462242192,2026-04
2026-04-30,ITA US 01/15/27 C245 Equity,2026-05-07,11.25,9.55,8.607252745109133,9.55,8.607252745109133,12.429039613632622,11.022037293584667,8.693764,9.985570808408243,2026-04
2026-04-30,ITA US 07/17/26 C250 Equity,2026-05-07,2.1,1.9,1.5928509679784462,1.9,1.5928509679784462,6.645000273624142,4.190976223448519,2.0352225,2.537106061320901,2026-04
2026-04-30,ITA US 12/18/26 C245 Equity,2026-05-07,10.3,8.6,8.28126581678314,8.6,8.28126581678314,11.587228815114807,10.16072663391444,7.597697,9.031717126701425,2026-04
2026-04-30,ITA US 01/15/27 C230 Equity,2026-05-07,16.9,14.600000000000001,13.91089344024829,14.600000000000001,13.91089344024829,15.726743473779656,14.543920962847508,12.708477,14.818796242956235,2026-04
2026-04-30,ITA US 01/15/27 C235 Equity,2026-05-07,14.8,12.75,12.210226469297188,12.75,12.210226469297188,15.531304793197044,13.968512966360231,10.854863,13.125040880477691,2026-04
2026-04-30,ITA US 10/16/26 C230 Equity,2026-05-07,12.75,10.3,10.120778666899216,10.3,10.120778666899216,12.252503810933693,11.183579787096075,9.517059,10.62522138329905,2026-04
2026-04-30,ITA US 10/16/26 C250 Equity,2026-05-07,6.35,5.7,5.615971492422752,5.7,5.615971492422752,8.556788370328393,7.339333036317519,4.5128016,6.269872669357475,2026-04
2026-04-30,ITA US 12/18/26 C235 Equity,2026-05-07,13.6,11.65,11.245685725085053,11.65,11.245685725085053,14.347104521527132,12.799137580934694,10.418906,11.966263983400072,2026-04
2026-04-30,ITA US 10/16/26 C240 Equity,2026-05-07,9.1,7.0,6.860325779155882,7.0,6.860325779155882,7.9633202986503875,7.438479357728575,7.274711,7.369140597041935,2026-04
2026-04-30,ITA US 01/15/27 C240 Equity,2026-05-07,12.85,11.15,10.792510142714622,11.15,10.792510142714622,14.255602429983478,12.594301624875362,9.852101,11.536347934412671,2026-04
2026-04-30,ITA US 01/15/27 C250 Equity,2026-05-07,10.05,8.55,8.178472089626958,8.55,8.178472089626958,11.296361122330639,9.371566868727069,6.333707,8.995770159157201,2026-04
2026-04-30,ITA US 10/16/26 C245 Equity,2026-05-07,7.55,6.25,6.012409846344448,6.25,6.012409846344448,8.34162710837348,7.249563249736944,5.9796424,6.721575016065457,2026-04
2026-04-30,ITA US 12/18/26 C230 Equity,2026-05-07,15.649999999999999,13.399999999999999,12.84966947864695,13.399999999999999,12.84966947864695,14.949696168462665,13.812666139492968,11.6264715,13.692269718450254,2026-04
2026-04-30,ITA US 12/18/26 C250 Equity,2026-05-07,8.7,8.05,7.0592310793099555,8.05,7.0592310793099555,10.221864289269066,8.72351358444481,6.0935388,8.601156512666323,2026-04
2026-04-30,ITA US 07/17/26 C230 Equity,2026-05-07,7.25,5.45,5.115388609831934,5.45,5.115388609831934,7.2053209219389895,6.577015229069698,6.4081903,5.90076770617207,2026-04
2026-05-01,ITA US 12/18/26 C250 Equity,2026-05-08,8.85,6.8,6.218763380245324,6.8,6.218763380245324,12.564823901888156,11.176097465215598,8.348857,10.784920561096754,2026-05
2026-05-01,ITA US 12/18/26 C245 Equity,2026-05-08,10.2,8.0,7.528483760247718,8.0,7.528483760247718,14.449263027423385,12.599975210748186,9.557185,11.988104133433291,2026-05
2026-05-01,ITA US 10/16/26 C240 Equity,2026-05-08,9.2,7.3,6.694698561258049,7.3,6.694698561258049,13.764144940474953,11.378707095414946,8.3725,11.189987580625651,2026-05
2026-05-01,ITA US 12/18/26 C235 Equity,2026-05-08,14.2,11.0,10.091801451401944,11.0,10.091801451401944,17.13597326463949,15.098181675889379,13.829759,14.75547637017035,2026-05
2026-05-01,ITA US 01/15/27 C245 Equity,2026-05-08,11.5,9.65,8.648863772853998,9.65,8.648863772853998,15.391407520986453,13.582666327703242,11.5103035,13.480748813155124,2026-05
2026-05-01,ITA US 10/16/26 C235 Equity,2026-05-08,10.8,8.7,8.08309598611025,8.7,8.08309598611025,15.380847932701712,12.950963213728187,10.353219,12.679955901555493,2026-05
2026-05-01,ITA US 12/18/26 C240 Equity,2026-05-08,12.25,9.1,8.133663601730756,9.1,8.133663601730756,15.04959135459742,13.024263133684642,11.981446,12.645684607290487,2026-05
2026-05-01,ITA US 07/17/26 C230 Equity,2026-05-08,7.0,4.699999999999999,4.6510914397100205,4.699999999999999,4.6510914397100205,10.101978875280292,9.01574254993731,4.846405,8.17979409058897,2026-05
2026-05-01,ITA US 10/16/26 C230 Equity,2026-05-08,12.8,9.399999999999999,8.886112303545273,9.399999999999999,8.886112303545273,14.066347174543003,12.614554602211904,11.839744,12.606958826427022,2026-05
2026-05-01,ITA US 07/17/26 C250 Equity,2026-05-08,2.4749999999999996,1.6,1.324573847907398,1.6,1.324573847907398,8.633376107366104,5.799701513328575,2.0666332,5.835677504188981,2026-05
2026-05-01,ITA US 01/15/27 C250 Equity,2026-05-08,10.05,8.2,7.358676280946398,8.2,7.358676280946398,15.001174915776044,13.041597335358391,9.862621,12.312660520577973,2026-05
2026-05-01,ITA US 10/16/26 C255 Equity,2026-05-08,5.25,4.25,3.7828197852538388,4.25,3.7828197852538388,9.874384770101754,8.108866410474826,3.610894,8.321490612106926,2026-05
2026-05-01,ITA US 12/18/26 C230 Equity,2026-05-08,16.2,12.85,12.071051817081457,12.85,12.071051817081457,18.667962572275737,16.852371991600215,16.130207,16.585417024617975,2026-05
2026-05-01,ITA US 01/15/27 C230 Equity,2026-05-08,17.25,14.1,12.897082699360844,14.1,12.897082699360844,19.60444419951488,17.816537448607377,17.68131,17.727902464278557,2026-05
2026-05-01,ITA US 10/16/26 C245 Equity,2026-05-08,7.6499999999999995,6.050000000000001,5.5500842618834945,6.050000000000001,5.5500842618834945,13.373455102942964,10.82611393589237,6.3881454,10.18906621148476,2026-05
2026-05-01,ITA US 01/15/27 C235 Equity,2026-05-08,15.0,11.75,10.62829637067747,11.75,10.62829637067747,17.24089612881813,15.541148228540557,15.076828,15.227146039069773,2026-05
2026-05-01,ITA US 10/16/26 C250 Equity,2026-05-08,6.4,5.0,4.5058365601832895,5.0,4.5058365601832895,12.446215124914021,9.853351243015357,5.2091236,9.479774458782604,2026-05
2026-05-01,ITA US 01/15/27 C240 Equity,2026-05-08,13.4,10.6,9.536778224295203,10.6,9.536778224295203,17.104039924584356,15.093035069624555,13.281746,14.530621949224486,2026-05
2026-05-04,ITA US 10/16/26 C255 Equity,2026-05-11,5.2,3.6500000000000004,3.1292052422208236,3.6500000000000004,3.1292052422208236,10.327305161885345,8.226279120116864,2.9545398,8.09392123533988,2026-05
2026-05-04,ITA US 10/16/26 C235 Equity,2026-05-11,11.55,7.85,7.092946963219972,7.85,7.092946963219972,15.512775695089193,12.806960616931821,9.931677,12.03188767173483,2026-05
2026-05-04,ITA US 01/15/27 C235 Equity,2026-05-11,16.0,11.5,10.344208730551031,11.5,10.344208730551031,17.7994271853395,15.671090423038391,14.343512,15.239371901042357,2026-05
2026-05-04,ITA US 07/17/26 C250 Equity,2026-05-11,2.375,1.375,1.0387881960502727,1.375,1.0387881960502727,8.637906074761382,5.400463964332847,1.9314755,5.677485633358883,2026-05
2026-05-04,ITA US 12/18/26 C245 Equity,2026-05-11,10.9,7.699999999999999,6.555848096852082,7.699999999999999,6.555848096852082,14.479389454067581,12.170653832344273,9.462064,11.723117169092017,2026-05
2026-05-04,ITA US 01/15/27 C230 Equity,2026-05-11,18.3,13.25,12.01873638060972,13.25,12.01873638060972,19.805929295962265,17.67783205996958,17.285982,17.136951221937977,2026-05
2026-05-04,ITA US 12/18/26 C230 Equity,2026-05-11,17.1,12.1,11.18937087422757,12.1,11.18937087422757,18.743049585289533,16.463563238492934,14.760296,16.05213850652763,2026-05
2026-05-04,ITA US 12/18/26 C250 Equity,2026-05-11,9.350000000000001,6.4,5.7157966232915065,6.4,5.7157966232915065,12.553940125798349,10.865071542144992,8.834434,10.478216201975808,2026-05
2026-05-04,ITA US 12/18/26 C240 Equity,2026-05-11,12.850000000000001,9.100000000000001,8.152995109912759,9.100000000000001,8.152995109912759,15.656269788848359,13.331985342267068,11.674114,12.929734825000077,2026-05
2026-05-04,ITA US 01/15/27 C250 Equity,2026-05-11,10.45,7.5,6.577055903994476,7.5,6.577055903994476,14.463884971801273,12.675870387340057,9.545353,11.707294932761572,2026-05
2026-05-04,ITA US 10/16/26 C250 Equity,2026-05-11,6.35,4.55,3.9468035704656863,4.55,3.9468035704656863,11.55217315602171,9.127697112013797,4.134285,8.92716777205823,2026-05
2026-05-04,ITA US 10/16/26 C230 Equity,2026-05-11,13.75,9.7,8.752207063037826,9.7,8.752207063037826,16.199643064349193,13.681243417603559,12.263971,13.510067630565516,2026-05
2026-05-04,ITA US 12/18/26 C235 Equity,2026-05-11,14.8,10.600000000000001,9.576116549759641,10.600000000000001,9.576116549759641,17.6333054909354,15.22699488847821,12.963738,14.643301407020392,2026-05
2026-05-04,ITA US 07/17/26 C230 Equity,2026-05-11,7.5,4.5,3.94286132290624,4.5,3.94286132290624,11.463930055146589,9.297312607584283,5.046012,8.410396171701155,2026-05
2026-05-04,ITA US 01/15/27 C245 Equity,2026-05-11,12.15,8.75,7.729975157509494,8.75,7.729975157509494,15.932253645110096,13.789792137437676,11.0340395,12.961631968183992,2026-05
2026-05-04,ITA US 10/16/26 C245 Equity,2026-05-11,8.05,5.65,4.956985345192634,5.65,4.956985345192634,12.967981249161767,10.24322098932246,5.890872,10.000996799032603,2026-05
2026-05-04,ITA US 01/15/27 C240 Equity,2026-05-11,13.75,10.0,9.038997533181634,10.0,9.038997533181634,16.743703331476567,14.662005723741945,12.613791,14.011118942276882,2026-05
2026-05-04,ITA US 10/16/26 C240 Equity,2026-05-11,9.55,6.6,5.809759132577081,6.6,5.809759132577081,14.09274112526699,11.312783725437804,8.921933,10.796025363205086,2026-05
2026-05-05,ITA US 12/18/26 C245 Equity,2026-05-12,10.5,7.6,6.925435044228294,7.6,6.925435044228294,13.476571604348267,12.297405401032542,9.62696,11.596705132476027,2026-05
2026-05-05,ITA US 10/16/26 C240 Equity,2026-05-12,9.05,6.55,6.13972682714577,6.55,6.13972682714577,13.273555466223728,11.426405701350065,8.68531,10.675724121721277,2026-05
2026-05-05,ITA US 01/15/27 C240 Equity,2026-05-12,13.45,10.399999999999999,9.420544462002516,10.399999999999999,9.420544462002516,17.170244472893074,15.463564605226395,13.529132,14.607987784825719,2026-05
2026-05-05,ITA US 10/16/26 C255 Equity,2026-05-12,5.35,3.675,3.3166513951709824,3.675,3.3166513951709824,9.414192830607863,8.154879649470066,3.6657863,7.991341337695532,2026-05
2026-05-05,ITA US 10/16/26 C250 Equity,2026-05-12,6.25,4.45,4.098888580635163,4.45,4.098888580635163,10.68943214758943,9.116615344472791,4.138058,8.76783135834932,2026-05
2026-05-05,ITA US 12/18/26 C240 Equity,2026-05-12,12.25,9.2,8.421295544325131,9.2,8.421295544325131,15.971081089169296,14.25792547280394,12.189766,13.4176469412128,2026-05
2026-05-05,ITA US 01/15/27 C250 Equity,2026-05-12,10.05,7.45,6.755984916070609,7.45,6.755984916070609,13.473454058794786,12.616296600800892,9.21365,11.57582251047802,2026-05
2026-05-05,ITA US 12/18/26 C250 Equity,2026-05-12,8.9,5.95,5.221446213759901,5.95,5.221446213759901,11.220646529736575,10.378928708912742,6.8969803,9.659790474455125,2026-05
2026-05-05,ITA US 01/15/27 C235 Equity,2026-05-12,15.45,11.9,10.839498997815193,11.9,10.839498997815193,18.191735266510157,16.550816690847896,15.016523,15.932189796581785,2026-05
2026-05-05,ITA US 07/17/26 C230 Equity,2026-05-12,7.65,4.35,3.9253147896225915,4.35,3.9253147896225915,9.93844871098304,8.799848468805944,4.8000903,8.059800550543159,2026-05
2026-05-05,ITA US 01/15/27 C230 Equity,2026-05-12,17.55,13.6,12.657598704240913,13.6,12.657598704240913,19.639767688697805,18.176137169103136,17.271767,17.601157242428297,2026-05
2026-05-05,ITA US 10/16/26 C245 Equity,2026-05-12,7.3999999999999995,5.25,4.796661650400815,5.25,4.796661650400815,11.65792508976357,9.716744413721973,5.7416816,9.243153883461307,2026-05
2026-05-05,ITA US 10/16/26 C235 Equity,2026-05-12,10.9,7.95,7.450633058896855,7.95,7.450633058896855,14.540804299564066,12.743372223223085,9.803304,12.04040295095011,2026-05
2026-05-05,ITA US 01/15/27 C245 Equity,2026-05-12,11.65,8.75,7.997008279405344,8.75,7.997008279405344,15.053429469700673,13.743110214079822,11.144679,12.880758654555892,2026-05
2026-05-05,ITA US 12/18/26 C230 Equity,2026-05-12,16.45,12.3,11.361854726226502,12.3,11.361854726226502,18.459128293107522,16.88260484467464,15.252721,16.297077095727392,2026-05
2026-05-05,ITA US 10/16/26 C230 Equity,2026-05-12,13.25,9.4,8.789985391496579,9.4,8.789985391496579,15.652281526535777,14.117252651297209,12.155256,13.45410703695514,2026-05
2026-05-05,ITA US 12/18/26 C235 Equity,2026-05-12,14.3,10.55,9.603646153582648,10.55,9.603646153582648,16.766463710392305,15.199985592447277,13.201778,14.574353934140255,2026-05
2026-05-05,ITA US 07/17/26 C250 Equity,2026-05-12,2.6,1.1749999999999998,0.9535763765394937,1.1749999999999998,0.9535763765394937,7.504196420448466,4.912515553511037,1.8262451,5.220688860759238,2026-05
2026-05-06,ITA US 10/16/26 C255 Equity,2026-05-13,5.0,4.65,4.326341350101419,4.65,4.326341350101419,8.35548403099404,7.931311279795505,5.4005103,7.435352907879486,2026-05
2026-05-06,ITA US 01/15/27 C230 Equity,2026-05-13,18.15,16.95,16.32130654089286,16.95,16.32130654089286,19.809664129618078,19.645662534719342,20.077276,19.746261022115977,2026-05
2026-05-06,ITA US 01/15/27 C240 Equity,2026-05-13,13.75,13.2,12.486762239567947,13.2,12.486762239567947,17.326424557069174,16.589768404701147,17.496216,16.185285057295648,2026-05
2026-05-06,ITA US 10/16/26 C250 Equity,2026-05-13,6.55,6.25,5.863148082535769,6.25,5.863148082535769,10.54879725888794,9.670188217574045,6.832587,9.141645036024286,2026-05
2026-05-06,ITA US 07/17/26 C230 Equity,2026-05-13,7.65,7.1,6.499491711460196,7.1,6.499491711460196,8.497940445915955,9.382657463434299,9.107525,9.306512372962517,2026-05
2026-05-06,ITA US 01/15/27 C245 Equity,2026-05-13,11.5,11.100000000000001,10.502512709063513,11.100000000000001,10.502512709063513,15.15810574104686,14.603449585531733,15.0178995,13.93758810736697,2026-05
2026-05-06,ITA US 10/16/26 C240 Equity,2026-05-13,8.8,8.55,7.957088022450282,8.55,7.957088022450282,11.98525634548937,11.463685484083024,11.619424,11.129780801088494,2026-05
2026-05-06,ITA US 12/18/26 C235 Equity,2026-05-13,14.75,13.65,12.798606515037967,13.65,12.798606515037967,16.52109569132375,16.139115549168565,17.384165,16.259046874415315,2026-05
2026-05-06,ITA US 12/18/26 C245 Equity,2026-05-13,10.35,10.55,9.915922511193921,10.55,9.915922511193921,14.867848998108585,13.909644983142345,14.123979,13.373742493728471,2026-05
2026-05-06,ITA US 12/18/26 C250 Equity,2026-05-13,8.85,8.75,8.015117627985916,8.75,8.015117627985916,11.696797375585607,11.398488367338485,12.141749,11.211456819837888,2026-05
2026-05-06,ITA US 10/16/26 C235 Equity,2026-05-13,10.9,10.3,9.864596043679265,10.3,9.864596043679265,13.49226789093337,13.196458763776512,14.005664,12.889721581479902,2026-05
2026-05-06,ITA US 12/18/26 C240 Equity,2026-05-13,12.95,11.75,10.894797343555405,11.75,10.894797343555405,15.359664428940185,14.724751989612136,15.2901125,14.457239455575985,2026-05
2026-05-06,ITA US 12/18/26 C230 Equity,2026-05-13,16.75,15.9,15.044879338478037,15.9,15.044879338478037,18.244421354609244,18.05400846749145,18.638319,18.51966310446934,2026-05
2026-05-06,ITA US 01/15/27 C250 Equity,2026-05-13,10.2,9.899999999999999,9.32532012051642,9.899999999999999,9.32532012051642,14.098363642073863,13.5672533115836,13.655397,12.770352334610449,2026-05
2026-05-06,ITA US 10/16/26 C245 Equity,2026-05-13,7.95,6.9,6.529057457780007,6.9,6.529057457780007,10.500496262370298,9.967897196382843,9.208435,9.409458962338604,2026-05
2026-05-06,ITA US 01/15/27 C235 Equity,2026-05-13,15.649999999999999,14.850000000000001,14.272869760512425,14.850000000000001,14.272869760512425,18.21257400397499,17.807547517794184,18.769989,17.6781542692899,2026-05
2026-05-06,ITA US 07/17/26 C250 Equity,2026-05-13,2.925,2.2,1.8601184186068844,2.2,1.8601184186068844,6.3589919568916695,5.505920888046944,3.096225,4.8757669575642435,2026-05
2026-05-06,ITA US 10/16/26 C230 Equity,2026-05-13,13.3,12.55,12.111319874617966,12.55,12.111319874617966,14.716219423203238,14.825681771502339,15.891142,15.090353788643807,2026-05
2026-05-07,ITA US 12/18/26 C240 Equity,2026-05-14,12.75,12.0,11.070441103146244,12.0,11.070441103146244,16.41845722195913,14.59192495883621,14.07995,14.52009917242238,2026-05
2026-05-07,ITA US 01/15/27 C240 Equity,2026-05-14,13.3,12.85,12.065620296343155,12.85,12.065620296343155,17.84228301567325,16.1421960668933,16.114859,15.57204166133803,2026-05
2026-05-07,ITA US 01/15/27 C235 Equity,2026-05-14,15.399999999999999,14.8,13.836680954985011,14.8,13.836680954985011,19.33677224839216,17.707791524940745,17.545511,17.45521472497492,2026-05
2026-05-07,ITA US 12/18/26 C250 Equity,2026-05-14,8.600000000000001,8.7,7.9113614335302715,8.7,7.9113614335302715,13.493409521962807,11.811135002204125,10.257134,11.242822127309184,2026-05
2026-05-07,ITA US 07/17/26 C250 Equity,2026-05-14,2.1500000000000004,2.1,1.8183916104115372,2.1,1.8183916104115372,7.253386453678267,5.239162220042578,2.429398,4.716999201141675,2026-05
2026-05-07,ITA US 10/16/26 C255 Equity,2026-05-14,5.3,5.3,5.110445419282524,5.3,5.110445419282524,10.314048702737116,8.6336404208765,4.834296,8.169686606339464,2026-05
2026-05-07,ITA US 01/15/27 C250 Equity,2026-05-14,10.0,10.05,9.301772946233449,10.05,9.301772946233449,15.717887115041858,13.827513532883497,12.294611,12.960201697606896,2026-05
2026-05-07,ITA US 12/18/26 C235 Equity,2026-05-14,14.0,13.6,12.634247865100308,13.6,12.634247865100308,17.838681939087365,16.276076370629607,16.266365,16.015992598787193,2026-05
2026-05-07,ITA US 10/16/26 C230 Equity,2026-05-14,12.85,12.75,12.384772176856856,12.75,12.384772176856856,16.66707090272317,15.555521750594757,15.47178,15.402646094512791,2026-05
2026-05-07,ITA US 10/16/26 C245 Equity,2026-05-14,7.35,7.55,7.049054485276237,7.55,7.049054485276237,12.17398341010751,10.331562636566924,8.693969,10.055326105656167,2026-05
2026-05-07,ITA US 10/16/26 C240 Equity,2026-05-14,8.85,9.1,8.6077786781927,9.1,8.6077786781927,13.62698614396862,11.980399941476174,11.1663,11.651650767410297,2026-05
2026-05-07,ITA US 12/18/26 C230 Equity,2026-05-14,16.3,15.649999999999999,14.65745751833275,15.649999999999999,14.65745751833275,19.347458838799007,18.18661269233185,17.715107,18.124475943565127,2026-05
2026-05-07,ITA US 01/15/27 C245 Equity,2026-05-14,11.3,11.25,10.33437473142885,11.25,10.33437473142885,16.173079641944774,14.400245011538583,14.013413,13.866830459896924,2026-05
2026-05-07,ITA US 10/16/26 C250 Equity,2026-05-14,6.65,6.35,5.87887409868966,6.35,5.87887409868966,11.727951365398564,9.572962656750008,6.068627,9.12138912536535,2026-05
2026-05-07,ITA US 07/17/26 C230 Equity,2026-05-14,6.949999999999999,7.25,6.772733954347176,7.25,6.772733954347176,10.807829266205633,10.63888290779408,7.7360573,9.812667860554205,2026-05
2026-05-07,ITA US 10/16/26 C235 Equity,2026-05-14,10.600000000000001,11.0,10.466482480968457,11.0,10.466482480968457,15.55887256178,13.895705572196496,12.705701,13.61762866157734,2026-05
2026-05-07,ITA US 12/18/26 C245 Equity,2026-05-14,10.35,10.3,9.443326732105538,10.3,9.443326732105538,15.6739229833158,13.614616700728867,12.898968,13.070525333411435,2026-05
2026-05-07,ITA US 01/15/27 C230 Equity,2026-05-14,17.6,16.9,15.919735841824412,16.9,15.919735841824412,20.850735016714786,19.5768728270287,19.111156,19.52876217441949,2026-05
2026-05-08,ITA US 10/16/26 C250 Equity,2026-05-15,3.7,6.4,6.044018427410096,6.4,6.044018427410096,11.93240787328793,9.954363424477888,9.169266,9.296444673645919,2026-05
2026-05-08,ITA US 01/15/27 C250 Equity,2026-05-15,8.2,10.05,9.251950237645952,10.05,9.251950237645952,15.342945935680653,13.789286146200777,13.174703,13.039050621925284,2026-05
2026-05-08,ITA US 10/16/26 C235 Equity,2026-05-15,7.6,10.8,10.262521943062703,10.8,10.262521943062703,15.524410967499783,14.139845916903658,13.937426,13.60164860495185,2026-05
2026-05-08,ITA US 10/16/26 C240 Equity,2026-05-15,6.45,9.2,8.735856307969565,9.2,8.735856307969565,13.996685250776666,12.24080527292188,12.558737,11.936605777056364,2026-05
2026-05-08,ITA US 01/15/27 C245 Equity,2026-05-15,9.399999999999999,11.5,10.778884378075752,11.5,10.778884378075752,16.295949989354153,14.82414611929484,14.840163,14.308384803590123,2026-05
2026-05-08,ITA US 01/15/27 C235 Equity,2026-05-15,12.5,15.0,14.19005139552139,15.0,14.19005139552139,18.978111645914794,17.82935345913812,18.35944,17.728126093752863,2026-05
2026-05-08,ITA US 12/18/26 C245 Equity,2026-05-15,8.15,10.2,9.3325827688241,10.2,9.3325827688241,15.034501287485435,13.44484577519435,13.575496,12.807867072157311,2026-05
2026-05-08,ITA US 10/16/26 C255 Equity,2026-05-15,3.0,5.25,4.847896160647052,5.25,4.847896160647052,10.908722527009443,8.994524365594788,5.600741,8.416288562165393,2026-05
2026-05-08,ITA US 10/16/26 C230 Equity,2026-05-15,9.149999999999999,12.8,12.23225049026308,12.8,12.23225049026308,16.453081867043693,15.579611529028877,16.534868,15.552425410293036,2026-05
2026-05-08,ITA US 01/15/27 C230 Equity,2026-05-15,14.35,17.25,16.39177367285835,17.25,16.39177367285835,20.624293564199558,19.773013171784736,19.848392,19.9724050080817,2026-05
2026-05-08,ITA US 01/15/27 C240 Equity,2026-05-15,10.85,13.4,12.538313660247198,13.4,12.538313660247198,18.13545829116383,16.48542085798741,17.180351,16.20895890037288,2026-05
2026-05-08,ITA US 12/18/26 C230 Equity,2026-05-15,13.4,16.2,15.276014067908243,16.2,15.276014067908243,19.240605688762948,18.429378328340704,18.580023,18.917652536812845,2026-05
2026-05-08,ITA US 10/16/26 C245 Equity,2026-05-15,4.65,7.6499999999999995,7.158213208230791,7.6499999999999995,7.158213208230791,12.821146678688688,11.049967793650366,10.014097,10.552594733780236,2026-05
2026-05-08,ITA US 12/18/26 C235 Equity,2026-05-15,11.75,14.2,13.253359234690057,14.2,13.253359234690057,18.41331102337068,17.02250681226451,17.822508,16.94092510963179,2026-05
2026-05-08,ITA US 07/17/26 C230 Equity,2026-05-15,3.95,7.0,6.578986436597179,7.0,6.578986436597179,10.091668809541627,10.101586590474358,8.66726,9.46025285420832,2026-05
2026-05-08,ITA US 12/18/26 C250 Equity,2026-05-15,6.6,8.85,8.074337550864456,8.85,8.074337550864456,13.368239464874776,11.954612010678359,12.699155,11.545220649817807,2026-05
2026-05-08,ITA US 12/18/26 C240 Equity,2026-05-15,10.25,12.25,11.364204315769651,12.25,11.364204315769651,17.116418129311448,15.397179109759373,15.344038,15.096996432820667,2026-05
2026-05-08,ITA US 07/17/26 C250 Equity,2026-05-15,0.875,2.4749999999999996,2.1947018265168103,2.4749999999999996,2.1947018265168103,8.290868233616344,6.504935802220443,2.9276662,5.804717588990811,2026-05
2026-05-11,ITA US 10/16/26 C250 Equity,2026-05-18,4.65,6.35,6.109883490585929,6.35,6.109883490585929,10.503229356301143,9.126863630925374,6.9259286,8.355175430876486,2026-05
2026-05-11,ITA US 12/18/26 C240 Equity,2026-05-18,10.399999999999999,12.850000000000001,12.375117218442965,12.850000000000001,12.375117218442965,16.531409215252268,15.313078385411192,17.397442,14.947202434549146,2026-05
2026-05-11,ITA US 07/17/26 C250 Equity,2026-05-18,1.625,2.375,2.0273566566419357,2.375,2.0273566566419357,6.974423385660028,5.1783156452043055,3.6621344,4.462098120006985,2026-05
2026-05-11,ITA US 10/16/26 C255 Equity,2026-05-18,3.5250000000000004,5.2,4.871219476199117,5.2,4.871219476199117,9.19657833859606,7.936305623905251,5.7961335,7.207641706706195,2026-05
2026-05-11,ITA US 01/15/27 C245 Equity,2026-05-18,9.75,12.15,11.542435235292247,12.15,11.542435235292247,16.124563439612356,14.766374857164946,15.709776,14.18160101981567,2026-05
2026-05-11,ITA US 10/16/26 C240 Equity,2026-05-18,6.75,9.55,9.30496606719968,9.55,9.30496606719968,13.555214659105225,12.334694244825748,13.233748,11.538779865614298,2026-05
2026-05-11,ITA US 12/18/26 C245 Equity,2026-05-18,8.7,10.9,10.378131495339584,10.9,10.378131495339584,14.281670499350252,13.108709205662807,14.6495285,12.726480592894493,2026-05
2026-05-11,ITA US 12/18/26 C250 Equity,2026-05-18,7.3,9.350000000000001,8.822161113924373,9.350000000000001,8.822161113924373,12.86919677678091,11.64105227299712,13.331828,11.236137304009947,2026-05
2026-05-11,ITA US 07/17/26 C230 Equity,2026-05-18,4.85,7.5,6.982352536187664,7.5,6.982352536187664,8.102917848154705,8.988046767865486,9.022438,8.560740707284863,2026-05
2026-05-11,ITA US 10/16/26 C235 Equity,2026-05-18,8.399999999999999,11.55,11.311869613450071,11.55,11.311869613450071,14.508475703238732,13.839855251138307,14.975351,13.497453134524392,2026-05
2026-05-11,ITA US 12/18/26 C235 Equity,2026-05-18,12.05,14.8,14.283145565346597,14.8,14.283145565346597,17.94484737506938,17.095392605935267,18.305128,16.86461331525311,2026-05
2026-05-11,ITA US 01/15/27 C230 Equity,2026-05-18,15.0,18.3,17.717832577921154,18.3,17.717832577921154,20.604641924358646,20.054778350996973,20.465193,20.299965455401342,2026-05
2026-05-11,ITA US 10/16/26 C230 Equity,2026-05-18,10.2,13.75,13.527603695614502,13.75,13.527603695614502,15.854135379717807,15.718664778602001,17.5145,15.658689381786292,2026-05
2026-05-11,ITA US 01/15/27 C250 Equity,2026-05-18,8.6,10.45,9.89171912240228,10.45,9.89171912240228,14.52102209080741,13.275499248302083,14.47197,12.4762306416131,2026-05
2026-05-11,ITA US 01/15/27 C235 Equity,2026-05-18,13.15,16.0,15.419431377493831,16.0,15.419431377493831,18.847245450515974,17.924454681482604,19.464455,17.948477624865543,2026-05
2026-05-11,ITA US 10/16/26 C245 Equity,2026-05-18,6.0,8.05,7.7031017551525975,8.05,7.7031017551525975,11.929212426658369,10.606840243958679,10.375174,10.048270272798739,2026-05
2026-05-11,ITA US 01/15/27 C240 Equity,2026-05-18,11.4,13.75,13.169764235124209,13.75,13.169764235124209,17.657254221804493,16.557786163469707,17.949156,15.745272424025789,2026-05
2026-05-11,ITA US 12/18/26 C230 Equity,2026-05-18,14.05,17.1,16.6806009972062,17.1,16.6806009972062,19.378557342713272,18.944774781787814,19.929976,19.210819911223748,2026-05
2026-05-12,ITA US 01/15/27 C230 Equity,2026-05-19,14.4,17.55,17.136076661575842,17.55,17.136076661575842,18.336263310261707,18.286576774221263,18.247114,18.48479893606524,2026-05
2026-05-12,ITA US 07/17/26 C230 Equity,2026-05-19,4.65,7.65,7.424599171956348,7.65,7.424599171956348,6.846692688293903,8.278560298484154,8.946942,8.075790692974289,2026-05
2026-05-12,ITA US 10/16/26 C250 Equity,2026-05-19,5.0,6.25,6.042707623634723,6.25,6.042707623634723,8.293261542128834,7.327514163236715,6.270971,7.031459882812258,2026-05
2026-05-12,ITA US 12/18/26 C235 Equity,2026-05-19,11.1,14.3,13.88622132378409,14.3,13.88622132378409,15.68448308177896,15.158612976405497,15.456394,15.269465827252368,2026-05
2026-05-12,ITA US 10/16/26 C230 Equity,2026-05-19,9.75,13.25,12.926660444862492,13.25,12.926660444862492,14.001420818421671,14.177633334531576,14.795878,14.118059051471542,2026-05
2026-05-12,ITA US 12/18/26 C230 Equity,2026-05-19,13.2,16.45,16.0405507510409,16.45,16.0405507510409,17.248844740672588,17.13614097383159,17.800169,17.48242093703766,2026-05
2026-05-12,ITA US 07/17/26 C250 Equity,2026-05-19,1.6749999999999998,2.6,2.3455939759612607,2.6,2.3455939759612607,6.077956380242144,4.784231670152417,3.1044803,3.952910222824386,2026-05
2026-05-12,ITA US 10/16/26 C255 Equity,2026-05-19,3.75,5.35,5.110646423737449,5.35,5.110646423737449,7.380725333881738,6.436543867104403,5.3426805,6.295150674147895,2026-05
2026-05-12,ITA US 01/15/27 C235 Equity,2026-05-19,12.55,15.45,14.881593703538579,15.45,14.881593703538579,16.944573291159184,16.375616681580865,16.535978,16.38195765018377,2026-05
2026-05-12,ITA US 10/16/26 C235 Equity,2026-05-19,7.800000000000001,10.9,10.50612774104097,10.9,10.50612774104097,12.191778968375749,11.872673308779131,11.455884,11.6620038795627,2026-05
2026-05-12,ITA US 10/16/26 C240 Equity,2026-05-19,6.300000000000001,9.05,8.857562565928703,9.05,8.857562565928703,10.91931919928291,10.306863740267676,10.232123,9.871597385938244,2026-05
2026-05-12,ITA US 12/18/26 C250 Equity,2026-05-19,6.9,8.9,8.426756926691878,8.9,8.426756926691878,11.19272055538085,10.201144400400793,10.556059,9.772405083842159,2026-05
2026-05-12,ITA US 01/15/27 C240 Equity,2026-05-19,10.75,13.45,13.013704252438016,13.45,13.013704252438016,15.147214561316886,14.51419931357809,14.333669,14.38220988357322,2026-05
2026-05-12,ITA US 01/15/27 C250 Equity,2026-05-19,7.65,10.05,9.599669728253279,10.05,9.599669728253279,12.56978265354338,11.658844091216146,10.769515,11.002509746227576,2026-05
2026-05-12,ITA US 12/18/26 C245 Equity,2026-05-19,8.3,10.5,9.98406201576194,10.5,9.98406201576194,12.936812353555267,11.901408806562198,11.90748,11.356608796802732,2026-05
2026-05-12,ITA US 10/16/26 C245 Equity,2026-05-19,5.75,7.3999999999999995,7.086478564920609,7.3999999999999995,7.086478564920609,9.362114663858625,8.53999565223216,8.099538,8.12721121901677,2026-05
2026-05-12,ITA US 12/18/26 C240 Equity,2026-05-19,9.8,12.25,11.834830834938446,12.25,11.834830834938446,14.284696381123462,13.417075857587344,13.097936,13.218367831539513,2026-05
2026-05-12,ITA US 01/15/27 C245 Equity,2026-05-19,9.4,11.65,11.191486696616101,11.65,11.191486696616101,14.112253832385578,13.166247387977599,12.603505,12.635266463453387,2026-05
2026-05-13,ITA US 12/18/26 C250 Equity,2026-05-20,7.9,8.85,8.257805064776218,8.85,8.257805064776218,9.893325484245805,9.293069416121245,8.327001,9.14464230771353,2026-05
2026-05-13,ITA US 01/15/27 C245 Equity,2026-05-20,10.35,11.5,11.197134855191162,11.5,11.197134855191162,12.976164465158508,12.44549913371003,10.110256,11.995863991933122,2026-05
2026-05-13,ITA US 12/18/26 C230 Equity,2026-05-20,15.35,16.75,16.224616950676264,16.75,16.224616950676264,16.62453178652436,16.65789287440427,16.313454,17.284476275260847,2026-05
2026-05-13,ITA US 01/15/27 C230 Equity,2026-05-20,16.4,18.15,17.916756121002596,18.15,17.916756121002596,18.74581591062626,18.63843047936654,17.232967,18.765968148681832,2026-05
2026-05-13,ITA US 01/15/27 C240 Equity,2026-05-20,12.35,13.75,13.467687694642542,13.75,13.467687694642542,15.28660989913411,14.556035798924752,11.419972,14.348731575925292,2026-05
2026-05-13,ITA US 12/18/26 C235 Equity,2026-05-20,13.0,14.75,14.255012133762214,14.75,14.255012133762214,15.82441487842847,15.216507934876956,13.042684,15.400124008418254,2026-05
2026-05-13,ITA US 12/18/26 C245 Equity,2026-05-20,9.4,10.35,9.848313676521295,10.35,9.848313676521295,11.336091933637258,10.816610537119862,9.498697,10.65915374268561,2026-05
2026-05-13,ITA US 12/18/26 C240 Equity,2026-05-20,11.1,12.95,12.47680331556833,12.95,12.47680331556833,14.760956068603932,13.843937054477768,11.509632,13.751619001277062,2026-05
2026-05-13,ITA US 01/15/27 C235 Equity,2026-05-20,14.05,15.649999999999999,15.408253534513149,15.649999999999999,15.408253534513149,16.346142590048935,16.053705070479733,14.214962,16.20616128823799,2026-05
2026-05-13,ITA US 10/16/26 C250 Equity,2026-05-20,5.25,6.55,6.257173805104765,6.55,6.257173805104765,7.810424717050456,6.790693065793597,6.267921,6.906972454859349,2026-05
2026-05-13,ITA US 10/16/26 C230 Equity,2026-05-20,11.0,13.3,12.99473653631454,13.3,12.99473653631454,12.198026620316947,12.819102849420457,11.502113,13.597824863213507,2026-05
2026-05-13,ITA US 07/17/26 C230 Equity,2026-05-20,5.9,7.65,7.402858597308873,7.65,7.402858597308873,7.309696044841717,8.389492724360734,6.8227334,8.011988316389287,2026-05
2026-05-13,ITA US 10/16/26 C255 Equity,2026-05-20,4.35,5.0,4.742069324186945,5.0,4.742069324186945,6.491594967902582,5.732844317649196,4.32937,5.480777724394602,2026-05
2026-05-13,ITA US 10/16/26 C245 Equity,2026-05-20,6.4,7.95,7.65312520440609,7.95,7.65312520440609,8.723415562899469,7.933043603793182,7.033993,8.169419243118242,2026-05
2026-05-13,ITA US 07/17/26 C250 Equity,2026-05-20,1.875,2.925,2.658459143239388,2.925,2.658459143239388,7.373838934372669,5.841752485482072,2.7823615,4.628688459410982,2026-05
2026-05-13,ITA US 10/16/26 C240 Equity,2026-05-20,7.5,8.8,8.493571740408177,8.8,8.493571740408177,8.941272737439835,8.801761457885016,7.880136,8.85052703428256,2026-05
2026-05-13,ITA US 10/16/26 C235 Equity,2026-05-20,9.399999999999999,10.9,10.5736684341112,10.9,10.5736684341112,10.570893527479772,10.775847374239028,9.3107395,10.998239409909493,2026-05
2026-05-13,ITA US 01/15/27 C250 Equity,2026-05-20,9.15,10.2,9.749693971766247,10.2,9.749693971766247,11.97666383467173,11.229308947192726,9.116328,10.731272721313141,2026-05
2026-05-14,ITA US 01/15/27 C230 Equity,2026-05-21,16.2,17.6,16.594063180420605,17.6,16.594063180420605,18.245790683174945,17.719189389117503,15.464735,18.133334811848687,2026-05
2026-05-14,ITA US 10/16/26 C235 Equity,2026-05-21,9.5,10.600000000000001,9.90560623444164,10.600000000000001,9.90560623444164,10.678508876076977,10.372031455166187,8.950948,10.514534918467167,2026-05
2026-05-14,ITA US 07/17/26 C250 Equity,2026-05-21,1.75,2.1500000000000004,1.7923451928836003,2.1500000000000004,1.7923451928836003,6.200995001896864,4.185406591580181,2.366621,3.3189898655465453,2026-05
2026-05-14,ITA US 07/17/26 C230 Equity,2026-05-21,5.7,6.949999999999999,6.2964537830708975,6.949999999999999,6.2964537830708975,6.506950269319022,7.250003463322555,5.528394,6.792594486762441,2026-05
2026-05-14,ITA US 12/18/26 C240 Equity,2026-05-21,10.95,12.75,11.768706491475193,12.75,11.768706491475193,14.750368614030858,13.27775673504134,11.2168045,13.374025932582635,2026-05
2026-05-14,ITA US 12/18/26 C230 Equity,2026-05-21,15.15,16.3,15.202916025223082,16.3,15.202916025223082,16.37708482535272,16.01508041997177,14.65313,16.612100001220554,2026-05
2026-05-14,ITA US 12/18/26 C235 Equity,2026-05-21,12.8,14.0,12.986436431588695,14.0,12.986436431588695,15.054920842227121,14.256564214160209,11.745165,14.32866579020942,2026-05
2026-05-14,ITA US 12/18/26 C245 Equity,2026-05-21,9.3,10.35,9.408672097975,10.35,9.408672097975,11.58255326460467,10.568603757611772,9.29025,10.49543439118883,2026-05
2026-05-14,ITA US 01/15/27 C240 Equity,2026-05-21,12.05,13.3,12.397470852521,13.3,12.397470852521,15.09000311709221,13.904485112464354,11.316171,13.70036780454788,2026-05
2026-05-14,ITA US 10/16/26 C230 Equity,2026-05-21,11.0,12.85,12.095906895680452,12.85,12.095906895680452,12.412401414751134,12.378955601377948,10.303365,12.880002203551426,2026-05
2026-05-14,ITA US 01/15/27 C245 Equity,2026-05-21,10.350000000000001,11.3,10.39761557758344,11.3,10.39761557758344,12.72949575648597,11.774708784757772,9.850093,11.518228967626664,2026-05
2026-05-14,ITA US 01/15/27 C235 Equity,2026-05-21,14.05,15.399999999999999,14.448221296857705,15.399999999999999,14.448221296857705,16.727814267326508,15.763503246511428,13.783087,15.862609091361014,2026-05
2026-05-14,ITA US 10/16/26 C250 Equity,2026-05-21,5.35,6.65,6.086638928206144,6.65,6.086638928206144,9.081818646094675,7.362535730673888,6.089359,7.119572524214455,2026-05
2026-05-14,ITA US 12/18/26 C250 Equity,2026-05-21,7.85,8.600000000000001,7.732265021616247,8.600000000000001,7.732265021616247,9.420101527306267,8.645118911342689,7.534825,8.62542469454189,2026-05
2026-05-14,ITA US 10/16/26 C240 Equity,2026-05-21,7.8,8.85,8.114099667486819,8.85,8.114099667486819,9.166210301553068,8.506585878118521,8.02604,8.659145685338872,2026-05
2026-05-14,ITA US 10/16/26 C255 Equity,2026-05-21,4.325,5.3,4.852671302985447,5.3,4.852671302985447,6.93400727865792,5.864334154734829,3.9706876,5.744300243268858,2026-05
2026-05-14,ITA US 01/15/27 C250 Equity,2026-05-21,9.2,10.0,9.15560583215211,10.0,9.15560583215211,12.029552490879446,10.989931312620332,8.578726,10.441855527117387,2026-05
2026-05-14,ITA US 10/16/26 C245 Equity,2026-05-21,6.25,7.35,6.761630842176382,7.35,6.761630842176382,9.272859571184846,8.031584042143665,6.073674,7.595611056543984,2026-05
2026-05-15,ITA US 10/16/26 C230 Equity,2026-05-22,12.8,9.149999999999999,8.575981955070326,9.149999999999999,8.575981955070326,9.598479113428795,9.255009317318262,10.022209,9.353273584565903,2026-05
2026-05-15,ITA US 12/18/26 C245 Equity,2026-05-22,10.4,8.15,7.463169382299069,8.15,7.463169382299069,10.37536069371453,9.305726993038862,7.7525935,9.050104319823408,2026-05
2026-05-15,ITA US 01/15/27 C230 Equity,2026-05-22,17.55,14.35,13.399171154496765,14.35,13.399171154496765,16.491001675894143,15.530408922516031,14.81826,15.342509278947068,2026-05
2026-05-15,ITA US 07/17/26 C230 Equity,2026-05-22,6.050000000000001,3.95,3.4743850806906607,3.95,3.4743850806906607,3.783459769318771,4.010721839858645,3.619583,3.8163671452704016,2026-05
2026-05-15,ITA US 12/18/26 C230 Equity,2026-05-22,16.2,13.4,12.349256167678531,13.4,12.349256167678531,15.28652584739939,14.26773157346641,14.088843,14.374193495567404,2026-05
2026-05-15,ITA US 07/17/26 C250 Equity,2026-05-22,1.5499999999999998,0.875,0.7799906302561044,0.875,0.7799906302561044,2.98220807666776,0.8186118718338538,1.7405162,1.5854725520279027,2026-05
2026-05-15,ITA US 01/15/27 C250 Equity,2026-05-22,10.05,8.2,7.550483567980329,8.2,7.550483567980329,10.76161242356488,9.827187708861235,7.5933127,9.388619505362527,2026-05
2026-05-15,ITA US 10/16/26 C245 Equity,2026-05-22,7.35,4.65,4.101240116161079,4.65,4.101240116161079,5.377942437148096,4.4572158170173,4.643453,4.766749040545097,2026-05
2026-05-15,ITA US 10/16/26 C255 Equity,2026-05-22,4.65,3.0,2.4096946712766796,3.0,2.4096946712766796,3.6994521409350476,2.7143055929967232,3.2366004,3.3931225139207544,2026-05
2026-05-15,ITA US 10/16/26 C240 Equity,2026-05-22,8.55,6.45,5.514629512512759,6.45,5.514629512512759,7.588587796874681,6.446288918696585,7.5554175,6.696997888871554,2026-05
2026-05-15,ITA US 01/15/27 C240 Equity,2026-05-22,13.35,10.85,9.987976201188076,10.85,9.987976201188076,13.585656596887803,12.278180504913141,11.504191,11.846678976534175,2026-05
2026-05-15,ITA US 12/18/26 C235 Equity,2026-05-22,14.1,11.75,10.652456466017474,11.75,10.652456466017474,14.152564264422079,12.743176867414814,12.149047,12.74656643592594,2026-05
2026-05-15,ITA US 01/15/27 C245 Equity,2026-05-22,11.6,9.399999999999999,8.57025632763832,9.399999999999999,8.57025632763832,11.763220852647573,10.681079500867746,9.589123,10.368337227478365,2026-05
2026-05-15,ITA US 10/16/26 C235 Equity,2026-05-22,10.4,7.6,6.886368631769949,7.6,6.886368631769949,8.51493084201196,7.755664770236351,8.135043,7.767569890578333,2026-05
2026-05-15,ITA US 10/16/26 C250 Equity,2026-05-22,6.15,3.7,3.3195324665281785,3.7,3.3195324665281785,5.37962276315988,4.124984961811611,3.478547,4.192232584572139,2026-05
2026-05-15,ITA US 01/15/27 C235 Equity,2026-05-22,15.45,12.5,11.591272394626015,12.5,11.591272394626015,14.966350952919043,13.788090004625614,12.931017,13.523639330318545,2026-05
2026-05-15,ITA US 12/18/26 C240 Equity,2026-05-22,12.05,10.25,9.29855751535887,10.25,9.29855751535887,13.687077014299295,11.943547832209417,11.157946,11.597526348235291,2026-05
2026-05-15,ITA US 12/18/26 C250 Equity,2026-05-22,8.9,6.6,5.924815724421256,6.6,5.924815724421256,7.717870941513901,7.012370604996168,7.3690643,7.1546025566639155,2026-05
2026-05-18,ITA US 12/18/26 C240 Equity,2026-05-26,13.8,10.399999999999999,9.859896315487756,10.399999999999999,9.859896315487756,14.657232859703687,14.0881989882635,14.116829,13.510474389326138,2026-05
2026-05-18,ITA US 01/15/27 C250 Equity,2026-05-26,11.8,8.6,8.037499214823448,8.6,8.037499214823448,12.867702838174464,12.563566666171997,10.809784,11.814622512346894,2026-05
2026-05-18,ITA US 12/18/26 C245 Equity,2026-05-26,11.899999999999999,8.7,8.035188052413217,8.7,8.035188052413217,12.383991184832226,12.008460359561159,11.331592,11.562152179963261,2026-05
2026-05-18,ITA US 01/15/27 C245 Equity,2026-05-26,13.35,9.75,9.198783882701605,9.75,9.198783882701605,13.68937531784527,13.510240932805909,12.741,12.82895719212406,2026-05
2026-05-18,ITA US 01/15/27 C235 Equity,2026-05-26,17.55,13.15,12.318016986068848,13.15,12.318016986068848,16.43916375278998,16.11359574898398,17.282928,15.985208269636864,2026-05
2026-05-18,ITA US 10/16/26 C255 Equity,2026-05-26,6.05,3.5250000000000004,3.27257125511128,3.5250000000000004,3.27257125511128,4.73894657784545,5.351172996523118,3.164643,5.66444475063057,2026-05
2026-05-18,ITA US 01/15/27 C240 Equity,2026-05-26,15.65,11.4,10.84763544905241,11.4,10.84763544905241,15.423721313118863,15.044774350684001,14.829983,14.410574602630435,2026-05
2026-05-18,ITA US 12/18/26 C230 Equity,2026-05-26,18.3,14.05,13.307258454079378,14.05,13.307258454079378,16.9923987199379,16.920677142119533,18.01531,16.99734449800638,2026-05
2026-05-18,ITA US 10/16/26 C235 Equity,2026-05-26,12.65,8.399999999999999,8.086952977439319,8.399999999999999,8.086952977439319,10.47443752103645,10.850859417201027,10.0618,10.64545640321086,2026-05
2026-05-18,ITA US 01/15/27 C230 Equity,2026-05-26,20.1,15.0,14.461728544068201,15.0,14.461728544068201,18.064750920146366,18.115193947337374,18.608486,17.919390197119764,2026-05
2026-05-18,ITA US 07/17/26 C250 Equity,2026-05-26,3.0999999999999996,1.625,1.3412165560504827,1.625,1.3412165560504827,6.0529787165264075,5.517166474646951,1.9256343,5.064119754997241,2026-05
2026-05-18,ITA US 10/16/26 C245 Equity,2026-05-26,8.8,6.0,5.681774255490202,6.0,5.681774255490202,8.312033372012806,8.255224671849433,6.387582,8.332993425661648,2026-05
2026-05-18,ITA US 12/18/26 C235 Equity,2026-05-26,16.35,12.05,11.213666107657119,12.05,11.213666107657119,15.544752991377319,15.152157843310505,15.228316,14.966055827179108,2026-05
2026-05-18,ITA US 10/16/26 C230 Equity,2026-05-26,15.0,10.2,9.78930759490072,10.2,9.78930759490072,11.856074032556961,12.512789547612861,13.877046,12.437276834879205,2026-05
2026-05-18,ITA US 10/16/26 C250 Equity,2026-05-26,7.25,4.65,4.357986676213217,4.65,4.357986676213217,6.861303601812621,6.911081567953087,4.90849,6.929603303727606,2026-05
2026-05-18,ITA US 10/16/26 C240 Equity,2026-05-26,10.55,6.75,6.404584386713706,6.75,6.404584386713706,8.811023399916234,9.143704777464515,8.537629,8.96662186225235,2026-05
2026-05-18,ITA US 12/18/26 C250 Equity,2026-05-26,10.75,7.3,6.603780702742349,7.3,6.603780702742349,10.428858525293636,10.312329622456456,9.36165,9.957325097852426,2026-05
2026-05-18,ITA US 07/17/26 C230 Equity,2026-05-26,8.2,4.85,4.437649578301565,4.85,4.437649578301565,5.511397826690571,7.097244252370463,5.212406,6.750535249615791,2026-05
2026-05-19,ITA US 01/15/27 C230 Equity,2026-05-27,20.549999999999997,14.4,13.713449706658249,14.4,13.713449706658249,17.471478663852764,16.977603257088454,17.922045,16.633209804474355,2026-05
2026-05-19,ITA US 10/16/26 C250 Equity,2026-05-27,8.5,5.0,4.553507186991861,5.0,4.553507186991861,8.652005543459463,7.678641110366632,5.4663043,7.334661722383091,2026-05
2026-05-19,ITA US 01/15/27 C235 Equity,2026-05-27,18.1,12.55,11.71919972364103,12.55,11.71919972364103,15.763635634221616,15.124697292752378,16.018147,14.759266872663872,2026-05
2026-05-19,ITA US 01/15/27 C245 Equity,2026-05-27,13.75,9.4,8.64366199554402,9.4,8.64366199554402,12.986135353296344,12.380598899678796,11.853893,11.74694021143428,2026-05
2026-05-19,ITA US 10/16/26 C255 Equity,2026-05-27,6.6,3.75,3.339809022237667,3.75,3.339809022237667,5.718201559280665,5.213940559068588,3.4899173,5.652065761736927,2026-05
2026-05-19,ITA US 10/16/26 C230 Equity,2026-05-27,16.05,9.75,9.119861275503807,9.75,9.119861275503807,11.234448850051255,11.29311984493698,12.439792,11.400815726165883,2026-05
2026-05-19,ITA US 01/15/27 C250 Equity,2026-05-27,12.15,7.65,7.5563462661429766,7.65,7.5563462661429766,11.33184269213248,11.227546547832581,9.712513,10.176356995833771,2026-05
2026-05-19,ITA US 01/15/27 C240 Equity,2026-05-27,15.549999999999999,10.75,9.968128308077151,10.75,9.968128308077151,14.253694170112912,13.51605444161164,13.590745,12.971871534091377,2026-05
2026-05-19,ITA US 10/16/26 C240 Equity,2026-05-27,11.100000000000001,6.300000000000001,5.776159893690308,6.300000000000001,5.776159893690308,8.238007359575796,7.885789929911042,6.5554605,7.855129015720237,2026-05
2026-05-19,ITA US 07/17/26 C230 Equity,2026-05-27,9.149999999999999,4.65,4.270891111726209,4.65,4.270891111726209,7.109865122609438,7.71785983246815,5.23105,6.716162705614341,2026-05
2026-05-19,ITA US 10/16/26 C245 Equity,2026-05-27,9.45,5.75,5.334923461606892,5.75,5.334923461606892,9.53686450536686,8.395306238660467,6.192581,7.970794285377418,2026-05
2026-05-19,ITA US 12/18/26 C245 Equity,2026-05-27,12.75,8.3,7.532826280985781,8.3,7.532826280985781,11.492391229323175,10.775491426077226,10.158705,10.469331249139953,2026-05
2026-05-19,ITA US 12/18/26 C250 Equity,2026-05-27,10.649999999999999,6.9,6.19668395041014,6.9,6.19668395041014,9.351459099476875,9.021126508801483,9.070027,8.958754584867267,2026-05
2026-05-19,ITA US 12/18/26 C235 Equity,2026-05-27,16.8,11.1,10.158148292195026,11.1,10.158148292195026,13.910185500787112,13.399135472177747,14.628288,13.117694279345105,2026-05
2026-05-19,ITA US 10/16/26 C235 Equity,2026-05-27,13.05,7.800000000000001,7.224152431916555,7.800000000000001,7.224152431916555,9.988123926218583,9.688999114092391,9.803068,9.417707498684454,2026-05
2026-05-19,ITA US 12/18/26 C240 Equity,2026-05-27,14.45,9.8,8.968040502266552,9.8,8.968040502266552,13.325199120098963,12.396442165326071,12.80363,12.083782111788793,2026-05
2026-05-19,ITA US 12/18/26 C230 Equity,2026-05-27,19.35,13.2,12.250082115442844,13.2,12.250082115442844,15.798467660164494,15.33384429761636,17.328535,15.323456828273585,2026-05
2026-05-19,ITA US 07/17/26 C250 Equity,2026-05-27,2.5250000000000004,1.6749999999999998,1.359085012031939,1.6749999999999998,1.359085012031939,8.400607633637193,6.623936198045099,1.7059013,5.557676702091132,2026-05
2026-05-20,ITA US 07/17/26 C230 Equity,2026-05-28,11.85,5.9,5.8027592355230615,5.9,5.8027592355230615,9.35520808192156,10.372796368039918,6.4822254,9.065088494570825,2026-05
2026-05-20,ITA US 10/16/26 C255 Equity,2026-05-28,7.75,4.35,4.072355624217231,4.35,4.072355624217231,8.851934474513374,8.148475325046668,4.545894,7.571408895781948,2026-05
2026-05-20,ITA US 07/17/26 C250 Equity,2026-05-28,3.55,1.875,1.6810044225687746,1.875,1.6810044225687746,10.054111295268317,8.412062967495567,2.8327732,6.753685606409812,2026-05
2026-05-20,ITA US 01/15/27 C235 Equity,2026-05-28,20.25,14.05,13.433827703069051,14.05,13.433827703069051,17.560766909040595,17.248834130852455,17.358746,17.135304835675573,2026-05
2026-05-20,ITA US 10/16/26 C240 Equity,2026-05-28,13.1,7.5,7.551610760768355,7.5,7.551610760768355,10.617661916426059,10.781192880465758,9.4147415,10.244357146894743,2026-05
2026-05-20,ITA US 12/18/26 C240 Equity,2026-05-28,16.6,11.1,10.566572293249669,11.1,10.566572293249669,15.25420757797373,14.705232422628088,14.766804,14.292464496653972,2026-05
2026-05-20,ITA US 01/15/27 C250 Equity,2026-05-28,13.7,9.15,8.79154555870778,9.15,8.79154555870778,13.980612062870552,13.330748532512718,12.720492,12.543586250900983,2026-05
2026-05-20,ITA US 10/16/26 C245 Equity,2026-05-28,11.1,6.4,6.4067645346580795,6.4,6.4067645346580795,11.155334513124359,10.551365013677696,9.000637,9.63579126862216,2026-05
2026-05-20,ITA US 12/18/26 C230 Equity,2026-05-28,21.85,15.35,15.167508096569184,15.35,15.167508096569184,18.89471997493765,18.816349312684395,18.963203,18.762532327671806,2026-05
2026-05-20,ITA US 01/15/27 C240 Equity,2026-05-28,17.95,12.35,12.073457707621467,12.35,12.073457707621467,16.62619981154156,16.016968106599812,15.782699,15.553899177256334,2026-05
2026-05-20,ITA US 01/15/27 C230 Equity,2026-05-28,23.15,16.4,16.152645980713906,16.4,16.152645980713906,20.26082857075144,20.0450967442749,19.163794,19.693276506711292,2026-05
2026-05-20,ITA US 10/16/26 C235 Equity,2026-05-28,15.399999999999999,9.399999999999999,9.446898561779493,9.399999999999999,9.446898561779493,12.250263869429624,12.55298372447363,12.583515,12.18473900288619,2026-05
2026-05-20,ITA US 10/16/26 C250 Equity,2026-05-28,9.25,5.25,5.166139780445243,5.25,5.166139780445243,9.982297334022785,9.342018813207314,6.324644,8.698835567893141,2026-05
2026-05-20,ITA US 10/16/26 C230 Equity,2026-05-28,18.25,11.0,11.161480935441288,11.0,11.161480935441288,13.171489571273334,14.10066359276243,14.348778,13.763595406776073,2026-05
2026-05-20,ITA US 12/18/26 C235 Equity,2026-05-28,19.5,13.0,12.770328259371745,13.0,12.770328259371745,16.592262655601832,16.390989516460348,17.391863,16.169306368043102,2026-05
2026-05-20,ITA US 12/18/26 C250 Equity,2026-05-28,12.2,7.9,7.6513753374489974,7.9,7.6513753374489974,11.987397261980448,11.623444097474202,10.6089115,11.05664831087162,2026-05
2026-05-20,ITA US 12/18/26 C245 Equity,2026-05-28,14.3,9.4,9.059530343871339,9.4,9.059530343871339,13.85896199706272,13.332632478731396,12.906111,12.64473862999988,2026-05
2026-05-20,ITA US 01/15/27 C245 Equity,2026-05-28,15.6,10.35,9.82752254376654,10.35,9.82752254376654,14.327552164579103,13.994619988017366,13.595009,13.483245195517766,2026-05
2026-05-21,ITA US 12/18/26 C240 Equity,2026-05-29,16.450000000000003,10.95,10.353416523597962,10.95,10.353416523597962,14.733297013019166,13.615683189296231,13.350719,13.246868157058463,2026-05
2026-05-21,ITA US 10/16/26 C235 Equity,2026-05-29,15.25,9.5,9.18154521970042,9.5,9.18154521970042,12.890095626507927,12.132313234423147,11.5235615,11.654512343796863,2026-05
2026-05-21,ITA US 12/18/26 C230 Equity,2026-05-29,21.7,15.15,14.645621082954948,15.15,14.645621082954948,18.800688649500223,17.954635246312147,17.640617,17.83417297697767,2026-05
2026-05-21,ITA US 12/18/26 C250 Equity,2026-05-29,12.1,7.85,7.227455289528625,7.85,7.227455289528625,12.056948008069936,10.859797657551047,9.249657,10.193268152163746,2026-05
2026-05-21,ITA US 01/15/27 C250 Equity,2026-05-29,13.85,9.2,8.598422596166241,9.2,8.598422596166241,13.834458586717314,12.457956099392975,11.204327,11.680137122629747,2026-05
2026-05-21,ITA US 10/16/26 C230 Equity,2026-05-29,17.9,11.0,10.804572336154438,11.0,10.804572336154438,12.613201735515595,12.818967206475547,13.147688,12.857812855306964,2026-05
2026-05-21,ITA US 07/17/26 C250 Equity,2026-05-29,3.2,1.75,1.4371564913207964,1.75,1.4371564913207964,8.318406502001451,5.993795882810279,2.0710673,5.0456128565869545,2026-05
2026-05-21,ITA US 10/16/26 C245 Equity,2026-05-29,10.65,6.25,6.02597306082413,6.25,6.02597306082413,10.526676310449398,9.404626606842044,6.036095,8.522182857975734,2026-05
2026-05-21,ITA US 07/17/26 C230 Equity,2026-05-29,11.45,5.7,5.2269443671304305,5.7,5.2269443671304305,8.375170692975416,8.754931164352985,5.582954,7.68897335556317,2026-05
2026-05-21,ITA US 12/18/26 C245 Equity,2026-05-29,14.2,9.3,8.739265137819514,9.3,8.739265137819514,13.497699519730352,12.267516364193314,11.723223,11.670787076334513,2026-05
2026-05-21,ITA US 12/18/26 C235 Equity,2026-05-29,19.0,12.8,12.292493852100437,12.8,12.292493852100437,16.728337730135017,15.641083595364075,15.760988,15.240272814914732,2026-05
2026-05-21,ITA US 01/15/27 C245 Equity,2026-05-29,15.6,10.350000000000001,9.741286005876999,10.350000000000001,9.741286005876999,14.241763443209528,13.186978983274594,12.603455,12.585670578289914,2026-05
2026-05-21,ITA US 01/15/27 C230 Equity,2026-05-29,22.9,16.2,15.526159743817132,16.2,15.526159743817132,19.445973795326736,18.69677423279051,18.101404,18.639705845315795,2026-05
2026-05-21,ITA US 10/16/26 C250 Equity,2026-05-29,9.0,5.35,4.977543194457596,5.35,4.977543194457596,9.443295071584178,8.059693951184522,5.5117626,7.702366785200713,2026-05
2026-05-21,ITA US 10/16/26 C240 Equity,2026-05-29,12.6,7.8,7.5722225762963005,7.8,7.5722225762963005,11.129260593291331,10.123058468993609,9.017728,9.81384333141552,2026-05
2026-05-21,ITA US 10/16/26 C255 Equity,2026-05-29,7.7,4.325,4.097031383774781,4.325,4.097031383774781,8.442386935050449,7.227151590604492,3.8528254,6.774691051064023,2026-05
2026-05-21,ITA US 01/15/27 C240 Equity,2026-05-29,17.95,12.05,11.408955183135122,12.05,11.408955183135122,16.53930885589528,15.227494411376105,14.15895,14.464157218288934,2026-05
2026-05-21,ITA US 01/15/27 C235 Equity,2026-05-29,20.35,14.05,13.369625005364728,14.05,13.369625005364728,17.450529428899348,16.49542086284712,16.182947,16.287011297854313,2026-05
2026-05-22,ITA US 10/16/26 C240 Equity,2026-06-01,10.8,8.55,8.220288712924114,8.55,8.220288712924114,11.02497514262263,10.72984266315233,11.166782,10.54418800056844,2026-05
2026-05-22,ITA US 10/16/26 C250 Equity,2026-06-01,7.35,6.15,5.922797497709062,6.15,5.922797497709062,9.263936224605878,8.507413218879002,6.9637485,8.37881016222893,2026-05
2026-05-22,ITA US 01/15/27 C250 Equity,2026-06-01,11.600000000000001,10.05,9.426039003566574,10.05,9.426039003566574,13.81372560875912,12.967948101461879,12.747937,12.354009863206038,2026-05
2026-05-22,ITA US 01/15/27 C245 Equity,2026-06-01,13.85,11.6,10.965286893373396,11.6,10.965286893373396,14.626009619784648,13.927180254999573,14.204746,13.838538963994997,2026-05
2026-05-22,ITA US 10/16/26 C255 Equity,2026-06-01,6.5,4.65,4.347334182981122,4.65,4.347334182981122,7.402542421118895,6.817229050236569,5.0189548,6.784335979400672,2026-05
2026-05-22,ITA US 12/18/26 C235 Equity,2026-06-01,16.35,14.1,13.469066975639496,14.1,13.469066975639496,16.432299779840378,15.983732083736767,17.523218,16.343070700103816,2026-05
2026-05-22,ITA US 10/16/26 C235 Equity,2026-06-01,12.850000000000001,10.4,10.068239994380633,10.4,10.068239994380633,12.04892007586718,12.246138163519909,13.020306,12.363540223526956,2026-05
2026-05-22,ITA US 10/16/26 C245 Equity,2026-06-01,9.1,7.35,7.00770549819601,7.35,7.00770549819601,9.721172560803657,9.39149943893542,9.529442,9.54189665690892,2026-05
2026-05-22,ITA US 12/18/26 C250 Equity,2026-06-01,10.850000000000001,8.9,8.484746433207887,8.9,8.484746433207887,11.973633632676023,11.421758134564762,12.592056,11.09818253840027,2026-05
2026-05-22,ITA US 07/17/26 C250 Equity,2026-06-01,2.325,1.5499999999999998,1.2542070747514977,1.5499999999999998,1.2542070747514977,5.5291666674799735,4.324791925891681,2.73498,3.8964038187419257,2026-05
2026-05-22,ITA US 01/15/27 C235 Equity,2026-06-01,17.950000000000003,15.45,14.826415860872318,15.45,14.826415860872318,18.00438969096928,17.514684827221505,18.05485,17.71743831878353,2026-05
2026-05-22,ITA US 07/17/26 C230 Equity,2026-06-01,8.85,6.050000000000001,5.614744701223658,6.050000000000001,5.614744701223658,5.180248903978784,7.213360209577324,6.5540414,7.238427915805173,2026-05
2026-05-22,ITA US 10/16/26 C230 Equity,2026-06-01,15.6,12.8,12.451890072045627,12.8,12.451890072045627,13.4072422268629,14.06341059619708,15.630221,14.755131782442993,2026-05
2026-05-22,ITA US 01/15/27 C240 Equity,2026-06-01,15.75,13.35,12.727157333618875,13.35,12.727157333618875,16.02590524082281,15.403379906155799,16.602524,15.557839865886777,2026-05
2026-05-22,ITA US 01/15/27 C230 Equity,2026-06-01,20.5,17.55,16.928218309611427,17.55,16.928218309611427,19.17601782843616,19.16793249330557,19.281584,19.801409693524864,2026-05
2026-05-22,ITA US 12/18/26 C245 Equity,2026-06-01,12.3,10.4,9.788211847845865,10.4,9.788211847845865,13.321734890019439,12.605531743940194,13.349495,12.629876083206355,2026-05
2026-05-22,ITA US 12/18/26 C230 Equity,2026-06-01,19.15,16.2,15.564767247269828,16.2,15.564767247269828,17.83087664647713,17.88945770370557,18.349741,18.507367445593584,2026-05
2026-05-22,ITA US 12/18/26 C240 Equity,2026-06-01,13.8,12.05,11.431889048881239,12.05,11.431889048881239,14.726741003306767,14.133200334941037,14.894385,14.205716510371369,2026-05
2026-05-26,ITA US 10/16/26 C245 Equity,2026-06-02,8.6,8.8,8.27498805076095,8.8,8.27498805076095,12.74019629981171,11.175042798132505,10.064111,10.738922213275176,2026-05
2026-05-26,ITA US 01/15/27 C235 Equity,2026-06-02,17.15,17.55,16.8138218391874,17.55,16.8138218391874,20.653244122146095,19.270893233420615,17.598047,19.604535683609328,2026-05
2026-05-26,ITA US 12/18/26 C250 Equity,2026-06-02,9.8,10.75,10.283123934346618,10.75,10.283123934346618,15.664490012525825,13.519390175323117,12.357985,12.976982391842625,2026-05
2026-05-26,ITA US 01/15/27 C230 Equity,2026-06-02,19.35,20.1,19.52704559037769,20.1,19.52704559037769,22.702447257080934,21.70024828556596,20.437796,22.199532272439058,2026-05
2026-05-26,ITA US 01/15/27 C240 Equity,2026-06-02,15.15,15.65,14.711943700295873,15.65,14.711943700295873,19.584244972622702,17.480189909783935,17.111092,17.570237193754647,2026-05
2026-05-26,ITA US 01/15/27 C245 Equity,2026-06-02,13.3,13.35,12.753483271103928,13.35,12.753483271103928,17.664811593914933,15.753416270725584,14.211981,15.408565446953961,2026-05
2026-05-26,ITA US 10/16/26 C240 Equity,2026-06-02,10.4,10.55,10.08322315947814,10.55,10.08322315947814,13.721268141823355,12.544219816446141,11.458881,12.316572487884665,2026-05
2026-05-26,ITA US 10/16/26 C255 Equity,2026-06-02,6.35,6.05,5.567479245247985,6.05,5.567479245247985,10.377406159270544,8.616562338636554,6.737036,7.997219497982952,2026-05
2026-05-26,ITA US 01/15/27 C250 Equity,2026-06-02,11.35,11.8,11.221786255582908,11.8,11.221786255582908,16.693023411233384,14.675574142332636,13.34737,14.02798104573582,2026-05
2026-05-26,ITA US 07/17/26 C250 Equity,2026-06-02,1.95,3.0999999999999996,1.8605067443992638,3.0999999999999996,1.8605067443992638,7.192785747973717,5.515475389097583,3.8299203,4.8482043756524575,2026-05
2026-05-26,ITA US 12/18/26 C245 Equity,2026-06-02,11.75,11.899999999999999,12.129101922556666,11.899999999999999,12.129101922556666,16.814147613946094,15.234285568180852,12.737298,14.278977214530581,2026-05
2026-05-26,ITA US 12/18/26 C240 Equity,2026-06-02,13.95,13.8,13.255059626198955,13.8,13.255059626198955,17.281986447751322,15.85025082124036,15.059804,15.76301016244975,2026-05
2026-05-26,ITA US 12/18/26 C235 Equity,2026-06-02,15.7,16.35,15.494571954357463,16.35,15.494571954357463,19.41842444604612,17.9536999970885,17.344456,18.32990825433184,2026-05
2026-05-26,ITA US 12/18/26 C230 Equity,2026-06-02,17.95,18.3,17.85218164341032,18.3,17.85218164341032,20.08425897846631,19.57596702097643,18.883266,20.20148648391021,2026-05
2026-05-26,ITA US 07/17/26 C230 Equity,2026-06-02,7.5,8.2,7.763090228359375,8.2,7.763090228359375,8.19191061547868,9.764568527752978,8.655331,9.144100014074647,2026-05
2026-05-26,ITA US 10/16/26 C235 Equity,2026-06-02,12.0,12.65,12.39039694878289,12.65,12.39039694878289,15.447218813879939,14.667167055051793,13.17573,14.510614536061208,2026-05
2026-05-26,ITA US 10/16/26 C250 Equity,2026-06-02,6.95,7.25,6.818679176536912,7.25,6.818679176536912,12.095372064499964,10.19236260169287,8.6278715,9.34996615193021,2026-05
2026-05-26,ITA US 10/16/26 C230 Equity,2026-06-02,14.5,15.0,14.765554054036716,15.0,14.765554054036716,16.936308700105386,16.67147081873975,16.217875,16.95367686016815,2026-05
2026-05-27,ITA US 10/16/26 C235 Equity,2026-06-03,10.8,13.05,12.575209201159025,13.05,12.575209201159025,13.980960207059946,13.709370304338652,11.186591,14.101953493087931,2026-05
2026-05-27,ITA US 01/15/27 C235 Equity,2026-06-03,14.95,18.1,17.82964853351304,18.1,17.82964853351304,19.80884977454582,19.16083215192526,16.574125,19.580370835898233,2026-05
2026-05-27,ITA US 10/16/26 C230 Equity,2026-06-03,12.3,16.05,15.779791488282001,16.05,15.779791488282001,17.46298495663499,16.745495855350676,14.117147,17.352918958166384,2026-05
2026-05-27,ITA US 01/15/27 C250 Equity,2026-06-03,10.399999999999999,12.15,11.626679016514867,12.15,11.626679016514867,15.737932799793576,14.139553633301245,10.432116,13.691003434707824,2026-05
2026-05-27,ITA US 12/18/26 C235 Equity,2026-06-03,14.1,16.8,16.32120060481282,16.8,16.32120060481282,18.47956402018471,17.813105221545285,15.505742,18.10914179364986,2026-05
2026-05-27,ITA US 12/18/26 C250 Equity,2026-06-03,9.15,10.649999999999999,10.80712843834873,10.649999999999999,10.80712843834873,14.359663810291437,12.929235386324798,9.074151,12.317192950004006,2026-05
2026-05-27,ITA US 12/18/26 C245 Equity,2026-06-03,10.7,12.75,12.269460489131129,12.75,12.269460489131129,16.356961240631513,14.622256347478658,10.691281,14.366244842148928,2026-05
2026-05-27,ITA US 10/16/26 C250 Equity,2026-06-03,5.75,8.5,8.190836962700377,8.5,8.190836962700377,12.060967679784715,10.406360737184086,7.0666957,10.113265186269773,2026-05
2026-05-27,ITA US 01/15/27 C230 Equity,2026-06-03,17.799999999999997,20.549999999999997,20.293215245653403,20.549999999999997,20.293215245653403,22.270143027446803,21.332823979875982,18.983837,22.02134005289209,2026-05
2026-05-27,ITA US 01/15/27 C240 Equity,2026-06-03,13.649999999999999,15.549999999999999,15.26546225269242,15.549999999999999,15.26546225269242,18.011885894726298,17.063844633837512,13.267447,16.92112742454566,2026-05
2026-05-27,ITA US 10/16/26 C255 Equity,2026-06-03,5.25,6.6,6.261256034022639,6.6,6.261256034022639,9.895295415870793,8.448199720318707,5.710829,8.057585388437728,2026-05
2026-05-27,ITA US 10/16/26 C245 Equity,2026-06-03,7.550000000000001,9.45,9.096469979267182,9.45,9.096469979267182,11.908532944873947,10.861028124559102,7.698534,10.73581361647093,2026-05
2026-05-27,ITA US 07/17/26 C250 Equity,2026-06-03,1.5,2.5250000000000004,2.1669600781137017,2.5250000000000004,2.1669600781137017,5.031778814728643,4.595107048985264,2.961398,3.6155891641034708,2026-05
2026-05-27,ITA US 10/16/26 C240 Equity,2026-06-03,9.2,11.100000000000001,10.752928537537857,11.100000000000001,10.752928537537857,12.868007011646897,12.199878492434,8.597526,12.25106267127229,2026-05
2026-05-27,ITA US 12/18/26 C240 Equity,2026-06-03,12.3,14.45,13.978117776637767,14.45,13.978117776637767,16.30234553655936,15.301709966687547,12.322334,15.667306195096792,2026-05
2026-05-27,ITA US 12/18/26 C230 Equity,2026-06-03,16.6,19.35,18.86057354742827,19.35,18.86057354742827,20.456528098857273,19.517360580122087,18.301018,20.6084843591411,2026-05
2026-05-27,ITA US 07/17/26 C230 Equity,2026-06-03,6.45,9.149999999999999,8.726608262651473,9.149999999999999,8.726608262651473,8.683292007717698,10.024677905079795,8.069853,9.867788361628008,2026-05
2026-05-27,ITA US 01/15/27 C245 Equity,2026-06-03,11.8,13.75,13.18485862224509,13.75,13.18485862224509,16.54730235732667,15.148604100112887,10.970428,15.057401157177035,2026-05
2026-05-28,ITA US 10/16/26 C250 Equity,2026-06-04,7.699999999999999,9.25,9.265574354963922,9.25,9.265574354963922,11.916265129312663,10.863351424334434,9.271461,9.758048145061752,2026-05
2026-05-28,ITA US 07/17/26 C230 Equity,2026-06-04,9.3,11.85,11.523247362954592,11.85,11.523247362954592,11.40872271171834,12.447243080271484,8.087101,11.16838816962206,2026-05
2026-05-28,ITA US 12/18/26 C245 Equity,2026-06-04,12.5,14.3,14.11599576798072,14.3,14.11599576798072,15.896770270180118,15.221843231412858,13.07675,14.472788734918861,2026-05
2026-05-28,ITA US 01/15/27 C235 Equity,2026-06-04,18.3,20.25,20.046864188854737,20.25,20.046864188854737,20.89033713093582,20.24622939570917,19.121805,20.384144644908023,2026-05
2026-05-28,ITA US 01/15/27 C230 Equity,2026-06-04,20.85,23.15,22.795190797403848,23.15,22.795190797403848,23.572843815466417,22.755405682918585,21.49842,22.797540625182446,2026-05
2026-05-28,ITA US 01/15/27 C250 Equity,2026-06-04,12.05,13.7,13.316285392887597,13.7,13.316285392887597,15.806258926296785,14.767013886745818,12.714021,13.898048380018535,2026-05
2026-05-28,ITA US 12/18/26 C250 Equity,2026-06-04,10.75,12.2,11.987042581466385,12.2,11.987042581466385,14.807623275688899,13.702662397044078,11.912477,12.480432288663993,2026-05
2026-05-28,ITA US 12/18/26 C230 Equity,2026-06-04,19.4,21.85,21.67579064984705,21.85,21.67579064984705,22.10853584802639,21.408956888597316,20.552118,21.529489835568633,2026-05
2026-05-28,ITA US 10/16/26 C240 Equity,2026-06-04,10.85,13.1,13.207101272117077,13.1,13.207101272117077,13.610575142639478,13.678084336432647,12.376724,13.265404629396087,2026-05
2026-05-28,ITA US 10/16/26 C230 Equity,2026-06-04,15.75,18.25,18.459744740345855,18.25,18.459744740345855,18.706266780750497,18.385796767049072,17.455732,17.985185968373962,2026-05
2026-05-28,ITA US 01/15/27 C240 Equity,2026-06-04,15.95,17.95,17.33450249894863,17.95,17.33450249894863,18.57035750726089,18.016457018769724,16.397861,17.888736040140195,2026-05
2026-05-28,ITA US 12/18/26 C240 Equity,2026-06-04,14.6,16.6,16.444785154018692,16.6,16.444785154018692,17.13415647490854,16.778300976357873,15.930538,16.782312689587947,2026-05
2026-05-28,ITA US 07/17/26 C250 Equity,2026-06-04,2.6,3.55,3.163954020194357,3.55,3.163954020194357,5.217052193497736,5.353142389081569,3.3718383,3.528379932943637,2026-05
2026-05-28,ITA US 12/18/26 C235 Equity,2026-06-04,17.0,19.5,19.263039040590318,19.5,19.263039040590318,19.981623437156784,19.11066257943283,19.193657,19.730101945507503,2026-05
2026-05-28,ITA US 10/16/26 C235 Equity,2026-06-04,13.6,15.399999999999999,15.56585753401123,15.399999999999999,15.56585753401123,15.371616638617704,15.338991913604211,14.117067,15.302963725698847,2026-05
2026-05-28,ITA US 10/16/26 C255 Equity,2026-06-04,6.550000000000001,7.75,7.572420749779375,7.75,7.572420749779375,10.410957118462985,9.408679803572074,6.700952,8.146365467926232,2026-05
2026-05-28,ITA US 01/15/27 C245 Equity,2026-06-04,13.7,15.6,15.15706352878848,15.6,15.15706352878848,16.72980696621959,16.00763587877135,14.31872,15.650942974127837,2026-05
2026-05-28,ITA US 10/16/26 C245 Equity,2026-06-04,9.0,11.1,11.156107585592279,11.1,11.156107585592279,12.644560236213447,12.235078406363222,10.315805,11.44575336996183,2026-05
2026-05-29,ITA US 01/15/27 C250 Equity,2026-06-05,11.5,13.85,13.730033604977212,13.85,13.730033604977212,15.18507647094568,14.054507747336634,12.666134,14.001364956202925,2026-05
2026-05-29,ITA US 01/15/27 C230 Equity,2026-06-05,19.7,22.9,22.935553242729682,22.9,22.935553242729682,22.37376164167371,22.085884337238298,20.241531,22.541606308775382,2026-05
2026-05-29,ITA US 12/18/26 C230 Equity,2026-06-05,18.35,21.7,21.840409086041852,21.7,21.840409086041852,21.510634132059618,21.067204184561987,19.41733,21.45116720930933,2026-05
2026-05-29,ITA US 10/16/26 C235 Equity,2026-06-05,12.5,15.25,15.627427352652488,15.25,15.627427352652488,15.69819683586039,15.682616964586149,13.717192,15.450942772345652,2026-05
2026-05-29,ITA US 10/16/26 C230 Equity,2026-06-05,14.8,17.9,18.151613534980395,17.9,18.151613534980395,17.418348994746506,17.42154349927613,16.750656,17.51362268977484,2026-05
2026-05-29,ITA US 12/18/26 C240 Equity,2026-06-05,13.899999999999999,16.450000000000003,16.480888491258188,16.450000000000003,16.480888491258188,16.53773664178537,16.251321435392676,14.854192,16.632111870769965,2026-05
2026-05-29,ITA US 10/16/26 C255 Equity,2026-06-05,6.2,7.7,7.79667640329372,7.7,7.79667640329372,9.617903869853976,8.522387207064208,6.6703763,7.962118095286733,2026-05
2026-05-29,ITA US 10/16/26 C240 Equity,2026-06-05,11.15,12.6,12.829233505283357,12.6,12.829233505283357,12.743164241850593,13.008770991325992,11.487666,12.704573365843283,2026-05
2026-05-29,ITA US 07/17/26 C230 Equity,2026-06-05,7.6,11.45,11.539051045422575,11.45,11.539051045422575,10.348467732332848,11.95721996602091,7.31987,10.960540027852812,2026-05
2026-05-29,ITA US 07/17/26 C250 Equity,2026-06-05,1.925,3.2,3.048565045406036,3.2,3.048565045406036,4.560925964543891,4.71616041107157,3.3683488,3.1496552329944483,2026-05
2026-05-29,ITA US 12/18/26 C235 Equity,2026-06-05,16.15,19.0,18.973207420294614,19.0,18.973207420294614,19.4941070081298,18.822263945751594,17.782557,19.34085675037558,2026-05
2026-05-29,ITA US 01/15/27 C240 Equity,2026-06-05,15.5,17.95,17.781826215837476,17.95,17.781826215837476,17.615891601781374,17.461379671012764,17.098675,18.04058345589359,2026-05
2026-05-29,ITA US 01/15/27 C245 Equity,2026-06-05,13.3,15.6,15.100605242691975,15.6,15.100605242691975,16.173999213113632,15.505696366332744,14.077616,15.512513562318151,2026-05
2026-05-29,ITA US 10/16/26 C250 Equity,2026-06-05,7.4,9.0,9.042975340179947,9.0,9.042975340179947,10.695497384773653,9.828971416103688,8.912718,9.229705331743386,2026-05
2026-05-29,ITA US 12/18/26 C250 Equity,2026-06-05,10.9,12.1,11.99789257309375,12.1,11.99789257309375,12.693926572424207,12.127406925082845,11.554407,12.169495310488022,2026-05
2026-05-29,ITA US 01/15/27 C235 Equity,2026-06-05,17.5,20.35,20.405812112201847,20.35,20.405812112201847,20.405141758065113,19.98507725116479,18.480738,20.53416552985283,2026-05
2026-05-29,ITA US 10/16/26 C245 Equity,2026-06-05,9.0,10.65,10.672490858879,10.65,10.672490858879,11.289164132144688,10.96466988888061,9.840685,10.755086692967959,2026-05
2026-05-29,ITA US 12/18/26 C245 Equity,2026-06-05,12.100000000000001,14.2,14.04861896079002,14.2,14.04861896079002,14.717402786910514,14.193799319178819,12.7921915,14.31193305445078,2026-05
2026-06-01,ITA US 12/18/26 C235 Equity,2026-06-08,15.25,16.35,15.308283519147508,16.35,15.308283519147508,14.337149109015131,14.339054520257694,17.565306,14.89406549155201,2026-06
2026-06-01,ITA US 07/17/26 C230 Equity,2026-06-08,6.55,8.85,7.921968614734395,8.85,7.921968614734395,7.378232985292103,7.791109763253036,9.540962,7.197579087705973,2026-06
2026-06-01,ITA US 10/16/26 C255 Equity,2026-06-08,5.75,6.5,5.848980876078258,6.5,5.848980876078258,6.585367642288951,5.647184264784636,6.8494825,5.388507336070447,2026-06
2026-06-01,ITA US 10/16/26 C245 Equity,2026-06-08,8.15,9.1,8.368300567543296,9.1,8.368300567543296,7.823629734794322,7.511368382126172,9.222052,7.62141677423959,2026-06
2026-06-01,ITA US 10/16/26 C235 Equity,2026-06-08,11.85,12.850000000000001,12.083609201229217,12.850000000000001,12.083609201229217,10.738134438625483,10.906775700518729,12.638797,11.336963599860464,2026-06
2026-06-01,ITA US 12/18/26 C240 Equity,2026-06-08,13.15,13.8,13.745982743380354,13.8,13.745982743380354,13.055488231718368,12.894929415403212,14.258585,12.513118761274116,2026-06
2026-06-01,ITA US 01/15/27 C240 Equity,2026-06-08,14.4,15.75,14.731889537707378,15.75,14.731889537707378,14.189266643471274,13.807087623110178,16.534527,14.278319792583334,2026-06
2026-06-01,ITA US 12/18/26 C250 Equity,2026-06-08,9.0,10.850000000000001,10.140888537171001,10.850000000000001,10.140888537171001,9.77272901545254,9.276864763182298,10.643774,9.497311026312186,2026-06
2026-06-01,ITA US 12/18/26 C245 Equity,2026-06-08,11.25,12.3,11.395200200561677,12.3,11.395200200561677,10.98100484597777,10.6088190387912,12.674288,10.84507603576819,2026-06
2026-06-01,ITA US 01/15/27 C230 Equity,2026-06-08,18.5,20.5,19.37810747065363,20.5,19.37810747065363,17.931329811732155,17.86277829691746,20.4815,18.956406876949462,2026-06
2026-06-01,ITA US 07/17/26 C250 Equity,2026-06-08,1.5499999999999998,2.325,1.6034452324406456,2.325,1.6034452324406456,1.4071039266772463,0.7605265838120854,2.9926984,0.5851437698219639,2026-06
2026-06-01,ITA US 10/16/26 C250 Equity,2026-06-08,7.199999999999999,7.35,6.671061873167752,7.35,6.671061873167752,6.415085989651181,6.010156303653437,7.154889,5.931646665920997,2026-06
2026-06-01,ITA US 01/15/27 C250 Equity,2026-06-08,11.15,11.600000000000001,11.425840118390346,11.600000000000001,11.425840118390346,11.795754932700705,11.076427035739872,11.554453,10.437421391648634,2026-06
2026-06-01,ITA US 12/18/26 C230 Equity,2026-06-08,17.45,19.15,18.146732206356607,19.15,18.146732206356607,16.70495460817873,16.700939883922167,19.824509,17.689033381872324,2026-06
2026-06-01,ITA US 01/15/27 C235 Equity,2026-06-08,16.4,17.950000000000003,16.88036788747725,17.950000000000003,16.88036788747725,15.65541162915141,15.592024181457315,18.005114,16.474632950598792,2026-06
2026-06-01,ITA US 10/16/26 C240 Equity,2026-06-08,9.649999999999999,10.8,10.027707138187484,10.8,10.027707138187484,9.170129074299835,9.063963015513128,10.140252,9.25591012412782,2026-06
2026-06-01,ITA US 01/15/27 C245 Equity,2026-06-08,12.55,13.85,12.868729619815541,13.85,12.868729619815541,12.245574025764798,11.956279318484915,13.759802,12.409036236983326,2026-06
2026-06-01,ITA US 10/16/26 C230 Equity,2026-06-08,13.8,15.6,14.735335156649796,15.6,14.735335156649796,12.992831928079662,13.17450370781437,17.066563,13.986849638492272,2026-06
2026-06-02,ITA US 10/16/26 C240 Equity,2026-06-09,10.600000000000001,10.4,9.729706321179028,10.4,9.729706321179028,8.841683733175612,9.19304099977666,11.209266,9.226075436751454,2026-06
2026-06-02,ITA US 10/16/26 C255 Equity,2026-06-09,6.1,6.35,5.910260297901054,6.35,5.910260297901054,6.373451249764161,6.209844334866506,5.9424934,5.678582185530384,2026-06
2026-06-02,ITA US 12/18/26 C240 Equity,2026-06-09,13.85,13.95,12.974297159127511,13.95,12.974297159127511,12.700991112675348,12.591794845865854,14.002719,12.908444288821443,2026-06
2026-06-02,ITA US 01/15/27 C245 Equity,2026-06-09,13.7,13.3,12.322117517083699,13.3,12.322117517083699,12.335927159082543,12.3349652836923,14.006499,12.36417163683086,2026-06
2026-06-02,ITA US 10/16/26 C245 Equity,2026-06-09,8.65,8.6,7.974959653625897,8.6,7.974959653625897,7.4530428595072316,7.715976958266581,9.809859,7.55296435719983,2026-06
2026-06-02,ITA US 07/17/26 C230 Equity,2026-06-09,8.1,7.5,6.780656582217473,7.5,6.780656582217473,5.468631060356111,6.5254251992934895,7.8227835,5.8798837119419485,2026-06
2026-06-02,ITA US 12/18/26 C245 Equity,2026-06-09,12.0,11.75,10.797895157162932,11.75,10.797895157162932,10.773111462436479,10.87579257140098,12.7459,10.727499392443637,2026-06
2026-06-02,ITA US 01/15/27 C230 Equity,2026-06-09,19.9,19.35,18.255603054077007,19.35,18.255603054077007,16.91106564091132,17.309999696472367,20.079468,18.00868027078169,2026-06
2026-06-02,ITA US 01/15/27 C250 Equity,2026-06-09,11.55,11.35,10.433298191590408,11.35,10.433298191590408,11.01845475593506,10.689891235886822,11.956101,10.44087421738529,2026-06
2026-06-02,ITA US 01/15/27 C235 Equity,2026-06-09,17.4,17.15,16.109948105983495,17.15,16.109948105983495,15.16190459247678,15.447806883217416,17.647018,15.96775801313772,2026-06
2026-06-02,ITA US 07/17/26 C250 Equity,2026-06-09,1.9,1.95,1.4742015625001796,1.95,1.4742015625001796,1.0395044023236846,1.19015180467418,2.1991365,0.5792188521206278,2026-06
2026-06-02,ITA US 10/16/26 C230 Equity,2026-06-09,14.9,14.5,13.745983593091674,14.5,13.745983593091674,11.890732472250372,12.682997552136328,15.306303,13.209953944250001,2026-06
2026-06-02,ITA US 01/15/27 C240 Equity,2026-06-09,15.2,15.15,14.108862116412782,15.15,14.108862116412782,13.788677913028812,13.80705522282022,16.068129,14.062737715485694,2026-06
2026-06-02,ITA US 12/18/26 C235 Equity,2026-06-09,16.05,15.7,14.618800749674664,15.7,14.618800749674664,13.337720301538065,13.821043678492568,16.831255,14.436431159666943,2026-06
2026-06-02,ITA US 12/18/26 C230 Equity,2026-06-09,18.85,17.95,16.946946039281176,17.95,16.946946039281176,15.319454976617228,16.02359016961902,18.739761,16.779707915654257,2026-06
2026-06-02,ITA US 10/16/26 C235 Equity,2026-06-09,12.7,12.0,11.307050448223844,12.0,11.307050448223844,9.708433444001521,10.228773649491632,12.364608,10.488237904674596,2026-06
2026-06-02,ITA US 12/18/26 C250 Equity,2026-06-09,10.9,9.8,8.9701839081134,9.8,8.9701839081134,8.855472383455343,8.761966547295703,11.162116,8.535339366142505,2026-06
2026-06-02,ITA US 10/16/26 C250 Equity,2026-06-09,7.35,6.95,6.474494406467383,6.95,6.474494406467383,5.298828836597096,5.534400374819912,7.019069,5.619381373774372,2026-06
2026-06-03,ITA US 01/15/27 C240 Equity,2026-06-10,13.899999999999999,13.649999999999999,12.67073919649658,13.649999999999999,12.67073919649658,12.662676977553339,12.98265786504822,13.249643,13.110643462225616,2026-06
2026-06-03,ITA US 12/18/26 C235 Equity,2026-06-10,14.600000000000001,14.1,13.024272467184808,14.1,13.024272467184808,12.28621332151568,12.9579334642997,14.349279,13.378014237370662,2026-06
2026-06-03,ITA US 01/15/27 C250 Equity,2026-06-10,10.9,10.399999999999999,9.455382266735969,10.399999999999999,9.455382266735969,9.794172713031159,9.96964862358582,9.976137,9.943350862402102,2026-06
2026-06-03,ITA US 12/18/26 C245 Equity,2026-06-10,11.0,10.7,9.791425183772827,10.7,9.791425183772827,9.538222716741336,9.93211488781824,10.456073,10.124108170972903,2026-06
2026-06-03,ITA US 12/18/26 C250 Equity,2026-06-10,9.65,9.15,8.265693086122132,9.15,8.265693086122132,8.017406376523876,8.332729836333076,9.535295,8.603549176348723,2026-06
2026-06-03,ITA US 10/16/26 C250 Equity,2026-06-10,6.65,5.75,6.314190425445908,5.75,6.314190425445908,6.062079894544466,6.2883201557604265,4.827454,5.434890910375963,2026-06
2026-06-03,ITA US 10/16/26 C235 Equity,2026-06-10,11.2,10.8,10.152916211508085,10.8,10.152916211508085,9.24204884027021,9.787721458337082,9.845008,9.972104130224391,2026-06
2026-06-03,ITA US 01/15/27 C230 Equity,2026-06-10,17.85,17.799999999999997,16.593366904378676,17.799999999999997,16.593366904378676,15.526669345343032,16.18849506007393,17.355185,17.003580865534932,2026-06
2026-06-03,ITA US 10/16/26 C245 Equity,2026-06-10,7.7,7.550000000000001,7.043827712695451,7.550000000000001,7.043827712695451,6.846951539563818,7.183441966755402,6.5811954,7.035639654668753,2026-06
2026-06-03,ITA US 10/16/26 C255 Equity,2026-06-10,5.35,5.25,4.767114781798684,5.25,4.767114781798684,5.80057876280191,5.731968728185498,3.829803,5.1933871460184164,2026-06
2026-06-03,ITA US 07/17/26 C250 Equity,2026-06-10,1.225,1.5,1.5201761956345377,1.5,1.5201761956345377,3.1206315465089585,3.138206282870872,1.6402786,1.491293467302637,2026-06
2026-06-03,ITA US 01/15/27 C235 Equity,2026-06-10,15.8,14.95,14.578412922192758,14.95,14.578412922192758,13.730896055411979,14.241071452848502,15.35689,14.068084278701283,2026-06
2026-06-03,ITA US 01/15/27 C245 Equity,2026-06-10,12.2,11.8,10.932776537228321,11.8,10.932776537228321,11.042322284227804,11.41434166474666,11.776779,11.365026388636787,2026-06
2026-06-03,ITA US 12/18/26 C240 Equity,2026-06-10,12.55,12.3,11.268240085462008,12.3,11.268240085462008,11.052223506021926,11.512115332100455,12.155155,11.742077101078761,2026-06
2026-06-03,ITA US 12/18/26 C230 Equity,2026-06-10,16.55,16.6,15.328483347729426,16.6,15.328483347729426,14.156757725555288,14.998576390866344,16.876884,15.869512063681762,2026-06
2026-06-03,ITA US 07/17/26 C230 Equity,2026-06-10,6.6,6.45,5.604070663440957,6.45,5.604070663440957,5.076505102530742,6.196017868253652,5.9909196,5.531869907858821,2026-06
2026-06-03,ITA US 10/16/26 C240 Equity,2026-06-10,9.4,9.2,8.59707871260774,9.2,8.59707871260774,8.791830822435784,8.942672295151521,9.038148,8.550221802042083,2026-06
2026-06-03,ITA US 10/16/26 C230 Equity,2026-06-10,13.45,12.3,12.226662565491727,12.3,12.226662565491727,10.148149174160089,11.077543148498867,11.73077,11.193245898410087,2026-06
2026-06-04,ITA US 12/18/26 C250 Equity,2026-06-11,12.7,10.75,10.031961578092394,10.75,10.031961578092394,9.6715785480329,10.078041779270485,11.227894,9.749124331862726,2026-06
2026-06-04,ITA US 12/18/26 C240 Equity,2026-06-11,16.85,14.6,13.8710524517901,14.6,13.8710524517901,12.733468483743819,13.164247130529796,15.141455,13.45531802275851,2026-06
2026-06-04,ITA US 01/15/27 C230 Equity,2026-06-11,23.35,20.85,20.41154132157921,20.85,20.41154132157921,18.819580672882115,18.8287029578386,20.746151,19.550159200236646,2026-06
2026-06-04,ITA US 10/16/26 C250 Equity,2026-06-11,9.100000000000001,7.699999999999999,7.354807597823763,7.699999999999999,7.354807597823763,7.860100700415175,7.651654140480684,7.322253,6.884034627394955,2026-06
2026-06-04,ITA US 12/18/26 C230 Equity,2026-06-11,21.9,19.4,18.871001326100213,19.4,18.871001326100213,16.89492973140934,17.145352608934612,20.276829,17.983858324062833,2026-06
2026-06-04,ITA US 07/17/26 C250 Equity,2026-06-11,3.0,2.6,2.158909559825553,2.6,2.158909559825553,5.043015297534989,4.7296669810750185,2.1689613,2.234330094505691,2026-06
2026-06-04,ITA US 10/16/26 C235 Equity,2026-06-11,15.5,13.6,13.244333093540483,13.6,13.244333093540483,12.234070647150931,12.407692118177897,13.892801,12.385088024007572,2026-06
2026-06-04,ITA US 07/17/26 C230 Equity,2026-06-11,11.25,9.3,8.73845694931034,9.3,8.73845694931034,8.91787008566208,9.204928092807066,9.681364,7.988419946954813,2026-06
2026-06-04,ITA US 10/16/26 C230 Equity,2026-06-11,18.4,15.75,15.417869365406517,15.75,15.417869365406517,14.268085473318889,14.136737260011788,16.70876,14.442754615519167,2026-06
2026-06-04,ITA US 12/18/26 C235 Equity,2026-06-11,19.4,17.0,16.46645737663278,17.0,16.46645737663278,14.90256353906898,15.270006558793344,18.400295,15.798606562959744,2026-06
2026-06-04,ITA US 01/15/27 C240 Equity,2026-06-11,18.200000000000003,15.95,15.336654093836998,15.95,15.336654093836998,14.687937524941978,14.866800194442698,16.766533,14.892056164993443,2026-06
2026-06-04,ITA US 10/16/26 C245 Equity,2026-06-11,11.05,9.0,8.632418443982651,9.0,8.632418443982651,8.367717717118309,8.750047617536413,9.430342,8.00409360719715,2026-06
2026-06-04,ITA US 10/16/26 C240 Equity,2026-06-11,13.05,10.85,10.49959409006001,10.85,10.49959409006001,9.558186417094127,10.019458871936731,10.870618,9.736792131291807,2026-06
2026-06-04,ITA US 01/15/27 C245 Equity,2026-06-11,15.85,13.7,13.214703000776417,13.7,13.214703000776417,12.54728731320323,12.83107353627629,13.641927,12.654822182904956,2026-06
2026-06-04,ITA US 12/18/26 C245 Equity,2026-06-11,14.600000000000001,12.5,11.826662323987295,12.5,11.826662323987295,11.387899534904486,11.664410370057391,13.086004,11.461168403392652,2026-06
2026-06-04,ITA US 01/15/27 C235 Equity,2026-06-11,20.549999999999997,18.3,17.850056775698516,18.3,17.850056775698516,16.38473494104563,16.480855717427257,18.63116,17.209545728204645,2026-06
2026-06-04,ITA US 01/15/27 C250 Equity,2026-06-11,14.05,12.05,11.497124756348152,12.05,11.497124756348152,11.51210239401134,11.689179937195366,12.533201,11.150307963512965,2026-06
2026-06-04,ITA US 10/16/26 C255 Equity,2026-06-11,7.8500000000000005,6.550000000000001,6.1196490223855635,6.550000000000001,6.1196490223855635,6.216869890809642,6.435397471495442,6.1368003,5.6397134884095195,2026-06
2026-06-05,ITA US 12/18/26 C230 Equity,2026-06-12,21.05,18.35,17.548421427580305,18.35,17.548421427580305,16.044359644665075,16.19907239083087,18.060799,17.2379586376642,2026-06
2026-06-05,ITA US 10/16/26 C250 Equity,2026-06-12,9.25,7.4,6.950354056102548,7.4,6.950354056102548,7.3222471136584355,6.891499844645427,6.3788953,6.670984660465278,2026-06
2026-06-05,ITA US 01/15/27 C245 Equity,2026-06-12,15.3,13.3,12.64611979510453,13.3,12.64611979510453,12.754728449921455,12.341462390277965,12.754832,12.496113328084261,2026-06
2026-06-05,ITA US 12/18/26 C240 Equity,2026-06-12,16.3,13.899999999999999,13.183314934530966,13.899999999999999,13.183314934530966,12.491812700057569,12.35575339064514,13.206169,12.857710829097929,2026-06
2026-06-05,ITA US 10/16/26 C240 Equity,2026-06-12,12.75,11.15,9.600804558197403,11.15,9.600804558197403,9.772821126909406,9.354377238859428,10.065691,9.99654204622423,2026-06
2026-06-05,ITA US 10/16/26 C255 Equity,2026-06-12,7.699999999999999,6.2,5.7736966849476,6.2,5.7736966849476,6.554390649001649,5.990345106976856,5.1663513,5.639701019115342,2026-06
2026-06-05,ITA US 10/16/26 C245 Equity,2026-06-12,10.75,9.0,8.53799354073044,9.0,8.53799354073044,8.257950621475693,8.106861608069039,8.971646,8.164126552860406,2026-06
2026-06-05,ITA US 01/15/27 C235 Equity,2026-06-12,19.8,17.5,16.597156907624502,17.5,16.597156907624502,16.031562282211592,15.862447055408978,16.947348,16.58993177932288,2026-06
2026-06-05,ITA US 12/18/26 C235 Equity,2026-06-12,18.45,16.15,15.446078296326673,16.15,15.446078296326673,14.748795938752266,14.592095936825263,16.68149,15.187535048906577,2026-06
2026-06-05,ITA US 01/15/27 C230 Equity,2026-06-12,22.15,19.7,18.893761459317385,19.7,18.893761459317385,17.768892420274746,17.809851504965405,19.179144,18.714385082860176,2026-06
2026-06-05,ITA US 10/16/26 C230 Equity,2026-06-12,17.4,14.8,14.355353591346761,14.8,14.355353591346761,12.397392989052145,12.761249361695366,14.985096,13.558053489237126,2026-06
2026-06-05,ITA US 07/17/26 C250 Equity,2026-06-12,2.425,1.925,1.6330972797508863,1.925,1.6330972797508863,3.1473972203839526,2.326627649877034,1.958821,1.1563924930313934,2026-06
2026-06-05,ITA US 12/18/26 C245 Equity,2026-06-12,14.3,12.100000000000001,11.414713336738005,12.100000000000001,11.414713336738005,11.29940360164743,10.953299668480422,11.93707,11.176186981861544,2026-06
2026-06-05,ITA US 07/17/26 C230 Equity,2026-06-12,9.65,7.6,7.344190158927231,7.6,7.344190158927231,6.615180745315496,7.239726878047756,6.920134,6.456284126715671,2026-06
2026-06-05,ITA US 01/15/27 C250 Equity,2026-06-12,13.350000000000001,11.5,10.861201164199915,11.5,10.861201164199915,11.36856891306995,10.907114200905685,10.774163,10.773789354133736,2026-06
2026-06-05,ITA US 01/15/27 C240 Equity,2026-06-12,17.5,15.5,14.770502305955281,15.5,14.770502305955281,14.591088029900517,14.258277420380406,15.327548,14.673528679978517,2026-06
2026-06-05,ITA US 10/16/26 C235 Equity,2026-06-12,14.850000000000001,12.5,11.727280267732558,12.5,11.727280267732558,10.896543069416966,10.791533221073905,11.580243,11.300710297522404,2026-06
2026-06-05,ITA US 12/18/26 C250 Equity,2026-06-12,12.35,10.9,10.187521851483849,10.9,10.187521851483849,10.30706382065988,9.900681527039978,10.405662,10.168118931740421,2026-06
2026-06-08,ITA US 12/18/26 C240 Equity,2026-06-15,18.049999999999997,13.15,12.098907036414843,13.15,12.098907036414843,12.477002962078585,12.256424255782541,15.015302,12.421498607878137,2026-06
2026-06-08,ITA US 10/16/26 C245 Equity,2026-06-15,11.850000000000001,8.15,7.4204994309645445,8.15,7.4204994309645445,8.169069732426156,7.82558664793825,9.670956,7.50855060979216,2026-06
2026-06-08,ITA US 01/15/27 C235 Equity,2026-06-15,22.1,16.4,15.39134723291428,16.4,15.39134723291428,15.11430074106364,15.135239139462893,18.447956,15.567608189795488,2026-06
2026-06-08,ITA US 10/16/26 C230 Equity,2026-06-15,19.4,13.8,13.201637900458929,13.8,13.201637900458929,12.646488957378788,12.72720911255677,15.535022,12.83993326687343,2026-06
2026-06-08,ITA US 10/16/26 C235 Equity,2026-06-15,16.549999999999997,11.85,11.04587598066084,11.85,11.04587598066084,11.096081725488242,10.908371554715318,13.169117,10.850389945857644,2026-06
2026-06-08,ITA US 12/18/26 C245 Equity,2026-06-15,15.25,11.25,10.44911644793651,11.25,10.44911644793651,11.221902247897983,10.895720098531397,13.186927,10.651865316579753,2026-06
2026-06-08,ITA US 01/15/27 C240 Equity,2026-06-15,19.65,14.4,13.271093233972866,14.4,13.271093233972866,13.926722387921734,13.659468713747932,16.296806,13.721422695069814,2026-06
2026-06-08,ITA US 12/18/26 C250 Equity,2026-06-15,12.75,9.0,8.197707599585742,9.0,8.197707599585742,8.449721264717299,8.279504932518847,11.785192,8.11311627637597,2026-06
2026-06-08,ITA US 01/15/27 C245 Equity,2026-06-15,17.15,12.55,11.684387872138736,12.55,11.684387872138736,12.356270481862873,12.04821362730354,14.267642,11.93832331269769,2026-06
2026-06-08,ITA US 01/15/27 C230 Equity,2026-06-15,24.5,18.5,17.266608031586873,18.5,17.266608031586873,16.527762584186043,16.709051546977385,19.817343,17.49405108583526,2026-06
2026-06-08,ITA US 10/16/26 C250 Equity,2026-06-15,10.0,7.199999999999999,6.542709774956595,7.199999999999999,6.542709774956595,7.647409311510795,7.173742875842734,8.125126,6.80847093746632,2026-06
2026-06-08,ITA US 10/16/26 C255 Equity,2026-06-15,7.8,5.75,5.132136250491369,5.75,5.132136250491369,6.3273540050252635,5.783637109325234,6.1901956,5.346463183887871,2026-06
2026-06-08,ITA US 12/18/26 C235 Equity,2026-06-15,20.700000000000003,15.25,14.279464231921704,15.25,14.279464231921704,14.450491382620623,14.216433416951212,17.899614,14.449946693983607,2026-06
2026-06-08,ITA US 01/15/27 C250 Equity,2026-06-15,15.0,11.15,10.057278829899191,11.15,10.057278829899191,11.0805532893538,10.514306877758006,12.648682,10.466888411216283,2026-06
2026-06-08,ITA US 12/18/26 C230 Equity,2026-06-15,23.1,17.45,16.314817138678155,17.45,16.314817138678155,15.51272142088761,15.679524609840215,19.577229,16.49688124389134,2026-06
2026-06-08,ITA US 07/17/26 C250 Equity,2026-06-15,2.925,1.5499999999999998,1.1285998388283007,1.5499999999999998,1.1285998388283007,2.8829153109163386,2.0731265789461286,3.2743049,0.9591176098268912,2026-06
2026-06-08,ITA US 07/17/26 C230 Equity,2026-06-15,12.15,6.55,5.72824912271776,6.55,5.72824912271776,6.192760496344941,6.50036790304691,8.844439,5.382605212069071,2026-06
2026-06-08,ITA US 10/16/26 C240 Equity,2026-06-15,14.350000000000001,9.649999999999999,8.915511505932704,9.649999999999999,8.915511505932704,8.634127206499265,8.930119935456668,11.61356,8.723841194259839,2026-06
2026-06-09,ITA US 12/18/26 C240 Equity,2026-06-16,18.75,13.85,13.64175403068207,13.85,13.64175403068207,12.34274831778413,12.36457819483527,11.810525,12.35546555602805,2026-06
2026-06-09,ITA US 10/16/26 C255 Equity,2026-06-16,9.0,6.1,6.084553864194717,6.1,6.084553864194717,6.474988716071198,6.162391529440073,4.3490524,5.096520122323999,2026-06
2026-06-09,ITA US 10/16/26 C240 Equity,2026-06-16,14.95,10.600000000000001,10.326494852859597,10.600000000000001,10.326494852859597,9.581305861081592,9.485173840813925,8.698525,9.077951714184906,2026-06
2026-06-09,ITA US 07/17/26 C250 Equity,2026-06-16,3.4499999999999997,1.9,1.5851327002266644,1.9,1.5851327002266644,2.685797654685956,2.3687382048915513,1.8112754,0.6926585864842103,2026-06
2026-06-09,ITA US 12/18/26 C245 Equity,2026-06-16,16.25,12.0,11.59874046287963,12.0,11.59874046287963,11.09737367717205,10.872135621869866,10.175637,10.605572518330291,2026-06
2026-06-09,ITA US 07/17/26 C230 Equity,2026-06-16,13.600000000000001,8.1,7.790338733999726,8.1,7.790338733999726,7.163794735660034,7.586742214231583,6.0737834,6.460307229748267,2026-06
2026-06-09,ITA US 01/15/27 C235 Equity,2026-06-16,22.7,17.4,17.169185524716898,17.4,17.169185524716898,15.471340839393504,15.494590991475382,15.137218,15.873664950880501,2026-06
2026-06-09,ITA US 10/16/26 C250 Equity,2026-06-16,10.350000000000001,7.35,7.425465095801919,7.35,7.425465095801919,7.8194869586258555,7.461074503686054,5.379364,6.269752068095041,2026-06
2026-06-09,ITA US 12/18/26 C250 Equity,2026-06-16,14.100000000000001,10.9,9.755976293896792,10.9,9.755976293896792,9.34490716162136,8.718900169285213,9.335689,9.107216161702983,2026-06
2026-06-09,ITA US 01/15/27 C230 Equity,2026-06-16,25.9,19.9,19.602061533702564,19.9,19.602061533702564,17.61024629241974,17.47711153526002,17.720448,18.211569034565553,2026-06
2026-06-09,ITA US 10/16/26 C230 Equity,2026-06-16,20.6,14.9,14.901775394117454,14.9,14.901775394117454,13.539298375525933,13.39951388257847,12.239199,13.319558837793123,2026-06
2026-06-09,ITA US 12/18/26 C235 Equity,2026-06-16,21.4,16.05,15.737561241178692,16.05,15.737561241178692,14.348107648802097,14.305276770360077,13.884865,14.500861738612723,2026-06
2026-06-09,ITA US 01/15/27 C250 Equity,2026-06-16,15.65,11.55,11.08362017546065,11.55,11.08362017546065,11.112224707889283,10.802165945705667,9.414033,10.250398085283098,2026-06
2026-06-09,ITA US 01/15/27 C240 Equity,2026-06-16,20.1,15.2,14.783861516447098,15.2,14.783861516447098,13.687695112155005,13.582305235194823,12.915267,13.66392698611358,2026-06
2026-06-09,ITA US 10/16/26 C235 Equity,2026-06-16,17.4,12.7,12.282087140252294,12.7,12.282087140252294,11.111865156387095,11.127124483241996,10.088078,11.15269247582111,2026-06
2026-06-09,ITA US 10/16/26 C245 Equity,2026-06-16,12.65,8.65,8.776617448904148,8.65,8.776617448904148,8.147060220535032,8.051333396532266,6.797435,7.293763323717086,2026-06
2026-06-09,ITA US 12/18/26 C230 Equity,2026-06-16,24.35,18.85,18.28584702897021,18.85,18.28584702897021,16.684383807043144,16.56846397403372,16.69831,17.320006463092483,2026-06
2026-06-09,ITA US 01/15/27 C245 Equity,2026-06-16,17.7,13.7,12.886064716880794,13.7,12.886064716880794,12.929306755640159,12.590310816156439,11.247273,12.451890611624906,2026-06
2026-06-10,ITA US 12/18/26 C235 Equity,2026-06-17,23.4,14.600000000000001,13.555400996943735,14.600000000000001,13.555400996943735,12.234484586547316,12.176207656861814,13.507505,12.957876413703218,2026-06
2026-06-10,ITA US 10/16/26 C245 Equity,2026-06-17,14.5,7.7,7.202492323726973,7.7,7.202492323726973,6.948310850422363,6.583090328237882,7.1160107,6.478981119152506,2026-06
2026-06-10,ITA US 01/15/27 C250 Equity,2026-06-17,16.95,10.9,9.851290809760748,10.9,9.851290809760748,9.388279781360907,8.896552634621363,9.349509,9.40101318735711,2026-06
2026-06-10,ITA US 12/18/26 C230 Equity,2026-06-17,26.4,16.55,15.43570217648655,16.55,15.43570217648655,13.42202957429738,13.915319731490769,15.824566,14.882596129724666,2026-06
2026-06-10,ITA US 01/15/27 C230 Equity,2026-06-17,27.85,17.85,16.549612959791332,17.85,16.549612959791332,14.898226114169544,15.050702210201901,16.445051,16.066689640655795,2026-06
2026-06-10,ITA US 12/18/26 C245 Equity,2026-06-17,18.25,11.0,10.088875889303822,11.0,10.088875889303822,9.453498786179114,9.20006203236536,9.8502035,9.583789544278925,2026-06
2026-06-10,ITA US 07/17/26 C250 Equity,2026-06-17,4.7,1.225,0.8167560570837301,1.225,0.8167560570837301,1.0837911956862314,0.35983157212510086,1.7881209,-0.06524646191050687,2026-06
2026-06-10,ITA US 10/16/26 C235 Equity,2026-06-17,20.0,11.2,10.749590409555324,11.2,10.749590409555324,9.62464371989552,9.638739368032063,9.290882,9.651597089130101,2026-06
2026-06-10,ITA US 12/18/26 C250 Equity,2026-06-17,16.0,9.65,8.6820271093714,9.65,8.6820271093714,7.942706133725388,7.748873754650191,8.794075,8.2064263684333,2026-06
2026-06-10,ITA US 10/16/26 C250 Equity,2026-06-17,12.25,6.65,6.0412699681689315,6.65,6.0412699681689315,5.841024892722507,5.326831920694696,5.8284597,5.454590858019105,2026-06
2026-06-10,ITA US 10/16/26 C255 Equity,2026-06-17,10.15,5.35,4.821532216344796,5.35,4.821532216344796,4.699904175754821,4.18593740219235,4.152394,4.212857531890502,2026-06
2026-06-10,ITA US 10/16/26 C240 Equity,2026-06-17,16.799999999999997,9.4,8.693480056973092,9.4,8.693480056973092,7.86636217908372,7.662027231282279,8.31696,7.862042899846995,2026-06
2026-06-10,ITA US 01/15/27 C245 Equity,2026-06-17,19.55,12.2,11.089835722909035,12.2,11.089835722909035,10.28267302482584,10.252511166376056,11.090331,10.692429773663772,2026-06
2026-06-10,ITA US 01/15/27 C235 Equity,2026-06-17,24.75,15.8,14.621409391810264,15.8,14.621409391810264,13.234140314252329,13.194507110206553,14.762696,14.116625105688874,2026-06
2026-06-10,ITA US 01/15/27 C240 Equity,2026-06-17,22.2,13.899999999999999,12.834649849917176,13.899999999999999,12.834649849917176,11.895261302137003,11.690022114851471,12.165557,12.312277991465667,2026-06
2026-06-10,ITA US 10/16/26 C230 Equity,2026-06-17,22.9,13.45,12.620584364793926,13.45,12.620584364793926,11.022853377811973,11.324937538675684,11.521817,11.942134891249287,2026-06
2026-06-10,ITA US 07/17/26 C230 Equity,2026-06-17,15.65,6.6,5.689004042532485,6.6,5.689004042532485,6.953181455439545,7.101026424932993,6.291928,5.519445045721967,2026-06
2026-06-10,ITA US 12/18/26 C240 Equity,2026-06-17,20.7,12.55,11.678302140246386,12.55,11.678302140246386,10.737606284640108,10.638410146537758,11.394188,11.112532758034048,2026-06
2026-06-11,ITA US 01/15/27 C250 Equity,2026-06-18,15.85,14.05,13.926637852779573,14.05,13.926637852779573,13.220762774452647,12.831667153545082,13.44226,12.02631598385247,2026-06
2026-06-11,ITA US 01/15/27 C235 Equity,2026-06-18,22.55,20.549999999999997,20.83636645341433,20.549999999999997,20.83636645341433,18.150562647371103,17.739078701452488,18.292292,18.15180921347848,2026-06
2026-06-11,ITA US 10/16/26 C245 Equity,2026-06-18,12.65,11.05,11.167525819403352,11.05,11.167525819403352,10.11529085006357,10.046630442144128,10.0800295,9.01183201384461,2026-06
2026-06-11,ITA US 01/15/27 C245 Equity,2026-06-18,17.85,15.85,16.00976426193148,15.85,16.00976426193148,14.095254775836782,14.002426109237422,14.359121,13.677803915263604,2026-06
2026-06-11,ITA US 12/18/26 C245 Equity,2026-06-18,16.55,14.600000000000001,14.618751093307418,14.600000000000001,14.618751093307418,13.253917749300397,13.06197886120085,13.877089,12.499305485907113,2026-06
2026-06-11,ITA US 10/16/26 C255 Equity,2026-06-18,9.0,7.8500000000000005,7.727568648681592,7.8500000000000005,7.727568648681592,7.5947758860661985,7.50950216412678,7.0417953,6.017897709871308,2026-06
2026-06-11,ITA US 10/16/26 C250 Equity,2026-06-18,10.65,9.100000000000001,9.175730051505552,9.100000000000001,9.175730051505552,8.436789964777246,8.405317576711827,8.693864,7.119818557932624,2026-06
2026-06-11,ITA US 12/18/26 C250 Equity,2026-06-18,14.25,12.7,12.650092025314283,12.7,12.650092025314283,11.51672663570947,11.424847474938874,12.330827,10.692246463403189,2026-06
2026-06-11,ITA US 12/18/26 C240 Equity,2026-06-18,18.4,16.85,16.92948691565915,16.85,16.92948691565915,14.690603811486767,14.609131207488707,15.412469,14.664840699587614,2026-06
2026-06-11,ITA US 10/16/26 C230 Equity,2026-06-18,19.95,18.4,18.6045881564837,18.4,18.6045881564837,16.631441278735043,16.14779267193844,15.360016,15.759228556282903,2026-06
2026-06-11,ITA US 01/15/27 C240 Equity,2026-06-18,20.15,18.200000000000003,18.426328111703086,18.200000000000003,18.426328111703086,16.4814492985187,16.164104128685683,16.24261,15.97861772623147,2026-06
2026-06-11,ITA US 10/16/26 C240 Equity,2026-06-18,14.6,13.05,13.236698477424449,13.05,13.236698477424449,11.786717505388845,11.626887044942254,12.049712,10.878747271861712,2026-06
2026-06-11,ITA US 10/16/26 C235 Equity,2026-06-18,17.450000000000003,15.5,15.899203911491915,15.5,15.899203911491915,14.34865965279506,13.794656809395088,13.944762,13.323577301267115,2026-06
2026-06-11,ITA US 12/18/26 C235 Equity,2026-06-18,21.1,19.4,19.533803699861636,19.4,19.533803699861636,17.3509631722497,16.79680056580453,17.808456,17.07125954185837,2026-06
2026-06-11,ITA US 12/18/26 C230 Equity,2026-06-18,23.8,21.9,22.193159456037684,21.9,22.193159456037684,19.39624243915273,18.92464184485886,18.711443,19.0572062311771,2026-06
2026-06-11,ITA US 01/15/27 C230 Equity,2026-06-18,25.2,23.35,23.750372129188325,23.35,23.750372129188325,20.824467615284963,20.253158929700838,19.88215,20.495272781740166,2026-06
2026-06-12,ITA US 01/15/27 C245 Equity,2026-06-22,15.75,15.3,14.67818081155213,15.3,14.67818081155213,15.37768931500538,14.353174046920577,14.823723,14.308327505798019,2026-06
2026-06-12,ITA US 12/18/26 C230 Equity,2026-06-22,21.4,21.05,20.34854501626336,21.05,20.34854501626336,19.967040388391133,19.062053586642243,19.989775,19.55678380784747,2026-06
2026-06-12,ITA US 10/16/26 C245 Equity,2026-06-22,10.8,10.75,10.29424208265998,10.75,10.29424208265998,11.302741705884614,10.318254593128781,10.5594425,9.819791152082626,2026-06
2026-06-12,ITA US 01/15/27 C250 Equity,2026-06-22,14.1,13.350000000000001,12.662890392726444,13.350000000000001,12.662890392726444,13.82803027052798,12.758686815326675,12.86366,12.407830202837612,2026-06
2026-06-12,ITA US 12/18/26 C240 Equity,2026-06-22,16.75,16.3,15.5961549820754,16.3,15.5961549820754,15.903182726666191,15.036214342305255,16.06581,15.27652517489621,2026-06
2026-06-12,ITA US 01/15/27 C240 Equity,2026-06-22,18.05,17.5,16.738177541925833,17.5,16.738177541925833,17.03548198359686,16.1190114888583,16.76002,16.432213058149408,2026-06
2026-06-12,ITA US 10/16/26 C230 Equity,2026-06-22,18.05,17.4,16.982629897250675,17.4,16.982629897250675,16.746302328312087,16.026018501755626,17.06183,15.943547746400805,2026-06
2026-06-12,ITA US 10/16/26 C235 Equity,2026-06-22,14.95,14.850000000000001,14.414545512191465,14.850000000000001,14.414545512191465,14.526617830504254,13.839729007300436,14.313774,13.79802322859854,2026-06
2026-06-12,ITA US 10/16/26 C250 Equity,2026-06-22,9.1,9.25,8.694039180466342,9.25,8.694039180466342,10.270409076872326,9.07369724882814,9.468504,8.400351036249045,2026-06
2026-06-12,ITA US 12/18/26 C250 Equity,2026-06-22,12.45,12.35,11.559922290700214,12.35,11.559922290700214,12.508428677057044,11.427322117087488,12.175252,11.352077163059619,2026-06
2026-06-12,ITA US 12/18/26 C235 Equity,2026-06-22,18.95,18.45,17.872919221712536,18.45,17.872919221712536,17.67673715696385,16.99285960265761,18.066011,17.387482433488866,2026-06
2026-06-12,ITA US 10/16/26 C255 Equity,2026-06-22,7.45,7.699999999999999,7.159857994622131,7.699999999999999,7.159857994622131,9.006324016951906,7.79172649786148,8.036263,6.967349658108284,2026-06
2026-06-12,ITA US 10/16/26 C240 Equity,2026-06-22,12.75,12.75,12.298829369252395,12.75,12.298829369252395,13.060901864139272,12.131673929544826,11.879321,11.72631517599351,2026-06
2026-06-15,ITA US 10/16/26 C250 Equity,2026-06-23,8.5,10.0,9.149991574608205,10.0,9.149991574608205,8.927004411132568,8.588444585723371,8.277863,8.393763859227937,2026-06
2026-06-15,ITA US 12/18/26 C230 Equity,2026-06-23,21.6,23.1,21.696540350681015,23.1,21.696540350681015,19.610573182882472,19.314108991141225,18.259125,20.550767412393558,2026-06
2026-06-15,ITA US 10/16/26 C255 Equity,2026-06-23,7.05,7.8,6.907782090278549,7.8,6.907782090278549,6.701251944734405,6.405936569306287,6.4154153,6.062906477403743,2026-06
2026-06-15,ITA US 12/18/26 C240 Equity,2026-06-23,16.2,18.049999999999997,16.791034662241074,18.049999999999997,16.791034662241074,15.450931295145374,15.364171236875185,14.836277,16.437230274632245,2026-06
2026-06-15,ITA US 10/16/26 C230 Equity,2026-06-23,17.5,19.4,18.469674493755175,19.4,18.469674493755175,17.22447643772246,16.782886187804678,15.012456,16.970291561060048,2026-06
2026-06-15,ITA US 01/15/27 C240 Equity,2026-06-23,18.25,19.65,18.46413161065541,19.65,18.46413161065541,17.400571556609872,17.01204180814171,15.530061,17.968424940154236,2026-06
2026-06-15,ITA US 12/18/26 C235 Equity,2026-06-23,18.950000000000003,20.700000000000003,19.282291772546774,20.700000000000003,19.282291772546774,17.912103809116605,17.303374132363963,16.320265,18.627679340971717,2026-06
2026-06-15,ITA US 01/15/27 C245 Equity,2026-06-23,16.05,17.15,15.905591412271994,17.15,15.905591412271994,14.869194004013508,14.498015222230919,13.712656,15.40582372425677,2026-06
2026-06-15,ITA US 12/18/26 C250 Equity,2026-06-23,11.75,12.75,12.157152856385947,12.75,12.157152856385947,10.814255260549634,10.815951179575585,10.753856,10.946550113766587,2026-06
2026-06-15,ITA US 01/15/27 C250 Equity,2026-06-23,14.15,15.0,13.782876277788876,15.0,13.782876277788876,13.454069175474597,13.11482378601621,12.765373,13.467962329763344,2026-06
2026-06-15,ITA US 10/16/26 C245 Equity,2026-06-23,10.25,11.850000000000001,10.78300005079104,11.850000000000001,10.78300005079104,10.16386372472284,9.91645184761887,9.36518,10.134668345372857,2026-06
2026-06-15,ITA US 10/16/26 C240 Equity,2026-06-23,12.45,14.350000000000001,13.451033589079223,14.350000000000001,13.451033589079223,12.445565981934019,12.199237340841988,11.225738,12.678170715392,2026-06
2026-06-15,ITA US 10/16/26 C235 Equity,2026-06-23,14.9,16.549999999999997,15.419608420406798,16.549999999999997,15.419608420406798,14.195005295562542,13.845307170290894,12.910954,14.514294862148057,2026-06
2026-06-16,ITA US 10/16/26 C255 Equity,2026-06-24,7.550000000000001,9.0,8.348865419113052,9.0,8.348865419113052,5.778945864068523,5.613971209987066,6.51812,5.479064301057471,2026-06
2026-06-16,ITA US 01/15/27 C250 Equity,2026-06-24,14.0,15.65,14.834225611283088,15.65,14.834225611283088,11.947531207223024,12.044071498030998,11.878918,12.477950522940958,2026-06
2026-06-16,ITA US 12/18/26 C240 Equity,2026-06-24,16.85,18.75,17.940885988496063,18.75,17.940885988496063,13.392165774584333,13.891091988397243,14.780659,15.254176099694448,2026-06
2026-06-16,ITA US 01/15/27 C230 Equity,2026-06-24,23.45,25.9,25.15057052393469,25.9,25.15057052393469,20.32989001867086,20.228853953329967,19.199162,21.46049629358218,2026-06
2026-06-16,ITA US 12/18/26 C250 Equity,2026-06-24,12.6,14.100000000000001,13.401227894630651,14.100000000000001,13.401227894630651,10.442701147712112,10.331923856786116,10.08405,10.73654482655996,2026-06
2026-06-16,ITA US 10/16/26 C235 Equity,2026-06-24,15.1,17.4,16.63723734696819,17.4,16.63723734696819,12.097381304770105,12.49541099564182,13.376758,13.338612109156967,2026-06
2026-06-16,ITA US 10/16/26 C250 Equity,2026-06-24,9.2,10.350000000000001,9.79998102810307,10.350000000000001,9.79998102810307,6.6769605809252,6.864269755541131,7.5114694,6.945326137799286,2026-06
2026-06-16,ITA US 01/15/27 C245 Equity,2026-06-24,16.0,17.7,16.91026189928667,17.7,16.91026189928667,13.289824211789803,13.42215010751809,13.440579,14.309138271744192,2026-06
2026-06-16,ITA US 10/16/26 C240 Equity,2026-06-24,13.15,14.95,14.367764591662223,14.95,14.367764591662223,10.84843796381832,11.144619262575741,11.150668,11.582702995683904,2026-06
2026-06-16,ITA US 10/16/26 C245 Equity,2026-06-24,10.45,12.65,12.046951405002,12.65,12.046951405002,8.528570453558888,8.758872912719195,8.685215,9.085891789444206,2026-06
2026-06-16,ITA US 12/18/26 C230 Equity,2026-06-24,21.85,24.35,23.603653498926388,24.35,23.603653498926388,18.559234308658617,18.80757227045632,18.881716,19.962805210191206,2026-06
2026-06-16,ITA US 10/16/26 C230 Equity,2026-06-24,18.200000000000003,20.6,20.068296722578793,20.6,20.068296722578793,15.224913613332294,15.661610185724747,15.049126,16.329914642822953,2026-06
2026-06-16,ITA US 01/15/27 C235 Equity,2026-06-24,20.65,22.7,21.792571362062994,22.7,21.792571362062994,17.529039143019073,17.64755954695698,17.557934,18.803306985628584,2026-06
2026-06-16,ITA US 12/18/26 C235 Equity,2026-06-24,19.15,21.4,20.32644056255392,21.4,20.32644056255392,16.305745267656874,16.336794206486548,16.657984,17.452485477026013,2026-06
2026-06-16,ITA US 12/18/26 C245 Equity,2026-06-24,14.75,16.25,15.43538120666642,16.25,15.43538120666642,12.274312614915205,12.186579583598322,12.043335,12.868848197685615,2026-06
2026-06-16,ITA US 01/15/27 C240 Equity,2026-06-24,18.15,20.1,19.30560117878653,20.1,19.30560117878653,15.226494013070045,15.606899186834406,15.803908,16.749728494690814,2026-06
2026-06-17,ITA US 10/16/26 C235 Equity,2026-06-25,17.5,20.0,19.232364130140503,20.0,19.232364130140503,13.104706049122585,13.595367858197326,16.436258,14.810887361031263,2026-06
2026-06-17,ITA US 10/16/26 C240 Equity,2026-06-25,14.75,16.799999999999997,16.145403507107112,16.799999999999997,16.145403507107112,10.299762488606456,10.803661739755816,14.710122,12.018794192247507,2026-06
2026-06-17,ITA US 10/16/26 C245 Equity,2026-06-25,12.55,14.5,13.779678862069494,14.5,13.779678862069494,8.593686270232546,9.220821617999796,12.106967,10.127610010771628,2026-06
2026-06-17,ITA US 10/16/26 C255 Equity,2026-06-25,8.55,10.15,9.486693253174534,10.15,9.486693253174534,5.595641384604043,5.968734328827628,8.871197,5.943985391886991,2026-06
2026-06-17,ITA US 01/15/27 C230 Equity,2026-06-25,25.85,27.85,26.688885190209287,27.85,26.688885190209287,20.384297152782484,20.65114817595201,21.66927,22.244370488783883,2026-06
2026-06-17,ITA US 12/18/26 C230 Equity,2026-06-25,24.55,26.4,25.27614175607933,26.4,25.27614175607933,18.455060627943297,18.95577457882797,19.905472,20.681801363446077,2026-06
2026-06-17,ITA US 01/15/27 C240 Equity,2026-06-25,20.0,22.2,21.137534107407195,22.2,21.137534107407195,15.421789441064304,15.686279517192744,18.050236,17.458899558924017,2026-06
2026-06-17,ITA US 12/18/26 C240 Equity,2026-06-25,18.65,20.7,19.695001518053147,20.7,19.695001518053147,13.72155972197406,14.066854860039022,17.300032,15.912080074850053,2026-06
2026-06-17,ITA US 01/15/27 C235 Equity,2026-06-25,22.5,24.75,23.8114957154664,24.75,23.8114957154664,17.363102421025896,17.86908947250797,19.507164,19.537795042648153,2026-06
2026-06-17,ITA US 12/18/26 C245 Equity,2026-06-25,16.25,18.25,17.164513822277947,18.25,17.164513822277947,11.406626496245122,11.988921417854938,15.460368,13.722263182577624,2026-06
2026-06-17,ITA US 10/16/26 C250 Equity,2026-06-25,10.2,12.25,11.551499466335292,12.25,11.551499466335292,6.6383513348336445,7.247235791136862,10.002036,7.918423008398011,2026-06
2026-06-17,ITA US 12/18/26 C235 Equity,2026-06-25,21.6,23.4,22.574929148700164,23.4,22.574929148700164,15.903365051714207,16.428512347686915,18.787434,18.107126607592246,2026-06
2026-06-17,ITA US 01/15/27 C245 Equity,2026-06-25,17.4,19.55,18.463416160880104,19.55,18.463416160880104,12.94400762835479,13.512652256693443,16.815075,15.126931941960372,2026-06
2026-06-17,ITA US 01/15/27 C250 Equity,2026-06-25,15.25,16.95,15.799010844228672,16.95,15.799010844228672,10.56766873082103,11.097357578607799,14.474827,12.391963225207498,2026-06
2026-06-17,ITA US 10/16/26 C230 Equity,2026-06-25,20.7,22.9,22.17326049526316,22.9,22.17326049526316,15.933615671399142,16.349775143685605,17.086647,17.262742798793557,2026-06
2026-06-17,ITA US 12/18/26 C250 Equity,2026-06-25,13.95,16.0,14.929537434468594,16.0,14.929537434468594,10.026296798151442,10.5718134791782,13.226535,11.687901635649467,2026-06
