date,contract,target_date,target_t1,naive_forecast,crr_forecast,pred_naive_random_walk,pred_crr_binomial_roll-down,pred_ols,pred_ridge,pred_xgboost,pred_elasticnet_delta,origem
2026-03-02,ITA US 10/16/26 C255 Equity,2026-03-09,14.700000000000001,19.0,18.486246503449497,19.0,18.486246503449497,21.298540064326257,19.305914025029033,19.7926,19.84260151395705,2026-03
2026-03-02,ITA US 10/16/26 C235 Equity,2026-03-09,24.15,30.2,29.79196763938928,30.2,29.79196763938928,29.742862668816787,26.65847898322022,27.072582,28.27336860765439,2026-03
2026-03-02,ITA US 10/16/26 C230 Equity,2026-03-09,27.0,33.65,33.25431187317403,33.65,33.25431187317403,32.43807499430221,29.32761768995287,27.607426,30.93076046120595,2026-03
2026-03-02,ITA US 12/18/26 C240 Equity,2026-03-09,24.55,29.549999999999997,29.04053163808926,29.549999999999997,29.04053163808926,29.213555166644934,28.894884270817318,27.179861,30.18323734965917,2026-03
2026-03-02,ITA US 07/17/26 C250 Equity,2026-03-09,11.899999999999999,16.3,15.912971255375146,16.3,15.912971255375146,19.719145919036716,18.358892777118832,16.827223,18.450642758304074,2026-03
2026-03-02,ITA US 12/18/26 C235 Equity,2026-03-09,27.1,32.65,32.14761226242915,32.65,32.14761226242915,31.522000893652635,30.90554535734838,28.013676,32.282243963591384,2026-03
2026-03-02,ITA US 10/16/26 C240 Equity,2026-03-09,21.5,27.05,26.606717096072085,27.05,26.606717096072085,27.602774898284483,24.648584255367965,24.995476,26.171277766589622,2026-03
2026-03-02,ITA US 07/17/26 C230 Equity,2026-03-09,22.450000000000003,29.15,28.941181744500888,29.15,28.941181744500888,28.461728227857666,28.149299064198892,24.530432,28.609975606536764,2026-03
2026-03-02,ITA US 07/17/26 C280 Equity,2026-03-09,3.9499999999999997,5.75,5.391086204309179,5.75,5.391086204309179,5.855539904326049,9.07193044433145,7.2113867,7.411318428983991,2026-03
2026-03-02,ITA US 10/16/26 C245 Equity,2026-03-09,18.9,24.25,23.75579585700091,24.25,23.75579585700091,25.42838664461275,24.481644275322868,23.963116,25.387254147118128,2026-03
2026-03-02,ITA US 12/18/26 C250 Equity,2026-03-09,19.85,23.4,23.56193208011563,23.4,23.56193208011563,25.176500786914673,25.024873793350167,22.394598,25.94225974190512,2026-03
2026-03-02,ITA US 12/18/26 C230 Equity,2026-03-09,30.35,36.2,35.71786185325815,36.2,35.71786185325815,34.42731863585415,33.027477387577065,28.253754,34.77387780757783,2026-03
2026-03-02,ITA US 10/16/26 C250 Equity,2026-03-09,16.5,21.450000000000003,21.027442345439837,21.450000000000003,21.027442345439837,24.23503089435317,21.990449361353814,22.576674,22.93391904187629,2026-03
2026-03-02,ITA US 12/18/26 C245 Equity,2026-03-09,21.75,26.1,25.46988310516173,26.1,25.46988310516173,27.054197639103787,25.613805172618235,25.267942,27.216922905083685,2026-03
2026-03-03,ITA US 10/16/26 C255 Equity,2026-03-10,14.15,16.35,15.51347652568757,16.35,15.51347652568757,17.164731009092634,17.27608704115018,17.557823,17.210371700622836,2026-03
2026-03-03,ITA US 10/16/26 C240 Equity,2026-03-10,20.4,23.8,23.014585128629303,23.8,23.014585128629303,23.85289493715357,23.224999116630965,25.396725,23.849092754283202,2026-03
2026-03-03,ITA US 12/18/26 C230 Equity,2026-03-10,28.75,32.45,31.811936142765067,32.45,31.811936142765067,29.31560714226976,31.250180309888528,28.87876,31.907367157272112,2026-03
2026-03-03,ITA US 12/18/26 C235 Equity,2026-03-10,26.15,29.05,28.64260410999524,29.05,28.64260410999524,27.494860683977496,29.061961928922095,28.796188,29.579189209614906,2026-03
2026-03-03,ITA US 12/18/26 C250 Equity,2026-03-10,19.15,20.4,19.635763346029734,20.4,19.635763346029734,19.392405869893423,21.63634970122385,20.466608,22.91614150842966,2026-03
2026-03-03,ITA US 10/16/26 C245 Equity,2026-03-10,18.049999999999997,21.1,20.18933126180424,21.1,20.18933126180424,22.108530637075255,22.503427908826225,23.59545,23.123221907549546,2026-03
2026-03-03,ITA US 12/18/26 C240 Equity,2026-03-10,23.55,26.05,25.59441632413436,26.05,25.59441632413436,25.254963926748204,27.343021726798966,26.77769,27.607537250203293,2026-03
2026-03-03,ITA US 10/16/26 C235 Equity,2026-03-10,23.1,26.8,26.12381848112806,26.8,26.12381848112806,25.284281092129095,25.461100426717543,27.226068,26.042687790136604,2026-03
2026-03-03,ITA US 07/17/26 C250 Equity,2026-03-10,11.25,13.7,13.528590514607718,13.7,13.528590514607718,15.412768313482111,16.377021906420634,15.986798,15.84817348339585,2026-03
2026-03-03,ITA US 10/16/26 C230 Equity,2026-03-10,25.75,29.85,29.274684750211506,29.85,29.274684750211506,27.133119962714662,27.37502222989266,27.917938,28.050684915331217,2026-03
2026-03-03,ITA US 10/16/26 C250 Equity,2026-03-10,16.1,18.55,17.68339335784077,18.55,17.68339335784077,18.05436951543289,20.317814630758246,20.196964,20.580101923153457,2026-03
2026-03-03,ITA US 07/17/26 C295 Equity,2026-03-10,1.875,2.575,2.2938145138802946,2.575,2.2938145138802946,5.107273198946954,5.560099830902377,3.375087,4.321682147528346,2026-03
2026-03-03,ITA US 12/18/26 C245 Equity,2026-03-10,21.2,23.3,23.10440511489461,23.3,23.10440511489461,23.578874414547634,24.248558763189955,23.895285,25.295361896548222,2026-03
2026-03-03,ITA US 07/17/26 C230 Equity,2026-03-10,21.15,25.4,25.0432931892309,25.4,25.0432931892309,23.551699544828285,26.54310056941822,24.027918,25.779060321487098,2026-03
2026-03-03,ITA US 07/17/26 C280 Equity,2026-03-10,3.625,4.5,4.137638964664254,4.5,4.137638964664254,6.076033239616825,7.046523884720303,5.4680767,6.200872803457054,2026-03
2026-03-04,ITA US 07/17/26 C280 Equity,2026-03-11,3.375,4.800000000000001,4.4748508049932125,4.800000000000001,4.4748508049932125,3.778109610117955,6.073785512161637,4.9018874,5.242385327438876,2026-03
2026-03-04,ITA US 12/18/26 C250 Equity,2026-03-11,18.2,22.4,21.8254245130253,22.4,21.8254245130253,20.790602610747705,22.118414880839538,21.329853,23.811356560711666,2026-03
2026-03-04,ITA US 10/16/26 C230 Equity,2026-03-11,24.8,30.85,30.243631739896944,30.85,30.243631739896944,26.607050329220773,26.517804628512025,27.668844,27.583650307676535,2026-03
2026-03-04,ITA US 12/18/26 C245 Equity,2026-03-11,21.0,24.450000000000003,23.545936231613577,24.450000000000003,23.545936231613577,23.096966044683654,23.486031712682603,23.348656,25.04661943183123,2026-03
2026-03-04,ITA US 10/16/26 C250 Equity,2026-03-11,15.3,19.1,18.55735506736411,19.1,18.55735506736411,16.751291411244466,19.53742898034948,20.70876,20.100968158361997,2026-03
2026-03-04,ITA US 10/16/26 C245 Equity,2026-03-11,17.4,21.45,20.92104818163736,21.45,20.92104818163736,21.063245524950364,20.774693049068134,23.143692,21.876908437550348,2026-03
2026-03-04,ITA US 10/16/26 C240 Equity,2026-03-11,19.8,24.15,23.626582916117627,24.15,23.626582916117627,22.232567379559466,21.902029194142244,24.870863,22.699748776765436,2026-03
2026-03-04,ITA US 12/18/26 C240 Equity,2026-03-11,22.549999999999997,26.7,26.029563233711404,26.7,26.029563233711404,24.3241883745151,25.27822634632343,25.90369,26.621672262654577,2026-03
2026-03-04,ITA US 07/17/26 C295 Equity,2026-03-11,1.8250000000000002,2.575,2.3982823377221427,2.575,2.3982823377221427,1.9928028323981106,4.570929068637698,2.8175755,3.1528988944264307,2026-03
2026-03-04,ITA US 07/17/26 C250 Equity,2026-03-11,10.25,13.9,13.710431473735634,13.9,13.710431473735634,14.066919758935711,14.608474444922809,14.6130495,14.859290354378418,2026-03
2026-03-04,ITA US 12/18/26 C235 Equity,2026-03-11,25.1,30.45,29.615930057703785,30.45,29.615930057703785,27.555520761934492,28.32518430846621,28.38259,29.48614836611468,2026-03
2026-03-04,ITA US 10/16/26 C255 Equity,2026-03-11,13.5,16.55,15.708270897530879,16.55,15.708270897530879,15.50503413234608,15.993292461443563,17.696728,16.22530929912459,2026-03
2026-03-04,ITA US 10/16/26 C235 Equity,2026-03-11,22.2,27.15,26.649473739654898,27.15,26.649473739654898,23.75384243403418,23.724889103051865,25.914465,24.831752100636475,2026-03
2026-03-04,ITA US 12/18/26 C230 Equity,2026-03-11,28.45,33.65,32.59912434040848,33.65,32.59912434040848,29.0788462042014,29.921858499183596,28.187016,31.603159673929827,2026-03
2026-03-04,ITA US 07/17/26 C230 Equity,2026-03-11,20.4,26.35,26.221606264324848,26.35,26.221606264324848,23.57603910548332,24.95571007851737,23.036875,25.109720022337335,2026-03
2026-03-05,ITA US 07/17/26 C295 Equity,2026-03-12,1.4,1.8250000000000002,1.7334901351651344,1.8250000000000002,1.7334901351651344,2.4615995013160052,3.683606717788132,3.792066,3.2230124810851017,2026-03
2026-03-05,ITA US 07/17/26 C230 Equity,2026-03-12,15.7,20.799999999999997,20.81277228606279,20.799999999999997,20.81277228606279,19.078262783188432,22.225205765209232,19.984564,21.50775575579698,2026-03
2026-03-05,ITA US 12/18/26 C230 Equity,2026-03-12,23.7,29.2,28.514967505932635,29.2,28.514967505932635,25.885861854298735,28.90410301220994,28.046108,29.107770479966085,2026-03
2026-03-05,ITA US 12/18/26 C250 Equity,2026-03-12,15.2,18.95,17.765904178415415,18.95,17.765904178415415,17.61558045845826,21.37222905007869,18.834059,21.32409448976427,2026-03
2026-03-05,ITA US 10/16/26 C255 Equity,2026-03-12,10.65,13.75,13.241625400669962,13.75,13.241625400669962,12.90589598827196,14.894593013383755,14.463664,14.198374912455842,2026-03
2026-03-05,ITA US 12/18/26 C245 Equity,2026-03-12,17.15,21.1,20.115179240757314,21.1,20.115179240757314,19.508238192581132,22.853387653955465,21.84078,22.90693704132943,2026-03
2026-03-05,ITA US 07/17/26 C250 Equity,2026-03-12,7.45,11.7,11.463747252690894,11.7,11.463747252690894,11.70918389011089,15.040213760593348,12.149066,13.629652943611127,2026-03
2026-03-05,ITA US 10/16/26 C235 Equity,2026-03-12,18.25,22.9,22.49937152968342,22.9,22.49937152968342,20.819361886566746,22.29251094558474,24.002647,22.524659431412545,2026-03
2026-03-05,ITA US 12/18/26 C235 Equity,2026-03-12,21.25,26.2,25.48927707456596,26.2,25.48927707456596,24.125695888763623,27.099503459174528,26.565598,27.164641579834793,2026-03
2026-03-05,ITA US 10/16/26 C245 Equity,2026-03-12,13.850000000000001,18.25,17.30810074627175,18.25,17.30810074627175,17.584551421917478,19.853158489082034,19.931564,19.94129847700616,2026-03
2026-03-05,ITA US 10/16/26 C250 Equity,2026-03-12,12.4,15.7,15.055700403335646,15.7,15.055700403335646,13.969433913137301,17.96018437552586,17.139635,17.552698407647508,2026-03
2026-03-05,ITA US 10/16/26 C230 Equity,2026-03-12,20.6,26.25,25.591773240343592,26.25,25.591773240343592,23.037508462560677,24.98720942531179,26.349989,24.908441936175375,2026-03
2026-03-05,ITA US 12/18/26 C240 Equity,2026-03-12,19.15,23.6,22.829769697596486,23.6,22.829769697596486,22.666833527435735,24.98179365210529,23.400766,25.56059489139256,2026-03
2026-03-05,ITA US 07/17/26 C280 Equity,2026-03-12,2.575,3.575,3.2965898367421778,3.575,3.2965898367421778,3.9970954118369377,5.083415966768058,5.276696,4.831744276092947,2026-03
2026-03-05,ITA US 10/16/26 C240 Equity,2026-03-12,15.95,20.55,19.795881571340583,20.55,19.795881571340583,20.335464856175214,21.041424762307393,22.56843,21.086132117246642,2026-03
2026-03-06,ITA US 10/16/26 C235 Equity,2026-03-13,17.3,24.25,23.644918007503556,24.25,23.644918007503556,25.254913902142004,25.68299981315961,24.352728,26.03262546038028,2026-03
2026-03-06,ITA US 07/17/26 C250 Equity,2026-03-13,7.85,12.05,11.547096508436107,12.05,11.547096508436107,14.633213073765283,17.53851193525031,11.326653,16.42309320540417,2026-03
2026-03-06,ITA US 10/16/26 C240 Equity,2026-03-13,15.1,21.4,20.611435886194897,21.4,20.611435886194897,23.591308467559337,24.192079155863148,22.705832,24.304424092527743,2026-03
2026-03-06,ITA US 12/18/26 C250 Equity,2026-03-13,14.45,20.0,18.926943609645406,20.0,18.926943609645406,21.97408788861202,24.812098338285537,19.598524,24.800166067647357,2026-03
2026-03-06,ITA US 10/16/26 C245 Equity,2026-03-13,13.05,18.9,18.54821619985509,18.9,18.54821619985509,22.017998342048006,23.265653364954296,20.962734,23.021365372613374,2026-03
2026-03-06,ITA US 10/16/26 C230 Equity,2026-03-13,20.05,27.15,26.301676430806356,27.15,26.301676430806356,26.87169577964502,27.555422685658463,25.589172,27.929631939343206,2026-03
2026-03-06,ITA US 07/17/26 C230 Equity,2026-03-13,15.149999999999999,22.4,22.134501264624205,22.4,22.134501264624205,23.901832088693798,25.356557787053315,19.874683,25.22750613077179,2026-03
2026-03-06,ITA US 10/16/26 C250 Equity,2026-03-13,11.5,16.95,16.19183897530662,16.95,16.19183897530662,19.0333593053131,21.352061372064227,18.76851,21.23493243822285,2026-03
2026-03-06,ITA US 12/18/26 C245 Equity,2026-03-13,15.9,21.95,21.24966699882005,21.95,21.24966699882005,23.99733737443035,25.892427190382122,22.82228,26.165562464875375,2026-03
2026-03-06,ITA US 12/18/26 C235 Equity,2026-03-13,20.25,27.35,26.315952035779283,27.35,26.315952035779283,28.554195775639652,29.682525415219104,26.529774,30.40798886907637,2026-03
2026-03-06,ITA US 07/17/26 C280 Equity,2026-03-13,2.4499999999999997,3.8499999999999996,3.608346333961272,3.8499999999999996,3.608346333961272,6.2197510913246,8.79013917710909,3.9277225,7.638260878998167,2026-03
2026-03-06,ITA US 10/16/26 C255 Equity,2026-03-13,9.850000000000001,14.700000000000001,14.074594155218689,14.700000000000001,14.074594155218689,17.15416771120963,18.130035845901805,13.577901,17.614673212617515,2026-03
2026-03-06,ITA US 07/17/26 C295 Equity,2026-03-13,1.775,2.65,1.7693640129391874,2.65,1.7693640129391874,4.149959055045169,6.919158490232375,3.524926,6.570443712573078,2026-03
2026-03-06,ITA US 12/18/26 C230 Equity,2026-03-13,22.7,30.05,29.399876995281023,30.05,29.399876995281023,30.363695845859414,31.763482947893237,27.965164,32.111269852997,2026-03
2026-03-06,ITA US 12/18/26 C240 Equity,2026-03-13,18.25,24.35,23.66872422910385,24.35,23.66872422910385,26.134771443296422,28.165985297407595,24.057285,28.435440673565477,2026-03
2026-03-09,ITA US 12/18/26 C245 Equity,2026-03-16,16.95,21.75,22.07247865987735,21.75,22.07247865987735,27.055481922852273,26.083554056719358,23.618647,25.00304906532601,2026-03
2026-03-09,ITA US 10/16/26 C255 Equity,2026-03-16,10.5,14.700000000000001,14.448274039277269,14.700000000000001,14.448274039277269,20.124587447834884,18.28117858872473,14.631001,16.62704864854682,2026-03
2026-03-09,ITA US 07/17/26 C250 Equity,2026-03-16,7.85,11.899999999999999,12.024407379846535,11.899999999999999,12.024407379846535,17.513135208281994,17.876666679947725,12.111667,15.373049395939972,2026-03
2026-03-09,ITA US 07/17/26 C295 Equity,2026-03-16,1.825,1.8250000000000002,1.7619790483696405,1.8250000000000002,1.7619790483696405,7.530348580841954,5.888535591836112,4.167764,4.640417469402534,2026-03
2026-03-09,ITA US 10/16/26 C240 Equity,2026-03-16,16.3,21.5,21.423178774362807,21.5,21.423178774362807,26.386306236618378,24.705112952207315,24.034754,23.676608557662274,2026-03
2026-03-09,ITA US 10/16/26 C230 Equity,2026-03-16,20.75,27.0,27.036055729697015,27.0,27.036055729697015,29.569059522236618,27.715242983612754,26.405752,26.78063301768213,2026-03
2026-03-09,ITA US 12/18/26 C250 Equity,2026-03-16,14.75,19.85,19.502993933885417,19.85,19.502993933885417,24.94312370615095,24.789115032741112,20.100477,23.665817609850404,2026-03
2026-03-09,ITA US 10/16/26 C235 Equity,2026-03-16,18.45,24.15,24.063216359748957,24.15,24.063216359748957,28.23517205748932,25.937124542981586,25.847574,24.98300883255418,2026-03
2026-03-09,ITA US 10/16/26 C250 Equity,2026-03-16,12.3,16.5,16.4194487353673,16.5,16.4194487353673,21.744951863237073,21.12117444591677,18.695713,19.795043793495754,2026-03
2026-03-09,ITA US 07/17/26 C280 Equity,2026-03-16,2.5500000000000003,3.9499999999999997,3.896954856487562,3.9499999999999997,3.896954856487562,9.98146343195982,8.852024118667899,4.5236373,6.728864211535486,2026-03
2026-03-09,ITA US 10/16/26 C245 Equity,2026-03-16,14.2,18.9,18.729852375346717,18.9,18.729852375346717,25.00648598208143,23.160552465097787,21.761726,22.04555337680237,2026-03
2026-03-09,ITA US 12/18/26 C240 Equity,2026-03-16,19.05,24.55,24.70457687378035,24.55,24.70457687378035,29.339253031860242,28.447371969004585,25.301527,27.6675399991341,2026-03
2026-03-09,ITA US 12/18/26 C230 Equity,2026-03-16,24.1,30.35,29.98535501771799,30.35,29.98535501771799,33.07776653106394,32.06917536915582,28.683641,31.38369823198037,2026-03
2026-03-09,ITA US 07/17/26 C230 Equity,2026-03-16,16.2,22.450000000000003,22.94139488331779,22.450000000000003,22.94139488331779,26.760077571237016,26.506071779152947,20.922733,24.33100830196492,2026-03
2026-03-09,ITA US 12/18/26 C235 Equity,2026-03-16,21.4,27.1,27.375657414499898,27.1,27.375657414499898,31.25822308768004,30.41334979402377,26.744978,29.253563516159023,2026-03
2026-03-10,ITA US 10/16/26 C255 Equity,2026-03-17,10.899999999999999,14.15,13.40193289402674,14.15,13.40193289402674,16.641860756648878,13.97742257227244,13.7513275,14.302456930409187,2026-03
2026-03-10,ITA US 10/16/26 C250 Equity,2026-03-17,12.45,16.1,15.418802258754702,16.1,15.418802258754702,18.914710549728895,16.90378056370076,17.718454,17.631221865312483,2026-03
2026-03-10,ITA US 07/17/26 C280 Equity,2026-03-17,3.125,3.625,3.211151917843905,3.625,3.211151917843905,6.829323248885714,4.72482955456068,4.430181,4.731295645548036,2026-03
2026-03-10,ITA US 12/18/26 C245 Equity,2026-03-17,17.15,21.2,20.41189562551285,21.2,20.41189562551285,23.954673691071008,21.416460603028835,21.151415,22.64063854308315,2026-03
2026-03-10,ITA US 07/17/26 C230 Equity,2026-03-17,15.8,21.15,20.482475156394013,21.15,20.482475156394013,23.261725986993707,20.966631980937066,20.489548,21.600647067368964,2026-03
2026-03-10,ITA US 10/16/26 C245 Equity,2026-03-17,14.35,18.049999999999997,17.280767489459052,18.049999999999997,17.280767489459052,20.85901182817588,18.449416908455806,19.580936,19.361603274650786,2026-03
2026-03-10,ITA US 12/18/26 C230 Equity,2026-03-17,24.25,28.75,28.118488385762177,28.75,28.118488385762177,28.92559562012455,26.813784691212085,28.070353,28.316164121696826,2026-03
2026-03-10,ITA US 07/17/26 C250 Equity,2026-03-17,7.65,11.25,10.609371583216447,11.25,10.609371583216447,14.643839366348246,13.24873166276742,11.246543,12.918950586344458,2026-03
2026-03-10,ITA US 07/17/26 C295 Equity,2026-03-17,1.825,1.875,1.5270885257771623,1.875,1.5270885257771623,4.233495312913682,1.015483602824025,3.8121173,2.802147681912582,2026-03
2026-03-10,ITA US 12/18/26 C250 Equity,2026-03-17,15.9,19.15,18.930916611925294,19.15,18.930916611925294,21.30687245241065,20.479941388891675,19.04032,21.09885895245506,2026-03
2026-03-10,ITA US 12/18/26 C235 Equity,2026-03-17,21.4,26.15,25.18212465225851,26.15,25.18212465225851,27.973897390871265,25.275031204203565,26.160944,26.834986627570146,2026-03
2026-03-10,ITA US 12/18/26 C240 Equity,2026-03-17,19.7,23.55,22.611514492889622,23.55,22.611514492889622,25.552227304153227,23.10973647899394,23.849401,25.15090394083553,2026-03
2026-03-10,ITA US 10/16/26 C235 Equity,2026-03-17,18.549999999999997,23.1,22.251415453949317,23.1,22.251415453949317,24.74634719045183,21.13319592723757,24.43514,22.48741115206705,2026-03
2026-03-10,ITA US 10/16/26 C230 Equity,2026-03-17,20.9,25.75,25.15206484197437,25.75,25.15206484197437,25.96268556431313,22.693150582978596,25.951826,24.073868697352946,2026-03
2026-03-10,ITA US 10/16/26 C240 Equity,2026-03-17,16.25,20.4,19.882728312697036,20.4,19.882728312697036,22.841943652514118,19.824017093665987,22.261446,21.073372467174167,2026-03
2026-03-11,ITA US 07/17/26 C230 Equity,2026-03-18,16.1,20.4,19.75725370996152,20.4,19.75725370996152,26.22247602083711,22.030073834172892,21.560184,20.529871566824408,2026-03
2026-03-11,ITA US 07/17/26 C250 Equity,2026-03-18,8.0,10.25,9.736983390489298,10.25,9.736983390489298,17.098825766561898,13.649873257937386,11.066963,11.402858692933432,2026-03
2026-03-11,ITA US 12/18/26 C230 Equity,2026-03-18,23.15,28.45,27.609336729258647,28.45,27.609336729258647,32.85417078777121,27.765536059381606,28.491861,27.631667893370825,2026-03
2026-03-11,ITA US 12/18/26 C245 Equity,2026-03-18,16.6,21.0,20.143898193250823,21.0,20.143898193250823,27.008596923699002,22.18226812311835,21.605865,21.80595558238438,2026-03
2026-03-11,ITA US 10/16/26 C245 Equity,2026-03-18,14.05,17.4,16.48344409014472,17.4,16.48344409014472,23.479429256743266,19.278096047545397,20.11445,18.21379918406608,2026-03
2026-03-11,ITA US 10/16/26 C255 Equity,2026-03-18,10.55,13.5,12.831502097782028,13.5,12.831502097782028,19.42267344968142,14.913827195557095,13.766092,13.12130069165607,2026-03
2026-03-11,ITA US 10/16/26 C240 Equity,2026-03-18,15.65,19.8,18.814942549048762,19.8,18.814942549048762,25.80536797301093,20.630304220617653,22.542786,20.003411090515723,2026-03
2026-03-11,ITA US 12/18/26 C250 Equity,2026-03-18,14.75,18.2,17.397689618210244,18.2,17.397689618210244,23.77566329846146,20.3489199864547,19.062757,19.6057423740845,2026-03
2026-03-11,ITA US 07/17/26 C280 Equity,2026-03-18,2.6,3.375,3.0626842183003493,3.375,3.0626842183003493,9.340527720661896,5.883948055170919,4.5519753,3.956165081906329,2026-03
2026-03-11,ITA US 12/18/26 C235 Equity,2026-03-18,21.1,25.1,24.28661952686479,25.1,24.28661952686479,30.054477667986,25.86895104823009,26.831966,25.40618847464982,2026-03
2026-03-11,ITA US 12/18/26 C240 Equity,2026-03-18,18.25,22.549999999999997,22.106471210932988,22.549999999999997,22.106471210932988,28.08205806968226,24.380851541055204,24.201767,23.720702400544802,2026-03
2026-03-11,ITA US 10/16/26 C235 Equity,2026-03-18,17.950000000000003,22.2,21.386741459804494,22.2,21.386741459804494,27.372339607115435,21.945984394406512,24.629831,21.25636702362516,2026-03
2026-03-11,ITA US 10/16/26 C230 Equity,2026-03-18,20.0,24.8,23.961565419221408,24.8,23.961565419221408,28.336807727594874,23.244316777978305,26.40773,22.784288106925107,2026-03
2026-03-11,ITA US 10/16/26 C250 Equity,2026-03-18,12.2,15.3,14.416527203176717,15.3,14.416527203176717,21.643145145841977,17.808742236239606,17.41772,16.344981264457527,2026-03
2026-03-11,ITA US 07/17/26 C295 Equity,2026-03-18,1.9749999999999999,1.8250000000000002,1.6927675731515122,1.8250000000000002,1.6927675731515122,8.110242551276986,3.0498542019200485,4.2629514,2.3153029533574307,2026-03
2026-03-12,ITA US 10/16/26 C240 Equity,2026-03-19,13.95,15.95,15.420038734150264,15.95,15.420038734150264,17.068552482506362,15.76293439850192,18.152048,15.389377221769676,2026-03
2026-03-12,ITA US 12/18/26 C235 Equity,2026-03-19,18.85,21.25,20.486117938499188,21.25,20.486117938499188,21.692056099462498,21.07156709244834,24.360762,21.41856793449794,2026-03
2026-03-12,ITA US 07/17/26 C250 Equity,2026-03-19,6.4,7.45,7.902928867493176,7.45,7.902928867493176,10.273635839566603,9.9006095255008,10.253795,7.8575813134609,2026-03
2026-03-12,ITA US 07/17/26 C230 Equity,2026-03-19,13.6,15.7,15.260415215168699,15.7,15.260415215168699,18.42035529680277,16.789395695487656,19.32197,16.205124874204497,2026-03
2026-03-12,ITA US 12/18/26 C250 Equity,2026-03-19,13.149999999999999,15.2,15.115500500898909,15.2,15.115500500898909,16.67285254752072,16.185183763983574,16.382685,15.853994513230253,2026-03
2026-03-12,ITA US 10/16/26 C235 Equity,2026-03-19,16.0,18.25,17.777476853867036,18.25,17.777476853867036,19.17825658264463,17.479602714797856,22.065887,17.364084053334253,2026-03
2026-03-12,ITA US 10/16/26 C230 Equity,2026-03-19,18.35,20.6,20.19229597813311,20.6,20.19229597813311,21.453194762539283,19.25479570641538,23.992147,19.45027666315766,2026-03
2026-03-12,ITA US 12/18/26 C230 Equity,2026-03-19,21.25,23.7,24.06268317452606,23.7,24.06268317452606,25.624528258516186,23.148888142999464,25.451288,23.2829569123145,2026-03
2026-03-12,ITA US 10/16/26 C245 Equity,2026-03-19,12.0,13.850000000000001,13.292905036161606,13.850000000000001,13.292905036161606,15.283147867865717,14.324687136852742,15.159877,13.861229401183834,2026-03
2026-03-12,ITA US 07/17/26 C280 Equity,2026-03-19,2.325,2.575,2.334097141829493,2.575,2.334097141829493,6.15230960216487,2.347351992193172,4.1288524,2.4674485612274686,2026-03
2026-03-12,ITA US 07/17/26 C295 Equity,2026-03-19,1.775,1.4,1.2278563604450647,1.4,1.2278563604450647,5.143059326211002,-0.2956783240620595,4.0013695,1.1578261916913561,2026-03
2026-03-12,ITA US 10/16/26 C255 Equity,2026-03-19,8.65,10.65,10.290939534329404,10.65,10.290939534329404,12.30209056853763,10.582423613768071,11.536333,9.659057895910648,2026-03
2026-03-12,ITA US 10/16/26 C250 Equity,2026-03-19,10.149999999999999,12.4,12.262032057852327,12.4,12.262032057852327,14.530635920223776,13.593048508213128,13.810167,12.643495377399995,2026-03
2026-03-12,ITA US 12/18/26 C245 Equity,2026-03-19,14.6,17.15,16.514286814374167,17.15,16.514286814374167,18.73967667238407,16.789625263631756,18.981024,17.20078384389864,2026-03
2026-03-12,ITA US 12/18/26 C240 Equity,2026-03-19,16.75,19.15,18.63250652644017,19.15,18.63250652644017,19.855053455309942,19.485025616838605,20.533255,19.483162606778237,2026-03
2026-03-13,ITA US 10/16/26 C250 Equity,2026-03-20,8.9,11.5,10.490914111030413,11.5,10.490914111030413,6.383921660248603,10.506278399529883,10.9217005,10.358487818066203,2026-03
2026-03-13,ITA US 07/17/26 C280 Equity,2026-03-20,1.775,2.4499999999999997,2.0980850055705855,2.4499999999999997,2.0980850055705855,-0.6804565348018023,1.5572488289119075,3.9432774,1.0828071002407131,2026-03
2026-03-13,ITA US 10/16/26 C240 Equity,2026-03-20,11.5,15.1,14.077668122108179,15.1,14.077668122108179,9.329748572847546,13.087207782482587,16.330568,13.177745720425321,2026-03
2026-03-13,ITA US 10/16/26 C245 Equity,2026-03-20,9.95,13.05,11.900675648007585,13.05,11.900675648007585,7.226311559766728,11.634682880759982,13.177106,11.708134361825428,2026-03
2026-03-13,ITA US 12/18/26 C230 Equity,2026-03-20,18.200000000000003,22.7,21.35918117566733,22.7,21.35918117566733,17.544957841079302,20.021701633813954,23.795103,21.22374530502736,2026-03
2026-03-13,ITA US 10/16/26 C230 Equity,2026-03-20,15.05,20.05,18.816335760142227,20.05,18.816335760142227,14.010287959550594,16.686158606661184,21.939306,17.732324378021588,2026-03
2026-03-13,ITA US 10/16/26 C235 Equity,2026-03-20,13.3,17.3,16.11162579982974,17.3,16.11162579982974,11.36268269450775,14.708434301237729,19.273167,15.06138586386354,2026-03
2026-03-13,ITA US 07/17/26 C230 Equity,2026-03-20,10.649999999999999,15.149999999999999,14.311228277378211,15.149999999999999,14.311228277378211,10.969408972150767,14.462432530978525,18.183334,14.495810373441495,2026-03
2026-03-13,ITA US 10/16/26 C255 Equity,2026-03-20,7.55,9.850000000000001,8.886235911511555,9.850000000000001,8.886235911511555,3.994458388270388,7.927078039367925,9.3839035,7.489683632355732,2026-03
2026-03-13,ITA US 12/18/26 C250 Equity,2026-03-20,11.1,14.45,12.911456603976,14.45,12.911456603976,8.495079069311714,13.423362748495888,14.880828,13.775718453315005,2026-03
2026-03-13,ITA US 12/18/26 C240 Equity,2026-03-20,14.450000000000001,18.25,16.976580392326763,18.25,16.976580392326763,11.864542998922168,16.450838469010233,18.453817,17.218025966982214,2026-03
2026-03-13,ITA US 12/18/26 C245 Equity,2026-03-20,12.899999999999999,15.9,14.917402212521006,15.9,14.917402212521006,10.152890424910279,14.60732239704921,16.98347,14.690850965886497,2026-03
2026-03-13,ITA US 07/17/26 C250 Equity,2026-03-20,4.8,7.85,7.118267707339713,7.85,7.118267707339713,4.006062893724282,7.989720269218307,9.670165,6.870301321813465,2026-03
2026-03-13,ITA US 12/18/26 C235 Equity,2026-03-20,16.25,20.25,19.0617154918943,20.25,19.0617154918943,14.075744209258705,18.566446154888226,20.778637,19.053660326879847,2026-03
2026-03-16,ITA US 12/18/26 C235 Equity,2026-03-23,16.55,21.4,20.780027287910247,21.4,20.780027287910247,26.633951396398352,23.96242800788438,23.259583,21.508432195737033,2026-03
2026-03-16,ITA US 12/18/26 C240 Equity,2026-03-23,14.850000000000001,19.05,18.436082859392187,19.05,18.436082859392187,23.908772950943664,21.845046315020166,20.065071,19.334614992274172,2026-03
2026-03-16,ITA US 12/18/26 C250 Equity,2026-03-23,11.15,14.75,14.185535937247723,14.75,14.185535937247723,19.396017119445524,18.813062195401166,14.567542,15.430477674619038,2026-03
2026-03-16,ITA US 10/16/26 C235 Equity,2026-03-23,14.35,18.45,17.95629249274223,18.45,17.95629249274223,23.755326468636433,20.102733220086,21.407698,17.46777734738531,2026-03
2026-03-16,ITA US 12/18/26 C230 Equity,2026-03-23,18.9,24.1,23.541722301784155,24.1,23.541722301784155,29.756068214919246,25.793057970260428,25.166172,23.476480244109446,2026-03
2026-03-16,ITA US 10/16/26 C255 Equity,2026-03-23,8.3,10.5,10.097521262270188,10.5,10.097521262270188,15.38497458190575,13.361954196050865,10.0291815,9.457666827859862,2026-03
2026-03-16,ITA US 07/17/26 C250 Equity,2026-03-23,4.5,7.85,7.77991311334612,7.85,7.77991311334612,14.589451435417843,12.398540804332058,9.788258,8.078387957085061,2026-03
2026-03-16,ITA US 10/16/26 C240 Equity,2026-03-23,12.45,16.3,15.623578412182916,16.3,15.623578412182916,21.63408650381809,18.734739758244217,18.184824,15.693892437848737,2026-03
2026-03-16,ITA US 07/17/26 C295 Equity,2026-03-23,1.625,1.825,1.6464321781311444,1.825,1.6464321781311444,11.42698603045007,5.970202417833534,4.1346493,1.7748720615978748,2026-03
2026-03-16,ITA US 10/16/26 C245 Equity,2026-03-23,10.75,14.2,13.650475434515272,14.2,13.650475434515272,19.55905593926954,17.580622423036235,13.377333,14.185050869203202,2026-03
2026-03-16,ITA US 07/17/26 C230 Equity,2026-03-23,11.100000000000001,16.2,16.03192944268778,16.2,16.03192944268778,22.801327822518275,20.132979500536607,18.618874,16.432222463910612,2026-03
2026-03-16,ITA US 12/18/26 C245 Equity,2026-03-23,13.15,16.95,16.168974854648727,16.95,16.168974854648727,21.82807102308626,20.23098088909564,18.600937,17.08701187933098,2026-03
2026-03-16,ITA US 10/16/26 C250 Equity,2026-03-23,9.0,12.3,11.680735001681128,12.3,11.680735001681128,17.72324732492656,16.08856881034323,11.507733,12.519153323500083,2026-03
2026-03-16,ITA US 07/17/26 C280 Equity,2026-03-23,2.25,2.5500000000000003,2.3639375373175766,2.5500000000000003,2.3639375373175766,9.831398370655267,6.863269549642888,4.1631885,2.498630853455312,2026-03
2026-03-16,ITA US 10/16/26 C230 Equity,2026-03-23,16.7,20.75,20.238602639009834,20.75,20.238602639009834,25.273866790462645,22.019577360276543,22.161142,19.640062341155584,2026-03
2026-03-17,ITA US 12/18/26 C230 Equity,2026-03-24,18.5,24.25,24.108531479039982,24.25,24.108531479039982,28.865559320482326,23.840521604796855,27.347513,23.085647414143022,2026-03
2026-03-17,ITA US 07/17/26 C250 Equity,2026-03-24,4.55,7.65,7.489008856242945,7.65,7.489008856242945,12.836905962556894,9.123760318132177,10.145764,7.338156119276925,2026-03
2026-03-17,ITA US 07/17/26 C280 Equity,2026-03-24,0.975,3.125,3.1171268586887773,3.125,3.1171268586887773,9.191376700178461,5.4918681674278265,4.6964664,2.4453282306444413,2026-03
2026-03-17,ITA US 07/17/26 C295 Equity,2026-03-24,1.575,1.825,1.663604871485527,1.825,1.663604871485527,10.22351977742684,3.4421338455646353,4.206057,1.225060983498459,2026-03
2026-03-17,ITA US 12/18/26 C240 Equity,2026-03-24,14.5,19.7,18.715939439286306,19.7,18.715939439286306,23.01872530098254,20.046574681391917,22.46075,19.48329204012004,2026-03
2026-03-17,ITA US 07/17/26 C230 Equity,2026-03-24,10.7,15.8,15.667374174412444,15.8,15.667374174412444,21.057340377124547,16.932475887311988,20.699265,15.459873963856499,2026-03
2026-03-17,ITA US 10/16/26 C250 Equity,2026-03-24,8.55,12.45,11.96049860526956,12.45,11.96049860526956,16.618827359079496,13.590288265083355,12.202788,12.0410744593341,2026-03
2026-03-17,ITA US 10/16/26 C255 Equity,2026-03-24,7.3500000000000005,10.899999999999999,10.252541939134112,10.899999999999999,10.252541939134112,14.315130127746166,11.000418815910262,10.739766,9.340123555359636,2026-03
2026-03-17,ITA US 12/18/26 C235 Equity,2026-03-24,16.35,21.4,21.079813699209236,21.4,21.079813699209236,25.531569847054016,21.37645030052198,25.546371,20.907402345721923,2026-03
2026-03-17,ITA US 10/16/26 C240 Equity,2026-03-24,11.45,16.25,15.950569179781917,16.25,15.950569179781917,20.277998077544837,16.05260746057381,20.667738,15.002413605872292,2026-03
2026-03-17,ITA US 12/18/26 C250 Equity,2026-03-24,11.35,15.9,15.045885016904602,15.9,15.045885016904602,19.294786888977313,16.89381949191248,17.612133,15.932799358641667,2026-03
2026-03-17,ITA US 12/18/26 C245 Equity,2026-03-24,12.85,17.15,16.328754537285104,17.15,16.328754537285104,20.80040550660921,17.832833431901726,20.538109,16.724594533196488,2026-03
2026-03-17,ITA US 10/16/26 C245 Equity,2026-03-24,10.0,14.35,13.811219535912173,14.35,13.811219535912173,18.589737703343477,15.057663393285374,16.051783,13.729951213138964,2026-03
2026-03-17,ITA US 10/16/26 C235 Equity,2026-03-24,13.3,18.549999999999997,18.11647103082545,18.549999999999997,18.11647103082545,22.29954488206001,17.654121029609815,23.827042,17.0620287791334,2026-03
2026-03-17,ITA US 10/16/26 C230 Equity,2026-03-24,15.35,20.9,20.67062792632799,20.9,20.67062792632799,24.289046811797483,19.558352938760024,24.382286,19.202477395210288,2026-03
2026-03-18,ITA US 12/18/26 C235 Equity,2026-03-25,18.049999999999997,21.1,19.823897599690362,21.1,19.823897599690362,22.29646843184696,20.23389867021347,25.247086,20.818190613848536,2026-03
2026-03-18,ITA US 01/15/27 C250 Equity,2026-03-25,13.2,15.85,14.849978692454783,15.85,14.849978692454783,15.914548408460337,15.538512376175573,19.255457,14.672656081068038,2026-03
2026-03-18,ITA US 07/17/26 C230 Equity,2026-03-25,12.350000000000001,16.1,15.293150229880624,16.1,15.293150229880624,19.603280426905904,16.79687447412715,21.165716,16.19767571683679,2026-03
2026-03-18,ITA US 07/17/26 C250 Equity,2026-03-25,5.75,8.0,7.256720999451974,8.0,7.256720999451974,10.458856658770607,8.691252309889862,10.210054,7.8273765852422015,2026-03
2026-03-18,ITA US 01/15/27 C240 Equity,2026-03-25,16.6,19.85,18.744647188014184,19.85,18.744647188014184,20.165644057286194,18.484545210788173,22.947794,18.150697765997727,2026-03
2026-03-18,ITA US 01/15/27 C230 Equity,2026-03-25,20.700000000000003,25.4,24.059697055697477,25.4,24.059697055697477,26.5664849106856,22.202948816279765,27.291498,23.286915185145205,2026-03
2026-03-18,ITA US 10/16/26 C250 Equity,2026-03-25,9.85,12.2,11.131861595669648,12.2,11.131861595669648,13.559853019339016,12.652248544952576,12.372323,12.033378397548402,2026-03
2026-03-18,ITA US 12/18/26 C245 Equity,2026-03-25,14.3,16.6,15.519522401721767,16.6,15.519522401721767,17.555196479462367,16.65701837665498,20.05195,16.3345608792951,2026-03
2026-03-18,ITA US 10/16/26 C255 Equity,2026-03-25,8.45,10.55,9.494403043294321,10.55,9.494403043294321,11.106621878264896,9.971637903744785,10.804613,9.222054553507276,2026-03
2026-03-18,ITA US 10/16/26 C240 Equity,2026-03-25,13.2,15.65,14.725041434190592,15.65,14.725041434190592,16.127492790197454,14.725946285033244,19.609821,14.602035234156848,2026-03
2026-03-18,ITA US 12/18/26 C230 Equity,2026-03-25,20.45,23.15,22.24424838314885,23.15,22.24424838314885,25.0242728803321,22.20956217658325,26.432606,22.400469959021567,2026-03
2026-03-18,ITA US 10/16/26 C230 Equity,2026-03-25,17.2,20.0,19.240292552645283,20.0,19.240292552645283,21.156261466617543,18.3099075695966,24.086325,18.755118744194064,2026-03
2026-03-18,ITA US 12/18/26 C240 Equity,2026-03-25,15.85,18.25,17.57527244996315,18.25,17.57527244996315,18.57929906248996,18.67777681770216,21.908848,18.231252702404948,2026-03
2026-03-18,ITA US 12/18/26 C250 Equity,2026-03-25,12.55,14.75,13.725497487961889,14.75,13.725497487961889,15.82598516996633,15.792475742022168,16.797035,15.140147108722436,2026-03
2026-03-18,ITA US 10/16/26 C235 Equity,2026-03-25,15.05,17.950000000000003,16.56846655144754,17.950000000000003,16.56846655144754,18.248942664992832,15.926375535814785,23.11313,16.613458663246067,2026-03
2026-03-18,ITA US 07/17/26 C295 Equity,2026-03-25,1.6749999999999998,1.9749999999999999,1.6605439365095174,1.9749999999999999,1.6605439365095174,8.084573059052353,3.233340492268532,4.1697083,1.5907127574495843,2026-03
2026-03-18,ITA US 07/17/26 C280 Equity,2026-03-25,2.2,2.6,2.196173314122834,2.6,2.196173314122834,6.393518928816825,3.66582378501316,4.691608,2.2307993060178077,2026-03
2026-03-18,ITA US 10/16/26 C245 Equity,2026-03-25,11.45,14.05,12.831073035973503,14.05,12.831073035973503,15.249922698683763,14.096521936828951,15.905606,13.672652001240962,2026-03
2026-03-19,ITA US 10/16/26 C245 Equity,2026-03-26,9.25,12.0,11.091000184205843,12.0,11.091000184205843,9.992747043855095,11.816646062788429,13.61375,11.029697170952396,2026-03
2026-03-19,ITA US 10/16/26 C235 Equity,2026-03-26,12.649999999999999,16.0,15.030113884757172,16.0,15.030113884757172,13.207175440058451,14.029331761715309,19.809626,14.12906851719606,2026-03
2026-03-19,ITA US 12/18/26 C240 Equity,2026-03-26,13.65,16.75,15.660880650007535,16.75,15.660880650007535,13.807658297829331,16.00673651632819,20.283478,16.056689273295,2026-03
2026-03-19,ITA US 01/15/27 C240 Equity,2026-03-26,14.0,17.35,16.386246027259013,17.35,16.386246027259013,14.535107144777365,16.05438194850592,20.87664,15.303669037898063,2026-03
2026-03-19,ITA US 10/16/26 C250 Equity,2026-03-26,8.1,10.149999999999999,9.265639303428978,10.149999999999999,9.265639303428978,7.710431526776302,10.400248733617463,11.787038,9.396313379270566,2026-03
2026-03-19,ITA US 12/18/26 C235 Equity,2026-03-26,15.35,18.85,17.819488946156156,18.85,17.819488946156156,15.82045455950418,18.06775885814481,22.690905,17.958534111131634,2026-03
2026-03-19,ITA US 01/15/27 C250 Equity,2026-03-26,11.15,13.7,12.845769980742686,13.7,12.845769980742686,10.656332112019793,13.162054758244349,16.407026,12.02944018742925,2026-03
2026-03-19,ITA US 07/17/26 C295 Equity,2026-03-26,1.625,1.775,1.5150137072563676,1.775,1.5150137072563676,6.4972706299878915,2.066229625223052,4.1449256,0.7951277493049149,2026-03
2026-03-19,ITA US 07/17/26 C250 Equity,2026-03-26,4.1,6.4,5.8581709684812955,6.4,5.8581709684812955,5.666939668195912,6.70718028910278,10.291612,5.710518418887338,2026-03
2026-03-19,ITA US 10/16/26 C255 Equity,2026-03-26,6.85,8.65,7.875880833869846,8.65,7.875880833869846,6.280503548997498,7.577993934432392,9.932812,6.735402857236249,2026-03
2026-03-19,ITA US 12/18/26 C245 Equity,2026-03-26,12.0,14.6,13.627320211064486,14.6,13.627320211064486,12.033839799333904,14.299830534936081,16.971764,13.748769148803921,2026-03
2026-03-19,ITA US 01/15/27 C230 Equity,2026-03-26,18.15,21.85,21.237503108478197,21.85,21.237503108478197,19.10007010819697,19.129996457599532,25.32146,19.671404530701945,2026-03
2026-03-19,ITA US 12/18/26 C250 Equity,2026-03-26,10.8,13.149999999999999,12.291492044363148,13.149999999999999,12.291492044363148,11.216121669321517,13.475524627307173,14.361463,12.800781038183048,2026-03
2026-03-19,ITA US 10/16/26 C240 Equity,2026-03-26,10.75,13.95,12.994399392595923,13.95,12.994399392595923,11.057238368649553,12.740305630153127,16.354338,12.359902325896282,2026-03
2026-03-19,ITA US 10/16/26 C230 Equity,2026-03-26,14.5,18.35,17.35915447041961,18.35,17.35915447041961,15.80630170046816,16.628138658099594,23.405487,16.835008726310285,2026-03
2026-03-19,ITA US 07/17/26 C280 Equity,2026-03-26,1.3499999999999999,2.325,1.6436967724679077,2.325,1.6436967724679077,1.7823639843721093,1.6836675812122586,4.603235,1.2597910889894002,2026-03
2026-03-19,ITA US 07/17/26 C230 Equity,2026-03-26,10.2,13.6,12.74479597389545,13.6,12.74479597389545,13.207125256330203,14.140262482212604,18.110739,13.337082391684183,2026-03
2026-03-19,ITA US 12/18/26 C230 Equity,2026-03-26,17.3,21.25,20.164737064157904,21.25,20.164737064157904,19.075089343699958,19.62223404268331,25.38629,20.096322670207048,2026-03
2026-03-20,ITA US 10/16/26 C235 Equity,2026-03-27,11.0,13.3,13.026384106127491,13.3,13.026384106127491,12.47765951194248,14.967428445269176,16.592382,12.800792105749265,2026-03
2026-03-20,ITA US 01/15/27 C240 Equity,2026-03-27,12.5,15.1,14.81286471807357,15.1,14.81286471807357,13.621925389422888,18.131743086460606,18.776144,15.301537959580989,2026-03
2026-03-20,ITA US 10/16/26 C245 Equity,2026-03-27,8.1,9.95,9.770201364276097,9.95,9.770201364276097,9.676505311764416,12.787443906718245,11.740325,10.320551017835541,2026-03
2026-03-20,ITA US 12/18/26 C230 Equity,2026-03-27,15.7,18.200000000000003,17.756106713419715,18.200000000000003,17.756106713419715,16.779318584456355,20.222130123808977,22.508,18.414622381128762,2026-03
2026-03-20,ITA US 12/18/26 C235 Equity,2026-03-27,13.7,16.25,15.403015939351572,16.25,15.403015939351572,14.63064079704672,18.1692339656241,20.120071,16.690851496028827,2026-03
2026-03-20,ITA US 10/16/26 C230 Equity,2026-03-27,12.85,15.05,14.823591582239525,15.05,14.823591582239525,14.101262387423315,16.943871009811424,19.847795,14.885192734954765,2026-03
2026-03-20,ITA US 07/17/26 C230 Equity,2026-03-27,8.25,10.649999999999999,10.86945821959191,10.649999999999999,10.86945821959191,10.784005125888658,15.120797377347156,13.986954,11.726695711347539,2026-03
2026-03-20,ITA US 12/18/26 C250 Equity,2026-03-27,9.1,11.1,10.665987439128912,11.1,10.665987439128912,10.127661301907503,13.931499463633617,11.576705,12.095953769645265,2026-03
2026-03-20,ITA US 12/18/26 C240 Equity,2026-03-27,12.1,14.450000000000001,13.80414669068579,14.450000000000001,13.80414669068579,13.041224170884096,16.726156769269924,17.045622,15.141665058300914,2026-03
2026-03-20,ITA US 01/15/27 C230 Equity,2026-03-27,16.049999999999997,18.8,18.852328632130344,18.8,18.852328632130344,17.31099086465305,21.327728147706182,23.30301,18.988867977199817,2026-03
2026-03-20,ITA US 01/15/27 C250 Equity,2026-03-27,9.7,12.600000000000001,11.443659565399395,12.600000000000001,11.443659565399395,10.843911509460357,13.786623980148505,13.274096,12.2356057923787,2026-03
2026-03-20,ITA US 12/18/26 C245 Equity,2026-03-27,10.6,12.899999999999999,11.799302073254388,12.899999999999999,11.799302073254388,11.572243779072464,15.153826495052309,14.396483,13.392253173543171,2026-03
2026-03-20,ITA US 10/16/26 C240 Equity,2026-03-27,9.45,11.5,11.219479888800691,11.5,11.219479888800691,10.667951169241986,13.582802169921557,13.093735,11.266389468558305,2026-03
2026-03-20,ITA US 07/17/26 C280 Equity,2026-03-27,1.525,1.775,1.7287550660790176,1.775,1.7287550660790176,4.04277649267722,3.52257466939931,4.6813154,2.00749189037623,2026-03
2026-03-20,ITA US 10/16/26 C250 Equity,2026-03-27,7.3,8.9,7.878782104206475,8.9,7.878782104206475,7.230365863331922,11.43528980570586,10.785042,9.477287703451566,2026-03
2026-03-20,ITA US 10/16/26 C255 Equity,2026-03-27,5.3,7.55,7.230116910143642,7.55,7.230116910143642,6.880571045663288,9.145250086131016,7.9966826,6.952880646129956,2026-03
2026-03-20,ITA US 07/17/26 C250 Equity,2026-03-27,3.55,4.8,4.642746883328697,4.8,4.642746883328697,5.2513604302485035,8.568849775884566,8.633698,5.582993543721116,2026-03
2026-03-23,ITA US 10/16/26 C235 Equity,2026-03-30,9.15,14.35,13.413504543345958,14.35,13.413504543345958,17.63450308349509,15.121381398684067,15.798732,13.683220988725923,2026-03
2026-03-23,ITA US 12/18/26 C250 Equity,2026-03-30,7.300000000000001,11.15,10.055642596543562,11.15,10.055642596543562,13.585368822580461,13.316096680626034,11.438848,12.007267674507926,2026-03
2026-03-23,ITA US 10/16/26 C245 Equity,2026-03-30,6.7,10.75,9.986348291472282,10.75,9.986348291472282,14.330378717447552,12.80791974725165,12.037849,10.942210110857841,2026-03
2026-03-23,ITA US 10/16/26 C250 Equity,2026-03-30,6.0,9.0,8.847060791523935,9.0,8.847060791523935,11.787181151780205,12.113648776087032,11.756553,9.46004509109171,2026-03
2026-03-23,ITA US 01/15/27 C230 Equity,2026-03-30,13.45,19.75,18.604946844453902,19.75,18.604946844453902,21.777262615047896,21.03038960791688,22.697178,19.75868402436522,2026-03
2026-03-23,ITA US 01/15/27 C250 Equity,2026-03-30,7.9,11.95,11.087753118681787,11.95,11.087753118681787,13.96237484267407,12.946610307016112,11.297672,11.456492915902222,2026-03
2026-03-23,ITA US 07/17/26 C250 Equity,2026-03-30,3.375,4.5,4.679626109297983,4.5,4.679626109297983,8.259638263853248,8.166171146288345,7.965195,5.031248356501365,2026-03
2026-03-23,ITA US 07/17/26 C230 Equity,2026-03-30,6.7,11.100000000000001,10.770623773862846,11.100000000000001,10.770623773862846,15.03585291757632,14.406831049244174,13.213294,11.966634968895681,2026-03
2026-03-23,ITA US 12/18/26 C240 Equity,2026-03-30,9.100000000000001,14.850000000000001,13.630457508875699,14.850000000000001,13.630457508875699,17.428582010367435,16.967769798027533,16.236729,15.484892661095126,2026-03
2026-03-23,ITA US 10/16/26 C240 Equity,2026-03-30,7.85,12.45,11.965853683768655,12.45,11.965853683768655,16.151521027796043,14.204056149001703,12.15072,12.097803795482248,2026-03
2026-03-23,ITA US 07/17/26 C280 Equity,2026-03-30,0.525,2.25,2.0039757173605555,2.25,2.0039757173605555,8.699748402448378,4.943360014219634,4.5524607,2.36819074764777,2026-03
2026-03-23,ITA US 10/16/26 C255 Equity,2026-03-30,5.1,8.3,6.852133019917671,8.3,6.852133019917671,10.892863316010349,9.193200150292748,7.9873157,7.611740837092466,2026-03
2026-03-23,ITA US 10/16/26 C230 Equity,2026-03-30,10.2,16.7,15.664032934693562,16.7,15.664032934693562,20.32014233736454,17.71213137598225,20.736294,16.4143737339103,2026-03
2026-03-23,ITA US 12/18/26 C235 Equity,2026-03-30,11.4,16.55,15.623776758464958,16.55,15.623776758464958,18.794749405217626,18.20156543328386,20.170591,16.85754303481139,2026-03
2026-03-23,ITA US 01/15/27 C240 Equity,2026-03-30,10.0,16.0,14.608093545628128,16.0,14.608093545628128,17.502727887222804,18.18634087565786,18.3802,16.1699856095402,2026-03
2026-03-23,ITA US 12/18/26 C230 Equity,2026-03-30,12.95,18.9,17.65089044731998,18.9,17.65089044731998,21.400200789067895,19.93941561374996,22.62584,18.979360633968493,2026-03
2026-03-23,ITA US 12/18/26 C245 Equity,2026-03-30,8.95,13.15,11.95430776790616,13.15,11.95430776790616,15.336116908064465,14.92654935935304,13.705339,13.453142476611113,2026-03
2026-03-24,ITA US 12/18/26 C240 Equity,2026-03-31,12.649999999999999,14.5,13.784769138031228,14.5,13.784769138031228,18.382174332074364,18.953331889869776,16.088486,16.92588793630873,2026-03
2026-03-24,ITA US 10/16/26 C250 Equity,2026-03-31,6.5,8.55,7.754472997988267,8.55,7.754472997988267,12.804532624392825,12.992308103525767,10.999677,10.7948337997646,2026-03
2026-03-24,ITA US 01/15/27 C245 Equity,2026-03-31,11.100000000000001,13.55,12.87417359235328,13.55,12.87417359235328,17.94929725745751,18.253555860849563,14.937526,16.224262141024575,2026-03
2026-03-24,ITA US 01/15/27 C240 Equity,2026-03-31,12.75,15.1,14.46204973502479,15.1,14.46204973502479,18.543869184381492,19.673467193865577,18.55603,17.124152210459627,2026-03
2026-03-24,ITA US 10/16/26 C240 Equity,2026-03-31,9.35,11.45,10.768878752629986,11.45,10.768878752629986,16.27942294104279,15.076249285830592,11.43942,12.903241816811647,2026-03
2026-03-24,ITA US 07/17/26 C295 Equity,2026-03-31,1.4749999999999999,1.575,1.363218000840059,1.575,1.363218000840059,14.239744460081711,6.04610916094275,4.279108,3.562681860652066,2026-03
2026-03-24,ITA US 07/17/26 C250 Equity,2026-03-31,3.475,4.55,4.208414674559492,4.55,4.208414674559492,9.066006506181733,9.538667316121742,6.9333043,6.938154228276401,2026-03
2026-03-24,ITA US 01/15/27 C250 Equity,2026-03-31,9.75,12.0,11.540807797331414,12.0,11.540807797331414,15.823505441886438,14.694448431430878,10.87925,13.219553464790684,2026-03
2026-03-24,ITA US 12/18/26 C245 Equity,2026-03-31,10.649999999999999,12.85,11.949437485053487,12.85,11.949437485053487,16.62934609954933,16.848337162820204,12.998631,15.022346338484216,2026-03
2026-03-24,ITA US 12/18/26 C235 Equity,2026-03-31,14.1,16.35,15.648725174355352,16.35,15.648725174355352,20.453323761530093,20.222098080356993,20.143167,18.52903942405997,2026-03
2026-03-24,ITA US 12/18/26 C250 Equity,2026-03-31,9.0,11.35,10.30983041387488,11.35,10.30983041387488,14.75110296338143,15.546264124718208,11.2669735,14.02084530793558,2026-03
2026-03-24,ITA US 10/16/26 C245 Equity,2026-03-31,7.95,10.0,9.26235842604665,10.0,9.26235842604665,14.687014429213754,13.996964729328388,11.629149,12.024697146338111,2026-03
2026-03-24,ITA US 10/16/26 C255 Equity,2026-03-31,5.55,7.3500000000000005,6.765202873060419,7.3500000000000005,6.765202873060419,11.325177989510435,10.661419568772924,7.7829504,8.450502784337662,2026-03
2026-03-24,ITA US 01/15/27 C230 Equity,2026-03-31,16.75,18.5,18.058336110740786,18.5,18.058336110740786,22.385660901883448,22.12796844904155,22.375937,20.338937731877078,2026-03
2026-03-24,ITA US 10/16/26 C235 Equity,2026-03-31,11.0,13.3,12.694287654894366,13.3,12.694287654894366,17.75037924238118,16.24791907225608,15.39329,14.450868428202707,2026-03
2026-03-24,ITA US 12/18/26 C230 Equity,2026-03-31,16.0,18.5,17.7162804295725,18.5,17.7162804295725,22.856272641905925,22.016755016133967,22.412737,20.446390367280255,2026-03
2026-03-24,ITA US 07/17/26 C280 Equity,2026-03-31,0.975,0.975,0.7924180211686533,0.975,0.7924180211686533,7.633287955753641,3.1965468812044566,4.5947638,2.880312803190671,2026-03
2026-03-24,ITA US 10/16/26 C230 Equity,2026-03-31,13.0,15.35,14.702483664633501,15.35,14.702483664633501,20.13459397574835,18.67803051832845,19.999168,16.861275293253748,2026-03
2026-03-24,ITA US 07/17/26 C230 Equity,2026-03-31,8.75,10.7,10.279523315979116,10.7,10.279523315979116,15.92882757707173,15.743173532301777,12.372249,13.387971611208524,2026-03
2026-03-24,ITA US 01/15/27 C235 Equity,2026-03-31,14.5,16.5,16.060555382091188,16.5,16.060555382091188,20.778156216169343,19.159040518899047,19.974627,17.330044575613645,2026-03
2026-03-25,ITA US 12/18/26 C240 Equity,2026-04-01,14.9,15.85,15.192387174590825,15.85,15.192387174590825,16.99523107398531,17.199363072313975,18.288006,16.693244563738247,2026-03
2026-03-25,ITA US 10/16/26 C235 Equity,2026-04-01,13.8,15.05,14.504845762148337,15.05,14.504845762148337,16.849596876261344,15.067578742237028,17.2917,14.669268541548131,2026-03
2026-03-25,ITA US 01/15/27 C250 Equity,2026-04-01,12.05,13.2,12.616674583385004,13.2,12.616674583385004,14.401488092121419,13.043851786470999,12.537078,12.971333948557131,2026-03
2026-03-25,ITA US 10/16/26 C255 Equity,2026-04-01,6.95,8.45,8.02847026708538,8.45,8.02847026708538,9.80760341544136,9.119602556159343,8.20368,7.996966467886671,2026-03
2026-03-25,ITA US 07/17/26 C250 Equity,2026-04-01,5.2,5.75,5.217464703670029,5.75,5.217464703670029,6.922405355410708,7.707205430913492,8.161795,6.446567631300588,2026-03
2026-03-25,ITA US 12/18/26 C235 Equity,2026-04-01,16.9,18.049999999999997,17.468435095245653,18.049999999999997,17.468435095245653,20.293266664017317,18.835360696824157,21.302917,18.631778019373904,2026-03
2026-03-25,ITA US 12/18/26 C250 Equity,2026-04-01,10.95,12.55,11.895844807684623,12.55,11.895844807684623,13.318000800859995,14.267085871514757,11.642468,13.697477479513804,2026-03
2026-03-25,ITA US 10/16/26 C250 Equity,2026-04-01,8.75,9.85,9.394489127201778,9.85,9.394489127201778,11.247494027841743,11.574238434449956,11.042268,10.541297483313611,2026-03
2026-03-25,ITA US 10/16/26 C245 Equity,2026-04-01,10.0,11.45,11.01295289862738,11.45,11.01295289862738,13.417359577188737,13.005280077617607,12.165708,11.947563915620357,2026-03
2026-03-25,ITA US 10/16/26 C230 Equity,2026-04-01,15.45,17.2,16.66076316850013,17.2,16.66076316850013,19.31593844918023,17.221855445292086,22.515516,17.136596246781732,2026-03
2026-03-25,ITA US 01/15/27 C230 Equity,2026-04-01,20.0,20.700000000000003,19.950096690867944,20.700000000000003,19.950096690867944,22.4286100467852,20.897869499903134,23.906498,20.986195115201483,2026-03
2026-03-25,ITA US 01/15/27 C240 Equity,2026-04-01,15.6,16.6,15.980151878462358,16.6,15.980151878462358,18.199960536056807,17.77711349550415,19.333866,16.988278301892947,2026-03
2026-03-25,ITA US 01/15/27 C245 Equity,2026-04-01,13.850000000000001,14.649999999999999,14.316877277372923,14.649999999999999,14.316877277372923,16.901111950272522,16.505732040398808,15.641188,15.638894532074413,2026-03
2026-03-25,ITA US 10/16/26 C240 Equity,2026-04-01,11.7,13.2,12.688434059476338,13.2,12.688434059476338,14.962746514691622,13.904739216373521,13.402843,13.097869022279943,2026-03
2026-03-25,ITA US 07/17/26 C230 Equity,2026-04-01,11.0,12.350000000000001,11.785269454727969,12.350000000000001,11.785269454727969,15.763065707118889,14.523771759338805,13.606452,13.56429048037488,2026-03
2026-03-25,ITA US 12/18/26 C245 Equity,2026-04-01,13.05,14.3,13.528787426477198,14.3,13.528787426477198,15.715024558162693,15.553866095977352,14.615726,14.901386647982562,2026-03
2026-03-25,ITA US 07/17/26 C280 Equity,2026-04-01,1.325,2.2,2.012358900214163,2.2,2.012358900214163,1.9949483575809772,4.520957197941923,4.7178607,2.6001521950662285,2026-03
2026-03-25,ITA US 12/18/26 C230 Equity,2026-04-01,19.25,20.45,19.678737583238966,20.45,19.678737583238966,22.343051962978297,20.598672183054717,23.884817,20.756446652664447,2026-03
2026-03-25,ITA US 07/17/26 C295 Equity,2026-04-01,0.725,1.6749999999999998,1.4554286021749858,1.6749999999999998,1.4554286021749858,10.64725249290938,3.524254401062544,4.1588163,2.096539276166001,2026-03
2026-03-25,ITA US 01/15/27 C235 Equity,2026-04-01,17.65,18.5,17.925941541333586,18.5,17.925941541333586,19.925248071606237,18.06071080684635,21.421646,17.685522798512512,2026-03
2026-03-26,ITA US 07/17/26 C250 Equity,2026-04-02,3.95,4.1,3.81334502890907,4.1,3.81334502890907,8.29417477806327,6.710739893819667,6.4864135,5.733624395045311,2026-03
2026-03-26,ITA US 07/17/26 C295 Equity,2026-04-02,1.6749999999999998,1.625,1.4330441608927857,1.625,1.4330441608927857,14.334699270343018,4.594896629806817,4.389946,2.9398436911190338,2026-03
2026-03-26,ITA US 07/17/26 C280 Equity,2026-04-02,0.875,1.3499999999999999,1.2831670929844037,1.3499999999999999,1.2831670929844037,8.357673491791186,2.9965829580914622,4.771372,2.638392514382839,2026-03
2026-03-26,ITA US 10/16/26 C250 Equity,2026-04-02,8.05,8.1,7.378581145456932,8.1,7.378581145456932,11.95510781537514,10.810617504350354,9.450741,9.671995630231567,2026-03
2026-03-26,ITA US 01/15/27 C250 Equity,2026-04-02,11.15,11.15,10.264336417339083,11.15,10.264336417339083,14.059018002657972,12.810159580067989,11.419094,11.871911190913456,2026-03
2026-03-26,ITA US 12/18/26 C245 Equity,2026-04-02,12.4,12.0,11.323400230350057,12.0,11.323400230350057,15.33482748977166,14.606317489785216,13.950678,13.479454617044414,2026-03
2026-03-26,ITA US 10/16/26 C255 Equity,2026-04-02,6.65,6.85,6.1954660013675555,6.85,6.1954660013675555,10.244188233635365,8.221598410315845,7.861522,7.25205522884678,2026-03
2026-03-26,ITA US 12/18/26 C250 Equity,2026-04-02,10.6,10.8,10.041937339860441,10.8,10.041937339860441,13.56114395991007,13.997963050434509,9.886221,12.850355713628488,2026-03
2026-03-26,ITA US 10/16/26 C240 Equity,2026-04-02,11.0,10.75,9.957602709529784,10.75,9.957602709529784,14.005614498575905,12.897724911928034,12.361243,11.560479689173285,2026-03
2026-03-26,ITA US 01/15/27 C240 Equity,2026-04-02,14.1,14.0,13.3287255853105,14.0,13.3287255853105,16.203548745539386,16.578363532349893,16.791782,15.29281109754045,2026-03
2026-03-26,ITA US 01/15/27 C235 Equity,2026-04-02,16.15,16.15,15.44884532190252,16.15,15.44884532190252,18.588558355433932,17.324938917282452,19.652754,16.186220052937113,2026-03
2026-03-26,ITA US 07/17/26 C230 Equity,2026-04-02,10.45,10.2,9.96644216828254,10.2,9.96644216828254,15.402605133329304,14.86449596931048,11.7916,12.26877340217668,2026-03
2026-03-26,ITA US 01/15/27 C245 Equity,2026-04-02,13.05,12.2,11.547279587575442,12.2,11.547279587575442,15.525529137838776,15.24453721459623,13.796018,14.06480432256917,2026-03
2026-03-26,ITA US 12/18/26 C240 Equity,2026-04-02,13.9,13.65,12.907723974309292,13.65,12.907723974309292,16.026257888120483,16.580925327034873,16.267109,15.392852112708818,2026-03
2026-03-26,ITA US 10/16/26 C245 Equity,2026-04-02,9.399999999999999,9.25,8.482833100091792,9.25,8.482833100091792,12.89634491676245,11.878132213743726,11.269738,10.621958928520776,2026-03
2026-03-26,ITA US 10/16/26 C230 Equity,2026-04-02,14.95,14.5,13.72797081582244,14.5,13.72797081582244,17.525020869888387,16.438376755755513,17.483122,15.378030594240949,2026-03
2026-03-26,ITA US 12/18/26 C235 Equity,2026-04-02,15.95,15.35,14.385348931455518,15.35,14.385348931455518,18.50888692918646,17.581315739815178,18.81486,16.820218928502424,2026-03
2026-03-26,ITA US 10/16/26 C235 Equity,2026-04-02,12.7,12.649999999999999,11.86431263743968,12.649999999999999,11.86431263743968,15.749292769860006,14.27311802042328,14.312815,13.160736478420445,2026-03
2026-03-26,ITA US 12/18/26 C230 Equity,2026-04-02,17.9,17.3,16.372924939774336,17.3,16.372924939774336,19.647128826017294,18.740872073934646,20.886757,18.423965688049268,2026-03
2026-03-26,ITA US 01/15/27 C230 Equity,2026-04-02,18.549999999999997,18.15,17.445405247745843,18.15,17.445405247745843,20.89598686457559,20.20516466467858,21.119638,19.295353682210713,2026-03
2026-03-27,ITA US 10/16/26 C240 Equity,2026-04-06,11.65,9.45,8.780736733759912,9.45,8.780736733759912,11.479292940469563,12.025248912839409,10.335855,11.14121984273648,2026-03
2026-03-27,ITA US 01/15/27 C245 Equity,2026-04-06,13.5,11.1,10.164134669588528,11.1,10.164134669588528,12.915708937225897,13.945133129886997,10.188495,13.781029662573488,2026-03
2026-03-27,ITA US 01/15/27 C230 Equity,2026-04-06,19.65,16.049999999999997,15.181123904976383,16.049999999999997,15.181123904976383,17.80138998313518,18.737429062593417,19.488703,18.130985563851034,2026-03
2026-03-27,ITA US 01/15/27 C250 Equity,2026-04-06,11.850000000000001,9.7,8.745098622899285,9.7,8.745098622899285,10.51350343584546,12.127649056294576,8.817096,11.577848608802604,2026-03
2026-03-27,ITA US 01/15/27 C235 Equity,2026-04-06,17.95,14.350000000000001,13.657199524776418,14.350000000000001,13.657199524776418,15.801004013052708,15.959941541179365,16.953215,15.278876700927281,2026-03
2026-03-27,ITA US 07/17/26 C250 Equity,2026-04-06,4.5,3.55,3.0998843307028316,3.55,3.0998843307028316,6.442430830878486,6.614619552540985,4.9226146,6.075107078006251,2026-03
2026-03-27,ITA US 12/18/26 C250 Equity,2026-04-06,10.75,9.1,8.31643183627185,9.1,8.31643183627185,10.366135422998303,12.474262796509887,9.211939,12.029813453180003,2026-03
2026-03-27,ITA US 12/18/26 C230 Equity,2026-04-06,18.85,15.7,14.661016123610976,15.7,14.661016123610976,17.316739571358873,17.80567274376268,18.84203,17.806349685668465,2026-03
2026-03-27,ITA US 12/18/26 C240 Equity,2026-04-06,15.05,12.1,11.111824919534895,12.1,11.111824919534895,13.852827406557331,15.23721986988514,13.360072,14.764041248233347,2026-03
2026-03-27,ITA US 07/17/26 C280 Equity,2026-04-06,1.625,1.525,1.2509280411541814,1.525,1.2509280411541814,7.6760107575093794,4.0998707027059975,4.7121425,3.8657062610265003,2026-03
2026-03-27,ITA US 10/16/26 C250 Equity,2026-04-06,8.8,7.3,6.522949495628973,7.3,6.522949495628973,9.590507397770418,10.44303960604572,8.870138,9.792294498503885,2026-03
2026-03-27,ITA US 10/16/26 C245 Equity,2026-04-06,9.55,8.1,7.371985370563184,8.1,7.371985370563184,10.265181151907885,10.963041082027713,9.450793,10.367141828199763,2026-03
2026-03-27,ITA US 12/18/26 C245 Equity,2026-04-06,12.55,10.6,9.930033075021798,10.6,9.930033075021798,12.673485536296884,13.887553862488813,10.12425,13.014107421447207,2026-03
2026-03-27,ITA US 10/16/26 C230 Equity,2026-04-06,16.15,12.85,12.183037860382665,12.85,12.183037860382665,14.972524304785011,15.384093096766698,13.973608,14.619540537758503,2026-03
2026-03-27,ITA US 10/16/26 C235 Equity,2026-04-06,13.7,11.0,10.328408516608782,11.0,10.328408516608782,13.037022091729016,13.243609245433655,11.112719,12.427458958008156,2026-03
2026-03-27,ITA US 07/17/26 C230 Equity,2026-04-06,10.5,8.25,8.107693476006391,8.25,8.107693476006391,13.220383796628166,13.451694344843844,11.085991,11.27554801383803,2026-03
2026-03-27,ITA US 01/15/27 C240 Equity,2026-04-06,15.899999999999999,12.5,11.157177687922434,12.5,11.157177687922434,13.058194682957357,14.436268658865776,13.354897,14.623772107380972,2026-03
2026-03-27,ITA US 12/18/26 C235 Equity,2026-04-06,16.6,13.7,12.642038793844176,13.7,12.642038793844176,15.530168899799202,16.455986489516327,16.300903,16.091408064026954,2026-03
2026-03-27,ITA US 10/16/26 C255 Equity,2026-04-06,6.85,5.3,4.93964732056893,5.3,4.93964732056893,6.9824209607049745,6.986669458739257,7.315828,6.684379798190715,2026-03
2026-03-30,ITA US 07/17/26 C230 Equity,2026-04-07,9.8,6.7,6.335953428969086,6.7,6.335953428969086,18.62467506649864,14.651661814197679,10.606828,10.841186103007,2026-03
2026-03-30,ITA US 12/18/26 C240 Equity,2026-04-07,14.2,9.100000000000001,8.478089305005478,9.100000000000001,8.478089305005478,16.641966995461544,15.159724442780787,9.581999,12.844167653795656,2026-03
2026-03-30,ITA US 12/18/26 C230 Equity,2026-04-07,18.05,12.95,12.41095991218072,12.95,12.41095991218072,21.25690853271395,18.799596072194444,15.639093,16.212833606686463,2026-03
2026-03-30,ITA US 10/16/26 C240 Equity,2026-04-07,11.05,7.85,7.2985322975775775,7.85,7.2985322975775775,16.43708502669962,13.019640998183608,8.329761,10.623754862266983,2026-03
2026-03-30,ITA US 07/17/26 C280 Equity,2026-04-07,1.7249999999999999,0.525,0.4324256371066645,0.525,0.4324256371066645,13.874811818739559,3.232153284421127,4.8862414,3.8641410960394698,2026-03
2026-03-30,ITA US 10/16/26 C245 Equity,2026-04-07,9.5,6.7,6.244727270520631,6.7,6.244727270520631,15.579178422607063,12.360933658846978,8.947233,10.073449755607399,2026-03
2026-03-30,ITA US 01/15/27 C235 Equity,2026-04-07,17.35,12.350000000000001,10.638670881614656,12.350000000000001,10.638670881614656,19.133051187876987,16.171255389950232,13.7874365,14.382951300366505,2026-03
2026-03-30,ITA US 07/17/26 C250 Equity,2026-04-07,4.4,3.375,3.0846806738251145,3.375,3.0846806738251145,14.324281601282241,10.069216819304367,4.9852986,7.129796854322455,2026-03
2026-03-30,ITA US 10/16/26 C235 Equity,2026-04-07,12.95,9.15,8.73954848689551,9.15,8.73954848689551,17.820661576032133,14.392546606527997,10.451328,11.679697079366662,2026-03
2026-03-30,ITA US 10/16/26 C255 Equity,2026-04-07,6.95,5.1,4.634632680540625,5.1,4.634632680540625,13.519659623760898,9.409988350862935,7.305587,7.595154381535171,2026-03
2026-03-30,ITA US 12/18/26 C245 Equity,2026-04-07,12.45,8.95,8.388610633240347,8.95,8.388610633240347,17.161012624152825,15.172270154305336,10.149827,12.493980048007797,2026-03
2026-03-30,ITA US 10/16/26 C250 Equity,2026-04-07,7.949999999999999,6.0,5.5827807478254075,6.0,5.5827807478254075,14.809409658469995,11.893368045351739,8.644005,9.56485955460669,2026-03
2026-03-30,ITA US 01/15/27 C240 Equity,2026-04-07,14.9,10.0,9.54360271747638,10.0,9.54360271747638,16.94803640938504,15.694716229735999,9.729712,13.33395720681302,2026-03
2026-03-30,ITA US 01/15/27 C230 Equity,2026-04-07,19.05,13.45,12.385002858203183,13.45,12.385002858203183,20.481017222548935,18.377528762396828,16.410032,16.477730891381743,2026-03
2026-03-30,ITA US 12/18/26 C250 Equity,2026-04-07,10.7,7.300000000000001,6.665947843295262,7.300000000000001,6.665947843295262,14.177227122689827,12.745203482029561,8.910306,11.23697411371615,2026-03
2026-03-30,ITA US 01/15/27 C245 Equity,2026-04-07,13.1,9.350000000000001,8.700842567973273,9.350000000000001,8.700842567973273,17.663280041435293,15.167553018790624,9.638688,13.206672064174047,2026-03
2026-03-30,ITA US 10/16/26 C230 Equity,2026-04-07,15.1,10.2,9.900737799003467,10.2,9.900737799003467,18.409080992775653,15.49645584141308,11.113396,12.969799776839029,2026-03
2026-03-30,ITA US 12/18/26 C235 Equity,2026-04-07,16.1,11.4,10.815692457710973,11.4,10.815692457710973,19.715324520012913,17.429611232939347,13.711071,14.919255571343308,2026-03
2026-03-30,ITA US 01/15/27 C250 Equity,2026-04-07,11.649999999999999,7.9,6.432146040263764,7.9,6.432146040263764,13.922902267115107,12.667080153223925,8.400508,10.935375308125934,2026-03
2026-03-31,ITA US 07/17/26 C280 Equity,2026-04-08,1.825,0.975,0.8486844983009322,0.975,0.8486844983009322,6.465076284878963,3.422078538508977,5.0052257,2.673536362458552,2026-03
2026-03-31,ITA US 07/17/26 C295 Equity,2026-04-08,1.525,1.4749999999999999,1.2799859718483084,1.4749999999999999,1.2799859718483084,20.907818571092612,5.6638635894845155,4.753644,3.0589981882770703,2026-03
2026-03-31,ITA US 12/18/26 C230 Equity,2026-04-08,23.2,16.0,15.134819252436996,16.0,15.134819252436996,23.97631424202035,18.45567587969406,16.93454,17.47888165495449,2026-03
2026-03-31,ITA US 07/17/26 C230 Equity,2026-04-08,14.25,8.75,8.370015739127298,8.75,8.370015739127298,18.18328011041706,13.775834448570608,11.451191,11.042249576871775,2026-03
2026-03-31,ITA US 01/15/27 C230 Equity,2026-04-08,23.7,16.75,15.649130066778476,16.75,15.649130066778476,23.434136321219803,18.418531651262107,19.272339,18.104605174109356,2026-03
2026-03-31,ITA US 01/15/27 C240 Equity,2026-04-08,18.25,12.75,11.852143955361027,12.75,11.852143955361027,18.649437827296097,16.040940962468945,12.648448,14.415041819177462,2026-03
2026-03-31,ITA US 12/18/26 C245 Equity,2026-04-08,16.35,10.649999999999999,9.782671630231231,10.649999999999999,9.782671630231231,17.833566598589243,13.88334774807429,11.659334,12.39702497835305,2026-03
2026-03-31,ITA US 01/15/27 C250 Equity,2026-04-08,14.85,9.75,9.001592432045197,9.75,9.001592432045197,15.251042883582302,12.6919839619885,8.763742,11.042269188242987,2026-03
2026-03-31,ITA US 10/16/26 C230 Equity,2026-04-08,20.4,13.0,12.224512430178972,13.0,12.224512430178972,20.480270177587755,15.08342313584103,13.095103,14.087094819275361,2026-03
2026-03-31,ITA US 10/16/26 C235 Equity,2026-04-08,17.65,11.0,10.366537810588738,11.0,10.366537810588738,18.602204241652707,13.203411051401494,11.564537,11.753884739732943,2026-03
2026-03-31,ITA US 12/18/26 C240 Equity,2026-04-08,18.5,12.649999999999999,11.579691805881838,12.649999999999999,11.579691805881838,19.05897558545566,15.689913608472875,12.507769,14.645801178200497,2026-03
2026-03-31,ITA US 01/15/27 C245 Equity,2026-04-08,16.85,11.100000000000001,10.261293826768883,11.100000000000001,10.261293826768883,18.342421973869445,14.72165727140715,11.659295,13.24180550810505,2026-03
2026-03-31,ITA US 10/16/26 C240 Equity,2026-04-08,15.25,9.35,8.783220102951269,9.35,8.783220102951269,16.3343065593781,12.018713942026526,10.792816,10.371318580622699,2026-03
2026-03-31,ITA US 07/17/26 C250 Equity,2026-04-08,5.95,3.475,3.1102210846238294,3.475,3.1102210846238294,12.669641078838723,7.749128738226171,5.229917,5.433752280966168,2026-03
2026-03-31,ITA US 12/18/26 C250 Equity,2026-04-08,14.100000000000001,9.0,8.381740969014906,9.0,8.381740969014906,14.658499752033299,12.099381347299463,9.296102,11.24756917224725,2026-03
2026-03-31,ITA US 10/16/26 C255 Equity,2026-04-08,9.75,5.55,5.124668947957167,5.55,5.124668947957167,12.52435289330768,8.03273733611515,7.5798154,6.400766923187281,2026-03
2026-03-31,ITA US 10/16/26 C245 Equity,2026-04-08,12.9,7.95,7.39958480046077,7.95,7.39958480046077,15.064923729226699,11.266768143206413,10.634677,9.577066395561122,2026-03
2026-03-31,ITA US 12/18/26 C235 Equity,2026-04-08,20.4,14.1,13.339199013090594,14.1,13.339199013090594,21.64850218595099,17.18979378041374,14.343099,15.84160675362887,2026-03
2026-03-31,ITA US 10/16/26 C250 Equity,2026-04-08,11.6,6.5,6.023758333107984,6.5,6.023758333107984,13.78498979224931,9.793156105638003,8.776205,8.33763580903256,2026-03
2026-03-31,ITA US 01/15/27 C235 Equity,2026-04-08,20.95,14.5,13.66022566621001,14.5,13.66022566621001,20.559803661033285,16.016857633252208,14.257734,14.793518136644991,2026-03
2026-04-01,ITA US 10/16/26 C250 Equity,2026-04-09,10.95,8.75,7.95277213120617,8.75,7.95277213120617,7.960890220942419,6.815503653607678,6.97291,7.002429738000739,2026-04
2026-04-01,ITA US 12/18/26 C235 Equity,2026-04-09,20.65,16.9,15.83792238033957,16.9,15.83792238033957,16.071923708147004,14.123074251761842,12.906806,14.923457447705673,2026-04
2026-04-01,ITA US 01/15/27 C240 Equity,2026-04-09,19.1,15.6,14.481177503840629,15.6,14.481177503840629,13.80928609271427,12.708621472045598,11.982674,13.641628419843487,2026-04
2026-04-01,ITA US 01/15/27 C235 Equity,2026-04-09,20.95,17.65,16.587943873067772,17.65,16.587943873067772,15.714187042939304,14.07681208322139,13.445867,15.456382069287535,2026-04
2026-04-01,ITA US 01/15/27 C250 Equity,2026-04-09,14.3,12.05,11.361187417829044,12.05,11.361187417829044,10.922982546559208,9.78088275346545,9.185017,10.144013181214829,2026-04
2026-04-01,ITA US 10/16/26 C235 Equity,2026-04-09,17.5,13.8,12.845806356554771,13.8,12.845806356554771,12.477942004416683,10.950808281125227,10.482748,11.773765276918523,2026-04
2026-04-01,ITA US 10/16/26 C240 Equity,2026-04-09,15.15,11.7,10.809499998391722,11.7,10.809499998391722,10.362239753829517,9.087920555147823,9.715456,9.74093406875699,2026-04
2026-04-01,ITA US 07/17/26 C230 Equity,2026-04-09,14.45,11.0,10.032147077221534,11.0,10.032147077221534,10.32897037878603,8.845080623395027,8.272996,9.215389910716915,2026-04
2026-04-01,ITA US 12/18/26 C250 Equity,2026-04-09,13.5,10.95,9.915200702650607,10.95,9.915200702650607,9.859709517811947,8.504809565300398,8.421237,9.169831746995019,2026-04
2026-04-01,ITA US 07/17/26 C295 Equity,2026-04-09,1.525,0.725,0.6304559330967181,0.725,0.6304559330967181,5.972138931745684,0.1590802193327736,1.9269382,-0.46160105711692057,2026-04
2026-04-01,ITA US 12/18/26 C230 Equity,2026-04-09,23.25,19.25,18.316298195130667,19.25,18.316298195130667,18.36472709231185,16.129434691731134,15.259078,17.204902969130885,2026-04
2026-04-01,ITA US 01/15/27 C245 Equity,2026-04-09,16.45,13.850000000000001,13.11984136617365,13.850000000000001,13.11984136617365,13.05032215755811,11.756037574057403,10.742376,12.005635558184164,2026-04
2026-04-01,ITA US 12/18/26 C245 Equity,2026-04-09,16.25,13.05,12.14240275018755,13.05,12.14240275018755,12.657397442247385,10.915192006337712,10.002143,11.190155886732354,2026-04
2026-04-01,ITA US 07/17/26 C280 Equity,2026-04-09,1.7249999999999999,1.325,0.9619017839778191,1.325,0.9619017839778191,1.6864772972969746,-0.9867657664618719,1.9225351,-0.02106109433095349,2026-04
2026-04-01,ITA US 10/16/26 C230 Equity,2026-04-09,19.700000000000003,15.45,14.585264261249096,15.45,14.585264261249096,13.579191367525095,12.460227397455407,12.071308,13.454245604157215,2026-04
2026-04-01,ITA US 07/17/26 C250 Equity,2026-04-09,6.199999999999999,5.2,3.950043447313503,5.2,3.950043447313503,5.156899086092741,3.617419544410474,3.5953035,3.572534875274243,2026-04
2026-04-01,ITA US 10/16/26 C255 Equity,2026-04-09,9.45,6.95,6.23483659141987,6.95,6.23483659141987,5.416646401538685,4.700367893871453,5.0310364,5.093202864203986,2026-04
2026-04-01,ITA US 12/18/26 C240 Equity,2026-04-09,18.299999999999997,14.9,13.879520245004356,14.9,13.879520245004356,14.463828725659564,12.623855040714181,11.661854,13.025078196037665,2026-04
2026-04-01,ITA US 10/16/26 C245 Equity,2026-04-09,13.0,10.0,9.166386818212612,10.0,9.166386818212612,8.976696382597853,7.81950667846847,8.579486,8.16250873420206,2026-04
2026-04-01,ITA US 01/15/27 C230 Equity,2026-04-09,23.55,20.0,18.822058526769755,20.0,18.822058526769755,18.11078319915652,16.36717908924227,16.1835,17.876501445166806,2026-04
2026-04-02,ITA US 10/16/26 C230 Equity,2026-04-10,18.0,14.95,14.552367141246272,14.95,14.552367141246272,15.32924866275567,12.808220193253256,13.527573,13.571464644787653,2026-04
2026-04-02,ITA US 01/15/27 C230 Equity,2026-04-10,21.65,18.549999999999997,17.81352657091121,18.549999999999997,17.81352657091121,19.202560314339255,16.38519152309133,16.188997,16.985937441010698,2026-04
2026-04-02,ITA US 01/15/27 C235 Equity,2026-04-10,19.05,16.15,15.612493129548039,16.15,15.612493129548039,16.789628735315034,14.232685387426141,14.349024,14.512600600273533,2026-04
2026-04-02,ITA US 07/17/26 C295 Equity,2026-04-10,1.6749999999999998,1.6749999999999998,1.3992933474123592,1.6749999999999998,1.3992933474123592,7.338494973139008,2.5373466942733245,2.0028648,1.3444850840708487,2026-04
2026-04-02,ITA US 07/17/26 C250 Equity,2026-04-10,5.1,3.95,3.594125203623534,3.95,3.594125203623534,5.4880708314055155,2.993773840106318,3.4044335,2.8926215971113303,2026-04
2026-04-02,ITA US 12/18/26 C240 Equity,2026-04-10,16.45,13.9,13.428345148628976,13.9,13.428345148628976,15.352551402016411,12.50892837331022,12.03542,12.603641587323079,2026-04
2026-04-02,ITA US 07/17/26 C280 Equity,2026-04-10,1.775,0.875,0.702010892003864,0.875,0.702010892003864,1.9431063072844221,-1.5181121842336935,1.9902873,0.02811899794001116,2026-04
2026-04-02,ITA US 07/17/26 C230 Equity,2026-04-10,13.0,10.45,9.833475047002466,10.45,9.833475047002466,12.46054620285533,9.937670491583841,8.576737,9.288148337446817,2026-04
2026-04-02,ITA US 12/18/26 C245 Equity,2026-04-10,14.55,12.4,11.83261730789545,12.4,11.83261730789545,14.586826589238978,11.455166934492219,10.223563,11.11714893403307,2026-04
2026-04-02,ITA US 12/18/26 C250 Equity,2026-04-10,12.75,10.6,10.032538507969708,10.6,10.032538507969708,12.202133562923665,9.547716060073865,8.256941,9.422105767358637,2026-04
2026-04-02,ITA US 10/16/26 C245 Equity,2026-04-10,11.45,9.399999999999999,8.877223277536803,9.399999999999999,8.877223277536803,10.827716099364174,8.249570093284827,9.127694,8.143802878248273,2026-04
2026-04-02,ITA US 10/16/26 C235 Equity,2026-04-10,15.6,12.7,12.208111973144796,12.7,12.208111973144796,13.670763865268317,11.000375205835734,10.644536,11.24306609994057,2026-04
2026-04-02,ITA US 01/15/27 C250 Equity,2026-04-10,13.75,11.15,10.451316256972865,11.15,10.451316256972865,12.229083775150347,9.664537832578732,9.055425,9.780199150744115,2026-04
2026-04-02,ITA US 12/18/26 C235 Equity,2026-04-10,18.75,15.95,15.291371564932582,15.95,15.291371564932582,17.22684710528445,14.187468367748503,13.524892,14.55099469723445,2026-04
2026-04-02,ITA US 10/16/26 C240 Equity,2026-04-10,13.4,11.0,10.398557070222417,11.0,10.398557070222417,12.17276062696555,9.55693471277958,9.614893,9.619310694857662,2026-04
2026-04-02,ITA US 10/16/26 C255 Equity,2026-04-10,8.5,6.65,6.1516099434936695,6.65,6.1516099434936695,7.277859467620251,5.228540519948485,5.199821,5.376898428158476,2026-04
2026-04-02,ITA US 01/15/27 C240 Equity,2026-04-10,17.35,14.1,13.507701745790273,14.1,13.507701745790273,14.39690700712978,12.365154196128566,12.772542,12.691171685277709,2026-04
2026-04-02,ITA US 01/15/27 C245 Equity,2026-04-10,15.600000000000001,13.05,11.726558893926672,13.05,11.726558893926672,14.409085964459978,11.691050157797505,11.161974,11.70531174260585,2026-04
2026-04-02,ITA US 10/16/26 C250 Equity,2026-04-10,10.05,8.05,7.754139905996161,8.05,7.754139905996161,10.015971844592315,7.323935043354402,7.0224023,6.887402823474076,2026-04
2026-04-02,ITA US 12/18/26 C230 Equity,2026-04-10,21.25,17.9,17.35346161982116,17.9,17.35346161982116,19.588758266871782,16.28513914029861,15.531653,16.410996119556167,2026-04
2026-04-06,ITA US 01/15/27 C245 Equity,2026-04-13,16.8,13.5,12.965277167496106,13.5,12.965277167496106,12.04182763626255,11.869406601612198,9.7561,12.433014507201005,2026-04
2026-04-06,ITA US 07/17/26 C250 Equity,2026-04-13,5.300000000000001,4.5,4.231561040043448,4.5,4.231561040043448,3.9801347307445294,3.0797440945127317,3.6495285,3.7187524361504205,2026-04
2026-04-06,ITA US 01/15/27 C250 Equity,2026-04-13,14.8,11.850000000000001,11.385135650033389,11.850000000000001,11.385135650033389,10.597408893733764,10.189372209370013,8.829728,10.75245975954952,2026-04
2026-04-06,ITA US 01/15/27 C230 Equity,2026-04-13,24.0,19.65,19.124093217738153,19.65,19.124093217738153,17.184810858284173,16.22100355369246,15.023394,18.327125238561045,2026-04
2026-04-06,ITA US 12/18/26 C235 Equity,2026-04-13,20.55,16.6,15.945270587011132,16.6,15.945270587011132,15.541089712009555,14.302272882629829,12.65469,15.4112127246944,2026-04
2026-04-06,ITA US 10/16/26 C255 Equity,2026-04-13,8.3,6.85,6.445457382245778,6.85,6.445457382245778,5.343180652588208,5.203926263403272,4.2822366,5.807724984288921,2026-04
2026-04-06,ITA US 10/16/26 C250 Equity,2026-04-13,9.9,8.8,8.16821628466023,8.8,8.16821628466023,8.07345113176188,6.77919875500449,7.0522223,7.8603611083530724,2026-04
2026-04-06,ITA US 07/17/26 C280 Equity,2026-04-13,0.775,1.625,1.433727353278087,1.625,1.433727353278087,2.2565752064081472,1.0537106733411097,0.74584657,1.234453173796561,2026-04
2026-04-06,ITA US 12/18/26 C250 Equity,2026-04-13,13.25,10.75,10.095823656051259,10.75,10.095823656051259,9.844266256477992,9.115234933411177,8.088212,9.772416465962783,2026-04
2026-04-06,ITA US 12/18/26 C230 Equity,2026-04-13,23.25,18.85,18.390528403224152,18.85,18.390528403224152,17.59339529884434,16.465398956729203,14.181977,17.585644814429354,2026-04
2026-04-06,ITA US 07/17/26 C230 Equity,2026-04-13,14.149999999999999,10.5,10.296563013726116,10.5,10.296563013726116,9.792275378693555,9.48579778176073,7.2837515,9.518533729725345,2026-04
2026-04-06,ITA US 01/15/27 C240 Equity,2026-04-13,18.9,15.899999999999999,15.112182497923872,15.899999999999999,15.112182497923872,14.158331794322098,13.18890417894775,10.954883,14.762979031957506,2026-04
2026-04-06,ITA US 12/18/26 C245 Equity,2026-04-13,15.899999999999999,12.55,12.051378412963459,12.55,12.051378412963459,12.068059613343474,11.142576815898785,8.76168,11.475968198124198,2026-04
2026-04-06,ITA US 10/16/26 C230 Equity,2026-04-13,19.25,16.15,15.774202722551541,16.15,15.774202722551541,14.98702654271708,13.567668970438909,11.781086,15.009913071648484,2026-04
2026-04-06,ITA US 10/16/26 C235 Equity,2026-04-13,16.65,13.7,13.083319662088503,13.7,13.083319662088503,12.048916687679421,11.089916541406364,9.476879,12.467274844994089,2026-04
2026-04-06,ITA US 12/18/26 C240 Equity,2026-04-13,18.25,15.05,14.550929478655354,15.05,14.550929478655354,14.62681187925658,12.880682259554954,10.526017,14.002881043239942,2026-04
2026-04-06,ITA US 07/17/26 C295 Equity,2026-04-13,0.47500000000000003,1.4749999999999999,1.2654242955254302,1.4749999999999999,1.2654242955254302,8.987149095106325,3.415756125002428,0.91277194,1.3402995741636332,2026-04
2026-04-06,ITA US 10/16/26 C245 Equity,2026-04-13,11.899999999999999,9.55,9.145795599139085,9.55,9.145795599139085,8.411434098225083,7.911646506590152,7.854311,8.501482559335622,2026-04
2026-04-06,ITA US 01/15/27 C235 Equity,2026-04-13,21.3,17.95,16.910392687500273,17.95,16.910392687500273,15.669324992542387,14.597669320181868,13.340637,16.549353199211062,2026-04
2026-04-06,ITA US 10/16/26 C240 Equity,2026-04-13,14.4,11.65,10.941431703433413,11.65,10.941431703433413,10.218457915445523,9.563961321733462,8.7982435,10.480965769051801,2026-04
2026-04-07,ITA US 12/18/26 C240 Equity,2026-04-14,19.6,14.2,13.472905560645202,14.2,13.472905560645202,13.291108604169462,11.89200995115015,12.695242,12.394672740909218,2026-04
2026-04-07,ITA US 01/15/27 C250 Equity,2026-04-14,15.95,11.649999999999999,11.019921503676706,11.649999999999999,11.019921503676706,9.20297945737456,8.876201137760496,10.207797,9.827603055504692,2026-04
2026-04-07,ITA US 10/16/26 C240 Equity,2026-04-14,15.65,11.05,10.266590521688299,11.05,10.266590521688299,8.347923537728732,8.13468718242948,10.460744,9.149472472751615,2026-04
2026-04-07,ITA US 10/16/26 C255 Equity,2026-04-14,9.8,6.95,6.409499142001483,6.95,6.409499142001483,4.608271210330479,4.416672266518093,5.8205037,5.201415237579396,2026-04
2026-04-07,ITA US 12/18/26 C235 Equity,2026-04-14,21.9,16.1,15.393659348669852,16.1,15.393659348669852,14.084221876699011,13.121911061882354,14.721165,14.19396584900693,2026-04
2026-04-07,ITA US 12/18/26 C230 Equity,2026-04-14,24.45,18.05,17.258226481785435,18.05,17.258226481785435,15.646182815558184,15.111317103190816,16.631525,16.109295210163573,2026-04
2026-04-07,ITA US 10/16/26 C245 Equity,2026-04-14,13.55,9.5,8.805358200399352,9.5,8.805358200399352,7.161449251330858,6.899570463983277,9.796811,7.731489736898739,2026-04
2026-04-07,ITA US 07/17/26 C280 Equity,2026-04-14,1.0,1.7249999999999999,1.490277598075693,1.7249999999999999,1.490277598075693,4.573919362731663,1.6280741300825827,2.5758815,0.6500157570759522,2026-04
2026-04-07,ITA US 12/18/26 C250 Equity,2026-04-14,15.100000000000001,10.7,10.043500675684605,10.7,10.043500675684605,8.778168521850395,8.265448876867218,9.395742,9.019796779614042,2026-04
2026-04-07,ITA US 07/17/26 C230 Equity,2026-04-14,15.600000000000001,9.8,9.42610139592301,9.8,9.42610139592301,7.695041678108582,7.87178664034033,9.046998,8.082743331195957,2026-04
2026-04-07,ITA US 01/15/27 C240 Equity,2026-04-14,20.45,14.9,14.164280622255733,14.9,14.164280622255733,12.743096170851668,11.877068971406448,14.100354,13.017128193577749,2026-04
2026-04-07,ITA US 01/15/27 C230 Equity,2026-04-14,25.7,19.05,18.415865883988268,19.05,18.415865883988268,16.372228999580148,15.389600548659145,17.098278,17.007196469689795,2026-04
2026-04-07,ITA US 07/17/26 C295 Equity,2026-04-14,1.4249999999999998,1.525,1.2882134776152365,1.525,1.2882134776152365,7.45322273561185,2.458109739645616,2.5711315,0.6963993645701227,2026-04
2026-04-07,ITA US 10/16/26 C250 Equity,2026-04-14,11.55,7.949999999999999,7.3936990930462265,7.949999999999999,7.3936990930462265,6.246920772699724,5.473604179568831,8.050127,6.255420694702488,2026-04
2026-04-07,ITA US 01/15/27 C235 Equity,2026-04-14,22.950000000000003,17.35,16.05568325226613,17.35,16.05568325226613,14.497720192711553,13.597726349722203,15.699581,15.211511375564182,2026-04
2026-04-07,ITA US 12/18/26 C245 Equity,2026-04-14,17.05,12.45,11.586598490764256,12.45,11.586598490764256,10.658675815889598,10.037422229599583,11.045699,10.644077058916576,2026-04
2026-04-07,ITA US 07/17/26 C250 Equity,2026-04-14,7.1000000000000005,4.4,4.0597156889673975,4.4,4.0597156889673975,3.900666517498701,2.7846190242213815,4.378893,2.917262730012479,2026-04
2026-04-07,ITA US 10/16/26 C230 Equity,2026-04-14,20.95,15.1,14.438479099333266,15.1,14.438479099333266,13.010478324278221,12.087331526961318,14.119874,13.193948541329082,2026-04
2026-04-07,ITA US 01/15/27 C245 Equity,2026-04-14,18.049999999999997,13.1,12.491538105876197,13.1,12.491538105876197,10.658377655039434,10.222464995283733,11.8287,11.307930567771542,2026-04
2026-04-07,ITA US 10/16/26 C235 Equity,2026-04-14,18.450000000000003,12.95,12.285935775974945,12.95,12.285935775974945,10.489083841056528,10.003876128753923,11.708257,10.98590264217504,2026-04
2026-04-08,ITA US 12/18/26 C230 Equity,2026-04-15,23.35,23.2,22.119991356099675,23.2,22.119991356099675,21.325139367431056,18.805531464520627,22.228533,20.94210733731387,2026-04
2026-04-08,ITA US 01/15/27 C235 Equity,2026-04-15,22.2,20.95,20.429770896511258,20.95,20.429770896511258,18.888704923402003,16.958360357302446,19.817648,18.726894849795173,2026-04
2026-04-08,ITA US 01/15/27 C240 Equity,2026-04-15,19.8,18.25,18.013214412377746,18.25,18.013214412377746,17.064925934147762,15.395446343025762,16.560646,16.280473300157006,2026-04
2026-04-08,ITA US 10/16/26 C245 Equity,2026-04-15,12.9,12.9,11.949185665842448,12.9,11.949185665842448,12.062587158898989,10.609261579445317,11.249977,11.035767763933148,2026-04
2026-04-08,ITA US 12/18/26 C240 Equity,2026-04-15,18.200000000000003,18.5,17.461049372337644,18.5,17.461049372337644,18.16951109727176,15.779082284731436,15.9844055,16.602134629966216,2026-04
2026-04-08,ITA US 10/16/26 C235 Equity,2026-04-15,17.55,17.65,16.65266051004018,17.65,16.65266051004018,16.06114383795302,14.142608310634424,16.555714,15.589441015260144,2026-04
2026-04-08,ITA US 12/18/26 C235 Equity,2026-04-15,20.8,20.4,19.31272628263486,20.4,19.31272628263486,19.023603197399144,16.513740742871832,19.463684,18.368238217801537,2026-04
2026-04-08,ITA US 01/15/27 C250 Equity,2026-04-15,15.5,14.85,14.013519245119987,14.85,14.013519245119987,14.158559192112488,12.036562033081925,12.481365,12.924646073352651,2026-04
2026-04-08,ITA US 07/17/26 C230 Equity,2026-04-15,14.9,14.25,13.587005254569672,14.25,13.587005254569672,12.830240015337422,11.342713543138785,12.618899,12.189631178720209,2026-04
2026-04-08,ITA US 10/16/26 C230 Equity,2026-04-15,20.1,20.4,18.64300619595113,20.4,18.64300619595113,18.862279172909904,16.464427586318997,18.972664,18.12918630114667,2026-04
2026-04-08,ITA US 12/18/26 C250 Equity,2026-04-15,14.1,14.100000000000001,13.12102140421373,14.100000000000001,13.12102140421373,13.889465355109467,11.76288285288519,11.722892,12.325581185822445,2026-04
2026-04-08,ITA US 07/17/26 C250 Equity,2026-04-15,5.6,5.95,5.2780304640561715,5.95,5.2780304640561715,5.695945790951887,4.353869233771814,6.1033707,4.2708252607852994,2026-04
2026-04-08,ITA US 10/16/26 C240 Equity,2026-04-15,15.149999999999999,15.25,14.476664442937452,15.25,14.476664442937452,14.132950746300146,12.29825205740805,13.222037,13.29277590546522,2026-04
2026-04-08,ITA US 07/17/26 C295 Equity,2026-04-15,1.525,1.525,1.3247494953946106,1.525,1.3247494953946106,9.430742991059471,3.3464276193978737,2.249473,0.48816187060412664,2026-04
2026-04-08,ITA US 10/16/26 C250 Equity,2026-04-15,11.15,11.6,10.696882313056733,11.6,10.696882313056733,11.383601853560068,9.533068876930377,9.7691,9.855981078930137,2026-04
2026-04-08,ITA US 07/17/26 C280 Equity,2026-04-15,1.775,1.825,1.5596301292109511,1.825,1.5596301292109511,6.260196895171356,2.6324419754679838,2.2752192,0.532785963488716,2026-04
2026-04-08,ITA US 10/16/26 C255 Equity,2026-04-15,9.25,9.75,8.924985563967201,9.75,8.924985563967201,9.485074177077493,7.816701838775624,8.85938,7.924080218711857,2026-04
2026-04-08,ITA US 12/18/26 C245 Equity,2026-04-15,16.35,16.35,15.343382629224717,16.35,15.343382629224717,16.148390279653313,14.005917428389369,14.149082,14.467706139613156,2026-04
2026-04-08,ITA US 01/15/27 C245 Equity,2026-04-15,17.65,16.85,15.923215298257492,16.85,15.923215298257492,16.20133580454834,13.847104763575196,15.065226,14.9547642987569,2026-04
2026-04-08,ITA US 01/15/27 C230 Equity,2026-04-15,24.8,23.7,22.73044798550581,23.7,22.73044798550581,21.973535668953737,18.980668603207846,21.978968,21.30618203686982,2026-04
2026-04-09,ITA US 10/16/26 C245 Equity,2026-04-16,11.65,13.0,11.758713821078404,13.0,11.758713821078404,12.000656406660095,10.508781004353697,11.033091,11.566310985411224,2026-04
2026-04-09,ITA US 07/17/26 C230 Equity,2026-04-16,12.55,14.45,13.808959751413825,14.45,13.808959751413825,13.68492251585996,12.232085371068884,12.476345,12.918441232467067,2026-04
2026-04-09,ITA US 07/17/26 C250 Equity,2026-04-16,4.6,6.199999999999999,5.527365832696432,6.199999999999999,5.527365832696432,5.358964270440946,4.478878510141392,6.0033426,5.004125922294833,2026-04
2026-04-09,ITA US 12/18/26 C240 Equity,2026-04-16,16.299999999999997,18.299999999999997,16.93579404040074,18.299999999999997,16.93579404040074,17.89587017031015,15.65492333598815,17.233131,16.815087999137393,2026-04
2026-04-09,ITA US 12/18/26 C230 Equity,2026-04-16,20.9,23.25,21.81594774258199,23.25,21.81594774258199,21.997824743795775,19.349072319161245,22.21353,21.460103679464233,2026-04
2026-04-09,ITA US 01/15/27 C240 Equity,2026-04-16,17.6,19.1,17.570593541205387,19.1,17.570593541205387,17.401533222909556,15.331567626943889,17.499022,17.532401758139866,2026-04
2026-04-09,ITA US 10/16/26 C255 Equity,2026-04-16,8.5,9.45,8.445676871028933,9.45,8.445676871028933,8.97703007362471,7.298666826380857,9.270366,8.034389810330975,2026-04
2026-04-09,ITA US 10/16/26 C235 Equity,2026-04-16,15.5,17.5,16.1151808002757,17.5,16.1151808002757,15.819732664755541,13.90874512916794,17.831964,15.849555932729468,2026-04
2026-04-09,ITA US 12/18/26 C250 Equity,2026-04-16,12.4,13.5,12.205464445786948,13.5,12.205464445786948,12.31961617306969,10.501862072365562,11.827222,12.115266113352877,2026-04
2026-04-09,ITA US 07/17/26 C295 Equity,2026-04-16,1.525,1.525,1.223775130007153,1.525,1.223775130007153,7.0935657063525355,2.13632167789682,1.9132504,0.9075857348455834,2026-04
2026-04-09,ITA US 10/16/26 C240 Equity,2026-04-16,13.45,15.15,13.835801785577846,15.15,13.835801785577846,14.260198440106064,12.35674197909694,14.237582,13.624713208261708,2026-04
2026-04-09,ITA US 12/18/26 C245 Equity,2026-04-16,14.55,16.25,14.924366487404326,16.25,14.924366487404326,16.067782914419272,13.826669543121476,15.178618,14.786797154985464,2026-04
2026-04-09,ITA US 01/15/27 C235 Equity,2026-04-16,19.65,20.95,20.063549554133076,20.95,20.063549554133076,19.216061774534307,17.314159568615118,19.88482,19.176785788070976,2026-04
2026-04-09,ITA US 01/15/27 C230 Equity,2026-04-16,22.0,23.55,22.447631501592035,23.55,22.447631501592035,21.962200673666423,19.58696424066455,22.428982,21.633902866366498,2026-04
2026-04-09,ITA US 07/17/26 C280 Equity,2026-04-16,1.775,1.7249999999999999,1.3935212919707414,1.7249999999999999,1.3935212919707414,3.6565248556848733,1.2530635530662337,1.9561127,0.8424077491394222,2026-04
2026-04-09,ITA US 10/16/26 C250 Equity,2026-04-16,9.6,10.95,9.791725366549697,10.95,9.791725366549697,10.372297745817114,8.756983191864693,9.818186,9.584932809514424,2026-04
2026-04-09,ITA US 01/15/27 C245 Equity,2026-04-16,15.55,16.45,15.717571120834412,16.45,15.717571120834412,16.066246785038015,14.247804995325788,15.785765,14.993849117236875,2026-04
2026-04-09,ITA US 01/15/27 C250 Equity,2026-04-16,13.7,14.3,13.628470054866373,14.3,13.628470054866373,13.638252362771327,12.07328667173959,12.901685,12.803786726745559,2026-04
2026-04-09,ITA US 10/16/26 C230 Equity,2026-04-16,17.9,19.700000000000003,18.648613392742263,19.700000000000003,18.648613392742263,17.77566901963512,16.051416641584836,19.530838,17.93625971374427,2026-04
2026-04-09,ITA US 12/18/26 C235 Equity,2026-04-16,18.549999999999997,20.65,19.235038394817646,20.65,19.235038394817646,19.20108300151624,16.87295154992281,19.73146,19.057552386931874,2026-04
2026-04-10,ITA US 10/16/26 C250 Equity,2026-04-17,9.95,10.05,9.441763067627704,10.05,9.441763067627704,10.356650392428115,9.874992643120994,9.002176,9.48616335603723,2026-04
2026-04-10,ITA US 12/18/26 C250 Equity,2026-04-17,13.100000000000001,12.75,12.025102718459854,12.75,12.025102718459854,12.88984144753752,12.015238970851472,10.922678,12.176957986532654,2026-04
2026-04-10,ITA US 07/17/26 C295 Equity,2026-04-17,0.7000000000000001,1.6749999999999998,1.4268353605842163,1.6749999999999998,1.4268353605842163,8.791566208502296,4.280909948209718,1.3264607,1.9211684594359748,2026-04
2026-04-10,ITA US 01/15/27 C240 Equity,2026-04-17,18.35,17.35,16.653538205906237,17.35,16.653538205906237,16.71412155980302,15.691029832696865,16.19979,16.567830219534944,2026-04
2026-04-10,ITA US 07/17/26 C230 Equity,2026-04-17,13.45,13.0,12.505690348928539,13.0,12.505690348928539,13.208142683998421,12.846436649221552,11.272506,12.409492914324604,2026-04
2026-04-10,ITA US 10/16/26 C255 Equity,2026-04-17,8.75,8.5,7.914808333407137,8.5,7.914808333407137,8.73810573729824,8.036316189907016,8.228579,7.862164237062246,2026-04
2026-04-10,ITA US 07/17/26 C280 Equity,2026-04-17,0.925,1.775,1.519317448711977,1.775,1.519317448711977,4.850548539803235,2.909240266381646,1.3365275,1.7311951078884933,2026-04
2026-04-10,ITA US 12/18/26 C240 Equity,2026-04-17,17.4,16.45,15.730408675428547,16.45,15.730408675428547,16.46492822893701,15.522486680474298,15.315235,15.731603754150079,2026-04
2026-04-10,ITA US 07/17/26 C250 Equity,2026-04-17,4.949999999999999,5.1,4.788214657412262,5.1,4.788214657412262,5.41321252398213,5.000487613361324,5.443446,4.660805337127582,2026-04
2026-04-10,ITA US 01/15/27 C230 Equity,2026-04-17,23.15,21.65,21.30467083049665,21.65,21.30467083049665,19.86402940834698,19.441442587681156,20.817781,20.713029370246577,2026-04
2026-04-10,ITA US 01/15/27 C245 Equity,2026-04-17,16.2,15.600000000000001,14.84503248982005,15.600000000000001,14.84503248982005,15.707667128931394,14.703158479035293,14.239059,14.911235434427233,2026-04
2026-04-10,ITA US 12/18/26 C245 Equity,2026-04-17,15.0,14.55,13.97991151912691,14.55,13.97991151912691,15.17044013411132,14.104353984980262,13.023417,13.861812423199021,2026-04
2026-04-10,ITA US 10/16/26 C230 Equity,2026-04-17,19.0,18.0,17.319933561419944,18.0,17.319933561419944,17.123386085830425,16.508077294001044,17.987898,17.181962055104016,2026-04
2026-04-10,ITA US 10/16/26 C245 Equity,2026-04-17,11.95,11.45,10.827820779256344,11.45,10.827820779256344,11.358943185474397,10.97477387036174,10.364931,10.787841254949717,2026-04
2026-04-10,ITA US 12/18/26 C230 Equity,2026-04-17,22.25,21.25,20.478005569638963,21.25,20.478005569638963,20.531152682500203,19.53805787844273,20.849,20.411799232742293,2026-04
2026-04-10,ITA US 12/18/26 C235 Equity,2026-04-17,19.35,18.75,18.0983678222976,18.75,18.0983678222976,18.620661930499956,17.637501261640836,17.565624,17.938664775259415,2026-04
2026-04-10,ITA US 01/15/27 C235 Equity,2026-04-17,20.25,19.05,18.976738211154633,19.05,18.976738211154633,17.8817941141551,17.30681591398731,17.891373,18.06147972298184,2026-04
2026-04-10,ITA US 10/16/26 C235 Equity,2026-04-17,16.450000000000003,15.6,14.8189393178038,15.6,14.8189393178038,14.78661350887132,14.243087965707224,14.556751,14.716830527439617,2026-04
2026-04-10,ITA US 10/16/26 C240 Equity,2026-04-17,14.25,13.4,12.738837048365138,13.4,12.738837048365138,12.666865591895366,12.289122845480264,11.672379,12.645924015038137,2026-04
2026-04-10,ITA US 01/15/27 C250 Equity,2026-04-17,13.75,13.75,12.504866832598193,13.75,12.504866832598193,12.870317616077703,11.921531406848878,11.926318,13.003641008823614,2026-04
2026-04-13,ITA US 10/16/26 C255 Equity,2026-04-20,7.35,8.3,8.055370893635253,8.3,8.055370893635253,4.698728277801715,7.626186447952699,10.49109,8.061262898911494,2026-04
2026-04-13,ITA US 01/15/27 C245 Equity,2026-04-20,15.149999999999999,16.8,15.885898459507612,16.8,15.885898459507612,13.634165655814382,15.553558341369426,16.089666,16.533842900266592,2026-04
2026-04-13,ITA US 01/15/27 C240 Equity,2026-04-20,17.4,18.9,18.432540711376564,18.9,18.432540711376564,15.576018604837301,17.249319536812447,17.512018,18.579107554983377,2026-04
2026-04-13,ITA US 07/17/26 C280 Equity,2026-04-20,1.575,0.775,0.6506740871728351,0.775,0.6506740871728351,-1.337617437294531,-0.09397014737917964,2.7931368,0.8865184865086145,2026-04
2026-04-13,ITA US 01/15/27 C230 Equity,2026-04-20,22.35,24.0,23.164445971921555,24.0,23.164445971921555,19.401331681723587,20.623971910150743,22.780228,23.214579336060922,2026-04
2026-04-13,ITA US 10/16/26 C230 Equity,2026-04-20,17.95,19.25,19.344352479853523,19.25,19.344352479853523,15.419775414947402,17.588925464341358,19.950518,18.63321143573698,2026-04
2026-04-13,ITA US 07/17/26 C230 Equity,2026-04-20,12.95,14.149999999999999,13.985368846942876,14.149999999999999,13.985368846942876,11.266787524284048,13.593671884452295,13.988587,13.715777367231265,2026-04
2026-04-13,ITA US 10/16/26 C235 Equity,2026-04-20,15.549999999999999,16.65,16.295017637571068,16.65,16.295017637571068,11.970848146521558,14.689323384348356,18.214571,16.207489451201017,2026-04
2026-04-13,ITA US 12/18/26 C235 Equity,2026-04-20,18.95,20.55,19.95280932350685,20.55,19.95280932350685,17.100504482739964,18.869027607755775,20.150776,20.191093736885325,2026-04
2026-04-13,ITA US 10/16/26 C250 Equity,2026-04-20,9.3,9.9,9.644869206750089,9.9,9.644869206750089,6.491612213297399,9.507989467033807,11.278569,9.730285397965746,2026-04
2026-04-13,ITA US 12/18/26 C245 Equity,2026-04-20,14.0,15.899999999999999,15.066357780522683,15.899999999999999,15.066357780522683,12.973335582066476,14.834811278012394,14.67525,15.637392527384762,2026-04
2026-04-13,ITA US 10/16/26 C240 Equity,2026-04-20,13.25,14.4,14.030222889456674,14.4,14.030222889456674,10.458970923568044,13.102215743377048,13.855039,14.086967949090257,2026-04
2026-04-13,ITA US 01/15/27 C235 Equity,2026-04-20,19.9,21.3,20.5135566439551,21.3,20.5135566439551,16.80515969878294,18.448276534754324,20.520384,20.73174734565332,2026-04
2026-04-13,ITA US 10/16/26 C245 Equity,2026-04-20,11.35,11.899999999999999,11.540224198658146,11.899999999999999,11.540224198658146,7.357598591347805,10.46346794645681,12.356736,11.653562610083647,2026-04
2026-04-13,ITA US 01/15/27 C250 Equity,2026-04-20,14.05,14.8,13.973212727751127,14.8,13.973212727751127,10.993093808585293,13.139768320953475,13.387263,14.521549029790858,2026-04
2026-04-13,ITA US 12/18/26 C230 Equity,2026-04-20,21.45,23.25,22.555259416008347,23.25,22.555259416008347,19.994769837849887,21.161929925976175,22.559748,22.5875073786612,2026-04
2026-04-13,ITA US 07/17/26 C250 Equity,2026-04-20,4.9,5.300000000000001,4.733051144634033,5.300000000000001,4.733051144634033,1.2257221846877542,4.4140719542681754,7.9747934,5.209502738992812,2026-04
2026-04-13,ITA US 12/18/26 C240 Equity,2026-04-20,16.5,18.25,17.435285174661296,18.25,17.435285174661296,15.172005574545441,16.94147921524702,17.110657,17.986059795803378,2026-04
2026-04-13,ITA US 12/18/26 C250 Equity,2026-04-20,12.6,13.25,13.057856713584185,13.25,13.057856713584185,10.395834012330079,12.514102153541288,12.80499,13.118800141696932,2026-04
2026-04-14,ITA US 10/16/26 C255 Equity,2026-04-21,5.9,9.8,9.28393188132743,9.8,9.28393188132743,4.833697396867803,7.849267757818769,9.779699,8.75169544768876,2026-04
2026-04-14,ITA US 07/17/26 C280 Equity,2026-04-21,0.55,1.0,0.7520909646542736,1.0,0.7520909646542736,-5.495113933821758,-1.5469776315351567,1.6226962,0.2797740787319949,2026-04
2026-04-14,ITA US 07/17/26 C230 Equity,2026-04-21,8.55,15.600000000000001,15.19125821307022,15.600000000000001,15.19125821307022,10.37197197711732,13.27766229731252,13.252763,14.037643278852348,2026-04
2026-04-14,ITA US 01/15/27 C245 Equity,2026-04-21,12.399999999999999,18.049999999999997,17.371992446324217,18.049999999999997,17.371992446324217,13.466096680949091,15.554045360933888,16.151503,16.967904326042106,2026-04
2026-04-14,ITA US 10/16/26 C230 Equity,2026-04-21,14.3,20.95,20.42361263684271,20.95,20.42361263684271,15.11776033791225,17.20881781746793,19.572577,19.201729240343273,2026-04
2026-04-14,ITA US 12/18/26 C250 Equity,2026-04-21,9.7,15.100000000000001,14.455886708581096,15.100000000000001,14.455886708581096,11.528269735333527,13.257225653483951,13.017146,14.148257867389194,2026-04
2026-04-14,ITA US 10/16/26 C240 Equity,2026-04-21,10.05,15.65,15.110494680506404,15.65,15.110494680506404,10.489420425720184,13.37311449915461,13.936051,14.489145023118287,2026-04
2026-04-14,ITA US 12/18/26 C230 Equity,2026-04-21,17.05,24.45,23.82802514707458,24.45,23.82802514707458,19.711800821743708,21.311084605101442,22.610237,22.68133493018224,2026-04
2026-04-14,ITA US 10/16/26 C235 Equity,2026-04-21,11.95,18.450000000000003,17.9000743962165,18.450000000000003,17.9000743962165,13.482254846413065,15.340705317695903,18.164244,17.144600439755553,2026-04
2026-04-14,ITA US 01/15/27 C240 Equity,2026-04-21,13.9,20.45,19.764304119896263,20.45,19.764304119896263,15.890728413878685,17.63974208157652,18.274223,19.290523212178325,2026-04
2026-04-14,ITA US 01/15/27 C230 Equity,2026-04-21,18.0,25.7,25.0147031201159,25.7,25.0147031201159,20.38262937132932,21.76393654823288,23.466099,23.842244964503152,2026-04
2026-04-14,ITA US 12/18/26 C240 Equity,2026-04-21,12.9,19.6,18.96202476893745,19.6,18.96202476893745,15.518535679329965,17.377535949175886,17.78294,18.513932808379195,2026-04
2026-04-14,ITA US 12/18/26 C245 Equity,2026-04-21,11.0,17.05,16.423873916515202,17.05,16.423873916515202,12.954184283770969,15.073299203227501,15.792428,15.965136415880654,2026-04
2026-04-14,ITA US 07/17/26 C250 Equity,2026-04-21,2.925,7.1000000000000005,5.8124067533373625,7.1000000000000005,5.8124067533373625,1.4024037998114398,5.293136491927825,6.8209343,6.207205699217745,2026-04
2026-04-14,ITA US 01/15/27 C235 Equity,2026-04-21,15.85,22.950000000000003,22.234497981150536,22.950000000000003,22.234497981150536,18.087933337025344,19.21859766415225,21.335373,21.51556048323847,2026-04
2026-04-14,ITA US 10/16/26 C250 Equity,2026-04-21,7.55,11.55,11.022307715914767,11.55,11.022307715914767,6.609403164185723,9.605031746400382,10.726258,10.56956796788507,2026-04
2026-04-14,ITA US 12/18/26 C235 Equity,2026-04-21,14.950000000000001,21.9,21.245315436725498,21.9,21.245315436725498,17.942330378627442,19.12075526615148,20.571451,20.651392631377323,2026-04
2026-04-14,ITA US 01/15/27 C250 Equity,2026-04-21,10.649999999999999,15.95,15.250955934518405,15.95,15.250955934518405,11.211642005632875,13.485587131933036,13.7431555,14.852687412526722,2026-04
2026-04-14,ITA US 10/16/26 C245 Equity,2026-04-21,8.95,13.55,13.012218581921772,13.55,13.012218581921772,8.537112659325256,11.46648163830676,11.5942955,12.4914866223541,2026-04
2026-04-15,ITA US 01/15/27 C240 Equity,2026-04-22,12.2,19.8,18.854824430739665,19.8,18.854824430739665,17.10816899487289,16.768383032424893,18.067251,18.397421825669774,2026-04
2026-04-15,ITA US 01/15/27 C235 Equity,2026-04-22,13.8,22.2,21.24174041831586,22.2,21.24174041831586,18.97259212778013,18.575527960804127,21.071785,20.567158200964293,2026-04
2026-04-15,ITA US 07/17/26 C280 Equity,2026-04-22,1.575,1.775,1.4968753634306315,1.775,1.4968753634306315,-0.8411924197004783,0.621064403132408,1.5069684,1.0577814592139858,2026-04
2026-04-15,ITA US 12/18/26 C240 Equity,2026-04-22,11.149999999999999,18.200000000000003,17.41985239352174,18.200000000000003,17.41985239352174,15.596787944334512,15.620864606415926,17.274826,16.838132172939147,2026-04
2026-04-15,ITA US 12/18/26 C235 Equity,2026-04-22,12.85,20.8,19.91578325842509,20.8,19.91578325842509,17.903417360439057,17.91893459767702,20.052841,19.333573045777275,2026-04
2026-04-15,ITA US 10/16/26 C250 Equity,2026-04-22,6.35,11.15,10.447441863996852,11.15,10.447441863996852,8.615040309026337,9.174827139965025,9.778707,9.934142684611453,2026-04
2026-04-15,ITA US 10/16/26 C255 Equity,2026-04-22,5.3,9.25,8.693356696946253,9.25,8.693356696946253,6.647720919262264,7.3991835108303645,9.092404,7.960620113412703,2026-04
2026-04-15,ITA US 12/18/26 C245 Equity,2026-04-22,9.85,16.35,15.510285538013466,16.35,15.510285538013466,14.364852307679248,14.293790306923151,15.49927,15.016189986903791,2026-04
2026-04-15,ITA US 10/16/26 C240 Equity,2026-04-22,8.350000000000001,15.149999999999999,14.387308063017615,15.149999999999999,14.387308063017615,11.810132837075527,12.556085876705232,13.778141,13.760250885547293,2026-04
2026-04-15,ITA US 10/16/26 C230 Equity,2026-04-22,11.8,20.1,19.352549851022292,20.1,19.352549851022292,16.786978750470787,16.96072263161087,19.675766,18.241684651602984,2026-04
2026-04-15,ITA US 07/17/26 C250 Equity,2026-04-22,2.3,5.6,5.088475626761472,5.6,5.088475626761472,1.822769586455248,3.8619923772396128,6.1835446,4.459374159419516,2026-04
2026-04-15,ITA US 12/18/26 C230 Equity,2026-04-22,14.55,23.35,22.479903053244332,23.35,22.479903053244332,20.37523070039763,19.94591485861845,22.905104,21.45749060945431,2026-04
2026-04-15,ITA US 10/16/26 C235 Equity,2026-04-22,9.95,17.55,16.693923979722335,17.55,16.693923979722335,13.817743606792993,14.239470262314889,17.461166,16.027596952225938,2026-04
2026-04-15,ITA US 01/15/27 C245 Equity,2026-04-22,10.7,17.65,16.74921647744152,17.65,16.74921647744152,15.46067380308215,15.083906069874299,16.444887,16.334399698789557,2026-04
2026-04-15,ITA US 10/16/26 C245 Equity,2026-04-22,7.300000000000001,12.9,12.151574182773484,12.9,12.151574182773484,10.061000048499485,10.794839001870699,10.792804,11.595666118329463,2026-04
2026-04-15,ITA US 12/18/26 C250 Equity,2026-04-22,8.4,14.1,13.298049642762626,14.1,13.298049642762626,12.120558865525652,12.154312542498785,12.620737,12.880429536661905,2026-04
2026-04-15,ITA US 01/15/27 C250 Equity,2026-04-22,9.149999999999999,15.5,14.767100502335037,15.5,14.767100502335037,13.631986723731616,13.350496254605451,14.367266,14.174085533258838,2026-04
2026-04-15,ITA US 01/15/27 C230 Equity,2026-04-22,15.5,24.8,23.854951074682678,24.8,23.854951074682678,21.6979054402864,20.90051595312105,23.3338,22.83102396789959,2026-04
2026-04-15,ITA US 07/17/26 C230 Equity,2026-04-22,6.4,14.9,14.194707217119632,14.9,14.194707217119632,11.655537000864998,12.608172033024884,14.219212,13.236535451248104,2026-04
2026-04-16,ITA US 12/18/26 C245 Equity,2026-04-23,9.5,14.55,13.498453422322731,14.55,13.498453422322731,12.352791562104544,12.248420726332789,14.136278,12.941821208898514,2026-04
2026-04-16,ITA US 10/16/26 C235 Equity,2026-04-23,9.6,15.5,14.35567529353977,15.5,14.35567529353977,11.912380755278953,12.26747405449575,15.075358,13.715166966604714,2026-04
2026-04-16,ITA US 10/16/26 C255 Equity,2026-04-23,4.85,8.5,7.663474981810014,8.5,7.663474981810014,6.030460587889518,6.3853041292896275,8.220031,6.958715127753138,2026-04
2026-04-16,ITA US 10/16/26 C240 Equity,2026-04-23,8.1,13.45,12.548459101670206,13.45,12.548459101670206,10.445354325136908,10.71172576068025,12.415325,11.811906070582204,2026-04
2026-04-16,ITA US 01/15/27 C230 Equity,2026-04-23,15.350000000000001,22.0,20.809955259751344,22.0,20.809955259751344,18.353567029880402,18.393050375746917,22.768208,20.142728912952332,2026-04
2026-04-16,ITA US 10/16/26 C250 Equity,2026-04-23,5.9,9.6,8.856744291332214,9.6,8.856744291332214,7.299395665434077,7.789153940206545,9.494891,8.113000317412755,2026-04
2026-04-16,ITA US 07/17/26 C280 Equity,2026-04-23,1.525,1.775,1.4656748674808195,1.775,1.4656748674808195,3.0784051702249275,1.8687530287473972,2.5059175,0.8676377075787365,2026-04
2026-04-16,ITA US 07/17/26 C230 Equity,2026-04-23,6.300000000000001,12.55,11.83119091487747,12.55,11.83119091487747,9.89045714223702,11.107830993059803,12.97478,11.055775306690618,2026-04
2026-04-16,ITA US 07/17/26 C250 Equity,2026-04-23,2.3,4.6,4.119194841701478,4.6,4.119194841701478,1.237709031114056,2.467959648727774,6.5693035,3.2213782719497948,2026-04
2026-04-16,ITA US 10/16/26 C245 Equity,2026-04-23,6.75,11.65,10.626116545468582,11.65,10.626116545468582,8.814225723612797,9.1578553076106,10.807065,10.093809907728076,2026-04
2026-04-16,ITA US 12/18/26 C235 Equity,2026-04-23,12.2,18.549999999999997,17.32240763646355,18.549999999999997,17.32240763646355,15.223656320844736,15.358814085003667,18.635836,16.80676049775483,2026-04
2026-04-16,ITA US 10/16/26 C230 Equity,2026-04-23,11.4,17.9,16.721672426080826,17.9,16.721672426080826,14.073823081841391,14.79353468196239,18.715782,16.172877370066495,2026-04
2026-04-16,ITA US 12/18/26 C230 Equity,2026-04-23,14.45,20.9,19.68890580059419,20.9,19.68890580059419,17.374496487084826,17.540946692771847,21.283922,19.13069004266375,2026-04
2026-04-16,ITA US 01/15/27 C235 Equity,2026-04-23,13.55,19.65,18.48618941098356,19.65,18.48618941098356,16.314943246295485,16.164130289194066,19.732258,17.734888768964993,2026-04
2026-04-16,ITA US 01/15/27 C250 Equity,2026-04-23,9.149999999999999,13.7,12.643134417661336,13.7,12.643134417661336,11.460650186419524,11.29236678059201,13.425194,12.082848594623023,2026-04
2026-04-16,ITA US 12/18/26 C240 Equity,2026-04-23,11.100000000000001,16.299999999999997,15.149762227397337,16.299999999999997,15.149762227397337,13.290100647285207,13.411904700345675,16.3686,14.660618651212493,2026-04
2026-04-16,ITA US 12/18/26 C250 Equity,2026-04-23,8.25,12.4,11.453097112908816,12.4,11.453097112908816,10.014869340937576,10.148105252011579,11.783052,10.902173664453922,2026-04
2026-04-16,ITA US 01/15/27 C240 Equity,2026-04-23,11.9,17.6,16.492776811369474,17.6,16.492776811369474,15.11092707559158,14.916512554386152,17.658657,15.916784015937019,2026-04
2026-04-16,ITA US 01/15/27 C245 Equity,2026-04-23,10.649999999999999,15.55,14.482764192122909,15.55,14.482764192122909,13.431226381295145,13.268113400143035,15.594373,13.95042186002101,2026-04
2026-04-17,ITA US 07/17/26 C250 Equity,2026-04-24,2.05,4.949999999999999,4.481647298706172,4.949999999999999,4.481647298706172,0.269994521345275,3.4173067554619596,5.801342,3.3320006938352464,2026-04
2026-04-17,ITA US 12/18/26 C245 Equity,2026-04-24,8.7,15.0,14.044554845823193,15.0,14.044554845823193,10.88760822587006,12.799721447525489,13.410681,13.156387880426426,2026-04
2026-04-17,ITA US 12/18/26 C240 Equity,2026-04-24,9.6,17.4,16.313154980567102,17.4,16.313154980567102,12.530401314500214,14.525338358169865,16.526894,15.54821697920495,2026-04
2026-04-17,ITA US 10/16/26 C255 Equity,2026-04-24,4.55,8.75,8.276265368317231,8.75,8.276265368317231,4.994465295355308,7.1529574258222475,8.277765,7.001582592411397,2026-04
2026-04-17,ITA US 01/15/27 C230 Equity,2026-04-24,13.95,23.15,21.82389546720933,23.15,21.82389546720933,17.71815961150163,19.223039301204455,21.912619,20.85487401512878,2026-04
2026-04-17,ITA US 10/16/26 C240 Equity,2026-04-24,7.2,14.25,13.57697087201532,14.25,13.57697087201532,9.991243603647836,11.917337053732565,11.312764,12.393830451168503,2026-04
2026-04-17,ITA US 10/16/26 C235 Equity,2026-04-24,8.85,16.450000000000003,16.03537761732379,16.450000000000003,16.03537761732379,11.527833893961478,13.673145617860706,15.221118,14.487720178010793,2026-04
2026-04-17,ITA US 12/18/26 C235 Equity,2026-04-24,11.55,19.35,18.287852520995166,19.35,18.287852520995166,13.839624866916074,15.87407098410739,18.78324,17.37283493549395,2026-04
2026-04-17,ITA US 10/16/26 C230 Equity,2026-04-24,10.55,19.0,18.449998345433094,19.0,18.449998345433094,14.252999966240575,16.01375791560808,17.76341,16.89241808391426,2026-04
2026-04-17,ITA US 10/16/26 C250 Equity,2026-04-24,5.55,9.95,9.4174025564579,9.95,9.4174025564579,5.686191310967242,8.09509865844556,9.0604105,8.237677596344891,2026-04
2026-04-17,ITA US 07/17/26 C280 Equity,2026-04-24,1.45,0.925,0.736983758357692,0.925,0.736983758357692,-0.8282582172680204,-0.34985592358605544,2.1060698,-0.45530487697345845,2026-04
2026-04-17,ITA US 10/16/26 C245 Equity,2026-04-24,6.1,11.95,11.274820227784495,11.95,11.274820227784495,7.6817790867438225,9.857158441843204,9.910593,10.165495871613187,2026-04
2026-04-17,ITA US 12/18/26 C230 Equity,2026-04-24,13.2,22.25,21.132583066438425,22.25,21.132583066438425,17.39321328215956,18.740025325386405,21.145557,20.07024151299896,2026-04
2026-04-17,ITA US 01/15/27 C245 Equity,2026-04-24,9.6,16.2,15.080657704028948,16.2,15.080657704028948,11.869502976964217,13.901719451432475,15.304903,14.364881480265218,2026-04
2026-04-17,ITA US 12/18/26 C250 Equity,2026-04-24,7.3,13.100000000000001,12.22339511920073,13.100000000000001,12.22339511920073,9.152329734863308,11.192872676466541,11.228053,11.384763884959444,2026-04
2026-04-17,ITA US 01/15/27 C235 Equity,2026-04-24,12.600000000000001,20.25,19.371344446198496,20.25,19.371344446198496,14.761693748610993,16.95858158685906,19.248327,18.11567210724551,2026-04
2026-04-17,ITA US 01/15/27 C250 Equity,2026-04-24,8.15,13.75,12.440370161407968,13.75,12.440370161407968,9.003141504242102,11.262753892490982,11.735569,11.86084737558236,2026-04
2026-04-17,ITA US 07/17/26 C230 Equity,2026-04-24,5.45,13.45,13.072480852542961,13.45,13.072480852542961,9.78209997456744,12.35350831640307,11.526574,11.532373504917917,2026-04
2026-04-17,ITA US 01/15/27 C240 Equity,2026-04-24,10.7,18.35,17.10298433111254,18.35,17.10298433111254,13.298276015150318,15.237084792030249,17.04496,16.421778437274078,2026-04
2026-04-20,ITA US 12/18/26 C250 Equity,2026-04-27,7.5,12.6,11.456191340197405,12.6,11.456191340197405,9.192115343641417,9.68474974277228,12.066665,10.678810922714895,2026-04
2026-04-20,ITA US 10/16/26 C240 Equity,2026-04-27,7.5,13.25,12.841264675409622,13.25,12.841264675409622,9.604836702459622,10.243409565122686,12.2248535,11.194420965708572,2026-04
2026-04-20,ITA US 10/16/26 C230 Equity,2026-04-27,10.35,17.95,17.549586430808944,17.95,17.549586430808944,13.839442180586941,13.895013763595994,18.492746,15.63851480900778,2026-04
2026-04-20,ITA US 07/17/26 C230 Equity,2026-04-27,5.199999999999999,12.95,12.40802714709765,12.95,12.40802714709765,8.943677254366246,9.939432755715247,12.386371,10.830367183267297,2026-04
2026-04-20,ITA US 01/15/27 C250 Equity,2026-04-27,8.35,14.05,12.581186182026812,14.05,12.581186182026812,9.318428032649603,9.885343425077252,12.334991,12.005804228349255,2026-04
2026-04-20,ITA US 07/17/26 C280 Equity,2026-04-27,1.45,1.575,1.3069177975873572,1.575,1.3069177975873572,-0.4814984920176393,-0.42322919239043877,2.0028954,0.23291210068736934,2026-04
2026-04-20,ITA US 07/17/26 C250 Equity,2026-04-27,1.5750000000000002,4.9,4.363491350265692,4.9,4.363491350265692,0.9842097642543308,2.2763744996287176,6.4768124,3.124579722475717,2026-04
2026-04-20,ITA US 10/16/26 C255 Equity,2026-04-27,4.449999999999999,7.35,6.826312698756095,7.35,6.826312698756095,3.2841024117091635,4.054080449324426,7.7262983,5.3317175147489175,2026-04
2026-04-20,ITA US 01/15/27 C230 Equity,2026-04-27,13.95,22.35,21.3253858182739,22.35,21.3253858182739,16.991455712143992,17.052119172174564,22.074228,19.884040263194386,2026-04
2026-04-20,ITA US 10/16/26 C235 Equity,2026-04-27,8.9,15.549999999999999,15.116250774594683,15.549999999999999,15.116250774594683,11.457805389202456,11.934348502783793,15.75773,13.371575899024995,2026-04
2026-04-20,ITA US 12/18/26 C245 Equity,2026-04-27,8.5,14.0,13.181668739676946,14.0,13.181668739676946,10.066210520553593,10.687254604811308,13.576614,11.950841395689155,2026-04
2026-04-20,ITA US 12/18/26 C240 Equity,2026-04-27,9.649999999999999,16.5,15.697691529215902,16.5,15.697691529215902,12.876345292180963,13.40616092067787,16.671259,14.460828436247382,2026-04
2026-04-20,ITA US 01/15/27 C235 Equity,2026-04-27,12.05,19.9,18.94836000475714,19.9,18.94836000475714,14.520650977735063,14.973201910906427,19.869778,17.583870352560037,2026-04
2026-04-20,ITA US 12/18/26 C235 Equity,2026-04-27,11.45,18.95,18.025928927526465,18.95,18.025928927526465,14.431359396050222,14.809964062966282,19.103651,16.803337436403844,2026-04
2026-04-20,ITA US 10/16/26 C250 Equity,2026-04-27,4.6,9.3,8.579100820654762,9.3,8.579100820654762,5.367154273868886,6.009753734993566,9.672955,7.367812428390122,2026-04
2026-04-20,ITA US 01/15/27 C240 Equity,2026-04-27,10.5,17.4,16.565567639459786,17.4,16.565567639459786,13.097465752295145,13.562805634504077,17.542412,15.291810222752792,2026-04
2026-04-20,ITA US 12/18/26 C230 Equity,2026-04-27,13.2,21.45,20.499839791725506,21.45,20.499839791725506,17.33653313485906,17.170769804940026,21.85429,19.08871738717192,2026-04
2026-04-20,ITA US 01/15/27 C245 Equity,2026-04-27,9.2,15.149999999999999,14.370931524326995,15.149999999999999,14.370931524326995,10.732428513067575,11.283836613051054,15.319843,13.124678139133401,2026-04
2026-04-20,ITA US 10/16/26 C245 Equity,2026-04-27,6.35,11.35,10.295653124533311,11.35,10.295653124533311,7.247018436702196,7.97946670966403,10.612672,9.336185161789588,2026-04
2026-04-21,ITA US 12/18/26 C230 Equity,2026-04-28,12.75,17.05,16.18957903158763,17.05,16.18957903158763,14.384728891046695,14.124175369063366,17.849442,14.887263640043928,2026-04
2026-04-21,ITA US 01/15/27 C235 Equity,2026-04-28,11.8,15.85,14.96542106037708,15.85,14.96542106037708,12.882172943234043,12.430876090404098,15.754545,13.537435403256607,2026-04
2026-04-21,ITA US 12/18/26 C240 Equity,2026-04-28,9.55,12.9,12.166883182846806,12.9,12.166883182846806,10.652653233866038,10.541487128043888,13.186899,10.856591278925467,2026-04
2026-04-21,ITA US 10/16/26 C230 Equity,2026-04-28,10.1,14.3,13.794143943918117,14.3,13.794143943918117,12.035447932743756,11.785304333036603,13.420115,12.219761476558933,2026-04
2026-04-21,ITA US 07/17/26 C230 Equity,2026-04-28,4.75,8.55,8.137341780560837,8.55,8.137341780560837,6.495621502511089,7.131332957219962,8.797731,6.6159296186001715,2026-04
2026-04-21,ITA US 10/16/26 C235 Equity,2026-04-28,8.25,11.95,11.47006223160401,11.95,11.47006223160401,9.442050756719397,9.135675319515254,11.524039,9.785795372195054,2026-04
2026-04-21,ITA US 01/15/27 C250 Equity,2026-04-28,7.7,10.649999999999999,9.896517165848072,10.649999999999999,9.896517165848072,8.123498558581625,7.994814207925818,9.384074,8.614235750427,2026-04
2026-04-21,ITA US 01/15/27 C240 Equity,2026-04-28,10.3,13.9,13.065139709306445,13.9,13.065139709306445,11.453532533090188,11.161039431861884,13.754757,11.798857376547538,2026-04
2026-04-21,ITA US 12/18/26 C235 Equity,2026-04-28,10.9,14.950000000000001,14.113100719526205,14.950000000000001,14.113100719526205,12.583180413700799,12.222145920299479,15.500717,12.80990120327016,2026-04
2026-04-21,ITA US 12/18/26 C250 Equity,2026-04-28,7.35,9.7,8.980077593904051,9.7,8.980077593904051,7.472143161259034,7.296325267108224,9.21725,7.7864775268942825,2026-04
2026-04-21,ITA US 10/16/26 C240 Equity,2026-04-28,6.75,10.05,9.627822143058225,10.05,9.627822143058225,7.798978848112704,7.569077571788667,9.514556,8.000535086428975,2026-04
2026-04-21,ITA US 01/15/27 C245 Equity,2026-04-28,8.95,12.399999999999999,11.583284616380535,12.399999999999999,11.583284616380535,10.447024603032428,9.816132285087733,12.05956,10.385221281019753,2026-04
2026-04-21,ITA US 10/16/26 C255 Equity,2026-04-28,4.2,5.9,5.539124626215107,5.9,5.539124626215107,2.9074226736203457,2.7404680286304846,4.567865,3.928945205788314,2026-04
2026-04-21,ITA US 12/18/26 C245 Equity,2026-04-28,8.2,11.0,10.265166067022761,11.0,10.265166067022761,8.385400581254888,8.224662974282793,10.6813545,8.95192607417371,2026-04
2026-04-21,ITA US 01/15/27 C230 Equity,2026-04-28,13.4,18.0,17.073767498568543,18.0,17.073767498568543,14.825432731396786,14.572353381127957,18.061272,15.737104676241197,2026-04
2026-04-21,ITA US 10/16/26 C250 Equity,2026-04-28,5.0,7.55,7.187425269084517,7.55,7.187425269084517,5.703874704039741,5.331573561261825,6.3247905,5.694126984726033,2026-04
2026-04-21,ITA US 10/16/26 C245 Equity,2026-04-28,5.75,8.95,8.502092123477208,8.95,8.502092123477208,6.954787605421936,6.860613990120871,8.954476,7.02065756650515,2026-04
2026-04-21,ITA US 07/17/26 C250 Equity,2026-04-28,2.175,2.925,2.595889768272144,2.925,2.595889768272144,0.7904573633818668,0.5051751189036864,4.147068,1.1354624977112047,2026-04
2026-04-22,ITA US 10/16/26 C255 Equity,2026-04-29,3.2,5.3,5.020678511152167,5.3,5.020678511152167,3.981075291514074,4.225201481821811,3.6132119,4.011462588151785,2026-04
2026-04-22,ITA US 01/15/27 C245 Equity,2026-04-29,8.5,10.7,10.075874991770203,10.7,10.075874991770203,9.00674952267289,9.578443195910431,8.251022,9.331587517984916,2026-04
2026-04-22,ITA US 01/15/27 C235 Equity,2026-04-29,11.0,13.8,13.164462671243756,13.8,13.164462671243756,11.05786800094235,11.691531200412943,12.136356,12.139247255649167,2026-04
2026-04-22,ITA US 12/18/26 C245 Equity,2026-04-29,7.449999999999999,9.85,9.248142755521673,9.85,9.248142755521673,8.074348447676474,8.578541797886214,8.191374,8.476285730132396,2026-04
2026-04-22,ITA US 10/16/26 C230 Equity,2026-04-29,8.899999999999999,11.8,11.462710537765,11.8,11.462710537765,9.928100264507933,10.734413875059428,9.497258,10.341402230770397,2026-04
2026-04-22,ITA US 01/15/27 C240 Equity,2026-04-29,9.649999999999999,12.2,11.369322875635152,12.2,11.369322875635152,9.384733193448998,10.080521872806209,9.859802,10.742213438550793,2026-04
2026-04-22,ITA US 10/16/26 C245 Equity,2026-04-29,4.9,7.300000000000001,7.010341447626108,7.300000000000001,7.010341447626108,6.21069934361037,6.4257845608777355,5.4785447,5.998261910853506,2026-04
2026-04-22,ITA US 12/18/26 C240 Equity,2026-04-29,8.6,11.149999999999999,10.563288914398111,11.149999999999999,10.563288914398111,8.713088824741789,9.467190854532236,9.274907,9.753883517882507,2026-04
2026-04-22,ITA US 10/16/26 C235 Equity,2026-04-29,7.1,9.95,9.621978569579493,9.95,9.621978569579493,8.014772228109255,8.546594377474712,8.387242,8.42855389943007,2026-04
2026-04-22,ITA US 01/15/27 C230 Equity,2026-04-29,12.2,15.5,14.850505565552975,15.5,14.850505565552975,12.303196216590335,13.279026212894362,14.0499,13.877629948801093,2026-04
2026-04-22,ITA US 12/18/26 C235 Equity,2026-04-29,10.05,12.85,12.249738269047807,12.85,12.249738269047807,10.749550540761204,11.330504995137215,11.333551,11.35464440019374,2026-04
2026-04-22,ITA US 10/16/26 C240 Equity,2026-04-29,5.3,8.350000000000001,8.042735853864063,8.350000000000001,8.042735853864063,6.434144979629336,6.9682989601636365,7.680982,6.937196995270998,2026-04
2026-04-22,ITA US 07/17/26 C250 Equity,2026-04-29,1.9749999999999999,2.3,2.1019914224634038,2.3,2.1019914224634038,0.5967789152041263,0.9410492997203885,1.9181868,1.1833282298657515,2026-04
2026-04-22,ITA US 07/17/26 C230 Equity,2026-04-29,4.05,6.4,5.873172536497037,6.4,5.873172536497037,3.595527919355227,5.330304142270199,6.2848916,5.0369854715618,2026-04
2026-04-22,ITA US 12/18/26 C250 Equity,2026-04-29,6.050000000000001,8.4,7.850846176479309,8.4,7.850846176479309,6.572649813343951,7.021868894459843,6.809464,7.140031814119433,2026-04
2026-04-22,ITA US 10/16/26 C250 Equity,2026-04-29,3.9,6.35,6.067910882877198,6.35,6.067910882877198,5.4776892905115595,5.56229859238784,3.490317,5.137115601574079,2026-04
2026-04-22,ITA US 12/18/26 C230 Equity,2026-04-29,11.25,14.55,13.929712617202847,14.55,13.929712617202847,12.222143899972606,13.075041712430998,13.099572,13.023166565145852,2026-04
2026-04-22,ITA US 01/15/27 C250 Equity,2026-04-29,7.0,9.149999999999999,8.578173102699964,9.149999999999999,8.578173102699964,6.794839679366694,7.529021439189523,7.377742,7.752959856557027,2026-04
2026-04-23,ITA US 01/15/27 C230 Equity,2026-04-30,14.600000000000001,15.350000000000001,15.246259668919869,15.350000000000001,15.246259668919869,11.594195992533749,13.278168488815856,14.748013,14.007245011869223,2026-04
2026-04-23,ITA US 10/16/26 C250 Equity,2026-04-30,5.7,5.9,5.959134619611385,5.9,5.959134619611385,4.198936562547461,5.10582964726275,4.5898976,4.9312459135908,2026-04
2026-04-23,ITA US 10/16/26 C230 Equity,2026-04-30,10.3,11.4,11.592538530716084,11.4,11.592538530716084,8.355515630542639,10.18311681101944,10.10097,10.210256449860974,2026-04
2026-04-23,ITA US 12/18/26 C230 Equity,2026-04-30,13.399999999999999,14.45,14.431055170462022,14.45,14.431055170462022,10.986511506979937,12.696714337704575,12.484057,13.21218371554785,2026-04
2026-04-23,ITA US 12/18/26 C240 Equity,2026-04-30,10.2,11.100000000000001,10.945349599213827,11.100000000000001,10.945349599213827,8.422174368456442,9.674338198121621,10.253201,9.987569826703,2026-04
2026-04-23,ITA US 01/15/27 C245 Equity,2026-04-30,9.55,10.649999999999999,10.280071245212389,10.649999999999999,10.280071245212389,8.102425286179315,9.338346298329055,8.980753,9.54564957078333,2026-04
2026-04-23,ITA US 12/18/26 C235 Equity,2026-04-30,11.65,12.2,12.153615866794144,12.2,12.153615866794144,9.170647112625371,10.93914611861165,11.582238,10.956494804797273,2026-04
2026-04-23,ITA US 10/16/26 C235 Equity,2026-04-30,8.75,9.6,9.684732301408381,9.6,9.684732301408381,6.4583575360383065,8.128857516527386,9.248238,8.339985393167023,2026-04
2026-04-23,ITA US 01/15/27 C235 Equity,2026-04-30,12.75,13.55,13.214064659461771,13.55,13.214064659461771,9.981889768601256,11.460019063566246,12.053205,12.177900242132413,2026-04
2026-04-23,ITA US 10/16/26 C255 Equity,2026-04-30,3.7249999999999996,4.85,4.912129696518993,4.85,4.912129696518993,2.7468082744631896,3.9362461134882984,4.212537,3.805166576665674,2026-04
2026-04-23,ITA US 01/15/27 C240 Equity,2026-04-30,11.15,11.9,11.655732484274514,11.9,11.655732484274514,8.843700677501609,10.205605767896174,10.95174,10.717277459447043,2026-04
2026-04-23,ITA US 07/17/26 C250 Equity,2026-04-30,1.9,2.3,2.2410411998404554,2.3,2.2410411998404554,0.7016263503498408,1.8778289569773197,2.7545683,1.466883704302878,2026-04
2026-04-23,ITA US 12/18/26 C250 Equity,2026-04-30,8.05,8.25,8.097795602325407,8.25,8.097795602325407,5.714547552671958,7.099356475855348,7.2835097,7.26160651789454,2026-04
2026-04-23,ITA US 07/17/26 C230 Equity,2026-04-30,5.45,6.300000000000001,6.31566991858713,6.300000000000001,6.31566991858713,2.321918275110095,5.289003807817894,6.6578918,5.256427907425511,2026-04
2026-04-23,ITA US 10/16/26 C245 Equity,2026-04-30,6.25,6.75,6.898182295012682,6.75,6.898182295012682,4.6584093567473115,5.958236199296664,5.6526337,5.6956862028559065,2026-04
2026-04-23,ITA US 01/15/27 C250 Equity,2026-04-30,8.55,9.149999999999999,8.928183140612,9.149999999999999,8.928183140612,6.323110742321985,7.713428089747454,8.249649,8.02870104753963,2026-04
2026-04-23,ITA US 12/18/26 C245 Equity,2026-04-30,8.6,9.5,9.38772096559486,9.5,9.38772096559486,7.247523616600256,8.654886653477686,9.017471,8.392379587264537,2026-04
2026-04-23,ITA US 10/16/26 C240 Equity,2026-04-30,7.0,8.1,8.290822377367771,8.1,8.290822377367771,5.534147646850887,7.191667013714778,8.016226,6.964662807906437,2026-04
2026-04-24,ITA US 01/15/27 C245 Equity,2026-05-01,9.65,9.6,8.855209172140235,9.6,8.855209172140235,9.210738303788407,9.185279455216104,7.9876914,8.858692114977107,2026-04
2026-04-24,ITA US 10/16/26 C245 Equity,2026-05-01,6.050000000000001,6.1,5.677997052592079,6.1,5.677997052592079,5.751607915672881,5.805618834411749,4.33935,5.398965113152711,2026-04
2026-04-24,ITA US 10/16/26 C255 Equity,2026-05-01,4.25,4.55,4.180037192573564,4.55,4.180037192573564,4.443433609839316,4.264313140345337,3.2593632,3.873015912017469,2026-04
2026-04-24,ITA US 01/15/27 C250 Equity,2026-05-01,8.2,8.15,7.443230701329243,8.15,7.443230701329243,7.343553123045702,7.520391708486813,7.032079,7.37801743269452,2026-04
2026-04-24,ITA US 12/18/26 C235 Equity,2026-05-01,11.0,11.55,10.697708619441459,11.55,10.697708619441459,10.604604385101654,10.9790989073127,10.351046,10.680821409422146,2026-04
2026-04-24,ITA US 12/18/26 C230 Equity,2026-05-01,12.85,13.2,12.373926785059098,13.2,12.373926785059098,12.47338641356627,12.647603005009984,11.895974,12.30929807650267,2026-04
2026-04-24,ITA US 10/16/26 C230 Equity,2026-05-01,9.399999999999999,10.55,10.006443414331251,10.55,10.006443414331251,10.099892664161604,10.36110282599909,9.119624,9.72712780330259,2026-04
2026-04-24,ITA US 07/17/26 C250 Equity,2026-05-01,1.6,2.05,1.7972979136021277,2.05,1.7972979136021277,3.289591173899314,3.0214915144009105,2.5130537,1.6086290961715717,2026-04
2026-04-24,ITA US 01/15/27 C240 Equity,2026-05-01,10.6,10.7,9.818031408973004,10.7,9.818031408973004,9.768834401327833,9.962003028524574,9.162836,9.861896369941839,2026-04
2026-04-24,ITA US 01/15/27 C230 Equity,2026-05-01,14.1,13.95,13.099079602120025,13.95,13.099079602120025,12.24733812616735,12.605173754481385,12.894119,12.955637230018125,2026-04
2026-04-24,ITA US 10/16/26 C235 Equity,2026-05-01,8.7,8.85,8.347713120439984,8.85,8.347713120439984,8.163229788809792,8.362361841512168,8.610278,7.962872897467535,2026-04
2026-04-24,ITA US 07/17/26 C230 Equity,2026-05-01,4.699999999999999,5.45,5.117684818219869,5.45,5.117684818219869,4.791674397922462,5.805725615768738,5.7187004,4.7909959776286675,2026-04
2026-04-24,ITA US 10/16/26 C250 Equity,2026-05-01,5.0,5.55,5.12258861720555,5.55,5.12258861720555,5.957323100030658,5.560569223393804,4.176693,4.9618386166743,2026-04
2026-04-24,ITA US 01/15/27 C235 Equity,2026-05-01,11.75,12.600000000000001,11.738695510141248,12.600000000000001,11.738695510141248,11.56862469139117,12.016353208943382,10.640927,11.782698777986193,2026-04
2026-04-24,ITA US 12/18/26 C240 Equity,2026-05-01,9.1,9.6,8.893598249423412,9.6,8.893598249423412,8.623312169795096,8.758089204659335,8.627823,8.815937698206493,2026-04
2026-04-24,ITA US 12/18/26 C250 Equity,2026-05-01,6.8,7.3,6.531438321331442,7.3,6.531438321331442,6.667516876312597,6.86203504416938,5.583846,6.64236157379651,2026-04
2026-04-24,ITA US 12/18/26 C245 Equity,2026-05-01,8.0,8.7,8.054611504779139,8.7,8.054611504779139,8.45012505749804,8.559954588921508,7.6725492,7.952128118389175,2026-04
2026-04-24,ITA US 10/16/26 C240 Equity,2026-05-01,7.3,7.2,6.744506179100549,7.2,6.744506179100549,6.634974562240712,6.970537717772052,5.9419823,6.404270042507597,2026-04
2026-04-27,ITA US 12/18/26 C240 Equity,2026-05-04,9.100000000000001,9.649999999999999,8.975469137339974,9.649999999999999,8.975469137339974,11.553805383036956,9.583846911479691,9.0209675,9.828602084014733,2026-04
2026-04-27,ITA US 10/16/26 C250 Equity,2026-05-04,4.55,4.6,4.236816243328592,4.6,4.236816243328592,7.185506895235772,5.180666414335592,3.6929872,4.877620345297339,2026-04
2026-04-27,ITA US 12/18/26 C235 Equity,2026-05-04,10.600000000000001,11.45,10.684843192620272,11.45,10.684843192620272,13.717337156815994,11.962043230621852,9.85611,11.536178910393819,2026-04
2026-04-27,ITA US 01/15/27 C245 Equity,2026-05-04,8.75,9.2,8.431464009650906,9.2,8.431464009650906,11.261217275791381,9.139535944876085,7.753389,9.385122617758604,2026-04
2026-04-27,ITA US 12/18/26 C230 Equity,2026-05-04,12.1,13.2,12.419424898849456,13.2,12.419424898849456,15.168940274753009,13.458017641676834,11.117737,13.267002815869155,2026-04
2026-04-27,ITA US 01/15/27 C230 Equity,2026-05-04,13.25,13.95,12.92840494182789,13.95,12.92840494182789,14.84490357453393,13.036560277376195,11.492906,13.90047585421731,2026-04
2026-04-27,ITA US 12/18/26 C245 Equity,2026-05-04,7.699999999999999,8.5,7.834682775092783,8.5,7.834682775092783,11.11644602704045,9.27463883969109,6.905798,8.691693068853457,2026-04
2026-04-27,ITA US 01/15/27 C235 Equity,2026-05-04,11.5,12.05,11.369728541175203,12.05,11.369728541175203,12.984910067572354,11.354851832617554,10.723889,12.167416938736922,2026-04
2026-04-27,ITA US 07/17/26 C230 Equity,2026-05-04,4.5,5.199999999999999,4.727816248791468,5.199999999999999,4.727816248791468,7.0688604037646865,6.008566221035075,5.8065596,5.455977283054302,2026-04
2026-04-27,ITA US 01/15/27 C240 Equity,2026-05-04,10.0,10.5,9.781824352340816,10.5,9.781824352340816,11.897609718848205,10.029190683942039,9.23283,10.61637121143709,2026-04
2026-04-27,ITA US 12/18/26 C250 Equity,2026-05-04,6.4,7.5,6.866040481712087,7.5,6.866040481712087,9.840248858993629,8.065194238285512,5.008504,7.8263871727731615,2026-04
2026-04-27,ITA US 01/15/27 C250 Equity,2026-05-04,7.5,8.35,7.071471231649084,8.35,7.071471231649084,9.84560673821069,7.932666591900725,6.1716843,8.498118086808567,2026-04
2026-04-27,ITA US 10/16/26 C235 Equity,2026-05-04,7.85,8.9,8.408372993295556,8.9,8.408372993295556,11.427762786385891,9.520426341169326,8.170334,8.975381507799474,2026-04
2026-04-27,ITA US 07/17/26 C250 Equity,2026-05-04,1.375,1.5750000000000002,1.33409072634623,1.5750000000000002,1.33409072634623,4.928225706960886,2.7256491905754014,1.862101,1.9953119810847126,2026-04
2026-04-27,ITA US 10/16/26 C255 Equity,2026-05-04,3.6500000000000004,4.449999999999999,4.074230737926424,4.449999999999999,4.074230737926424,7.401414978948287,5.203976815399946,2.8701272,4.721099408461182,2026-04
2026-04-27,ITA US 10/16/26 C240 Equity,2026-05-04,6.6,7.5,7.466081312960101,7.5,7.466081312960101,10.325739991662086,8.123836815987557,5.908636,7.732687390132052,2026-04
2026-04-27,ITA US 10/16/26 C230 Equity,2026-05-04,9.7,10.35,9.929787281684611,10.35,9.929787281684611,12.86234964858285,11.253883147286569,8.695684,10.479892239442078,2026-04
2026-04-27,ITA US 10/16/26 C245 Equity,2026-05-04,5.65,6.35,5.911379381889672,6.35,5.911379381889672,9.372169260465537,7.345148425971163,3.7554915,6.62973616376339,2026-04
2026-04-28,ITA US 07/17/26 C250 Equity,2026-05-05,1.1749999999999998,2.175,1.9754369937420762,2.175,1.9754369937420762,6.8743610547410885,4.845599763368341,1.860769,3.4596160622459706,2026-04
2026-04-28,ITA US 10/16/26 C245 Equity,2026-05-05,5.25,5.75,5.751388539887448,5.75,5.751388539887448,9.471322095054477,7.807051200253946,4.7343864,6.723640046360283,2026-04
2026-04-28,ITA US 12/18/26 C240 Equity,2026-05-05,9.2,9.55,9.18085869274501,9.55,9.18085869274501,12.121086205179658,10.320382041398574,9.319729,10.448180517491062,2026-04
2026-04-28,ITA US 10/16/26 C230 Equity,2026-05-05,9.4,10.1,9.153428537741078,10.1,9.153428537741078,12.376053055730408,11.280982032582669,9.442185,10.860801313841204,2026-04
2026-04-28,ITA US 10/16/26 C250 Equity,2026-05-05,4.45,5.0,4.831388654670364,5.0,4.831388654670364,8.174324582377114,6.680439753501423,3.6337948,6.047933851364398,2026-04
2026-04-28,ITA US 01/15/27 C235 Equity,2026-05-05,11.9,11.8,11.329073609158339,11.8,11.329073609158339,14.458069614623845,12.746158675286729,10.671175,12.619144126515751,2026-04
2026-04-28,ITA US 01/15/27 C240 Equity,2026-05-05,10.399999999999999,10.3,9.949617152890905,10.3,9.949617152890905,13.036324301318778,11.227453090511055,9.644363,11.133642290871888,2026-04
2026-04-28,ITA US 01/15/27 C245 Equity,2026-05-05,8.75,8.95,8.411493514855758,8.95,8.411493514855758,11.55715774908368,9.73374201907936,8.761522,9.838931034537751,2026-04
2026-04-28,ITA US 01/15/27 C230 Equity,2026-05-05,13.6,13.4,13.023776341010965,13.4,13.023776341010965,14.900946104106144,13.57507699711515,12.117914,14.067356996903358,2026-04
2026-04-28,ITA US 10/16/26 C255 Equity,2026-05-05,3.675,4.2,4.037056806398344,4.2,4.037056806398344,7.807277856827666,5.907764008187545,3.0393138,5.173623070975082,2026-04
2026-04-28,ITA US 10/16/26 C235 Equity,2026-05-05,7.95,8.25,8.230039843316899,8.25,8.230039843316899,11.280858687292888,9.773123256545897,8.096958,9.020212711277079,2026-04
2026-04-28,ITA US 10/16/26 C240 Equity,2026-05-05,6.55,6.75,6.621589587513015,6.75,6.621589587513015,10.343472813985366,8.098569432110018,6.625902,7.6087453267919205,2026-04
2026-04-28,ITA US 12/18/26 C235 Equity,2026-05-05,10.55,10.9,10.53796198027105,10.9,10.53796198027105,13.50772315109916,12.07335762780355,10.2512865,11.684022924058157,2026-04
2026-04-28,ITA US 01/15/27 C250 Equity,2026-05-05,7.45,7.7,7.204069623372875,7.7,7.204069623372875,9.695579125768752,8.347680272348502,5.9858527,8.572606564224985,2026-04
2026-04-28,ITA US 07/17/26 C230 Equity,2026-05-05,4.35,4.75,4.387121523717686,4.75,4.387121523717686,6.461747080395307,5.897999375250567,5.9484134,5.662868575574964,2026-04
2026-04-28,ITA US 12/18/26 C245 Equity,2026-05-05,7.6,8.2,7.949242382690815,8.2,7.949242382690815,11.308674877997916,9.79835837868798,7.1311665,9.108239868086551,2026-04
2026-04-28,ITA US 12/18/26 C230 Equity,2026-05-05,12.3,12.75,12.506110378005438,12.75,12.506110378005438,15.227512595038565,13.906052920058436,11.22851,13.532067107440177,2026-04
2026-04-28,ITA US 12/18/26 C250 Equity,2026-05-05,5.95,7.35,6.991189024516073,7.35,6.991189024516073,10.428044219996346,8.549746041663607,5.0204535,8.391957435480501,2026-04
2026-04-29,ITA US 12/18/26 C235 Equity,2026-05-06,13.65,10.05,9.360550799402455,10.05,9.360550799402455,12.12081316698784,11.110173834895939,10.853323,10.882545387178029,2026-04
2026-04-29,ITA US 10/16/26 C250 Equity,2026-05-06,6.25,3.9,3.5150310734617505,3.9,3.5150310734617505,6.350533185160293,5.581600088667907,4.490606,4.921728252860004,2026-04
2026-04-29,ITA US 07/17/26 C230 Equity,2026-05-06,7.1,4.05,3.6518078130727742,4.05,3.6518078130727742,5.509536729039377,5.554572254937538,6.521645,5.046149755116413,2026-04
2026-04-29,ITA US 12/18/26 C240 Equity,2026-05-06,11.75,8.6,7.953835712790528,8.6,7.953835712790528,10.76293004888936,9.407638544610343,8.999651,9.533033728275907,2026-04
2026-04-29,ITA US 12/18/26 C245 Equity,2026-05-06,10.55,7.449999999999999,6.780805017992685,7.449999999999999,6.780805017992685,10.048138482584628,9.053170552123511,6.6476173,8.386995250202471,2026-04
2026-04-29,ITA US 01/15/27 C230 Equity,2026-05-06,16.95,12.2,11.371169040680911,12.2,11.371169040680911,13.618458234474252,13.153178568485414,12.529464,12.907099030895735,2026-04
2026-04-29,ITA US 10/16/26 C240 Equity,2026-05-06,8.55,5.3,4.665247151195903,5.3,4.665247151195903,6.363042997870425,5.91909902888,5.5651836,6.103543765731795,2026-04
2026-04-29,ITA US 10/16/26 C235 Equity,2026-05-06,10.3,7.1,6.6539511665014475,7.1,6.6539511665014475,9.17374888846773,8.491774481165987,7.842175,7.8795134245084295,2026-04
2026-04-29,ITA US 10/16/26 C245 Equity,2026-05-06,6.9,4.9,4.3170929905247615,4.9,4.3170929905247615,7.1591552349436824,6.406695458879462,4.809092,5.849566561266873,2026-04
2026-04-29,ITA US 01/15/27 C245 Equity,2026-05-06,11.100000000000001,8.5,7.835582146614916,8.5,7.835582146614916,11.030691120752989,9.953132309295164,8.591531,9.468292493923348,2026-04
2026-04-29,ITA US 01/15/27 C235 Equity,2026-05-06,14.850000000000001,11.0,10.298367744227265,11.0,10.298367744227265,13.227621333200409,12.302761403114298,11.223023,11.880193405258373,2026-04
2026-04-29,ITA US 12/18/26 C230 Equity,2026-05-06,15.9,11.25,10.170053646952981,11.25,10.170053646952981,12.872422347638269,12.246061790949202,11.81962,12.012301171796853,2026-04
2026-04-29,ITA US 10/16/26 C230 Equity,2026-05-06,12.55,8.899999999999999,8.461848703459093,8.899999999999999,8.461848703459093,10.426319644440492,10.29831502529882,10.312759,9.769534898966253,2026-04
2026-04-29,ITA US 01/15/27 C250 Equity,2026-05-06,9.899999999999999,7.0,6.40726723911301,7.0,6.40726723911301,8.744484736280693,7.797421742921145,6.1680055,7.925579071976174,2026-04
2026-04-29,ITA US 12/18/26 C250 Equity,2026-05-06,8.75,6.050000000000001,5.476628121580786,6.050000000000001,5.476628121580786,8.174054109863276,6.955378907485327,5.796706,7.085398458340466,2026-04
2026-04-29,ITA US 07/17/26 C250 Equity,2026-05-06,2.2,1.9749999999999999,1.714482554084335,1.9749999999999999,1.714482554084335,8.65912187366857,5.7123462820537085,2.7197142,3.347089547437987,2026-04
2026-04-29,ITA US 01/15/27 C240 Equity,2026-05-06,13.2,9.649999999999999,8.963887429404092,9.649999999999999,8.963887429404092,12.112950444179337,11.0356118265959,9.441479,10.540053487243686,2026-04
2026-04-29,ITA US 10/16/26 C255 Equity,2026-05-06,4.65,3.2,2.9190565319018082,3.2,2.9190565319018082,5.3593884374497485,4.400236343749967,3.70799,4.152553476553827,2026-04
2026-04-30,ITA US 10/16/26 C255 Equity,2026-05-07,5.3,3.7249999999999996,3.5823299770932944,3.7249999999999996,3.5823299770932944,6.109333318344618,4.564775800989494,3.2949917,4.291790307529404,2026-04
2026-04-30,ITA US 10/16/26 C235 Equity,2026-05-07,11.0,8.75,8.773928421151059,8.75,8.773928421151059,11.439548932425613,10.000716254733108,8.123344,9.179134393708974,2026-04
2026-04-30,ITA US 12/18/26 C240 Equity,2026-05-07,12.0,10.2,9.886656178132736,10.2,9.886656178132736,14.019963312336587,11.41128483910387,9.709407,10.768094197035882,2026-04
2026-04-30,ITA US 01/15/27 C245 Equity,2026-05-07,11.25,9.55,8.607252745109133,9.55,8.607252745109133,12.860994710404764,10.929261160026106,8.451525,10.076914807855232,2026-04
2026-04-30,ITA US 07/17/26 C250 Equity,2026-05-07,2.1,1.9,1.5928509679784462,1.9,1.5928509679784462,7.717356301977165,4.0270238230581,2.091055,2.7191901201951483,2026-04
2026-04-30,ITA US 12/18/26 C245 Equity,2026-05-07,10.3,8.6,8.28126581678314,8.6,8.28126581678314,12.086952267889206,10.079455075615645,7.1749396,9.160180398118134,2026-04
2026-04-30,ITA US 01/15/27 C230 Equity,2026-05-07,16.9,14.600000000000001,13.91089344024829,14.600000000000001,13.91089344024829,16.196957170149503,14.537220805999091,11.96307,14.933328054412517,2026-04
2026-04-30,ITA US 01/15/27 C235 Equity,2026-05-07,14.8,12.75,12.210226469297188,12.75,12.210226469297188,15.938848640200698,13.757800732447185,10.760597,13.238088413224501,2026-04
2026-04-30,ITA US 10/16/26 C230 Equity,2026-05-07,12.75,10.3,10.120778666899216,10.3,10.120778666899216,12.761858964300286,11.161043897544717,9.298829,10.759979027368473,2026-04
2026-04-30,ITA US 10/16/26 C250 Equity,2026-05-07,6.35,5.7,5.615971492422752,5.7,5.615971492422752,9.47607329762352,7.337431908939464,3.6502175,6.45605844521214,2026-04
2026-04-30,ITA US 12/18/26 C235 Equity,2026-05-07,13.6,11.65,11.245685725085053,11.65,11.245685725085053,14.811662341018605,12.641404713857465,10.475653,12.09547973159035,2026-04
2026-04-30,ITA US 10/16/26 C240 Equity,2026-05-07,9.1,7.0,6.860325779155882,7.0,6.860325779155882,8.595637948448264,7.594193085836971,6.7495275,7.501960678021783,2026-04
2026-04-30,ITA US 01/15/27 C240 Equity,2026-05-07,12.85,11.15,10.792510142714622,11.15,10.792510142714622,14.681607230850194,12.41134542469577,9.929523,11.660813847493731,2026-04
2026-04-30,ITA US 01/15/27 C250 Equity,2026-05-07,10.05,8.55,8.178472089626958,8.55,8.178472089626958,11.771261641925836,9.176238521055677,6.206638,9.126133706926113,2026-04
2026-04-30,ITA US 10/16/26 C245 Equity,2026-05-07,7.55,6.25,6.012409846344448,6.25,6.012409846344448,9.070802823557285,7.250752423958615,4.950446,6.872987759162235,2026-04
2026-04-30,ITA US 12/18/26 C230 Equity,2026-05-07,15.649999999999999,13.399999999999999,12.84966947864695,13.399999999999999,12.84966947864695,15.366881497290082,13.70954392504664,11.747847,13.81191228521874,2026-04
2026-04-30,ITA US 12/18/26 C250 Equity,2026-05-07,8.7,8.05,7.0592310793099555,8.05,7.0592310793099555,11.085934789402407,8.69244503930589,5.8578825,8.72242760322473,2026-04
2026-04-30,ITA US 07/17/26 C230 Equity,2026-05-07,7.25,5.45,5.115388609831934,5.45,5.115388609831934,7.562796653259582,6.640825870554615,6.039694,6.050563062562766,2026-04
2026-05-01,ITA US 12/18/26 C250 Equity,2026-05-08,8.85,6.8,6.218763380245324,6.8,6.218763380245324,11.92843657954241,9.860281698785165,8.585685,9.255691092144044,2026-05
2026-05-01,ITA US 12/18/26 C245 Equity,2026-05-08,10.2,8.0,7.528483760247718,8.0,7.528483760247718,13.680762673127937,11.079246201117563,9.492296,10.401850491966115,2026-05
2026-05-01,ITA US 10/16/26 C240 Equity,2026-05-08,9.2,7.3,6.694698561258049,7.3,6.694698561258049,12.764725031201545,9.931823879893908,9.45375,9.677926284731459,2026-05
2026-05-01,ITA US 12/18/26 C235 Equity,2026-05-08,14.2,11.0,10.091801451401944,11.0,10.091801451401944,16.32922407860435,13.600663902280163,13.077325,13.254631659691777,2026-05
2026-05-01,ITA US 01/15/27 C245 Equity,2026-05-08,11.5,9.65,8.648863772853998,9.65,8.648863772853998,14.596130360468916,12.185030203809413,12.05976,11.984443287057651,2026-05
2026-05-01,ITA US 10/16/26 C235 Equity,2026-05-08,10.8,8.7,8.08309598611025,8.7,8.08309598611025,14.297246959072897,11.291171421166545,10.299232,11.04295219199551,2026-05
2026-05-01,ITA US 12/18/26 C240 Equity,2026-05-08,12.25,9.1,8.133663601730756,9.1,8.133663601730756,14.279560712455815,11.558459318333055,11.867917,11.331698310246484,2026-05
2026-05-01,ITA US 07/17/26 C230 Equity,2026-05-08,7.0,4.699999999999999,4.6510914397100205,4.699999999999999,4.6510914397100205,9.697412736122274,7.516793294846105,5.7018337,6.9035660144670405,2026-05
2026-05-01,ITA US 10/16/26 C230 Equity,2026-05-08,12.8,9.399999999999999,8.886112303545273,9.399999999999999,8.886112303545273,13.392422592637164,11.221179785189147,11.999767,11.479092180969868,2026-05
2026-05-01,ITA US 07/17/26 C250 Equity,2026-05-08,2.4749999999999996,1.6,1.324573847907398,1.6,1.324573847907398,7.407576274593621,4.3005952670587835,1.6881285,4.210272481160933,2026-05
2026-05-01,ITA US 01/15/27 C250 Equity,2026-05-08,10.05,8.2,7.358676280946398,8.2,7.358676280946398,14.223371751281725,11.25632329412633,10.268231,10.644935011423282,2026-05
2026-05-01,ITA US 10/16/26 C255 Equity,2026-05-08,5.25,4.25,3.7828197852538388,4.25,3.7828197852538388,8.9320333282698,6.803594845783797,3.662017,6.812337113411311,2026-05
2026-05-01,ITA US 12/18/26 C230 Equity,2026-05-08,16.2,12.85,12.071051817081457,12.85,12.071051817081457,17.91833209160707,15.290364868455645,15.164652,15.042450394826272,2026-05
2026-05-01,ITA US 01/15/27 C230 Equity,2026-05-08,17.25,14.1,12.897082699360844,14.1,12.897082699360844,18.804113747719835,16.237802258353387,17.25281,16.243999370507147,2026-05
2026-05-01,ITA US 10/16/26 C245 Equity,2026-05-08,7.6499999999999995,6.050000000000001,5.5500842618834945,6.050000000000001,5.5500842618834945,12.304384188229552,9.211467467519581,7.127203,8.535003802472438,2026-05
2026-05-01,ITA US 01/15/27 C235 Equity,2026-05-08,15.0,11.75,10.62829637067747,11.75,10.62829637067747,16.588464089179933,14.125765696379975,14.377097,13.90346609544825,2026-05
2026-05-01,ITA US 10/16/26 C250 Equity,2026-05-08,6.4,5.0,4.5058365601832895,5.0,4.5058365601832895,11.34001942956305,8.195089404864202,5.046939,7.620605945715401,2026-05
2026-05-01,ITA US 01/15/27 C240 Equity,2026-05-08,13.4,10.6,9.536778224295203,10.6,9.536778224295203,16.323355394856506,13.613376954339069,13.256414,12.937969240525803,2026-05
2026-05-04,ITA US 10/16/26 C255 Equity,2026-05-11,5.2,3.6500000000000004,3.1292052422208236,3.6500000000000004,3.1292052422208236,9.575311106218098,7.443255305791517,3.1357763,7.0874458330082994,2026-05
2026-05-04,ITA US 10/16/26 C235 Equity,2026-05-11,11.55,7.85,7.092946963219972,7.85,7.092946963219972,14.660109374802683,11.817431397662112,9.826361,11.031788583257734,2026-05
2026-05-04,ITA US 01/15/27 C235 Equity,2026-05-11,16.0,11.5,10.344208730551031,11.5,10.344208730551031,17.305659723760403,14.916344252011163,13.604672,14.498019680143202,2026-05
2026-05-04,ITA US 07/17/26 C250 Equity,2026-05-11,2.375,1.375,1.0387881960502727,1.375,1.0387881960502727,7.471904435670625,4.459269194284362,1.7029984,4.743737834403134,2026-05
2026-05-04,ITA US 12/18/26 C245 Equity,2026-05-11,10.9,7.699999999999999,6.555848096852082,7.699999999999999,6.555848096852082,13.862853823736673,11.462681526226756,9.213894,10.898471962589515,2026-05
2026-05-04,ITA US 01/15/27 C230 Equity,2026-05-11,18.3,13.25,12.01873638060972,13.25,12.01873638060972,19.21531571257649,16.751695352434304,17.130104,16.241338503236577,2026-05
2026-05-04,ITA US 12/18/26 C230 Equity,2026-05-11,17.1,12.1,11.18937087422757,12.1,11.18937087422757,18.08537634912645,15.476753609281813,14.166157,15.110041814372753,2026-05
2026-05-04,ITA US 12/18/26 C250 Equity,2026-05-11,9.350000000000001,6.4,5.7157966232915065,6.4,5.7157966232915065,12.134476268963017,10.206965476747875,8.512925,9.642906208344858,2026-05
2026-05-04,ITA US 12/18/26 C240 Equity,2026-05-11,12.850000000000001,9.100000000000001,8.152995109912759,9.100000000000001,8.152995109912759,15.063709984238464,12.553876382266486,11.120296,12.18226961003204,2026-05
2026-05-04,ITA US 01/15/27 C250 Equity,2026-05-11,10.45,7.5,6.577055903994476,7.5,6.577055903994476,13.976379045319348,11.7187057742135,9.849596,10.75360738301852,2026-05
2026-05-04,ITA US 10/16/26 C250 Equity,2026-05-11,6.35,4.55,3.9468035704656863,4.55,3.9468035704656863,10.771762053594697,8.402334110277446,4.5955076,7.9227195795252605,2026-05
2026-05-04,ITA US 10/16/26 C230 Equity,2026-05-11,13.75,9.7,8.752207063037826,9.7,8.752207063037826,15.503123040894884,12.811310091836907,11.8228655,12.721935822298583,2026-05
2026-05-04,ITA US 12/18/26 C235 Equity,2026-05-11,14.8,10.600000000000001,9.576116549759641,10.600000000000001,9.576116549759641,16.947585161117736,14.397823128246294,12.314458,13.70741286328964,2026-05
2026-05-04,ITA US 07/17/26 C230 Equity,2026-05-11,7.5,4.5,3.94286132290624,4.5,3.94286132290624,10.897621154780857,8.313066987935379,5.700112,7.587442779642355,2026-05
2026-05-04,ITA US 01/15/27 C245 Equity,2026-05-11,12.15,8.75,7.729975157509494,8.75,7.729975157509494,15.364959929670505,12.860226018518329,11.179576,11.96038678345662,2026-05
2026-05-04,ITA US 10/16/26 C245 Equity,2026-05-11,8.05,5.65,4.956985345192634,5.65,4.956985345192634,12.01945921108026,9.355745678471447,6.232627,8.954543514073535,2026-05
2026-05-04,ITA US 01/15/27 C240 Equity,2026-05-11,13.75,10.0,9.038997533181634,10.0,9.038997533181634,16.162196589667218,13.814693931932679,12.187376,13.110006437135542,2026-05
2026-05-04,ITA US 10/16/26 C240 Equity,2026-05-11,9.55,6.6,5.809759132577081,6.6,5.809759132577081,13.215044984789214,10.43274478020161,8.488639,9.829263415978586,2026-05
2026-05-05,ITA US 12/18/26 C245 Equity,2026-05-12,10.5,7.6,6.925435044228294,7.6,6.925435044228294,12.55423580466854,11.091249614256341,9.477707,10.211256907692487,2026-05
2026-05-05,ITA US 10/16/26 C240 Equity,2026-05-12,9.05,6.55,6.13972682714577,6.55,6.13972682714577,12.0442839652654,9.968178023040966,9.350553,9.172951944084652,2026-05
2026-05-05,ITA US 01/15/27 C240 Equity,2026-05-12,13.45,10.399999999999999,9.420544462002516,10.399999999999999,9.420544462002516,16.09619667616677,13.994069352715812,12.840795,12.995753273469749,2026-05
2026-05-05,ITA US 10/16/26 C255 Equity,2026-05-12,5.35,3.675,3.3166513951709824,3.675,3.3166513951709824,8.262948105167514,6.8908459569571505,3.7097867,6.494273694882113,2026-05
2026-05-05,ITA US 10/16/26 C250 Equity,2026-05-12,6.25,4.45,4.098888580635163,4.45,4.098888580635163,9.529918304823294,7.857784107695234,4.303602,7.224287823534787,2026-05
2026-05-05,ITA US 12/18/26 C240 Equity,2026-05-12,12.25,9.2,8.421295544325131,9.2,8.421295544325131,14.904131920105971,12.875184126130739,11.525591,11.823623134641782,2026-05
2026-05-05,ITA US 01/15/27 C250 Equity,2026-05-12,10.05,7.45,6.755984916070609,7.45,6.755984916070609,12.583004448691831,11.218136161691735,10.015917,10.106454508885761,2026-05
2026-05-05,ITA US 12/18/26 C250 Equity,2026-05-12,8.9,5.95,5.221446213759901,5.95,5.221446213759901,10.478989436916628,9.30528211699843,7.1781054,8.528025546188239,2026-05
2026-05-05,ITA US 01/15/27 C235 Equity,2026-05-12,15.45,11.9,10.839498997815193,11.9,10.839498997815193,17.178440327163514,15.149843166013905,14.089055,14.401519749359569,2026-05
2026-05-05,ITA US 07/17/26 C230 Equity,2026-05-12,7.65,4.35,3.9253147896225915,4.35,3.9253147896225915,9.121134050026221,7.426441468260746,4.875013,6.815369326212084,2026-05
2026-05-05,ITA US 01/15/27 C230 Equity,2026-05-12,17.55,13.6,12.657598704240913,13.6,12.657598704240913,18.60977976597619,16.62862580511041,16.742779,16.037760344640468,2026-05
2026-05-05,ITA US 10/16/26 C245 Equity,2026-05-12,7.3999999999999995,5.25,4.796661650400815,5.25,4.796661650400815,10.439110200640123,8.239267010001047,5.7373652,7.86691146249034,2026-05
2026-05-05,ITA US 10/16/26 C235 Equity,2026-05-12,10.9,7.95,7.450633058896855,7.95,7.450633058896855,13.312992147262843,11.22975721325078,9.705142,10.519160155956431,2026-05
2026-05-05,ITA US 01/15/27 C245 Equity,2026-05-12,11.65,8.75,7.997008279405344,8.75,7.997008279405344,14.11842105846937,12.321241762447487,11.578612,11.36038213610049,2026-05
2026-05-05,ITA US 12/18/26 C230 Equity,2026-05-12,16.45,12.3,11.361854726226502,12.3,11.361854726226502,17.469839467378034,15.453159195636221,13.933897,14.770414606920278,2026-05
2026-05-05,ITA US 10/16/26 C230 Equity,2026-05-12,13.25,9.4,8.789985391496579,9.4,8.789985391496579,14.630077224353279,12.709226781128072,11.913533,11.92426683477678,2026-05
2026-05-05,ITA US 12/18/26 C235 Equity,2026-05-12,14.3,10.55,9.603646153582648,10.55,9.603646153582648,15.705820827910944,13.887579660833488,12.048462,13.080986072330463,2026-05
2026-05-05,ITA US 07/17/26 C250 Equity,2026-05-12,2.6,1.1749999999999998,0.9535763765394937,1.1749999999999998,0.9535763765394937,6.068895067140144,3.503620605408173,1.4416568,3.9085407795142153,2026-05
2026-05-06,ITA US 10/16/26 C255 Equity,2026-05-13,5.0,4.65,4.326341350101419,4.65,4.326341350101419,7.537396007376703,7.268996443158745,4.750526,6.381716408119455,2026-05
2026-05-06,ITA US 01/15/27 C230 Equity,2026-05-13,18.15,16.95,16.32130654089286,16.95,16.32130654089286,19.18312594455045,18.40891556803706,18.274094,18.359884695344867,2026-05
2026-05-06,ITA US 01/15/27 C240 Equity,2026-05-13,13.75,13.2,12.486762239567947,13.2,12.486762239567947,16.492641197922524,15.511040554235517,17.562231,14.765488886486208,2026-05
2026-05-06,ITA US 10/16/26 C250 Equity,2026-05-13,6.55,6.25,5.863148082535769,6.25,5.863148082535769,9.526125811886558,8.740702049797502,5.73184,7.92533864276522,2026-05
2026-05-06,ITA US 07/17/26 C230 Equity,2026-05-13,7.65,7.1,6.499491711460196,7.1,6.499491711460196,8.326516288193421,8.73523681005734,7.5260487,8.477444334460957,2026-05
2026-05-06,ITA US 01/15/27 C245 Equity,2026-05-13,11.5,11.100000000000001,10.502512709063513,11.100000000000001,10.502512709063513,14.46396465248461,13.617689607156995,14.205492,12.672141687565121,2026-05
2026-05-06,ITA US 10/16/26 C240 Equity,2026-05-13,8.8,8.55,7.957088022450282,8.55,7.957088022450282,11.26039012384952,10.712554818207469,10.251631,10.090986009374454,2026-05
2026-05-06,ITA US 12/18/26 C235 Equity,2026-05-13,14.75,13.65,12.798606515037967,13.65,12.798606515037967,15.8266607625639,15.252415192543515,16.914125,15.095069989482921,2026-05
2026-05-06,ITA US 12/18/26 C245 Equity,2026-05-13,10.35,10.55,9.915922511193921,10.55,9.915922511193921,13.84252510751421,12.78439745840302,11.524735,12.11186673806668,2026-05
2026-05-06,ITA US 12/18/26 C250 Equity,2026-05-13,8.85,8.75,8.015117627985916,8.75,8.015117627985916,10.956080564371344,10.780417483685838,9.111266,10.284710676806865,2026-05
2026-05-06,ITA US 10/16/26 C235 Equity,2026-05-13,10.9,10.3,9.864596043679265,10.3,9.864596043679265,12.81611555638451,12.237757055280294,12.718792,11.782680375439147,2026-05
2026-05-06,ITA US 12/18/26 C240 Equity,2026-05-13,12.95,11.75,10.894797343555405,11.75,10.894797343555405,14.565049935798264,13.853383862489865,14.102259,13.266353025058512,2026-05
2026-05-06,ITA US 12/18/26 C230 Equity,2026-05-13,16.75,15.9,15.044879338478037,15.9,15.044879338478037,17.601728771051622,17.058639690156824,16.955996,17.289039131240433,2026-05
2026-05-06,ITA US 01/15/27 C250 Equity,2026-05-13,10.2,9.899999999999999,9.32532012051642,9.899999999999999,9.32532012051642,13.20545047707897,12.43660255018206,12.24568,11.501592168804038,2026-05
2026-05-06,ITA US 10/16/26 C245 Equity,2026-05-13,7.95,6.9,6.529057457780007,6.9,6.529057457780007,9.842585716501429,9.251842861924274,8.03927,8.46404274587369,2026-05
2026-05-06,ITA US 01/15/27 C235 Equity,2026-05-13,15.649999999999999,14.850000000000001,14.272869760512425,14.850000000000001,14.272869760512425,17.539157075178235,16.713623799624997,17.135374,16.31737329854626,2026-05
2026-05-06,ITA US 07/17/26 C250 Equity,2026-05-13,2.925,2.2,1.8601184186068844,2.2,1.8601184186068844,5.271371848894219,4.81125679839951,2.6615462,3.8783474290725275,2026-05
2026-05-06,ITA US 10/16/26 C230 Equity,2026-05-13,13.3,12.55,12.111319874617966,12.55,12.111319874617966,14.171478394189766,13.918160111355816,15.484567,13.958511366750393,2026-05
2026-05-07,ITA US 12/18/26 C240 Equity,2026-05-14,12.75,12.0,11.070441103146244,12.0,11.070441103146244,15.546873896857967,13.215243422941702,11.68001,13.4439756924501,2026-05
2026-05-07,ITA US 01/15/27 C240 Equity,2026-05-14,13.3,12.85,12.065620296343155,12.85,12.065620296343155,17.026902938456725,14.631292614342335,14.757133,14.33341757112407,2026-05
2026-05-07,ITA US 01/15/27 C235 Equity,2026-05-14,15.399999999999999,14.8,13.836680954985011,14.8,13.836680954985011,18.589277317926953,16.21446976412694,15.846902,16.221323063516767,2026-05
2026-05-07,ITA US 12/18/26 C250 Equity,2026-05-14,8.600000000000001,8.7,7.9113614335302715,8.7,7.9113614335302715,12.667027904893967,10.502628045677897,8.947797,10.2430041067512,2026-05
2026-05-07,ITA US 07/17/26 C250 Equity,2026-05-14,2.1500000000000004,2.1,1.8183916104115372,2.1,1.8183916104115372,6.250064559436506,3.9039066386742505,2.4901156,3.7525489413783575,2026-05
2026-05-07,ITA US 10/16/26 C255 Equity,2026-05-14,5.3,5.3,5.110445419282524,5.3,5.110445419282524,9.34739611192767,7.2856273086623755,4.193766,7.0155001763927665,2026-05
2026-05-07,ITA US 01/15/27 C250 Equity,2026-05-14,10.0,10.05,9.301772946233449,10.05,9.301772946233449,14.781480125253122,12.1827464629401,10.762083,11.665086494814433,2026-05
2026-05-07,ITA US 12/18/26 C235 Equity,2026-05-14,14.0,13.6,12.634247865100308,13.6,12.634247865100308,17.025752899029815,14.833033695180722,13.957198,14.972939739606634,2026-05
2026-05-07,ITA US 10/16/26 C230 Equity,2026-05-14,12.85,12.75,12.384772176856856,12.75,12.384772176856856,15.977617480277893,14.002973672549253,13.592903,14.168535476012428,2026-05
2026-05-07,ITA US 10/16/26 C245 Equity,2026-05-14,7.35,7.55,7.049054485276237,7.55,7.049054485276237,11.318081629411544,9.096630857036871,9.039942,9.086195683332992,2026-05
2026-05-07,ITA US 10/16/26 C240 Equity,2026-05-14,8.85,9.1,8.6077786781927,9.1,8.6077786781927,12.791538573351309,10.69407512065867,10.291338,10.606959830286698,2026-05
2026-05-07,ITA US 12/18/26 C230 Equity,2026-05-14,16.3,15.649999999999999,14.65745751833275,15.649999999999999,14.65745751833275,18.63711752394729,16.755307412543363,16.972523,16.99765242630796,2026-05
2026-05-07,ITA US 01/15/27 C245 Equity,2026-05-14,11.3,11.25,10.33437473142885,11.25,10.33437473142885,15.40417898172338,13.024272007982836,12.042423,12.757362164837037,2026-05
2026-05-07,ITA US 10/16/26 C250 Equity,2026-05-14,6.65,6.35,5.87887409868966,6.35,5.87887409868966,10.699230521463807,8.082683581220286,6.123243,7.982176696337196,2026-05
2026-05-07,ITA US 07/17/26 C230 Equity,2026-05-14,6.949999999999999,7.25,6.772733954347176,7.25,6.772733954347176,10.601518705121418,9.27109239351967,8.089243,8.709708750923415,2026-05
2026-05-07,ITA US 10/16/26 C235 Equity,2026-05-14,10.600000000000001,11.0,10.466482480968457,11.0,10.466482480968457,14.671498390560085,12.346621375771731,11.522427,12.462935370305805,2026-05
2026-05-07,ITA US 12/18/26 C245 Equity,2026-05-14,10.35,10.3,9.443326732105538,10.3,9.443326732105538,14.699335588928804,12.067239313734534,10.725866,11.858999158955726,2026-05
2026-05-07,ITA US 01/15/27 C230 Equity,2026-05-14,17.6,16.9,15.919735841824412,16.9,15.919735841824412,20.148046209231037,18.002505967277113,18.700153,18.268644542095597,2026-05
2026-05-08,ITA US 10/16/26 C250 Equity,2026-05-15,3.7,6.4,6.044018427410096,6.4,6.044018427410096,10.936275145468112,8.491177509867828,8.650673,7.909484839986752,2026-05
2026-05-08,ITA US 01/15/27 C250 Equity,2026-05-15,8.2,10.05,9.251950237645952,10.05,9.251950237645952,14.541141292469415,12.425495421509769,11.688355,11.554327273006924,2026-05
2026-05-08,ITA US 10/16/26 C235 Equity,2026-05-15,7.6,10.8,10.262521943062703,10.8,10.262521943062703,14.699258667657318,12.668868039795267,11.501968,12.1720103759621,2026-05
2026-05-08,ITA US 10/16/26 C240 Equity,2026-05-15,6.45,9.2,8.735856307969565,9.2,8.735856307969565,13.056218606205272,10.740255125737646,10.736773,10.572637454595215,2026-05
2026-05-08,ITA US 01/15/27 C245 Equity,2026-05-15,9.399999999999999,11.5,10.778884378075752,11.5,10.778884378075752,15.57598254384791,13.559846418878351,12.930434,12.909967331406088,2026-05
2026-05-08,ITA US 01/15/27 C235 Equity,2026-05-15,12.5,15.0,14.19005139552139,15.0,14.19005139552139,18.358529461507004,16.56433582398756,16.058908,16.299622131367045,2026-05
2026-05-08,ITA US 12/18/26 C245 Equity,2026-05-15,8.15,10.2,9.3325827688241,10.2,9.3325827688241,14.236897605238177,12.196070805723942,10.935054,11.577431894442523,2026-05
2026-05-08,ITA US 10/16/26 C255 Equity,2026-05-15,3.0,5.25,4.847896160647052,5.25,4.847896160647052,9.888498803795802,7.640111148507142,4.6866736,6.906736763540517,2026-05
2026-05-08,ITA US 10/16/26 C230 Equity,2026-05-15,9.149999999999999,12.8,12.23225049026308,12.8,12.23225049026308,15.837998206890212,14.237845427185887,14.150424,14.113689253233845,2026-05
2026-05-08,ITA US 01/15/27 C230 Equity,2026-05-15,14.35,17.25,16.39177367285835,17.25,16.39177367285835,20.007992772099527,18.375503714884395,18.330652,18.494424455135615,2026-05
2026-05-08,ITA US 01/15/27 C240 Equity,2026-05-15,10.85,13.4,12.538313660247198,13.4,12.538313660247198,17.32812268178145,15.103148327147558,15.469712,14.758279651880502,2026-05
2026-05-08,ITA US 12/18/26 C230 Equity,2026-05-15,13.4,16.2,15.276014067908243,16.2,15.276014067908243,18.598620165014356,17.232312196180114,17.057076,17.474534866380537,2026-05
2026-05-08,ITA US 10/16/26 C245 Equity,2026-05-15,4.65,7.6499999999999995,7.158213208230791,7.6499999999999995,7.158213208230791,11.954740310440926,9.823671747007193,10.067686,9.152261643510414,2026-05
2026-05-08,ITA US 12/18/26 C235 Equity,2026-05-15,11.75,14.2,13.253359234690057,14.2,13.253359234690057,17.578989056337694,15.70480519560958,15.327299,15.52209066623628,2026-05
2026-05-08,ITA US 07/17/26 C230 Equity,2026-05-15,3.95,7.0,6.578986436597179,7.0,6.578986436597179,9.86808621560799,8.776242858794847,8.713476,8.265411014178621,2026-05
2026-05-08,ITA US 12/18/26 C250 Equity,2026-05-15,6.6,8.85,8.074337550864456,8.85,8.074337550864456,12.625227279988408,10.868381448940081,10.273205,10.298665503292,2026-05
2026-05-08,ITA US 12/18/26 C240 Equity,2026-05-15,10.25,12.25,11.364204315769651,12.25,11.364204315769651,16.310512678869998,14.11518490610592,12.695198,13.650421859391757,2026-05
2026-05-08,ITA US 07/17/26 C250 Equity,2026-05-15,0.875,2.4749999999999996,2.1947018265168103,2.4749999999999996,2.1947018265168103,7.276529695277054,5.229313706315088,3.039985,4.1795268232122815,2026-05
2026-05-11,ITA US 10/16/26 C250 Equity,2026-05-18,4.65,6.35,6.109883490585929,6.35,6.109883490585929,10.113173692469756,8.610285406199267,8.194848,7.713166195194209,2026-05
2026-05-11,ITA US 12/18/26 C240 Equity,2026-05-18,10.399999999999999,12.850000000000001,12.375117218442965,12.850000000000001,12.375117218442965,16.120139175882795,14.639885191889956,14.898803,14.090226987261465,2026-05
2026-05-11,ITA US 07/17/26 C250 Equity,2026-05-18,1.625,2.375,2.0273566566419357,2.375,2.0273566566419357,6.345618868297967,4.475436759793844,4.4753866,3.779438903761159,2026-05
2026-05-11,ITA US 10/16/26 C255 Equity,2026-05-18,3.5250000000000004,5.2,4.871219476199117,5.2,4.871219476199117,8.774914804885896,7.575659836552055,5.103012,6.627571762564323,2026-05
2026-05-11,ITA US 01/15/27 C245 Equity,2026-05-18,9.75,12.15,11.542435235292247,12.15,11.542435235292247,15.721171545034728,14.035424673541886,14.306251,13.391211588168721,2026-05
2026-05-11,ITA US 10/16/26 C240 Equity,2026-05-18,6.75,9.55,9.30496606719968,9.55,9.30496606719968,13.217698975520193,11.581620625841452,12.224211,10.807703933153372,2026-05
2026-05-11,ITA US 12/18/26 C245 Equity,2026-05-18,8.7,10.9,10.378131495339584,10.9,10.378131495339584,13.88264910050864,12.514529472463984,12.051301,12.11073714895036,2026-05
2026-05-11,ITA US 12/18/26 C250 Equity,2026-05-18,7.3,9.350000000000001,8.822161113924373,9.350000000000001,8.822161113924373,12.499309098588672,11.115078609116056,11.368746,10.616610247255998,2026-05
2026-05-11,ITA US 07/17/26 C230 Equity,2026-05-18,4.85,7.5,6.982352536187664,7.5,6.982352536187664,8.562760724809962,8.686973209609683,10.395806,8.470829032660008,2026-05
2026-05-11,ITA US 10/16/26 C235 Equity,2026-05-18,8.399999999999999,11.55,11.311869613450071,11.55,11.311869613450071,14.209424214875998,13.136484673948857,13.18895,12.748798791200969,2026-05
2026-05-11,ITA US 12/18/26 C235 Equity,2026-05-18,12.05,14.8,14.283145565346597,14.8,14.283145565346597,17.53525244535798,16.362624744493008,16.38206,15.986205973514162,2026-05
2026-05-11,ITA US 01/15/27 C230 Equity,2026-05-18,15.0,18.3,17.717832577921154,18.3,17.717832577921154,20.3604890566583,19.172803432345873,19.950417,19.39010269017082,2026-05
2026-05-11,ITA US 10/16/26 C230 Equity,2026-05-18,10.2,13.75,13.527603695614502,13.75,13.527603695614502,15.709539994525969,15.048938928754957,16.542381,14.882788174566429,2026-05
2026-05-11,ITA US 01/15/27 C250 Equity,2026-05-18,8.6,10.45,9.89171912240228,10.45,9.89171912240228,14.128710604674868,12.566872379817436,12.49371,11.737776390478729,2026-05
2026-05-11,ITA US 01/15/27 C235 Equity,2026-05-18,13.15,16.0,15.419431377493831,16.0,15.419431377493831,18.56144001197475,17.18530264855785,17.380993,17.12488954900844,2026-05
2026-05-11,ITA US 10/16/26 C245 Equity,2026-05-18,6.0,8.05,7.7031017551525975,8.05,7.7031017551525975,11.498725943022187,10.076087499870749,10.037694,9.359359154233655,2026-05
2026-05-11,ITA US 01/15/27 C240 Equity,2026-05-18,11.4,13.75,13.169764235124209,13.75,13.169764235124209,17.28844857950189,15.798863941355823,16.46801,14.94499321549093,2026-05
2026-05-11,ITA US 12/18/26 C230 Equity,2026-05-18,14.05,17.1,16.6806009972062,17.1,16.6806009972062,19.146022341332333,18.201665260222434,19.435059,18.247337717223722,2026-05
2026-05-12,ITA US 01/15/27 C230 Equity,2026-05-19,14.4,17.55,17.136076661575842,17.55,17.136076661575842,18.103273830086273,17.419256894174197,17.445505,17.597425255052546,2026-05
2026-05-12,ITA US 07/17/26 C230 Equity,2026-05-19,4.65,7.65,7.424599171956348,7.65,7.424599171956348,7.205145523992006,7.827992125570843,9.797835,7.669229196958591,2026-05
2026-05-12,ITA US 10/16/26 C250 Equity,2026-05-19,5.0,6.25,6.042707623634723,6.25,6.042707623634723,7.84970695106653,6.9321188842191805,7.364456,6.519265488879364,2026-05
2026-05-12,ITA US 12/18/26 C235 Equity,2026-05-19,11.1,14.3,13.88622132378409,14.3,13.88622132378409,15.262256035055081,14.430381996560605,13.119683,14.428500327466546,2026-05
2026-05-12,ITA US 10/16/26 C230 Equity,2026-05-19,9.75,13.25,12.926660444862492,13.25,12.926660444862492,13.71881325026083,13.533501911346425,13.697164,13.351564542464466,2026-05
2026-05-12,ITA US 12/18/26 C230 Equity,2026-05-19,13.2,16.45,16.0405507510409,16.45,16.0405507510409,16.976502300907402,16.38937307672386,15.67486,16.54965696863167,2026-05
2026-05-12,ITA US 07/17/26 C250 Equity,2026-05-19,1.6749999999999998,2.6,2.3455939759612607,2.6,2.3455939759612607,5.403794372745162,3.962543304137439,4.402905,3.0434151406695227,2026-05
2026-05-12,ITA US 10/16/26 C255 Equity,2026-05-19,3.75,5.35,5.110646423737449,5.35,5.110646423737449,6.8243110331385335,6.063022569818916,4.836949,5.714324054339473,2026-05
2026-05-12,ITA US 01/15/27 C235 Equity,2026-05-19,12.55,15.45,14.881593703538579,15.45,14.881593703538579,16.642479680170453,15.658660436998128,14.676844,15.553296171677172,2026-05
2026-05-12,ITA US 10/16/26 C235 Equity,2026-05-19,7.800000000000001,10.9,10.50612774104097,10.9,10.50612774104097,11.902669828051888,11.314702916438943,11.084901,11.038496928213684,2026-05
2026-05-12,ITA US 10/16/26 C240 Equity,2026-05-19,6.300000000000001,9.05,8.857562565928703,9.05,8.857562565928703,10.577292922177218,9.77537638945898,11.104138,9.24627696164049,2026-05
2026-05-12,ITA US 12/18/26 C250 Equity,2026-05-19,6.9,8.9,8.426756926691878,8.9,8.426756926691878,10.8479019021932,9.676207271785607,10.2712965,9.149565418694733,2026-05
2026-05-12,ITA US 01/15/27 C240 Equity,2026-05-19,10.75,13.45,13.013704252438016,13.45,13.013704252438016,14.74196805633473,13.858147493967408,14.108523,13.599955800338014,2026-05
2026-05-12,ITA US 01/15/27 C250 Equity,2026-05-19,7.65,10.05,9.599669728253279,10.05,9.599669728253279,12.174907268758485,10.940415639238722,11.227509,10.292764629299139,2026-05
2026-05-12,ITA US 12/18/26 C245 Equity,2026-05-19,8.3,10.5,9.98406201576194,10.5,9.98406201576194,12.474707077376186,11.243142991981767,11.08838,10.698300849613169,2026-05
2026-05-12,ITA US 10/16/26 C245 Equity,2026-05-19,5.75,7.3999999999999995,7.086478564920609,7.3999999999999995,7.086478564920609,8.990329553210413,8.139037982610402,9.247077,7.620718266920155,2026-05
2026-05-12,ITA US 12/18/26 C240 Equity,2026-05-19,9.8,12.25,11.834830834938446,12.25,11.834830834938446,13.8627209755591,12.745939585757739,12.880329,12.427349908643556,2026-05
2026-05-12,ITA US 01/15/27 C245 Equity,2026-05-19,9.4,11.65,11.191486696616101,11.65,11.191486696616101,13.720271773490285,12.451255833360444,12.38434,11.857733568954433,2026-05
2026-05-13,ITA US 12/18/26 C250 Equity,2026-05-20,7.9,8.85,8.257805064776218,8.85,8.257805064776218,9.69048479859147,9.00798532134882,7.5319943,8.675483849933682,2026-05
2026-05-13,ITA US 01/15/27 C245 Equity,2026-05-20,10.35,11.5,11.197134855191162,11.5,11.197134855191162,12.737903947402904,11.837849675073326,9.920029,11.296836691335903,2026-05
2026-05-13,ITA US 12/18/26 C230 Equity,2026-05-20,15.35,16.75,16.224616950676264,16.75,16.224616950676264,16.437658354393786,16.00905705452459,17.169271,16.438430817876544,2026-05
2026-05-13,ITA US 01/15/27 C230 Equity,2026-05-20,16.4,18.15,17.916756121002596,18.15,17.916756121002596,18.402311573973122,17.605153302516193,17.264883,17.808606311667855,2026-05
2026-05-13,ITA US 01/15/27 C240 Equity,2026-05-20,12.35,13.75,13.467687694642542,13.75,13.467687694642542,14.877545985162087,13.717206251744381,10.758351,13.507764125871677,2026-05
2026-05-13,ITA US 12/18/26 C235 Equity,2026-05-20,13.0,14.75,14.255012133762214,14.75,14.255012133762214,15.431903330304301,14.473477746004972,12.663942,14.514464484656528,2026-05
2026-05-13,ITA US 12/18/26 C245 Equity,2026-05-20,9.4,10.35,9.848313676521295,10.35,9.848313676521295,11.057875778793672,10.39214363593658,8.940337,10.13024071772699,2026-05
2026-05-13,ITA US 12/18/26 C240 Equity,2026-05-20,11.1,12.95,12.47680331556833,12.95,12.47680331556833,14.30875094000033,13.216541152154008,10.556284,12.814370369286163,2026-05
2026-05-13,ITA US 01/15/27 C235 Equity,2026-05-20,14.05,15.649999999999999,15.408253534513149,15.649999999999999,15.408253534513149,16.10369125437153,15.309034416103373,12.916,15.356613727125424,2026-05
2026-05-13,ITA US 10/16/26 C250 Equity,2026-05-20,5.25,6.55,6.257173805104765,6.55,6.257173805104765,7.319456669086136,6.261051599949722,6.2730656,6.3955130088794405,2026-05
2026-05-13,ITA US 10/16/26 C230 Equity,2026-05-20,11.0,13.3,12.99473653631454,13.3,12.99473653631454,12.1136385502743,12.380312590927277,10.504928,12.967162048460564,2026-05
2026-05-13,ITA US 07/17/26 C230 Equity,2026-05-20,5.9,7.65,7.402858597308873,7.65,7.402858597308873,7.5971676800522605,7.655837007036245,6.7126384,7.3575692558983725,2026-05
2026-05-13,ITA US 10/16/26 C255 Equity,2026-05-20,4.35,5.0,4.742069324186945,5.0,4.742069324186945,6.083365184397583,5.407273929194508,3.8911304,4.970116043292754,2026-05
2026-05-13,ITA US 10/16/26 C245 Equity,2026-05-20,6.4,7.95,7.65312520440609,7.95,7.65312520440609,8.293658847349079,7.42407292617569,7.138746,7.712532887355819,2026-05
2026-05-13,ITA US 07/17/26 C250 Equity,2026-05-20,1.875,2.925,2.658459143239388,2.925,2.658459143239388,6.44864930250982,4.580128717633956,3.8330257,3.151759423861666,2026-05
2026-05-13,ITA US 10/16/26 C240 Equity,2026-05-20,7.5,8.8,8.493571740408177,8.8,8.493571740408177,8.807066925514281,8.524750223788676,7.521958,8.512706121028765,2026-05
2026-05-13,ITA US 10/16/26 C235 Equity,2026-05-20,9.399999999999999,10.9,10.5736684341112,10.9,10.5736684341112,10.471347482245772,10.42434369024025,8.540717,10.57804384296331,2026-05
2026-05-13,ITA US 01/15/27 C250 Equity,2026-05-20,9.15,10.2,9.749693971766247,10.2,9.749693971766247,11.637580801886811,10.564546075695182,8.900334,10.04785694142581,2026-05
2026-05-14,ITA US 01/15/27 C230 Equity,2026-05-21,16.2,17.6,16.594063180420605,17.6,16.594063180420605,17.59778482453195,16.64809345978678,16.74963,17.21906560030011,2026-05
2026-05-14,ITA US 10/16/26 C235 Equity,2026-05-21,9.5,10.600000000000001,9.90560623444164,10.600000000000001,9.90560623444164,10.274181983074499,9.821281515227533,9.006832,10.190103395782938,2026-05
2026-05-14,ITA US 07/17/26 C250 Equity,2026-05-21,1.75,2.1500000000000004,1.7923451928836003,2.1500000000000004,1.7923451928836003,5.178185829588173,3.007668164334051,2.6781812,2.236058220529289,2026-05
2026-05-14,ITA US 07/17/26 C230 Equity,2026-05-21,5.7,6.949999999999999,6.2964537830708975,6.949999999999999,6.2964537830708975,6.6104550967613225,6.579988370594707,5.9160385,6.50528515107696,2026-05
2026-05-14,ITA US 12/18/26 C240 Equity,2026-05-21,10.95,12.75,11.768706491475193,12.75,11.768706491475193,13.819068273944822,12.31753898204906,10.653684,12.49741904665326,2026-05
2026-05-14,ITA US 12/18/26 C230 Equity,2026-05-21,15.15,16.3,15.202916025223082,16.3,15.202916025223082,15.883123755044412,15.266271687944398,15.013849,15.89677562928723,2026-05
2026-05-14,ITA US 12/18/26 C235 Equity,2026-05-21,12.8,14.0,12.986436431588695,14.0,12.986436431588695,14.417499514269622,13.436588547100397,11.828342,13.644851517672524,2026-05
2026-05-14,ITA US 12/18/26 C245 Equity,2026-05-21,9.3,10.35,9.408672097975,10.35,9.408672097975,10.989144316079289,9.985929859344541,9.212077,10.048902833578273,2026-05
2026-05-14,ITA US 01/15/27 C240 Equity,2026-05-21,12.05,13.3,12.397470852521,13.3,12.397470852521,14.40687587661317,12.916110103279095,10.528739,12.975197403232263,2026-05
2026-05-14,ITA US 10/16/26 C230 Equity,2026-05-21,11.0,12.85,12.095906895680452,12.85,12.095906895680452,12.095912573391868,11.733904676736856,10.427073,12.409461247967576,2026-05
2026-05-14,ITA US 01/15/27 C245 Equity,2026-05-21,10.350000000000001,11.3,10.39761557758344,11.3,10.39761557758344,12.200545574121488,11.077152793604677,9.304617,10.989755558152458,2026-05
2026-05-14,ITA US 01/15/27 C235 Equity,2026-05-21,14.05,15.399999999999999,14.448221296857705,15.399999999999999,14.448221296857705,16.10949777086359,14.828275256141852,12.950635,15.05188820051981,2026-05
2026-05-14,ITA US 10/16/26 C250 Equity,2026-05-21,5.35,6.65,6.086638928206144,6.65,6.086638928206144,8.233581219494482,6.403987551579089,6.015585,6.481308492522333,2026-05
2026-05-14,ITA US 12/18/26 C250 Equity,2026-05-21,7.85,8.600000000000001,7.732265021616247,8.600000000000001,7.732265021616247,8.980157305369184,8.254302562791446,7.9766335,8.313570646020567,2026-05
2026-05-14,ITA US 10/16/26 C240 Equity,2026-05-21,7.8,8.85,8.114099667486819,8.85,8.114099667486819,8.72183454036191,8.072839347467285,7.8818684,8.458647481253795,2026-05
2026-05-14,ITA US 10/16/26 C255 Equity,2026-05-21,4.325,5.3,4.852671302985447,5.3,4.852671302985447,6.166050724303471,5.306798725058519,4.0890365,5.208051760525995,2026-05
2026-05-14,ITA US 01/15/27 C250 Equity,2026-05-21,9.2,10.0,9.15560583215211,10.0,9.15560583215211,11.416276156639254,10.190935404866206,8.642761,9.795138932408863,2026-05
2026-05-14,ITA US 10/16/26 C245 Equity,2026-05-21,6.25,7.35,6.761630842176382,7.35,6.761630842176382,8.680197455656444,7.330287087777368,6.1110177,7.116209690303818,2026-05
2026-05-15,ITA US 10/16/26 C230 Equity,2026-05-22,12.8,9.149999999999999,8.575981955070326,9.149999999999999,8.575981955070326,9.15200837488873,8.500370463461552,10.024605,9.098482560699916,2026-05
2026-05-15,ITA US 12/18/26 C245 Equity,2026-05-22,10.4,8.15,7.463169382299069,8.15,7.463169382299069,9.614123954677394,8.406710966898242,8.200825,8.39040522725967,2026-05
2026-05-15,ITA US 01/15/27 C230 Equity,2026-05-22,17.55,14.35,13.399171154496765,14.35,13.399171154496765,15.654819230350906,14.320446137568535,13.818424,14.439247068479085,2026-05
2026-05-15,ITA US 07/17/26 C230 Equity,2026-05-22,6.050000000000001,3.95,3.4743850806906607,3.95,3.4743850806906607,3.695952817773591,3.4892634342903133,5.44158,3.878231926561633,2026-05
2026-05-15,ITA US 12/18/26 C230 Equity,2026-05-22,16.2,13.4,12.349256167678531,13.4,12.349256167678531,14.429876181590945,13.261162149072641,14.027377,13.515722590038893,2026-05
2026-05-15,ITA US 07/17/26 C250 Equity,2026-05-22,1.5499999999999998,0.875,0.7799906302561044,0.875,0.7799906302561044,2.007392392213827,-0.060945494975447545,1.60785,1.1973853740222506,2026-05
2026-05-15,ITA US 01/15/27 C250 Equity,2026-05-22,10.05,8.2,7.550483567980329,8.2,7.550483567980329,9.999118673685794,8.714819973579619,7.3710656,8.527276854632305,2026-05
2026-05-15,ITA US 10/16/26 C245 Equity,2026-05-22,7.35,4.65,4.101240116161079,4.65,4.101240116161079,4.861028431386963,4.019192084031548,5.2498035,4.745928655131836,2026-05
2026-05-15,ITA US 10/16/26 C255 Equity,2026-05-22,4.65,3.0,2.4096946712766796,3.0,2.4096946712766796,3.077666764510667,2.3043502594304908,3.6178608,3.2787752070429965,2026-05
2026-05-15,ITA US 10/16/26 C240 Equity,2026-05-22,8.55,6.45,5.514629512512759,6.45,5.514629512512759,6.924685973109149,5.9006545853403995,8.507521,6.535592632687621,2026-05
2026-05-15,ITA US 01/15/27 C240 Equity,2026-05-22,13.35,10.85,9.987976201188076,10.85,9.987976201188076,12.76283456491305,11.154926193891301,10.3238125,11.039524323721823,2026-05
2026-05-15,ITA US 12/18/26 C235 Equity,2026-05-22,14.1,11.75,10.652456466017474,11.75,10.652456466017474,13.179070695952728,11.700152847269862,11.149301,11.918367824465934,2026-05
2026-05-15,ITA US 01/15/27 C245 Equity,2026-05-22,11.6,9.399999999999999,8.57025632763832,9.399999999999999,8.57025632763832,11.036945078709108,9.72954931386996,8.956906,9.635829180969852,2026-05
2026-05-15,ITA US 10/16/26 C235 Equity,2026-05-22,10.4,7.6,6.886368631769949,7.6,6.886368631769949,7.902847317718285,7.0456635070779985,8.897164,7.599509794135785,2026-05
2026-05-15,ITA US 10/16/26 C250 Equity,2026-05-22,6.15,3.7,3.3195324665281785,3.7,3.3195324665281785,4.778008238729976,3.411429731913838,4.5201316,3.931719225933973,2026-05
2026-05-15,ITA US 01/15/27 C235 Equity,2026-05-22,15.45,12.5,11.591272394626015,12.5,11.591272394626015,14.140782707198941,12.693833191059415,11.824553,12.649274362288383,2026-05
2026-05-15,ITA US 12/18/26 C240 Equity,2026-05-22,12.05,10.25,9.29855751535887,10.25,9.29855751535887,12.626071865172356,10.760153010570562,10.158172,10.555174861500662,2026-05
2026-05-15,ITA US 12/18/26 C250 Equity,2026-05-22,8.9,6.6,5.924815724421256,6.6,5.924815724421256,7.201376156502711,6.320960013715753,7.863503,6.786771034097551,2026-05
2026-05-18,ITA US 12/18/26 C240 Equity,2026-05-26,13.8,10.399999999999999,9.859896315487756,10.399999999999999,9.859896315487756,13.731680060496377,13.39496933286703,12.173128,12.039338052523473,2026-05
2026-05-18,ITA US 01/15/27 C250 Equity,2026-05-26,11.8,8.6,8.037499214823448,8.6,8.037499214823448,12.081385622947337,11.915617476173777,9.97279,10.350838387199513,2026-05
2026-05-18,ITA US 12/18/26 C245 Equity,2026-05-26,11.899999999999999,8.7,8.035188052413217,8.7,8.035188052413217,11.599680394772353,11.572225246073073,11.41682,10.340383256059278,2026-05
2026-05-18,ITA US 01/15/27 C245 Equity,2026-05-26,13.35,9.75,9.198783882701605,9.75,9.198783882701605,13.001501181367267,13.03135137890513,11.620378,11.432525773070347,2026-05
2026-05-18,ITA US 01/15/27 C235 Equity,2026-05-26,17.55,13.15,12.318016986068848,13.15,12.318016986068848,15.731698617354485,15.52801507045084,15.879726,14.659514860076492,2026-05
2026-05-18,ITA US 10/16/26 C255 Equity,2026-05-26,6.05,3.5250000000000004,3.27257125511128,3.5250000000000004,3.27257125511128,4.256001181317037,5.663205538164712,3.6544144,5.13415134289505,2026-05
2026-05-18,ITA US 01/15/27 C240 Equity,2026-05-26,15.65,11.4,10.84763544905241,11.4,10.84763544905241,14.646743275001185,14.379939704460414,12.717547,13.002104391906157,2026-05
2026-05-18,ITA US 12/18/26 C230 Equity,2026-05-26,18.3,14.05,13.307258454079378,14.05,13.307258454079378,16.276664604699548,16.32427736097195,16.275597,15.566366624998924,2026-05
2026-05-18,ITA US 10/16/26 C235 Equity,2026-05-26,12.65,8.399999999999999,8.086952977439319,8.399999999999999,8.086952977439319,10.02956758095533,10.623194415134181,10.284726,9.835163802330406,2026-05
2026-05-18,ITA US 01/15/27 C230 Equity,2026-05-26,20.1,15.0,14.461728544068201,15.0,14.461728544068201,17.41478769742066,17.358689906088,17.381207,16.480930273168436,2026-05
2026-05-18,ITA US 07/17/26 C250 Equity,2026-05-26,3.0999999999999996,1.625,1.3412165560504827,1.625,1.3412165560504827,4.909830934716336,5.181376816228772,2.5231955,3.5435405976219165,2026-05
2026-05-18,ITA US 10/16/26 C245 Equity,2026-05-26,8.8,6.0,5.681774255490202,6.0,5.681774255490202,7.678286960355878,8.149249291447255,7.2303414,7.5342889808345594,2026-05
2026-05-18,ITA US 12/18/26 C235 Equity,2026-05-26,16.35,12.05,11.213666107657119,12.05,11.213666107657119,14.73388251965482,14.576733323316958,13.978902,13.609100928018783,2026-05
2026-05-18,ITA US 10/16/26 C230 Equity,2026-05-26,15.0,10.2,9.78930759490072,10.2,9.78930759490072,11.589131566463028,12.334882745838241,13.240191,11.592197867893718,2026-05
2026-05-18,ITA US 10/16/26 C250 Equity,2026-05-26,7.25,4.65,4.357986676213217,4.65,4.357986676213217,6.251062920501648,6.922882522241812,5.438739,6.223471196957447,2026-05
2026-05-18,ITA US 10/16/26 C240 Equity,2026-05-26,10.55,6.75,6.404584386713706,6.75,6.404584386713706,8.374965348318906,9.1526177349896,9.390878,8.238507957957964,2026-05
2026-05-18,ITA US 12/18/26 C250 Equity,2026-05-26,10.75,7.3,6.603780702742349,7.3,6.603780702742349,9.829849373841597,10.086183729174603,9.95832,8.935370410181646,2026-05
2026-05-18,ITA US 07/17/26 C230 Equity,2026-05-26,8.2,4.85,4.437649578301565,4.85,4.437649578301565,5.530049951851712,7.0275269225659835,5.6455984,6.177001911248843,2026-05
2026-05-19,ITA US 01/15/27 C230 Equity,2026-05-27,20.549999999999997,14.4,13.713449706658249,14.4,13.713449706658249,16.60270392494578,15.826863527965857,16.711563,15.525369742464322,2026-05
2026-05-19,ITA US 10/16/26 C250 Equity,2026-05-27,8.5,5.0,4.553507186991861,5.0,4.553507186991861,7.511522917839874,6.818556933733803,5.157176,6.397664230316435,2026-05
2026-05-19,ITA US 01/15/27 C235 Equity,2026-05-27,18.1,12.55,11.71919972364103,12.55,11.71919972364103,14.955062468133683,14.238808837985639,14.312447,13.73728454420014,2026-05
2026-05-19,ITA US 01/15/27 C245 Equity,2026-05-27,13.75,9.4,8.64366199554402,9.4,8.64366199554402,12.111294167270028,11.568269419480082,10.62987,10.719764943144709,2026-05
2026-05-19,ITA US 10/16/26 C255 Equity,2026-05-27,6.6,3.75,3.339809022237667,3.75,3.339809022237667,4.766773603967092,4.6022420252346965,3.5519505,5.08012241022735,2026-05
2026-05-19,ITA US 10/16/26 C230 Equity,2026-05-27,16.05,9.75,9.119861275503807,9.75,9.119861275503807,10.63231811078266,10.72090121435713,12.145567,10.806516163224023,2026-05
2026-05-19,ITA US 01/15/27 C250 Equity,2026-05-27,12.15,7.65,7.5563462661429766,7.65,7.5563462661429766,10.626604676755825,10.24446289560689,8.75036,9.050892146752176,2026-05
2026-05-19,ITA US 01/15/27 C240 Equity,2026-05-27,15.549999999999999,10.75,9.968128308077151,10.75,9.968128308077151,13.35851346483019,12.568001044596368,12.051807,11.979229835178339,2026-05
2026-05-19,ITA US 10/16/26 C240 Equity,2026-05-27,11.100000000000001,6.300000000000001,5.776159893690308,6.300000000000001,5.776159893690308,7.576765734600709,7.486223856918614,7.3112435,7.441769050549323,2026-05
2026-05-19,ITA US 07/17/26 C230 Equity,2026-05-27,9.149999999999999,4.65,4.270891111726209,4.65,4.270891111726209,6.746075946569333,6.788926453174805,5.810057,5.841210567348247,2026-05
2026-05-19,ITA US 10/16/26 C245 Equity,2026-05-27,9.45,5.75,5.334923461606892,5.75,5.334923461606892,8.496637361007204,7.440100527515544,6.7568574,7.0728989482767,2026-05
2026-05-19,ITA US 12/18/26 C245 Equity,2026-05-27,12.75,8.3,7.532826280985781,8.3,7.532826280985781,10.600370965851017,10.019271202590566,9.526877,9.591943013623377,2026-05
2026-05-19,ITA US 12/18/26 C250 Equity,2026-05-27,10.649999999999999,6.9,6.19668395041014,6.9,6.19668395041014,8.635123930759727,8.476526656969067,8.301319,8.209745441528959,2026-05
2026-05-19,ITA US 12/18/26 C235 Equity,2026-05-27,16.8,11.1,10.158148292195026,11.1,10.158148292195026,13.123610128061621,12.678010656072846,13.127497,12.271019633033625,2026-05
2026-05-19,ITA US 10/16/26 C235 Equity,2026-05-27,13.05,7.800000000000001,7.224152431916555,7.800000000000001,7.224152431916555,9.306477263151809,9.090672485686873,9.761823,8.906319889325973,2026-05
2026-05-19,ITA US 12/18/26 C240 Equity,2026-05-27,14.45,9.8,8.968040502266552,9.8,8.968040502266552,12.363905329331601,11.525655406943287,11.522191,11.071796166245612,2026-05
2026-05-19,ITA US 12/18/26 C230 Equity,2026-05-27,19.35,13.2,12.250082115442844,13.2,12.250082115442844,14.976263166051147,14.458154190991765,16.284245,14.334091490198697,2026-05
2026-05-19,ITA US 07/17/26 C250 Equity,2026-05-27,2.5250000000000004,1.6749999999999998,1.359085012031939,1.6749999999999998,1.359085012031939,6.813654491380164,5.060517050091036,1.5297817,3.5139657674337563,2026-05
2026-05-20,ITA US 07/17/26 C230 Equity,2026-05-28,11.85,5.9,5.8027592355230615,5.9,5.8027592355230615,9.113318674411568,9.17773215301007,6.6297326,7.716065231811886,2026-05
2026-05-20,ITA US 10/16/26 C255 Equity,2026-05-28,7.75,4.35,4.072355624217231,4.35,4.072355624217231,8.023063167863183,7.4809696973047055,3.9640615,6.428104508064687,2026-05
2026-05-20,ITA US 07/17/26 C250 Equity,2026-05-28,3.55,1.875,1.6810044225687746,1.875,1.6810044225687746,8.647428971807315,6.8673701507067015,3.101798,4.35625593381983,2026-05
2026-05-20,ITA US 01/15/27 C235 Equity,2026-05-28,20.25,14.05,13.433827703069051,14.05,13.433827703069051,16.95317397354796,16.374099788406554,15.776312,15.826429817059806,2026-05
2026-05-20,ITA US 10/16/26 C240 Equity,2026-05-28,13.1,7.5,7.551610760768355,7.5,7.551610760768355,10.183937394169362,10.296685608470199,9.7961855,9.318089726880409,2026-05
2026-05-20,ITA US 12/18/26 C240 Equity,2026-05-28,16.6,11.1,10.566572293249669,11.1,10.566572293249669,14.556449740540955,13.945051480133985,12.26718,12.985825036250601,2026-05
2026-05-20,ITA US 01/15/27 C250 Equity,2026-05-28,13.7,9.15,8.79154555870778,9.15,8.79154555870778,13.188192395456227,12.360854583568539,10.802376,11.140892643619148,2026-05
2026-05-20,ITA US 10/16/26 C245 Equity,2026-05-28,11.1,6.4,6.4067645346580795,6.4,6.4067645346580795,10.380953563804425,9.688401713189164,8.2459345,8.37161992163303,2026-05
2026-05-20,ITA US 12/18/26 C230 Equity,2026-05-28,21.85,15.35,15.167508096569184,15.35,15.167508096569184,18.25979277710943,17.77428023783555,17.200027,17.182551339524327,2026-05
2026-05-20,ITA US 01/15/27 C240 Equity,2026-05-28,17.95,12.35,12.073457707621467,12.35,12.073457707621467,15.868296277200923,14.944782863623455,13.171189,14.183993655794437,2026-05
2026-05-20,ITA US 01/15/27 C230 Equity,2026-05-28,23.15,16.4,16.152645980713906,16.4,16.152645980713906,19.522892100869296,18.71843091013855,18.870476,18.156021613324263,2026-05
2026-05-20,ITA US 10/16/26 C235 Equity,2026-05-28,15.399999999999999,9.399999999999999,9.446898561779493,9.399999999999999,9.446898561779493,11.79099316076736,11.857198142002424,11.478108,11.165636098104967,2026-05
2026-05-20,ITA US 10/16/26 C250 Equity,2026-05-28,9.25,5.25,5.166139780445243,5.25,5.166139780445243,9.120051489960833,8.594690260046718,6.410681,7.3341274272736054,2026-05
2026-05-20,ITA US 10/16/26 C230 Equity,2026-05-28,18.25,11.0,11.161480935441288,11.0,11.161480935441288,12.978441304420885,13.482211898166062,12.373525,12.721796023018193,2026-05
2026-05-20,ITA US 12/18/26 C235 Equity,2026-05-28,19.5,13.0,12.770328259371745,13.0,12.770328259371745,15.932666761403915,15.503888396149819,15.540122,14.817903820761853,2026-05
2026-05-20,ITA US 12/18/26 C250 Equity,2026-05-28,12.2,7.9,7.6513753374489974,7.9,7.6513753374489974,11.36057087403827,10.962831751493434,9.404011,9.857414409552467,2026-05
2026-05-20,ITA US 12/18/26 C245 Equity,2026-05-28,14.3,9.4,9.059530343871339,9.4,9.059530343871339,13.131556066761089,12.55291659781694,10.582961,11.344556211313567,2026-05
2026-05-20,ITA US 01/15/27 C245 Equity,2026-05-28,15.6,10.35,9.82752254376654,10.35,9.82752254376654,13.669901728940395,13.266293968157257,11.072211,12.241189778126275,2026-05
2026-05-21,ITA US 12/18/26 C240 Equity,2026-05-29,16.450000000000003,10.95,10.353416523597962,10.95,10.353416523597962,13.979061676393133,12.45827229551592,10.981088,12.107480211271843,2026-05
2026-05-21,ITA US 10/16/26 C235 Equity,2026-05-29,15.25,9.5,9.18154521970042,9.5,9.18154521970042,12.246688940124226,10.930237214697126,10.519573,10.621181880854827,2026-05
2026-05-21,ITA US 12/18/26 C230 Equity,2026-05-29,21.7,15.15,14.645621082954948,15.15,14.645621082954948,18.004405002617155,16.46585433389545,16.019323,16.30487102443089,2026-05
2026-05-21,ITA US 12/18/26 C250 Equity,2026-05-29,12.1,7.85,7.227455289528625,7.85,7.227455289528625,11.331782602925072,9.854923683579,8.786878,9.126231160802135,2026-05
2026-05-21,ITA US 01/15/27 C250 Equity,2026-05-29,13.85,9.2,8.598422596166241,9.2,8.598422596166241,12.987961306388446,11.06816112523944,9.391283,10.463447996964902,2026-05
2026-05-21,ITA US 10/16/26 C230 Equity,2026-05-29,17.9,11.0,10.804572336154438,11.0,10.804572336154438,12.325775799492892,11.91015882047888,11.92698,12.00212518691936,2026-05
2026-05-21,ITA US 07/17/26 C250 Equity,2026-05-29,3.2,1.75,1.4371564913207964,1.75,1.4371564913207964,6.955383362335925,4.199128289079464,2.4227788,3.3085446850312996,2026-05
2026-05-21,ITA US 10/16/26 C245 Equity,2026-05-29,10.65,6.25,6.02597306082413,6.25,6.02597306082413,9.74023843755997,8.377258678684651,7.3839207,7.506566039762262,2026-05
2026-05-21,ITA US 07/17/26 C230 Equity,2026-05-29,11.45,5.7,5.2269443671304305,5.7,5.2269443671304305,8.213118118093817,7.446905826579588,5.9060264,6.757850960470633,2026-05
2026-05-21,ITA US 12/18/26 C245 Equity,2026-05-29,14.2,9.3,8.739265137819514,9.3,8.739265137819514,12.694360075215013,11.118047787692223,9.918956,10.530796365241683,2026-05
2026-05-21,ITA US 12/18/26 C235 Equity,2026-05-29,19.0,12.8,12.292493852100437,12.8,12.292493852100437,15.9320103394287,14.231199458098315,14.360883,13.939304233590132,2026-05
2026-05-21,ITA US 01/15/27 C245 Equity,2026-05-29,15.6,10.350000000000001,9.741286005876999,10.350000000000001,9.741286005876999,13.572532006126423,12.053793658116923,10.803769,11.520558693687725,2026-05
2026-05-21,ITA US 01/15/27 C230 Equity,2026-05-29,22.9,16.2,15.526159743817132,16.2,15.526159743817132,18.694977294191258,17.14671429363144,17.64223,17.264685677923026,2026-05
2026-05-21,ITA US 10/16/26 C250 Equity,2026-05-29,9.0,5.35,4.977543194457596,5.35,4.977543194457596,8.599625381236438,7.106484721463483,5.1169567,6.668179812480096,2026-05
2026-05-21,ITA US 10/16/26 C240 Equity,2026-05-29,12.6,7.8,7.5722225762963005,7.8,7.5722225762963005,10.409604156725003,8.971686375119395,8.979343,8.910118707958242,2026-05
2026-05-21,ITA US 10/16/26 C255 Equity,2026-05-29,7.7,4.325,4.097031383774781,4.325,4.097031383774781,7.556931587760953,6.224027560912678,3.476011,5.715170979009579,2026-05
2026-05-21,ITA US 01/15/27 C240 Equity,2026-05-29,17.95,12.05,11.408955183135122,12.05,11.408955183135122,15.78473300675034,13.828187931239217,12.631684,13.216705209309968,2026-05
2026-05-21,ITA US 01/15/27 C235 Equity,2026-05-29,20.35,14.05,13.369625005364728,14.05,13.369625005364728,16.781420959029376,15.18550588739985,14.188478,15.113411854369323,2026-05
2026-05-22,ITA US 10/16/26 C240 Equity,2026-06-01,10.8,8.55,8.220288712924114,8.55,8.220288712924114,10.29951451646987,9.731476463691632,9.991434,9.397521307566954,2026-05
2026-05-22,ITA US 10/16/26 C250 Equity,2026-06-01,7.35,6.15,5.922797497709062,6.15,5.922797497709062,8.190427256266904,7.4123194570176665,6.5544167,7.111620577928663,2026-05
2026-05-22,ITA US 01/15/27 C250 Equity,2026-06-01,11.600000000000001,10.05,9.426039003566574,10.05,9.426039003566574,12.75854436779153,11.64302147208864,10.407018,10.98107037026815,2026-05
2026-05-22,ITA US 01/15/27 C245 Equity,2026-06-01,13.85,11.6,10.965286893373396,11.6,10.965286893373396,13.697179919487628,12.813801504889254,12.245039,12.482043455634894,2026-05
2026-05-22,ITA US 10/16/26 C255 Equity,2026-06-01,6.5,4.65,4.347334182981122,4.65,4.347334182981122,6.403802351272834,5.939753158715731,3.9352858,5.66408242622035,2026-05
2026-05-22,ITA US 12/18/26 C235 Equity,2026-06-01,16.35,14.1,13.469066975639496,14.1,13.469066975639496,15.54870863086829,14.77122229330037,16.171436,14.911306296145955,2026-05
2026-05-22,ITA US 10/16/26 C235 Equity,2026-06-01,12.850000000000001,10.4,10.068239994380633,10.4,10.068239994380633,11.387255368585294,11.248640883888433,11.25242,11.19070760922345,2026-05
2026-05-22,ITA US 10/16/26 C245 Equity,2026-06-01,9.1,7.35,7.00770549819601,7.35,7.00770549819601,8.791699932343647,8.587902045355737,9.403043,8.296243589988068,2026-05
2026-05-22,ITA US 12/18/26 C250 Equity,2026-06-01,10.850000000000001,8.9,8.484746433207887,8.9,8.484746433207887,10.93318659673124,10.369508980952734,10.391662,9.820494891053972,2026-05
2026-05-22,ITA US 07/17/26 C250 Equity,2026-06-01,2.325,1.5499999999999998,1.2542070747514977,1.5499999999999998,1.2542070747514977,4.485516762174457,3.073609858412164,3.5830815,2.6075196082058216,2026-05
2026-05-22,ITA US 01/15/27 C235 Equity,2026-06-01,17.950000000000003,15.45,14.826415860872318,15.45,14.826415860872318,17.10964756000118,16.22055688251895,16.168629,16.238239608199656,2026-05
2026-05-22,ITA US 07/17/26 C230 Equity,2026-06-01,8.85,6.050000000000001,5.614744701223658,6.050000000000001,5.614744701223658,5.329598108830336,6.497268804238679,6.932842,6.623460294081121,2026-05
2026-05-22,ITA US 10/16/26 C230 Equity,2026-06-01,15.6,12.8,12.451890072045627,12.8,12.451890072045627,12.910372626517123,13.131412273793082,14.331772,13.53541452083846,2026-05
2026-05-22,ITA US 01/15/27 C240 Equity,2026-06-01,15.75,13.35,12.727157333618875,13.35,12.727157333618875,15.120344525994486,14.21752736109158,14.71939,14.17453614714413,2026-05
2026-05-22,ITA US 01/15/27 C230 Equity,2026-06-01,20.5,17.55,16.928218309611427,17.55,16.928218309611427,18.415381822317144,17.81987571693644,19.875986,18.28861986324333,2026-05
2026-05-22,ITA US 12/18/26 C245 Equity,2026-06-01,12.3,10.4,9.788211847845865,10.4,9.788211847845865,12.354151879619359,11.563742814305023,11.265863,11.306399806920725,2026-05
2026-05-22,ITA US 12/18/26 C230 Equity,2026-06-01,19.15,16.2,15.564767247269828,16.2,15.564767247269828,17.059952538637887,16.672876503008872,18.296242,16.981579358045465,2026-05
2026-05-22,ITA US 12/18/26 C240 Equity,2026-06-01,13.8,12.05,11.431889048881239,12.05,11.431889048881239,13.81281364089104,13.042029582928015,13.546872,12.884764069808277,2026-05
2026-05-26,ITA US 10/16/26 C245 Equity,2026-06-02,8.6,8.8,8.27498805076095,8.8,8.27498805076095,12.048155495313756,10.256032086156441,9.825813,9.639031187648156,2026-05
2026-05-26,ITA US 01/15/27 C235 Equity,2026-06-02,17.15,17.55,16.8138218391874,17.55,16.8138218391874,19.951480089797542,17.97103912107245,17.229792,18.240606727888768,2026-05
2026-05-26,ITA US 12/18/26 C250 Equity,2026-06-02,9.8,10.75,10.283123934346618,10.75,10.283123934346618,14.60615877606589,12.185844892144646,10.881416,11.624357187555756,2026-05
2026-05-26,ITA US 01/15/27 C230 Equity,2026-06-02,19.35,20.1,19.52704559037769,20.1,19.52704559037769,22.049946827189032,20.154101685917766,20.082623,20.739050396479463,2026-05
2026-05-26,ITA US 01/15/27 C240 Equity,2026-06-02,15.15,15.65,14.711943700295873,15.65,14.711943700295873,18.685653967017956,16.064647525791024,14.855746,16.333534523457626,2026-05
2026-05-26,ITA US 01/15/27 C245 Equity,2026-06-02,13.3,13.35,12.753483271103928,13.35,12.753483271103928,16.859315415065268,14.50132887950696,13.380887,14.134000301265463,2026-05
2026-05-26,ITA US 10/16/26 C240 Equity,2026-06-02,10.4,10.55,10.08322315947814,10.55,10.08322315947814,13.166121150830477,11.588992254127517,10.525454,11.29391626743488,2026-05
2026-05-26,ITA US 10/16/26 C255 Equity,2026-06-02,6.35,6.05,5.567479245247985,6.05,5.567479245247985,9.555103532842779,7.764697202594726,6.7191563,6.985400135305795,2026-05
2026-05-26,ITA US 01/15/27 C250 Equity,2026-06-02,11.35,11.8,11.221786255582908,11.8,11.221786255582908,15.763742394454745,13.373826046797888,12.677377,12.679557731838404,2026-05
2026-05-26,ITA US 07/17/26 C250 Equity,2026-06-02,1.95,3.0999999999999996,1.8605067443992638,3.0999999999999996,1.8605067443992638,6.285413601139981,4.887326266012213,4.0490546,3.9838085273940056,2026-05
2026-05-26,ITA US 12/18/26 C245 Equity,2026-06-02,11.75,11.899999999999999,12.129101922556666,11.899999999999999,12.129101922556666,16.04901732021364,13.895286613311695,12.387633,12.79187465331314,2026-05
2026-05-26,ITA US 12/18/26 C240 Equity,2026-06-02,13.95,13.8,13.255059626198955,13.8,13.255059626198955,16.629897619270608,14.77335860908323,13.538445,14.549387918856196,2026-05
2026-05-26,ITA US 12/18/26 C235 Equity,2026-06-02,15.7,16.35,15.494571954357463,16.35,15.494571954357463,18.714474570938382,16.71145030694826,16.123487,17.0482906458111,2026-05
2026-05-26,ITA US 12/18/26 C230 Equity,2026-06-02,17.95,18.3,17.85218164341032,18.3,17.85218164341032,19.637241190166982,18.32908976622135,19.087864,18.91959032807445,2026-05
2026-05-26,ITA US 07/17/26 C230 Equity,2026-06-02,7.5,8.2,7.763090228359375,8.2,7.763090228359375,8.677137906943326,9.027297812708952,9.462691,8.667431381351447,2026-05
2026-05-26,ITA US 10/16/26 C235 Equity,2026-06-02,12.0,12.65,12.39039694878289,12.65,12.39039694878289,14.93667345686206,13.483804354546416,13.496674,13.356829308607072,2026-05
2026-05-26,ITA US 10/16/26 C250 Equity,2026-06-02,6.95,7.25,6.818679176536912,7.25,6.818679176536912,11.30074391573508,9.144670438155641,8.796987,8.173194061770882,2026-05
2026-05-26,ITA US 10/16/26 C230 Equity,2026-06-02,14.5,15.0,14.765554054036716,15.0,14.765554054036716,16.586532472500643,15.452381065819718,14.61948,15.676365309146744,2026-05
2026-05-27,ITA US 10/16/26 C235 Equity,2026-06-03,10.8,13.05,12.575209201159025,13.05,12.575209201159025,13.491543560357876,12.502780109427698,9.845525,12.92253592869799,2026-05
2026-05-27,ITA US 01/15/27 C235 Equity,2026-06-03,14.95,18.1,17.82964853351304,18.1,17.82964853351304,19.160331151832178,17.76978207674605,16.399035,18.015824211929296,2026-05
2026-05-27,ITA US 10/16/26 C230 Equity,2026-06-03,12.3,16.05,15.779791488282001,16.05,15.779791488282001,16.884936821962587,15.223527701319526,13.614334,15.884546564910668,2026-05
2026-05-27,ITA US 01/15/27 C250 Equity,2026-06-03,10.399999999999999,12.15,11.626679016514867,12.15,11.626679016514867,14.835049918282294,12.774621483093641,9.644138,12.227601578782448,2026-05
2026-05-27,ITA US 12/18/26 C235 Equity,2026-06-03,14.1,16.8,16.32120060481282,16.8,16.32120060481282,17.773372115037382,16.44128990968794,15.365241,16.690190562485377,2026-05
2026-05-27,ITA US 12/18/26 C250 Equity,2026-06-03,9.15,10.649999999999999,10.80712843834873,10.649999999999999,10.80712843834873,13.503818622046266,11.434337943660603,8.2069435,10.753870782175682,2026-05
2026-05-27,ITA US 12/18/26 C245 Equity,2026-06-03,10.7,12.75,12.269460489131129,12.75,12.269460489131129,15.345230590299963,13.184718695535121,9.866215,12.815455103223169,2026-05
2026-05-27,ITA US 10/16/26 C250 Equity,2026-06-03,5.75,8.5,8.190836962700377,8.5,8.190836962700377,11.014577523589168,9.06528689462623,7.3238554,8.631196795830386,2026-05
2026-05-27,ITA US 01/15/27 C230 Equity,2026-06-03,17.799999999999997,20.549999999999997,20.293215245653403,20.549999999999997,20.293215245653403,21.607151032957503,19.70850846483954,18.039873,20.381860428399353,2026-05
2026-05-27,ITA US 01/15/27 C240 Equity,2026-06-03,13.649999999999999,15.549999999999999,15.26546225269242,15.549999999999999,15.26546225269242,17.364280650131775,15.684565377295996,12.542874,15.491376020605072,2026-05
2026-05-27,ITA US 10/16/26 C255 Equity,2026-06-03,5.25,6.6,6.261256034022639,6.6,6.261256034022639,8.981694706629156,7.346056891734751,5.7505374,6.768092008783236,2026-05
2026-05-27,ITA US 10/16/26 C245 Equity,2026-06-03,7.550000000000001,9.45,9.096469979267182,9.45,9.096469979267182,11.202663034944148,9.785434536669896,7.82128,9.480792410264213,2026-05
2026-05-27,ITA US 07/17/26 C250 Equity,2026-06-03,1.5,2.5250000000000004,2.1669600781137017,2.5250000000000004,2.1669600781137017,4.493602539402506,3.4337140604666825,3.7683005,2.5724511630984344,2026-05
2026-05-27,ITA US 10/16/26 C240 Equity,2026-06-03,9.2,11.100000000000001,10.752928537537857,11.100000000000001,10.752928537537857,12.28122955979786,11.061876925547438,7.9569254,11.046109509397276,2026-05
2026-05-27,ITA US 12/18/26 C240 Equity,2026-06-03,12.3,14.45,13.978117776637767,14.45,13.978117776637767,15.622924173643373,14.118826305674583,10.891825,14.36739594996368,2026-05
2026-05-27,ITA US 12/18/26 C230 Equity,2026-06-03,16.6,19.35,18.86057354742827,19.35,18.86057354742827,19.880283084030143,18.12908381605243,17.329527,19.15267625092192,2026-05
2026-05-27,ITA US 07/17/26 C230 Equity,2026-06-03,6.45,9.149999999999999,8.726608262651473,9.149999999999999,8.726608262651473,8.97961057721016,8.91710332901157,7.5171103,8.889663160885204,2026-05
2026-05-27,ITA US 01/15/27 C245 Equity,2026-06-03,11.8,13.75,13.18485862224509,13.75,13.18485862224509,15.790528697995633,13.86676170784169,10.347372,13.718698143247957,2026-05
2026-05-28,ITA US 10/16/26 C250 Equity,2026-06-04,7.699999999999999,9.25,9.265574354963922,9.25,9.265574354963922,11.08448348470546,9.506960143805335,9.365678,8.70363193872266,2026-05
2026-05-28,ITA US 07/17/26 C230 Equity,2026-06-04,9.3,11.85,11.523247362954592,11.85,11.523247362954592,11.485686445166024,11.225266283838868,7.7555866,10.645457933608368,2026-05
2026-05-28,ITA US 12/18/26 C245 Equity,2026-06-04,12.5,14.3,14.11599576798072,14.3,14.11599576798072,15.106733939418415,14.01004683367255,11.754859,13.595043366909929,2026-05
2026-05-28,ITA US 01/15/27 C235 Equity,2026-06-04,18.3,20.25,20.046864188854737,20.25,20.046864188854737,20.315812415587956,18.96683426958308,18.306793,19.39571390725704,2026-05
2026-05-28,ITA US 01/15/27 C230 Equity,2026-06-04,20.85,23.15,22.795190797403848,23.15,22.795190797403848,22.843676946823678,21.311060025204934,20.408934,21.93283572737082,2026-05
2026-05-28,ITA US 01/15/27 C250 Equity,2026-06-04,12.05,13.7,13.316285392887597,13.7,13.316285392887597,14.992150850989116,13.578099974376311,11.457221,13.033759552329293,2026-05
2026-05-28,ITA US 12/18/26 C250 Equity,2026-06-04,10.75,12.2,11.987042581466385,12.2,11.987042581466385,14.038726225772532,12.541339235437917,10.49359,11.57969511243971,2026-05
2026-05-28,ITA US 12/18/26 C230 Equity,2026-06-04,19.4,21.85,21.67579064984705,21.85,21.67579064984705,21.469962940053804,20.053106608895508,20.165562,20.660925586288318,2026-05
2026-05-28,ITA US 10/16/26 C240 Equity,2026-06-04,10.85,13.1,13.207101272117077,13.1,13.207101272117077,13.158903097451226,12.523695832468988,12.232509,12.389899390775852,2026-05
2026-05-28,ITA US 10/16/26 C230 Equity,2026-06-04,15.75,18.25,18.459744740345855,18.25,18.459744740345855,18.14902450685302,16.9052953817418,17.540981,17.101015315952164,2026-05
2026-05-28,ITA US 01/15/27 C240 Equity,2026-06-04,15.95,17.95,17.33450249894863,17.95,17.33450249894863,17.862123748596183,16.80995435708247,15.061802,17.114681306469006,2026-05
2026-05-28,ITA US 12/18/26 C240 Equity,2026-06-04,14.6,16.6,16.444785154018692,16.6,16.444785154018692,16.58580319013984,15.65359374219513,14.714948,15.858752558026232,2026-05
2026-05-28,ITA US 07/17/26 C250 Equity,2026-06-04,2.6,3.55,3.163954020194357,3.55,3.163954020194357,4.748852580107663,4.212658261765567,3.7056134,2.902943651161673,2026-05
2026-05-28,ITA US 12/18/26 C235 Equity,2026-06-04,17.0,19.5,19.263039040590318,19.5,19.263039040590318,19.274218840088775,17.752657259392006,18.475199,18.68015294283416,2026-05
2026-05-28,ITA US 10/16/26 C235 Equity,2026-06-04,13.6,15.399999999999999,15.56585753401123,15.399999999999999,15.56585753401123,15.072516985942114,14.169471459184754,13.634649,14.548233388968594,2026-05
2026-05-28,ITA US 10/16/26 C255 Equity,2026-06-04,6.550000000000001,7.75,7.572420749779375,7.75,7.572420749779375,9.55556658764031,8.367267824785444,7.5544367,7.253537079824498,2026-05
2026-05-28,ITA US 01/15/27 C245 Equity,2026-06-04,13.7,15.6,15.15706352878848,15.6,15.15706352878848,16.103434954229765,14.952853413624565,12.472371,14.856959465899896,2026-05
2026-05-28,ITA US 10/16/26 C245 Equity,2026-06-04,9.0,11.1,11.156107585592279,11.1,11.156107585592279,12.040350372755952,11.136739752079208,10.085687,10.49022157659493,2026-05
2026-05-29,ITA US 01/15/27 C250 Equity,2026-06-05,11.5,13.85,13.730033604977212,13.85,13.730033604977212,14.362125332350452,12.7536469385773,10.886134,12.971539950813275,2026-05
2026-05-29,ITA US 01/15/27 C230 Equity,2026-06-05,19.7,22.9,22.935553242729682,22.9,22.935553242729682,21.782389872476212,20.767976853889802,19.724253,21.51222191727558,2026-05
2026-05-29,ITA US 12/18/26 C230 Equity,2026-06-05,18.35,21.7,21.840409086041852,21.7,21.840409086041852,20.899492697442504,19.692201521971562,19.464264,20.35146578926104,2026-05
2026-05-29,ITA US 10/16/26 C235 Equity,2026-06-05,12.5,15.25,15.627427352652488,15.25,15.627427352652488,15.346457131385247,14.413090667736231,13.432717,14.308634051149516,2026-05
2026-05-29,ITA US 10/16/26 C230 Equity,2026-06-05,14.8,17.9,18.151613534980395,17.9,18.151613534980395,17.047719915798584,16.164313704288,16.405909,16.565403477665278,2026-05
2026-05-29,ITA US 12/18/26 C240 Equity,2026-06-05,13.899999999999999,16.450000000000003,16.480888491258188,16.450000000000003,16.480888491258188,15.989435414390332,15.071063048702477,15.521635,15.521625664306532,2026-05
2026-05-29,ITA US 10/16/26 C255 Equity,2026-06-05,6.2,7.7,7.79667640329372,7.7,7.79667640329372,8.757339943081941,7.271238985309536,7.173957,6.95382502601068,2026-05
2026-05-29,ITA US 10/16/26 C240 Equity,2026-06-05,11.15,12.6,12.829233505283357,12.6,12.829233505283357,12.396488288230515,11.914851999536197,10.990612,11.709363263366951,2026-05
2026-05-29,ITA US 07/17/26 C230 Equity,2026-06-05,7.6,11.45,11.539051045422575,11.45,11.539051045422575,10.632234198395455,10.731877892388889,6.1857204,10.125154137987249,2026-05
2026-05-29,ITA US 07/17/26 C250 Equity,2026-06-05,1.925,3.2,3.048565045406036,3.2,3.048565045406036,4.3031009516675525,3.508797186461175,4.0602474,2.3804959394088607,2026-05
2026-05-29,ITA US 12/18/26 C235 Equity,2026-06-05,16.15,19.0,18.973207420294614,19.0,18.973207420294614,18.96297824443573,17.490491734545447,17.331469,18.056463241221824,2026-05
2026-05-29,ITA US 01/15/27 C240 Equity,2026-06-05,15.5,17.95,17.781826215837476,17.95,17.781826215837476,16.98631084077587,16.323082604546713,16.208748,16.98398079726051,2026-05
2026-05-29,ITA US 01/15/27 C245 Equity,2026-06-05,13.3,15.6,15.100605242691975,15.6,15.100605242691975,15.50397007056917,14.484430302120536,13.008058,14.640652248958471,2026-05
2026-05-29,ITA US 10/16/26 C250 Equity,2026-06-05,7.4,9.0,9.042975340179947,9.0,9.042975340179947,10.122284035953507,8.737197717319038,9.190516,8.230517723293772,2026-05
2026-05-29,ITA US 12/18/26 C250 Equity,2026-06-05,10.9,12.1,11.99789257309375,12.1,11.99789257309375,12.10537065092636,11.31324476367866,10.514917,11.25889233657732,2026-05
2026-05-29,ITA US 01/15/27 C235 Equity,2026-06-05,17.5,20.35,20.405812112201847,20.35,20.405812112201847,19.81968728125243,18.719981678418744,18.858067,19.33489894572945,2026-05
2026-05-29,ITA US 10/16/26 C245 Equity,2026-06-05,9.0,10.65,10.672490858879,10.65,10.672490858879,10.818714275620046,9.95872059869225,9.683424,9.804221651849238,2026-05
2026-05-29,ITA US 12/18/26 C245 Equity,2026-06-05,12.100000000000001,14.2,14.04861896079002,14.2,14.04861896079002,14.058440452876532,13.157715364521339,12.014346,13.317378739675851,2026-05
2026-06-01,ITA US 12/18/26 C235 Equity,2026-06-08,15.25,16.35,15.308283519147508,16.35,15.308283519147508,13.574201680143489,13.838771619476924,17.441168,14.094422586986516,2026-06
2026-06-01,ITA US 07/17/26 C230 Equity,2026-06-08,6.55,8.85,7.921968614734395,8.85,7.921968614734395,7.247812084367258,7.430299920376665,7.7838707,6.588295279424409,2026-06
2026-06-01,ITA US 10/16/26 C255 Equity,2026-06-08,5.75,6.5,5.848980876078258,6.5,5.848980876078258,5.442437423939558,5.004536476202275,6.690512,4.4836409550729615,2026-06
2026-06-01,ITA US 10/16/26 C245 Equity,2026-06-08,8.15,9.1,8.368300567543296,9.1,8.368300567543296,7.088963887298959,7.100897416739669,9.331438,6.93950953647683,2026-06
2026-06-01,ITA US 10/16/26 C235 Equity,2026-06-08,11.85,12.850000000000001,12.083609201229217,12.850000000000001,12.083609201229217,9.79099577791044,10.225441586623667,12.083621,10.611681961698642,2026-06
2026-06-01,ITA US 12/18/26 C240 Equity,2026-06-08,13.15,13.8,13.745982743380354,13.8,13.745982743380354,12.165869454825652,12.283049990529326,13.287071,11.605522555037973,2026-06
2026-06-01,ITA US 01/15/27 C240 Equity,2026-06-08,14.4,15.75,14.731889537707378,15.75,14.731889537707378,13.22063173132514,13.229129615750713,15.184896,13.534975621656802,2026-06
2026-06-01,ITA US 12/18/26 C250 Equity,2026-06-08,9.0,10.850000000000001,10.140888537171001,10.850000000000001,10.140888537171001,8.910722155955993,8.812043884746924,10.323474,8.730867280112605,2026-06
2026-06-01,ITA US 12/18/26 C245 Equity,2026-06-08,11.25,12.3,11.395200200561677,12.3,11.395200200561677,10.059251807949508,10.075888896015215,12.401003,10.127129249548142,2026-06
2026-06-01,ITA US 01/15/27 C230 Equity,2026-06-08,18.5,20.5,19.37810747065363,20.5,19.37810747065363,17.119728510667194,17.27218130115628,19.79228,18.18866650425406,2026-06
2026-06-01,ITA US 07/17/26 C250 Equity,2026-06-08,1.5499999999999998,2.325,1.6034452324406456,2.325,1.6034452324406456,0.5547446803285663,0.2820323173153447,3.1057425,0.23337550659717143,2026-06
2026-06-01,ITA US 10/16/26 C250 Equity,2026-06-08,7.199999999999999,7.35,6.671061873167752,7.35,6.671061873167752,5.614496034268223,5.580163757235897,7.0273895,5.24541597961453,2026-06
2026-06-01,ITA US 01/15/27 C250 Equity,2026-06-08,11.15,11.600000000000001,11.425840118390346,11.600000000000001,11.425840118390346,10.808297079169478,10.452039684512757,10.906502,9.503028403477636,2026-06
2026-06-01,ITA US 12/18/26 C230 Equity,2026-06-08,17.45,19.15,18.146732206356607,19.15,18.146732206356607,15.966133020457637,16.163370193027596,19.350231,16.861266112572448,2026-06
2026-06-01,ITA US 01/15/27 C235 Equity,2026-06-08,16.4,17.950000000000003,16.88036788747725,17.950000000000003,16.88036788747725,14.63166135932871,14.933002917020593,17.450083,15.695401114823897,2026-06
2026-06-01,ITA US 10/16/26 C240 Equity,2026-06-08,9.649999999999999,10.8,10.027707138187484,10.8,10.027707138187484,8.268752633210386,8.480681810985942,10.406328,8.588381841658485,2026-06
2026-06-01,ITA US 01/15/27 C245 Equity,2026-06-08,12.55,13.85,12.868729619815541,13.85,12.868729619815541,11.167252900215285,11.318063936820703,13.230026,11.665053837704106,2026-06
2026-06-01,ITA US 10/16/26 C230 Equity,2026-06-08,13.8,15.6,14.735335156649796,15.6,14.735335156649796,12.472990445503374,12.745564234804421,14.721765,13.304547296104598,2026-06
2026-06-02,ITA US 10/16/26 C240 Equity,2026-06-09,10.600000000000001,10.4,9.729706321179028,10.4,9.729706321179028,7.730830276619574,8.308791765349739,9.677984,8.405252453575896,2026-06
2026-06-02,ITA US 10/16/26 C255 Equity,2026-06-09,6.1,6.35,5.910260297901054,6.35,5.910260297901054,4.877761597464344,5.099397116329608,5.2405667,4.558976952165132,2026-06
2026-06-02,ITA US 12/18/26 C240 Equity,2026-06-09,13.85,13.95,12.974297159127511,13.95,12.974297159127511,11.2284871868588,11.54371932221851,13.13205,11.967225223763284,2026-06
2026-06-02,ITA US 01/15/27 C245 Equity,2026-06-09,13.7,13.3,12.322117517083699,13.3,12.322117517083699,11.185151517697417,11.505727430939295,14.002878,11.351148548553581,2026-06
2026-06-02,ITA US 10/16/26 C245 Equity,2026-06-09,8.65,8.6,7.974959653625897,8.6,7.974959653625897,6.402516926432605,6.913161482070857,8.191253,6.664856128369127,2026-06
2026-06-02,ITA US 07/17/26 C230 Equity,2026-06-09,8.1,7.5,6.780656582217473,7.5,6.780656582217473,4.994208511907868,5.7938113151407755,7.7116866,5.418230365224369,2026-06
2026-06-02,ITA US 12/18/26 C245 Equity,2026-06-09,12.0,11.75,10.797895157162932,11.75,10.797895157162932,9.564669910645636,9.991914519978325,13.252279,9.789566682923702,2026-06
2026-06-02,ITA US 01/15/27 C230 Equity,2026-06-09,19.9,19.35,18.255603054077007,19.35,18.255603054077007,15.864885488108717,16.428621308172257,19.308966,17.233498094496603,2026-06
2026-06-02,ITA US 01/15/27 C250 Equity,2026-06-09,11.55,11.35,10.433298191590408,11.35,10.433298191590408,9.603408142591993,9.679596686227013,10.910949,9.458088663794975,2026-06
2026-06-02,ITA US 01/15/27 C235 Equity,2026-06-09,17.4,17.15,16.109948105983495,17.15,16.109948105983495,14.178783649059655,14.680493075867284,17.66381,15.08835141852098,2026-06
2026-06-02,ITA US 07/17/26 C250 Equity,2026-06-09,1.9,1.95,1.4742015625001796,1.95,1.4742015625001796,0.07429554903782964,0.41823645169897006,1.9128236,0.07274973297280529,2026-06
2026-06-02,ITA US 10/16/26 C230 Equity,2026-06-09,14.9,14.5,13.745983593091674,14.5,13.745983593091674,11.132025669308787,11.943524680766771,13.192392,12.411234633747299,2026-06
2026-06-02,ITA US 01/15/27 C240 Equity,2026-06-09,15.2,15.15,14.108862116412782,15.15,14.108862116412782,12.667710716197412,12.983460031775111,14.882382,13.1427413119998,2026-06
2026-06-02,ITA US 12/18/26 C235 Equity,2026-06-09,16.05,15.7,14.618800749674664,15.7,14.618800749674664,12.33648566416144,13.015947894985416,16.720171,13.626382328344768,2026-06
2026-06-02,ITA US 12/18/26 C230 Equity,2026-06-09,18.85,17.95,16.946946039281176,17.95,16.946946039281176,14.458446087885616,15.255347561505573,18.5548,15.850690830551784,2026-06
2026-06-02,ITA US 10/16/26 C235 Equity,2026-06-09,12.7,12.0,11.307050448223844,12.0,11.307050448223844,8.789569380675143,9.435228720294429,10.874153,9.93294989201291,2026-06
2026-06-02,ITA US 12/18/26 C250 Equity,2026-06-09,10.9,9.8,8.9701839081134,9.8,8.9701839081134,7.718781422046498,7.958308269100595,9.500788,7.8925284571558345,2026-06
2026-06-02,ITA US 10/16/26 C250 Equity,2026-06-09,7.35,6.95,6.474494406467383,6.95,6.474494406467383,4.243062212940659,4.747773887769334,6.16493,5.039251870251428,2026-06
2026-06-03,ITA US 01/15/27 C240 Equity,2026-06-10,13.899999999999999,13.649999999999999,12.67073919649658,13.649999999999999,12.67073919649658,11.299990678572486,12.090184407478558,13.379355,11.927758789764049,2026-06
2026-06-03,ITA US 12/18/26 C235 Equity,2026-06-10,14.600000000000001,14.1,13.024272467184808,14.1,13.024272467184808,11.063971562943195,12.126912642902454,13.61452,12.310627810130317,2026-06
2026-06-03,ITA US 01/15/27 C250 Equity,2026-06-10,10.9,10.399999999999999,9.455382266735969,10.399999999999999,9.455382266735969,8.284369325986743,8.973602834051814,9.7679205,8.768480303180977,2026-06
2026-06-03,ITA US 12/18/26 C245 Equity,2026-06-10,11.0,10.7,9.791425183772827,10.7,9.791425183772827,8.007536811894308,8.92508967874008,10.52468,9.022161654611132,2026-06
2026-06-03,ITA US 12/18/26 C250 Equity,2026-06-10,9.65,9.15,8.265693086122132,9.15,8.265693086122132,6.6779058378572,7.5029117047085565,9.109631,7.507536378585888,2026-06
2026-06-03,ITA US 10/16/26 C250 Equity,2026-06-10,6.65,5.75,6.314190425445908,5.75,6.314190425445908,4.796341665441215,5.376299550476719,4.153469,4.175894534463481,2026-06
2026-06-03,ITA US 10/16/26 C235 Equity,2026-06-10,11.2,10.8,10.152916211508085,10.8,10.152916211508085,8.041850160184907,8.946109178725424,9.069736,9.02603869054705,2026-06
2026-06-03,ITA US 01/15/27 C230 Equity,2026-06-10,17.85,17.799999999999997,16.593366904378676,17.799999999999997,16.593366904378676,14.220474261551772,15.27095958843709,17.246614,15.954310057242704,2026-06
2026-06-03,ITA US 10/16/26 C245 Equity,2026-06-10,7.7,7.550000000000001,7.043827712695451,7.550000000000001,7.043827712695451,5.4832195048826975,6.274893166398085,6.0278955,5.910200680568683,2026-06
2026-06-03,ITA US 10/16/26 C255 Equity,2026-06-10,5.35,5.25,4.767114781798684,5.25,4.767114781798684,4.033136815403994,4.554233044731147,3.5636628,3.7657139115990947,2026-06
2026-06-03,ITA US 07/17/26 C250 Equity,2026-06-10,1.225,1.5,1.5201761956345377,1.5,1.5201761956345377,1.5209849048751725,1.9168447073633423,1.7336961,0.003207253730007409,2026-06
2026-06-03,ITA US 01/15/27 C235 Equity,2026-06-10,15.8,14.95,14.578412922192758,14.95,14.578412922192758,12.345353437530287,13.251017011017403,14.091569,13.161373330107597,2026-06
2026-06-03,ITA US 01/15/27 C245 Equity,2026-06-10,12.2,11.8,10.932776537228321,11.8,10.932776537228321,9.693551243559293,10.524213392695948,11.795968,10.132105714827416,2026-06
2026-06-03,ITA US 12/18/26 C240 Equity,2026-06-10,12.55,12.3,11.268240085462008,12.3,11.268240085462008,9.692849904762198,10.635864214977252,12.526262,10.588294688537331,2026-06
2026-06-03,ITA US 12/18/26 C230 Equity,2026-06-10,16.55,16.6,15.328483347729426,16.6,15.328483347729426,12.974387358910771,14.169650691103307,16.289608,14.76386829552423,2026-06
2026-06-03,ITA US 07/17/26 C230 Equity,2026-06-10,6.6,6.45,5.604070663440957,6.45,5.604070663440957,4.313170271181312,5.402073275834449,6.1599765,4.646813171686379,2026-06
2026-06-03,ITA US 10/16/26 C240 Equity,2026-06-10,9.4,9.2,8.59707871260774,9.2,8.59707871260774,7.216219599533018,7.8765443671840805,8.189284,7.510070565626243,2026-06
2026-06-03,ITA US 10/16/26 C230 Equity,2026-06-10,13.45,12.3,12.226662565491727,12.3,12.226662565491727,9.149595227179818,10.247068474460617,10.251994,10.47456141296392,2026-06
2026-06-04,ITA US 12/18/26 C250 Equity,2026-06-11,12.7,10.75,10.031961578092394,10.75,10.031961578092394,8.526213983623489,9.313551903465369,10.501314,8.95254492378151,2026-06
2026-06-04,ITA US 12/18/26 C240 Equity,2026-06-11,16.85,14.6,13.8710524517901,14.6,13.8710524517901,11.653819824876178,12.411208754630849,14.324621,12.694510132634527,2026-06
2026-06-04,ITA US 01/15/27 C230 Equity,2026-06-11,23.35,20.85,20.41154132157921,20.85,20.41154132157921,17.732488669374796,17.91559660811234,20.638826,18.759373832179154,2026-06
2026-06-04,ITA US 10/16/26 C250 Equity,2026-06-11,9.100000000000001,7.699999999999999,7.354807597823763,7.699999999999999,7.354807597823763,6.368045730785224,6.682520085785241,6.793878,5.987639671658786,2026-06
2026-06-04,ITA US 12/18/26 C230 Equity,2026-06-11,21.9,19.4,18.871001326100213,19.4,18.871001326100213,15.914022578700884,16.304809795775547,20.160822,17.309712603232686,2026-06
2026-06-04,ITA US 07/17/26 C250 Equity,2026-06-11,3.0,2.6,2.158909559825553,2.6,2.158909559825553,2.966890916258121,3.2405484956614075,1.8583012,1.0192248901330578,2026-06
2026-06-04,ITA US 10/16/26 C235 Equity,2026-06-11,15.5,13.6,13.244333093540483,13.6,13.244333093540483,10.979207034439382,11.460478306347591,12.721882,11.680721386760634,2026-06
2026-06-04,ITA US 07/17/26 C230 Equity,2026-06-11,11.25,9.3,8.73845694931034,9.3,8.73845694931034,8.068803337560599,8.246169576697739,10.040325,7.293895811263495,2026-06
2026-06-04,ITA US 10/16/26 C230 Equity,2026-06-11,18.4,15.75,15.417869365406517,15.75,15.417869365406517,13.305625075742377,13.333411725915946,17.165785,13.689121755056444,2026-06
2026-06-04,ITA US 12/18/26 C235 Equity,2026-06-11,19.4,17.0,16.46645737663278,17.0,16.46645737663278,13.702927954299561,14.376485762551798,17.916481,15.04240341366437,2026-06
2026-06-04,ITA US 01/15/27 C240 Equity,2026-06-11,18.200000000000003,15.95,15.336654093836998,15.95,15.336654093836998,13.408123562272838,13.96302614567148,15.437944,14.051162097042052,2026-06
2026-06-04,ITA US 10/16/26 C245 Equity,2026-06-11,11.05,9.0,8.632418443982651,9.0,8.632418443982651,7.163821811988975,7.89277506183569,9.772443,7.189853402594182,2026-06
2026-06-04,ITA US 10/16/26 C240 Equity,2026-06-11,13.05,10.85,10.49959409006001,10.85,10.49959409006001,8.287078519540604,9.071110471864186,10.522074,8.986603582508227,2026-06
2026-06-04,ITA US 01/15/27 C245 Equity,2026-06-11,15.85,13.7,13.214703000776417,13.7,13.214703000776417,11.38094384179108,12.010723777954663,13.405706,11.848979210087608,2026-06
2026-06-04,ITA US 12/18/26 C245 Equity,2026-06-11,14.600000000000001,12.5,11.826662323987295,12.5,11.826662323987295,10.176576450850753,10.832471695568987,12.728563,10.65614866206182,2026-06
2026-06-04,ITA US 01/15/27 C235 Equity,2026-06-11,20.549999999999997,18.3,17.850056775698516,18.3,17.850056775698516,15.057068030645581,15.542042984637048,18.890793,16.352500014808637,2026-06
2026-06-04,ITA US 01/15/27 C250 Equity,2026-06-11,14.05,12.05,11.497124756348152,12.05,11.497124756348152,10.188827729435326,10.76297373664819,11.884769,10.256649152311867,2026-06
2026-06-04,ITA US 10/16/26 C255 Equity,2026-06-11,7.8500000000000005,6.550000000000001,6.1196490223855635,6.550000000000001,6.1196490223855635,4.568262036667901,5.297485163785303,5.787196,4.856291745425911,2026-06
2026-06-05,ITA US 12/18/26 C230 Equity,2026-06-12,21.05,18.35,17.548421427580305,18.35,17.548421427580305,16.60348228219386,16.5269994620069,17.803274,17.361164394389924,2026-06
2026-06-05,ITA US 10/16/26 C250 Equity,2026-06-12,9.25,7.4,6.950354056102548,7.4,6.950354056102548,7.512183627004714,7.092347690942069,6.0845537,6.647685485856879,2026-06
2026-06-05,ITA US 01/15/27 C245 Equity,2026-06-12,15.3,13.3,12.64611979510453,13.3,12.64611979510453,13.046923960470759,12.608457380449968,13.706736,12.456714049381214,2026-06
2026-06-05,ITA US 12/18/26 C240 Equity,2026-06-12,16.3,13.899999999999999,13.183314934530966,13.899999999999999,13.183314934530966,12.899039583506848,12.676363954439328,13.16949,13.00164933824076,2026-06
2026-06-05,ITA US 10/16/26 C240 Equity,2026-06-12,12.75,11.15,9.600804558197403,11.15,9.600804558197403,9.97489107882615,9.611725914295473,8.6771555,10.251765531776034,2026-06
2026-06-05,ITA US 10/16/26 C255 Equity,2026-06-12,7.699999999999999,6.2,5.7736966849476,6.2,5.7736966849476,6.539586110694842,6.039606149569522,4.1955147,5.511624670313844,2026-06
2026-06-05,ITA US 10/16/26 C245 Equity,2026-06-12,10.75,9.0,8.53799354073044,9.0,8.53799354073044,8.41246321532647,8.233234829599303,8.415295,8.179067954684268,2026-06
2026-06-05,ITA US 01/15/27 C235 Equity,2026-06-12,19.8,17.5,16.597156907624502,17.5,16.597156907624502,16.435394692267884,16.1632687069853,16.485838,16.569310843258993,2026-06
2026-06-05,ITA US 12/18/26 C235 Equity,2026-06-12,18.45,16.15,15.446078296326673,16.15,15.446078296326673,15.01205342380763,14.765542998970318,15.50586,15.225249825702228,2026-06
2026-06-05,ITA US 01/15/27 C230 Equity,2026-06-12,22.15,19.7,18.893761459317385,19.7,18.893761459317385,18.17524137388095,18.018388243479958,18.242994,18.7188212613461,2026-06
2026-06-05,ITA US 10/16/26 C230 Equity,2026-06-12,17.4,14.8,14.355353591346761,14.8,14.355353591346761,12.971138897278937,13.02329547268368,12.108081,13.822422248998482,2026-06
2026-06-05,ITA US 07/17/26 C250 Equity,2026-06-12,2.425,1.925,1.6330972797508863,1.925,1.6330972797508863,3.102593676114065,2.253617682375843,2.6201875,1.2638138007336843,2026-06
2026-06-05,ITA US 12/18/26 C245 Equity,2026-06-12,14.3,12.100000000000001,11.414713336738005,12.100000000000001,11.414713336738005,11.525287326507275,11.168282028160704,12.905006,11.253562737531526,2026-06
2026-06-05,ITA US 07/17/26 C230 Equity,2026-06-12,9.65,7.6,7.344190158927231,7.6,7.344190158927231,7.6113288138305375,7.5493490927686056,6.585554,6.683828743949723,2026-06
2026-06-05,ITA US 01/15/27 C250 Equity,2026-06-12,13.350000000000001,11.5,10.861201164199915,11.5,10.861201164199915,11.514376230739284,11.05232329079194,11.294279,10.7093309370793,2026-06
2026-06-05,ITA US 01/15/27 C240 Equity,2026-06-12,17.5,15.5,14.770502305955281,15.5,14.770502305955281,14.724485116574728,14.38951965937346,14.437775,14.6154345946505,2026-06
2026-06-05,ITA US 10/16/26 C235 Equity,2026-06-12,14.850000000000001,12.5,11.727280267732558,12.5,11.727280267732558,11.242718465345611,11.011222233025585,10.355194,11.584254990615008,2026-06
2026-06-05,ITA US 12/18/26 C250 Equity,2026-06-12,12.35,10.9,10.187521851483849,10.9,10.187521851483849,10.466236422818781,10.10867557274188,10.752731,10.114784837896085,2026-06
2026-06-08,ITA US 12/18/26 C240 Equity,2026-06-15,18.049999999999997,13.15,12.098907036414843,13.15,12.098907036414843,12.009170961688977,12.057835296261597,15.288402,11.923754944817787,2026-06
2026-06-08,ITA US 10/16/26 C245 Equity,2026-06-15,11.850000000000001,8.15,7.4204994309645445,8.15,7.4204994309645445,7.558522642649839,7.507390379971941,9.138626,7.019806638114389,2026-06
2026-06-08,ITA US 01/15/27 C235 Equity,2026-06-15,22.1,16.4,15.39134723291428,16.4,15.39134723291428,14.721279469690842,14.928461699779223,16.932339,15.112520035379092,2026-06
2026-06-08,ITA US 10/16/26 C230 Equity,2026-06-15,19.4,13.8,13.201637900458929,13.8,13.201637900458929,12.335873377915107,12.476268365221378,14.260558,12.491237020803302,2026-06
2026-06-08,ITA US 10/16/26 C235 Equity,2026-06-15,16.549999999999997,11.85,11.04587598066084,11.85,11.04587598066084,10.612191825128226,10.616236466278114,11.9767,10.574561876093853,2026-06
2026-06-08,ITA US 12/18/26 C245 Equity,2026-06-15,15.25,11.25,10.44911644793651,11.25,10.44911644793651,10.5924827487718,10.564460750394655,13.475654,10.084262082968868,2026-06
2026-06-08,ITA US 01/15/27 C240 Equity,2026-06-15,19.65,14.4,13.271093233972866,14.4,13.271093233972866,13.325939446522295,13.34769469202944,15.949253,13.179034024227102,2026-06
2026-06-08,ITA US 12/18/26 C250 Equity,2026-06-15,12.75,9.0,8.197707599585742,9.0,8.197707599585742,8.080235250046469,8.131794439555659,11.373222,7.876734597842273,2026-06
2026-06-08,ITA US 01/15/27 C245 Equity,2026-06-15,17.15,12.55,11.684387872138736,12.55,11.684387872138736,11.765029712654638,11.747691088463622,14.577545,11.374168484887933,2026-06
2026-06-08,ITA US 01/15/27 C230 Equity,2026-06-15,24.5,18.5,17.266608031586873,18.5,17.266608031586873,16.171407253119956,16.47323805045561,19.722351,17.145025148891783,2026-06
2026-06-08,ITA US 10/16/26 C250 Equity,2026-06-15,10.0,7.199999999999999,6.542709774956595,7.199999999999999,6.542709774956595,6.842563996267154,6.740326064970182,7.435036,6.135716541181834,2026-06
2026-06-08,ITA US 10/16/26 C255 Equity,2026-06-15,7.8,5.75,5.132136250491369,5.75,5.132136250491369,5.440481030808292,5.278744707912767,5.465825,4.732712648350909,2026-06
2026-06-08,ITA US 12/18/26 C235 Equity,2026-06-15,20.700000000000003,15.25,14.279464231921704,15.25,14.279464231921704,13.852594411273682,13.877677269999737,16.856564,13.982248473540825,2026-06
2026-06-08,ITA US 01/15/27 C250 Equity,2026-06-15,15.0,11.15,10.057278829899191,11.15,10.057278829899191,10.317426563842558,10.122013109087682,12.068508,10.014561563160822,2026-06
2026-06-08,ITA US 12/18/26 C230 Equity,2026-06-15,23.1,17.45,16.314817138678155,17.45,16.314817138678155,15.193707224270069,15.487211205945176,18.994612,16.109439676668384,2026-06
2026-06-08,ITA US 07/17/26 C250 Equity,2026-06-15,2.925,1.5499999999999998,1.1285998388283007,1.5499999999999998,1.1285998388283007,2.2246014593522627,1.6820072131818957,3.1059828,0.5288784040922521,2026-06
2026-06-08,ITA US 07/17/26 C230 Equity,2026-06-15,12.15,6.55,5.72824912271776,6.55,5.72824912271776,6.390518125038742,6.415223164054307,8.589195,5.252418503997484,2026-06
2026-06-08,ITA US 10/16/26 C240 Equity,2026-06-15,14.350000000000001,9.649999999999999,8.915511505932704,9.649999999999999,8.915511505932704,8.131150647966795,8.596575054602742,10.579339,8.416901937476398,2026-06
2026-06-09,ITA US 12/18/26 C240 Equity,2026-06-16,18.75,13.85,13.64175403068207,13.85,13.64175403068207,11.843400494745534,12.0027943659154,12.352389,11.984610153890069,2026-06
2026-06-09,ITA US 10/16/26 C255 Equity,2026-06-16,9.0,6.1,6.084553864194717,6.1,6.084553864194717,5.57049861426258,5.530472849015309,3.7067482,4.456518062886167,2026-06
2026-06-09,ITA US 10/16/26 C240 Equity,2026-06-16,14.95,10.600000000000001,10.326494852859597,10.600000000000001,10.326494852859597,8.896246882396415,8.972555568506575,8.776541,8.755117314068631,2026-06
2026-06-09,ITA US 07/17/26 C250 Equity,2026-06-16,3.4499999999999997,1.9,1.5851327002266644,1.9,1.5851327002266644,2.073841257968045,1.8740637324298604,2.2806716,0.24994995648398088,2026-06
2026-06-09,ITA US 12/18/26 C245 Equity,2026-06-16,16.25,12.0,11.59874046287963,12.0,11.59874046287963,10.403452531893134,10.41719802209578,11.399251,10.19206658117123,2026-06
2026-06-09,ITA US 07/17/26 C230 Equity,2026-06-16,13.600000000000001,8.1,7.790338733999726,8.1,7.790338733999726,7.219622785896961,7.146785140238881,8.3728075,6.147597404199496,2026-06
2026-06-09,ITA US 01/15/27 C235 Equity,2026-06-16,22.7,17.4,17.169185524716898,17.4,17.169185524716898,15.054003694764209,15.162588141774581,14.964106,15.475139810294959,2026-06
2026-06-09,ITA US 10/16/26 C250 Equity,2026-06-16,10.350000000000001,7.35,7.425465095801919,7.35,7.425465095801919,6.9484985892607,6.85167699865328,4.8166785,5.671434703539642,2026-06
2026-06-09,ITA US 12/18/26 C250 Equity,2026-06-16,14.100000000000001,10.9,9.755976293896792,10.9,9.755976293896792,8.789562283413382,8.526322540177638,10.576059,9.086692868258403,2026-06
2026-06-09,ITA US 01/15/27 C230 Equity,2026-06-16,25.9,19.9,19.602061533702564,19.9,19.602061533702564,17.282428361618663,17.074751435470862,17.399338,17.875493357376328,2026-06
2026-06-09,ITA US 10/16/26 C230 Equity,2026-06-16,20.6,14.9,14.901775394117454,14.9,14.901775394117454,13.064253536148225,12.846668981839088,12.238247,12.938025604905445,2026-06
2026-06-09,ITA US 12/18/26 C235 Equity,2026-06-16,21.4,16.05,15.737561241178692,16.05,15.737561241178692,13.732411196011103,13.830295565473875,13.780977,14.139001420661973,2026-06
2026-06-09,ITA US 01/15/27 C250 Equity,2026-06-16,15.65,11.55,11.08362017546065,11.55,11.08362017546065,10.42300617252424,10.353049501534182,10.484853,9.78259176986011,2026-06
2026-06-09,ITA US 01/15/27 C240 Equity,2026-06-16,20.1,15.2,14.783861516447098,15.2,14.783861516447098,13.125335237629953,13.189418589118647,12.900629,13.318492415704009,2026-06
2026-06-09,ITA US 10/16/26 C235 Equity,2026-06-16,17.4,12.7,12.282087140252294,12.7,12.282087140252294,10.530153540676203,10.657096867064608,8.666018,10.813606481786822,2026-06
2026-06-09,ITA US 10/16/26 C245 Equity,2026-06-16,12.65,8.65,8.776617448904148,8.65,8.776617448904148,7.579853113842152,7.619791156426589,6.4129305,6.874907119079145,2026-06
2026-06-09,ITA US 12/18/26 C230 Equity,2026-06-16,24.35,18.85,18.28584702897021,18.85,18.28584702897021,16.342547552304815,16.18926949425287,16.116146,16.85597366514478,2026-06
2026-06-09,ITA US 01/15/27 C245 Equity,2026-06-16,17.7,13.7,12.886064716880794,13.7,12.886064716880794,12.187001758364268,12.150571011394602,11.849137,11.889164730226446,2026-06
2026-06-10,ITA US 12/18/26 C235 Equity,2026-06-17,23.4,14.600000000000001,13.555400996943735,14.600000000000001,13.555400996943735,12.220243755409236,12.45715890159516,12.653473,12.7772156185415,2026-06
2026-06-10,ITA US 10/16/26 C245 Equity,2026-06-17,14.5,7.7,7.202492323726973,7.7,7.202492323726973,6.878658026222531,6.8259944987409025,6.691002,6.039489858199827,2026-06
2026-06-10,ITA US 01/15/27 C250 Equity,2026-06-17,16.95,10.9,9.851290809760748,10.9,9.851290809760748,9.198672896340582,9.100912277622584,9.739872,9.216164643153533,2026-06
2026-06-10,ITA US 12/18/26 C230 Equity,2026-06-17,26.4,16.55,15.43570217648655,16.55,15.43570217648655,13.617235348147123,14.258825869800194,14.342746,14.679365290007276,2026-06
2026-06-10,ITA US 01/15/27 C230 Equity,2026-06-17,27.85,17.85,16.549612959791332,17.85,16.549612959791332,14.999933500122783,15.365702770653979,14.885738,15.961350658500237,2026-06
2026-06-10,ITA US 12/18/26 C245 Equity,2026-06-17,18.25,11.0,10.088875889303822,11.0,10.088875889303822,9.366727509716547,9.464721431859013,10.156872,9.281342143212495,2026-06
2026-06-10,ITA US 07/17/26 C250 Equity,2026-06-17,4.7,1.225,0.8167560570837301,1.225,0.8167560570837301,1.2517237034303577,0.7457096780826191,2.2665968,-0.3337458406686664,2026-06
2026-06-10,ITA US 10/16/26 C235 Equity,2026-06-17,20.0,11.2,10.749590409555324,11.2,10.749590409555324,9.611704387422309,9.816945542641882,8.534819,9.412778595665756,2026-06
2026-06-10,ITA US 12/18/26 C250 Equity,2026-06-17,16.0,9.65,8.6820271093714,9.65,8.6820271093714,8.059991621504192,8.181690974864335,9.424094,7.972172521694767,2026-06
2026-06-10,ITA US 10/16/26 C250 Equity,2026-06-17,12.25,6.65,6.0412699681689315,6.65,6.0412699681689315,5.541259750377698,5.445559435035796,5.8674674,5.053066955257708,2026-06
2026-06-10,ITA US 10/16/26 C255 Equity,2026-06-17,10.15,5.35,4.821532216344796,5.35,4.821532216344796,4.387833644807804,4.26423280648816,4.022636,3.7971831536739606,2026-06
2026-06-10,ITA US 10/16/26 C240 Equity,2026-06-17,16.799999999999997,9.4,8.693480056973092,9.4,8.693480056973092,7.756568299298767,7.851772204569728,8.384624,7.663624930761195,2026-06
2026-06-10,ITA US 01/15/27 C245 Equity,2026-06-17,19.55,12.2,11.089835722909035,12.2,11.089835722909035,10.15659770346332,10.474318110463104,10.667604,10.46636778199503,2026-06
2026-06-10,ITA US 01/15/27 C235 Equity,2026-06-17,24.75,15.8,14.621409391810264,15.8,14.621409391810264,13.390671678477666,13.615770258752484,13.710301,13.966942639990906,2026-06
2026-06-10,ITA US 01/15/27 C240 Equity,2026-06-17,22.2,13.899999999999999,12.834649849917176,13.899999999999999,12.834649849917176,11.919824691502384,12.0319505024006,12.245255,12.112819170482483,2026-06
2026-06-10,ITA US 10/16/26 C230 Equity,2026-06-17,22.9,13.45,12.620584364793926,13.45,12.620584364793926,10.994044515763791,11.471525249762552,10.126532,11.622602209613168,2026-06
2026-06-10,ITA US 07/17/26 C230 Equity,2026-06-17,15.65,6.6,5.689004042532485,6.6,5.689004042532485,7.377608977556714,7.260220371437302,6.8148613,4.87803965765648,2026-06
2026-06-10,ITA US 12/18/26 C240 Equity,2026-06-17,20.7,12.55,11.678302140246386,12.55,11.678302140246386,10.80601185763122,11.000524845411707,11.551983,10.786704989720313,2026-06
2026-06-11,ITA US 01/15/27 C250 Equity,2026-06-18,15.85,14.05,13.926637852779573,14.05,13.926637852779573,12.792976890268028,12.501460919961582,12.85171,11.787180429365899,2026-06
2026-06-11,ITA US 01/15/27 C235 Equity,2026-06-18,22.55,20.549999999999997,20.83636645341433,20.549999999999997,20.83636645341433,18.13631476279892,17.532752715923422,18.62774,18.05378911937492,2026-06
2026-06-11,ITA US 10/16/26 C245 Equity,2026-06-18,12.65,11.05,11.167525819403352,11.05,11.167525819403352,9.715864095166523,9.651039118821487,8.486155,8.783991585858228,2026-06
2026-06-11,ITA US 01/15/27 C245 Equity,2026-06-18,17.85,15.85,16.00976426193148,15.85,16.00976426193148,13.765023092259815,13.69434384062157,14.338345,13.52063779857048,2026-06
2026-06-11,ITA US 12/18/26 C245 Equity,2026-06-18,16.55,14.600000000000001,14.618751093307418,14.600000000000001,14.618751093307418,12.814470954112021,12.68328031529614,12.778392,12.292475757420476,2026-06
2026-06-11,ITA US 10/16/26 C255 Equity,2026-06-18,9.0,7.8500000000000005,7.727568648681592,7.8500000000000005,7.727568648681592,7.025227992595161,7.0479004080105,6.9234533,5.690596823149191,2026-06
2026-06-11,ITA US 10/16/26 C250 Equity,2026-06-18,10.65,9.100000000000001,9.175730051505552,9.100000000000001,9.175730051505552,8.154950572769721,8.125064312401083,7.9555154,6.8914825454619235,2026-06
2026-06-11,ITA US 12/18/26 C250 Equity,2026-06-18,14.25,12.7,12.650092025314283,12.7,12.650092025314283,11.23257406042487,11.191192040651819,11.321812,10.44970064779329,2026-06
2026-06-11,ITA US 12/18/26 C240 Equity,2026-06-18,18.4,16.85,16.92948691565915,16.85,16.92948691565915,14.428384607527313,14.328947420441274,14.247258,14.48664369377657,2026-06
2026-06-11,ITA US 10/16/26 C230 Equity,2026-06-18,19.95,18.4,18.6045881564837,18.4,18.6045881564837,16.283627884975232,15.702660569305369,14.587929,15.663714684122564,2026-06
2026-06-11,ITA US 01/15/27 C240 Equity,2026-06-18,20.15,18.200000000000003,18.426328111703086,18.200000000000003,18.426328111703086,16.0685069275596,15.778613274594647,16.130276,15.822442939408468,2026-06
2026-06-11,ITA US 10/16/26 C240 Equity,2026-06-18,14.6,13.05,13.236698477424449,13.05,13.236698477424449,11.499019901006534,11.272491483916042,10.733207,10.724843337417052,2026-06
2026-06-11,ITA US 10/16/26 C235 Equity,2026-06-18,17.450000000000003,15.5,15.899203911491915,15.5,15.899203911491915,14.055064972607163,13.326214956159458,13.1936245,13.089988305211103,2026-06
2026-06-11,ITA US 12/18/26 C235 Equity,2026-06-18,21.1,19.4,19.533803699861636,19.4,19.533803699861636,17.137401273995337,16.456171673505146,17.73695,16.928509017162305,2026-06
2026-06-11,ITA US 12/18/26 C230 Equity,2026-06-18,23.8,21.9,22.193159456037684,21.9,22.193159456037684,19.05385162189934,18.51915023151428,18.652388,19.100498891741918,2026-06
2026-06-11,ITA US 01/15/27 C230 Equity,2026-06-18,25.2,23.35,23.750372129188325,23.35,23.750372129188325,20.42874152428177,19.808039184786015,19.723608,20.534478343905207,2026-06
2026-06-12,ITA US 01/15/27 C245 Equity,2026-06-22,15.75,15.3,14.67818081155213,15.3,14.67818081155213,14.760577743632588,13.874005536067092,13.231004,13.755774310275768,2026-06
2026-06-12,ITA US 12/18/26 C230 Equity,2026-06-22,21.4,21.05,20.34854501626336,21.05,20.34854501626336,19.411383177143556,18.478000649951937,20.521744,19.17266201033346,2026-06
2026-06-12,ITA US 10/16/26 C245 Equity,2026-06-22,10.8,10.75,10.29424208265998,10.75,10.29424208265998,10.590590259401216,9.705751219118394,9.857896,9.253114874430155,2026-06
2026-06-12,ITA US 01/15/27 C250 Equity,2026-06-22,14.1,13.350000000000001,12.662890392726444,13.350000000000001,12.662890392726444,13.077531187274124,12.184472612482695,11.991962,11.850016527182202,2026-06
2026-06-12,ITA US 12/18/26 C240 Equity,2026-06-22,16.75,16.3,15.5961549820754,16.3,15.5961549820754,15.31577936632004,14.545614613928874,15.4563,14.723820221974297,2026-06
2026-06-12,ITA US 01/15/27 C240 Equity,2026-06-22,18.05,17.5,16.738177541925833,17.5,16.738177541925833,16.267231285219232,15.501377788583115,16.142048,15.912748717250707,2026-06
2026-06-12,ITA US 10/16/26 C230 Equity,2026-06-22,18.05,17.4,16.982629897250675,17.4,16.982629897250675,16.308992877213846,15.427440350414646,17.559465,15.551198797254235,2026-06
2026-06-12,ITA US 10/16/26 C235 Equity,2026-06-22,14.95,14.850000000000001,14.414545512191465,14.850000000000001,14.414545512191465,14.018937493067913,13.260265691197908,11.332741,13.25622220235203,2026-06
2026-06-12,ITA US 10/16/26 C250 Equity,2026-06-22,9.1,9.25,8.694039180466342,9.25,8.694039180466342,9.469974081292953,8.45724868785445,9.764354,7.79984955491867,2026-06
2026-06-12,ITA US 12/18/26 C250 Equity,2026-06-22,12.45,12.35,11.559922290700214,12.35,11.559922290700214,11.858097502157094,10.96850009917789,12.186282,10.863026492661128,2026-06
2026-06-12,ITA US 12/18/26 C235 Equity,2026-06-22,18.95,18.45,17.872919221712536,18.45,17.872919221712536,17.117128882897084,16.440375413779268,17.752865,16.83013262601888,2026-06
2026-06-12,ITA US 10/16/26 C255 Equity,2026-06-22,7.45,7.699999999999999,7.159857994622131,7.699999999999999,7.159857994622131,8.048112436598387,7.048112031083371,7.4752045,6.309293419620108,2026-06
2026-06-12,ITA US 10/16/26 C240 Equity,2026-06-22,12.75,12.75,12.298829369252395,12.75,12.298829369252395,12.315817234121507,11.44891250767692,9.24431,11.197230600187439,2026-06
2026-06-15,ITA US 10/16/26 C250 Equity,2026-06-23,8.5,10.0,9.149991574608205,10.0,9.149991574608205,7.445079103446331,7.284216259530653,9.78564,7.451008413634426,2026-06
2026-06-15,ITA US 12/18/26 C230 Equity,2026-06-23,21.6,23.1,21.696540350681015,23.1,21.696540350681015,18.28992340762216,18.091672008519208,17.911674,19.886313431282254,2026-06
2026-06-15,ITA US 10/16/26 C255 Equity,2026-06-23,7.05,7.8,6.907782090278549,7.8,6.907782090278549,5.313647764283277,5.1725161868650025,6.943524,5.2772581234283,2026-06
2026-06-15,ITA US 12/18/26 C240 Equity,2026-06-23,16.2,18.049999999999997,16.791034662241074,18.049999999999997,16.791034662241074,14.161717227663742,14.190801125793943,14.529858,15.354933864825929,2026-06
2026-06-15,ITA US 10/16/26 C230 Equity,2026-06-23,17.5,19.4,18.469674493755175,19.4,18.469674493755175,15.686744196109148,15.334460590632911,14.097475,16.231841051623938,2026-06
2026-06-15,ITA US 01/15/27 C240 Equity,2026-06-23,18.25,19.65,18.46413161065541,19.65,18.46413161065541,15.856253961746633,15.674121825998288,15.086329,16.93725651603489,2026-06
2026-06-15,ITA US 12/18/26 C235 Equity,2026-06-23,18.950000000000003,20.700000000000003,19.282291772546774,20.700000000000003,19.282291772546774,16.520534868158176,16.01022522566144,16.43107,17.812358679093762,2026-06
2026-06-15,ITA US 01/15/27 C245 Equity,2026-06-23,16.05,17.15,15.905591412271994,17.15,15.905591412271994,13.487109549580468,13.315680844654006,13.781539,14.480073652575188,2026-06
2026-06-15,ITA US 12/18/26 C250 Equity,2026-06-23,11.75,12.75,12.157152856385947,12.75,12.157152856385947,9.710872266683442,9.761359433276509,11.181486,10.132396910069431,2026-06
2026-06-15,ITA US 01/15/27 C250 Equity,2026-06-23,14.15,15.0,13.782876277788876,15.0,13.782876277788876,11.93099309488479,11.822466618115833,12.702262,12.379883823296282,2026-06
2026-06-15,ITA US 10/16/26 C245 Equity,2026-06-23,10.25,11.850000000000001,10.78300005079104,11.850000000000001,10.78300005079104,8.889743746991636,8.743126414796658,9.567424,9.23312348883728,2026-06
2026-06-15,ITA US 10/16/26 C240 Equity,2026-06-23,12.45,14.350000000000001,13.451033589079223,14.350000000000001,13.451033589079223,11.004827088402582,10.843050210601145,10.405983,11.695663714812756,2026-06
2026-06-15,ITA US 10/16/26 C235 Equity,2026-06-23,14.9,16.549999999999997,15.419608420406798,16.549999999999997,15.419608420406798,12.98822697974818,12.593525289968959,13.012654,13.688301434284782,2026-06
2026-06-16,ITA US 10/16/26 C255 Equity,2026-06-24,7.550000000000001,9.0,8.348865419113052,9.0,8.348865419113052,4.85688655324177,4.708984817376884,7.0754704,5.242446339329556,2026-06
2026-06-16,ITA US 01/15/27 C250 Equity,2026-06-24,14.0,15.65,14.834225611283088,15.65,14.834225611283088,10.986072033441364,11.099373409194241,11.882657,11.856321253009629,2026-06
2026-06-16,ITA US 12/18/26 C240 Equity,2026-06-24,16.85,18.75,17.940885988496063,18.75,17.940885988496063,12.75067975934379,13.096370511820854,12.551268,14.856857177100746,2026-06
2026-06-16,ITA US 01/15/27 C230 Equity,2026-06-24,23.45,25.9,25.15057052393469,25.9,25.15057052393469,19.337763654816463,19.21102019515962,18.720625,21.387446030407038,2026-06
2026-06-16,ITA US 12/18/26 C250 Equity,2026-06-24,12.6,14.100000000000001,13.401227894630651,14.100000000000001,13.401227894630651,9.654573734940698,9.562430960091689,9.176195,10.291618031940393,2026-06
2026-06-16,ITA US 10/16/26 C235 Equity,2026-06-24,15.1,17.4,16.63723734696819,17.4,16.63723734696819,11.522483155374427,11.645234561266422,12.156679,13.206547581880582,2026-06
2026-06-16,ITA US 10/16/26 C250 Equity,2026-06-24,9.2,10.350000000000001,9.79998102810307,10.350000000000001,9.79998102810307,6.06607475219154,6.1317203607767565,8.648462,6.5783449203185125,2026-06
2026-06-16,ITA US 01/15/27 C245 Equity,2026-06-24,16.0,17.7,16.91026189928667,17.7,16.91026189928667,12.593328767430643,12.661156359515426,12.021467,13.851046929524813,2026-06
2026-06-16,ITA US 10/16/26 C240 Equity,2026-06-24,13.15,14.95,14.367764591662223,14.95,14.367764591662223,10.134572513553408,10.23651857262792,9.320736,11.097248677494667,2026-06
2026-06-16,ITA US 10/16/26 C245 Equity,2026-06-24,10.45,12.65,12.046951405002,12.65,12.046951405002,7.853145995812216,7.940813350067173,7.3203964,8.812729677423397,2026-06
2026-06-16,ITA US 12/18/26 C230 Equity,2026-06-24,21.85,24.35,23.603653498926388,24.35,23.603653498926388,17.724272291111603,17.875282865282912,16.847858,19.83768979513967,2026-06
2026-06-16,ITA US 10/16/26 C230 Equity,2026-06-24,18.200000000000003,20.6,20.068296722578793,20.6,20.068296722578793,14.17568310416162,14.49157358061198,13.747961,16.12809123377641,2026-06
2026-06-16,ITA US 01/15/27 C235 Equity,2026-06-24,20.65,22.7,21.792571362062994,22.7,21.792571362062994,16.810983842328504,16.787809627014546,16.771807,18.50739838323942,2026-06
2026-06-16,ITA US 12/18/26 C235 Equity,2026-06-24,19.15,21.4,20.32644056255392,21.4,20.32644056255392,15.477663180828335,15.408448395777528,15.10369,17.20962114480661,2026-06
2026-06-16,ITA US 12/18/26 C245 Equity,2026-06-24,14.75,16.25,15.43538120666642,16.25,15.43538120666642,11.414405830504231,11.32076283205731,11.0517645,12.41226911666556,2026-06
2026-06-16,ITA US 01/15/27 C240 Equity,2026-06-24,18.15,20.1,19.30560117878653,20.1,19.30560117878653,14.260470669294502,14.581513100904228,14.380111,16.21574329541999,2026-06
2026-06-17,ITA US 10/16/26 C235 Equity,2026-06-25,17.5,20.0,19.232364130140503,20.0,19.232364130140503,12.567661345204511,13.07889975698896,16.027159,14.863230127460522,2026-06
2026-06-17,ITA US 10/16/26 C240 Equity,2026-06-25,14.75,16.799999999999997,16.145403507107112,16.799999999999997,16.145403507107112,9.852916393834128,10.28612078850512,15.016052,11.98865447463465,2026-06
2026-06-17,ITA US 10/16/26 C245 Equity,2026-06-25,12.55,14.5,13.779678862069494,14.5,13.779678862069494,8.034587642082528,8.718603246384674,10.664394,9.898111925107774,2026-06
2026-06-17,ITA US 10/16/26 C255 Equity,2026-06-25,8.55,10.15,9.486693253174534,10.15,9.486693253174534,4.8088543553294905,5.36396645374855,7.921115,5.654330987948597,2026-06
2026-06-17,ITA US 01/15/27 C230 Equity,2026-06-25,25.85,27.85,26.688885190209287,27.85,26.688885190209287,19.626055554528968,20.107942202400807,21.295042,22.392137182280425,2026-06
2026-06-17,ITA US 12/18/26 C230 Equity,2026-06-25,24.55,26.4,25.27614175607933,26.4,25.27614175607933,17.78286948982798,18.459465649004233,19.974218,20.93784177375251,2026-06
2026-06-17,ITA US 01/15/27 C240 Equity,2026-06-25,20.0,22.2,21.137534107407195,22.2,21.137534107407195,14.77370653270913,15.141530130941941,18.706434,17.353702945360425,2026-06
2026-06-17,ITA US 12/18/26 C240 Equity,2026-06-25,18.65,20.7,19.695001518053147,20.7,19.695001518053147,13.398723552072672,13.752464413426296,16.171238,15.861694733800523,2026-06
2026-06-17,ITA US 01/15/27 C235 Equity,2026-06-25,22.5,24.75,23.8114957154664,24.75,23.8114957154664,16.73461025133924,17.36570195476292,20.170935,19.5827165991823,2026-06
2026-06-17,ITA US 12/18/26 C245 Equity,2026-06-25,16.25,18.25,17.164513822277947,18.25,17.164513822277947,10.8144567040805,11.542593973604834,13.910274,13.604800203483258,2026-06
2026-06-17,ITA US 10/16/26 C250 Equity,2026-06-25,10.2,12.25,11.551499466335292,12.25,11.551499466335292,6.237110184879639,6.898493933131539,9.569449,7.686126262122724,2026-06
2026-06-17,ITA US 12/18/26 C235 Equity,2026-06-25,21.6,23.4,22.574929148700164,23.4,22.574929148700164,15.273952871332993,15.89798403587185,19.037992,18.237657127503503,2026-06
2026-06-17,ITA US 01/15/27 C245 Equity,2026-06-25,17.4,19.55,18.463416160880104,19.55,18.463416160880104,12.44862424200442,13.145582463368934,16.800987,14.901726181680928,2026-06
2026-06-17,ITA US 01/15/27 C250 Equity,2026-06-25,15.25,16.95,15.799010844228672,16.95,15.799010844228672,9.975253494776357,10.668062853509056,15.356118,12.340886081789183,2026-06
2026-06-17,ITA US 10/16/26 C230 Equity,2026-06-25,20.7,22.9,22.17326049526316,22.9,22.17326049526316,15.073977644029481,15.644529819126912,16.802866,17.474901506627006,2026-06
2026-06-17,ITA US 12/18/26 C250 Equity,2026-06-25,13.95,16.0,14.929537434468594,16.0,14.929537434468594,9.246174811113242,10.037282668118547,13.33149,11.41569179185865,2026-06
