date,contract,target_date,target_t1,naive_forecast,crr_forecast,pred_naive_random_walk,pred_crr_binomial_roll-down,pred_ols,pred_ridge,pred_randomforest,pred_xgboost,pred_lightgbm,pred_catboost,pred_mlp,pred_elasticnet_delta
2026-05-07,ITA US 10/16/26 C240 Equity,2026-05-14,8.85,9.1,8.6077786781927,9.1,8.6077786781927,10.407269944740335,9.435969156647678,12.220249673643238,11.368513,10.867395529743575,9.759231156363075,5.883451820219542,9.859334085110223
2026-05-07,ITA US 12/18/26 C245 Equity,2026-05-14,10.35,10.3,9.443326732105538,10.3,9.443326732105538,11.92733016507512,10.734690772047305,12.295892884339283,9.930689,10.193241400325626,9.935376914206962,7.780277872560416,10.948412165514398
2026-05-07,ITA US 10/16/26 C235 Equity,2026-05-14,10.600000000000001,11.0,10.466482480968457,11.0,10.466482480968457,12.07097798699614,10.875611790163632,12.339412611187102,13.196978,11.951963760670473,10.553503966007469,7.559728974043368,11.558936843145771
2026-05-07,ITA US 01/15/27 C230 Equity,2026-05-14,17.6,16.9,15.919735841824412,16.9,15.919735841824412,17.818438926150435,16.46544538561193,16.648553903067448,18.440025,17.714415863791935,17.342004539309738,15.496102715254334,17.50221859936964
2026-05-07,ITA US 07/17/26 C230 Equity,2026-05-14,6.949999999999999,7.25,6.772733954347176,7.25,6.772733954347176,8.990914526181694,7.24992091872762,9.76323361348797,7.178387,6.997131019766743,7.336445080346363,9.534992825332967,7.82137523861443
2026-05-07,ITA US 10/16/26 C250 Equity,2026-05-14,6.65,6.35,5.87887409868966,6.35,5.87887409868966,7.42452086659327,6.450499557223903,5.825444203603644,6.217071,5.890594179764428,5.603495303292428,4.6899172601309465,6.864194807789029
2026-05-07,ITA US 01/15/27 C245 Equity,2026-05-14,11.3,11.25,10.33437473142885,11.25,10.33437473142885,12.826667655586562,11.5984066070688,12.44947502118932,11.806998,11.126095434766802,10.537492252365029,9.15948268125379,11.990942247780032
2026-05-07,ITA US 12/18/26 C230 Equity,2026-05-14,16.3,15.649999999999999,14.65745751833275,15.649999999999999,14.65745751833275,16.53192510258806,15.449089881449979,15.303306140373124,16.36679,16.513465081295188,15.32273352263272,13.408384585135918,16.193789801880957
2026-05-07,ITA US 10/16/26 C245 Equity,2026-05-14,7.35,7.55,7.049054485276237,7.55,7.049054485276237,8.544451270166348,7.654323836086076,9.76323361348797,7.30902,8.090166269174818,6.860876618907217,5.2176400881062985,8.229255526269608
2026-05-07,ITA US 01/15/27 C235 Equity,2026-05-14,15.399999999999999,14.8,13.836680954985011,14.8,13.836680954985011,15.751695094495588,14.509290350628135,13.971067202174297,15.7810955,14.683970666680171,14.347674577953644,13.79338699710734,15.420623564656196
2026-05-07,ITA US 12/18/26 C235 Equity,2026-05-14,14.0,13.6,12.634247865100308,13.6,12.634247865100308,14.567113961362352,13.486699876684636,13.087263780732036,13.442354,13.503790006667922,12.510395080457524,9.397046488363642,14.064382329051893
2026-05-07,ITA US 10/16/26 C230 Equity,2026-05-14,12.85,12.75,12.384772176856856,12.75,12.384772176856856,13.477893855542824,12.225546831987499,12.952976961008906,15.223732,13.92889881566395,12.622084384648327,9.860845895771437,13.208267305202126
2026-05-07,ITA US 01/15/27 C240 Equity,2026-05-14,13.3,12.85,12.065620296343155,12.85,12.065620296343155,14.433171921983686,13.161918659434868,13.040007322242252,13.642766,12.660313454397999,12.266657202064383,10.78105028035792,13.516804002844587
2026-05-07,ITA US 12/18/26 C250 Equity,2026-05-14,8.600000000000001,8.7,7.9113614335302715,8.7,7.9113614335302715,10.319730144831485,9.327544569957176,12.074938969239305,7.7763243,9.052238498147345,8.811030505215577,7.634949722492222,9.330560665223073
2026-05-07,ITA US 12/18/26 C240 Equity,2026-05-14,12.75,12.0,11.070441103146244,12.0,11.070441103146244,12.644209525329131,11.700421120128052,12.523679258018324,11.7985735,12.08839209645153,11.693188063295509,9.003317354622911,12.512587199068529
2026-05-07,ITA US 10/16/26 C255 Equity,2026-05-14,5.3,5.3,5.110445419282524,5.3,5.110445419282524,7.039420677000802,6.1484552644753085,5.1182624412848226,5.270716,4.798410019026906,4.277205435617116,3.4059947599907883,6.212064333236522
2026-05-07,ITA US 01/15/27 C250 Equity,2026-05-14,10.0,10.05,9.301772946233449,10.05,9.301772946233449,12.348239763767163,10.959773089320583,12.329347013010151,10.44721,9.260537086755967,9.905490038387548,7.089622117728547,10.810941693830724
2026-05-07,ITA US 07/17/26 C250 Equity,2026-05-14,2.1500000000000004,2.1,1.8183916104115372,2.1,1.8183916104115372,3.214302622429498,2.4066900496150385,2.617032171858837,1.6758608,1.5279036541452393,1.4960812541593604,4.651002530778163,2.5160686836808557
2026-05-08,ITA US 01/15/27 C230 Equity,2026-05-15,14.35,17.25,16.39177367285835,17.25,16.39177367285835,17.933104714049335,17.05226608977907,16.816694073319525,20.88189,20.119346679705032,18.49684618334315,16.428568029037347,17.82896349354194
2026-05-08,ITA US 07/17/26 C250 Equity,2026-05-15,0.875,2.4749999999999996,2.1947018265168103,2.4749999999999996,2.1947018265168103,4.174435977866034,3.773675537164662,2.6686523126393666,3.1837146,3.19249596747844,2.934351793559438,4.606068573121491,3.404012924575393
2026-05-08,ITA US 12/18/26 C250 Equity,2026-05-15,6.6,8.85,8.074337550864456,8.85,8.074337550864456,10.503642550608493,9.951359409231767,12.220872240021698,11.060139,10.54675553719651,10.002707979242778,7.78604761820089,9.629905459638817
2026-05-08,ITA US 07/17/26 C230 Equity,2026-05-15,3.95,7.0,6.578986436597179,7.0,6.578986436597179,8.347005920607529,6.943331325552032,9.745283169711604,9.907524,9.241237666997902,8.633027423773497,8.388310376490766,6.966765746203711
2026-05-08,ITA US 12/18/26 C235 Equity,2026-05-15,11.75,14.2,13.253359234690057,14.2,13.253359234690057,15.415300436372618,14.799643885486342,13.436076845668126,16.611956,16.170218945155405,13.46178809762101,10.960234896449933,14.91402952936681
2026-05-08,ITA US 10/16/26 C245 Equity,2026-05-15,4.65,7.6499999999999995,7.158213208230791,7.6499999999999995,7.158213208230791,9.21307353821389,8.564171876534314,9.76323361348797,8.495393,9.537849964743554,7.9273900960092165,6.0296094503080235,8.461066714987385
2026-05-08,ITA US 12/18/26 C230 Equity,2026-05-15,13.4,16.2,15.276014067908243,16.2,15.276014067908243,16.81336860155114,16.23022234007243,16.255470813011865,18.707159,18.42245730143498,16.677920128779046,14.82497326499801,16.933180297318003
2026-05-08,ITA US 01/15/27 C240 Equity,2026-05-15,10.85,13.4,12.538313660247198,13.4,12.538313660247198,14.496149608729343,13.69940278960148,13.158544752534803,15.431456,14.9088431331202,13.062659711249674,11.41296101974854,14.044127022679408
2026-05-08,ITA US 12/18/26 C240 Equity,2026-05-15,10.25,12.25,11.364204315769651,12.25,11.364204315769651,13.397990129279117,12.714665269549766,12.68390108435645,14.275011,13.62483079377691,12.091903386791913,10.872895755697492,13.04834382645547
2026-05-08,ITA US 10/16/26 C230 Equity,2026-05-15,9.149999999999999,12.8,12.23225049026308,12.8,12.23225049026308,13.72617925014022,12.838331847339044,12.952976961008906,17.621908,16.19924019386068,14.063374539560353,10.417066479314785,13.302703859056644
2026-05-08,ITA US 12/18/26 C245 Equity,2026-05-15,8.15,10.2,9.3325827688241,10.2,9.3325827688241,11.914597800074795,11.185221123102997,12.295892884339283,10.969392,11.173305632494733,10.12167301926958,6.875065953562346,10.827704085261567
2026-05-08,ITA US 01/15/27 C235 Equity,2026-05-15,12.5,15.0,14.19005139552139,15.0,14.19005139552139,15.956380252563076,15.166245422666254,14.560224586433522,17.541353,16.82965637425659,15.09064076915069,14.533109224784088,15.690193754198395
2026-05-08,ITA US 01/15/27 C245 Equity,2026-05-15,9.399999999999999,11.5,10.778884378075752,11.5,10.778884378075752,13.093529751829323,12.291465430733592,12.44947502118932,13.542102,12.100854478022438,11.032768185267646,9.750114364328226,12.28022335423217
2026-05-08,ITA US 10/16/26 C240 Equity,2026-05-15,6.45,9.2,8.735856307969565,9.2,8.735856307969565,9.81102182140702,9.062297402629067,12.220249673643238,12.956744,12.112439682366977,10.27767308713943,6.43493952455495,9.360898760204565
2026-05-08,ITA US 10/16/26 C235 Equity,2026-05-15,7.6,10.8,10.262521943062703,10.8,10.262521943062703,12.464258816563142,11.507109536586077,12.302244627511477,14.380542,12.396524736755426,10.793455843324189,7.187288204054724,11.325664608884214
2026-05-08,ITA US 01/15/27 C250 Equity,2026-05-15,8.2,10.05,9.251950237645952,10.05,9.251950237645952,12.339752738596053,11.399131495524372,12.329347013010151,11.733484,11.114313521805606,10.307025065215795,7.397940870129678,10.932747883442577
2026-05-08,ITA US 10/16/26 C250 Equity,2026-05-15,3.7,6.4,6.044018427410096,6.4,6.044018427410096,7.521359844784234,6.8727766220732525,7.409490513721902,8.936882,9.561593035967443,6.976544202288064,4.727581733947673,6.789207279429607
2026-05-08,ITA US 10/16/26 C255 Equity,2026-05-15,3.0,5.25,4.847896160647052,5.25,4.847896160647052,7.325225121101478,6.60843409907529,5.152404569706335,6.0456223,5.882922668298447,4.205241847576694,3.6670212887078963,6.1401695230853415
2026-05-11,ITA US 01/15/27 C240 Equity,2026-05-18,11.4,13.75,13.169764235124209,13.75,13.169764235124209,14.884969192543235,14.29585075573949,13.114905650987911,14.626098,13.416161537721937,12.852881168478138,10.89216628470749,13.872435162678737
2026-05-11,ITA US 10/16/26 C245 Equity,2026-05-18,6.0,8.05,7.7031017551525975,8.05,7.7031017551525975,8.792934119313434,8.462230468912889,11.48534103934566,8.196869,9.861072293780461,7.8779181742048925,6.067869168456229,8.213435745869884
2026-05-11,ITA US 01/15/27 C235 Equity,2026-05-18,13.15,16.0,15.419431377493831,16.0,15.419431377493831,15.644989134891397,15.148452619148182,16.052786247978656,16.889715,16.554935886127684,15.700207445577052,15.025743913099317,15.91777536842446
2026-05-11,ITA US 01/15/27 C250 Equity,2026-05-18,8.6,10.45,9.89171912240228,10.45,9.89171912240228,11.583386206690045,10.97447020828502,12.300288449889385,10.702452,10.180594663687803,10.088822664694924,7.694185207211842,10.562408038912956
2026-05-11,ITA US 10/16/26 C230 Equity,2026-05-18,10.2,13.75,13.527603695614502,13.75,13.527603695614502,13.989865355922294,13.449430796071828,13.05976638440108,16.767998,15.899318309770154,14.492235139212971,10.272072096415826,13.711706351695781
2026-05-11,ITA US 01/15/27 C230 Equity,2026-05-18,15.0,18.3,17.717832577921154,18.3,17.717832577921154,17.901720174458518,17.233028561254393,16.875736203077857,19.767578,19.3889843873088,18.367700610293753,17.363098366191466,18.198322095379908
2026-05-11,ITA US 12/18/26 C235 Equity,2026-05-18,12.05,14.8,14.283145565346597,14.8,14.283145565346597,15.436804528448345,15.03229785137423,13.878261538226193,16.343987,15.631601673166045,14.749972567499809,10.514186434834167,14.923366552172816
2026-05-11,ITA US 10/16/26 C235 Equity,2026-05-18,8.399999999999999,11.55,11.311869613450071,11.55,11.311869613450071,12.358780949783812,11.719082967922294,12.311917998099284,13.884449,12.050816833377976,11.060023506987338,7.613248497055195,11.621992172200521
2026-05-11,ITA US 12/18/26 C230 Equity,2026-05-18,14.05,17.1,16.6806009972062,17.1,16.6806009972062,16.844190434885522,16.36814691984476,16.625475454659558,19.368845,18.81398584503245,17.718838795248438,16.180519406417883,17.183382259911177
2026-05-11,ITA US 12/18/26 C250 Equity,2026-05-18,7.3,9.350000000000001,8.822161113924373,9.350000000000001,8.822161113924373,9.632061222570522,9.34738405636745,12.185472401217128,9.751286,9.871515487542961,9.496858080056862,7.2820711903222906,9.33903459589211
2026-05-11,ITA US 10/16/26 C250 Equity,2026-05-18,4.65,6.35,6.109883490585929,6.35,6.109883490585929,7.5146671583817435,7.0598649398327105,5.810969733132186,5.8654666,7.467975140267747,6.328597054266238,5.327536395468488,6.585781481933803
2026-05-11,ITA US 12/18/26 C240 Equity,2026-05-18,10.399999999999999,12.850000000000001,12.375117218442965,12.850000000000001,12.375117218442965,13.240138736721072,12.862042362719423,12.924776363416507,13.996318,12.771175896457024,12.174771816237612,10.625620653002247,13.000020599412212
2026-05-11,ITA US 07/17/26 C250 Equity,2026-05-18,1.625,2.375,2.0273566566419357,2.375,2.0273566566419357,2.5986397621588697,2.3025753346115287,2.661192789418168,2.3225908,3.320830808686481,2.8441818312692817,3.6462345258274285,2.005028543840837
2026-05-11,ITA US 07/17/26 C230 Equity,2026-05-18,4.85,7.5,6.982352536187664,7.5,6.982352536187664,8.011924931027691,6.982183503985233,9.74875914301651,8.243834,7.356558729329749,8.560471212650633,10.607489404913478,6.956155871339228
2026-05-11,ITA US 01/15/27 C245 Equity,2026-05-18,9.75,12.15,11.542435235292247,12.15,11.542435235292247,12.702086030376684,12.168247068884252,12.679340974489724,13.038863,12.268330662663022,11.876025164828208,9.998114242724643,12.190062302849036
2026-05-11,ITA US 10/16/26 C240 Equity,2026-05-18,6.75,9.55,9.30496606719968,9.55,9.30496606719968,10.472836690530475,9.726122355647098,12.16972301178655,12.470576,11.221642943832949,10.227195701852871,7.972076207711999,9.638333877901788
2026-05-11,ITA US 12/18/26 C245 Equity,2026-05-18,8.7,10.9,10.378131495339584,10.9,10.378131495339584,11.417790785791768,11.040802126924742,12.267467355085365,10.719135,11.048402325138772,10.393791148830289,6.584734591725183,10.909218942093824
2026-05-11,ITA US 10/16/26 C255 Equity,2026-05-18,3.5250000000000004,5.2,4.871219476199117,5.2,4.871219476199117,6.933363668984,6.604714035463895,5.152404569706335,4.9034863,4.827612727198036,3.935718697342738,3.9596481100016314,5.721431874507344
2026-05-12,ITA US 10/16/26 C235 Equity,2026-05-19,7.800000000000001,10.9,10.50612774104097,10.9,10.50612774104097,11.169831457288325,10.66673611839976,10.327025125179613,11.293423,9.44878343519336,8.672915547618288,6.834402715007079,10.59507197104234
2026-05-12,ITA US 12/18/26 C240 Equity,2026-05-19,9.8,12.25,11.834830834938446,12.25,11.834830834938446,11.830279946619443,11.491324947977489,10.711602504374548,11.204175,9.589654710519351,9.702013992671015,8.933713808768822,11.85844487309907
2026-05-12,ITA US 10/16/26 C245 Equity,2026-05-19,5.75,7.3999999999999995,7.086478564920609,7.3999999999999995,7.086478564920609,7.636208751076479,7.378856311108685,8.741409076826674,6.9150405,6.578218803820284,6.315902335728326,3.370807024717346,7.130494407700528
2026-05-12,ITA US 12/18/26 C245 Equity,2026-05-19,8.3,10.5,9.98406201576194,10.5,9.98406201576194,10.69842839343039,10.2998280950775,10.33620573225796,9.003878,8.293324273080975,8.665579561795935,5.714174382549671,10.173068257626857
2026-05-12,ITA US 01/15/27 C250 Equity,2026-05-19,7.65,10.05,9.599669728253279,10.05,9.599669728253279,10.487667279795915,9.887399922196074,10.31397762988011,8.681801,6.885554473056249,8.525070706210105,6.479593074598848,9.743880117492388
2026-05-12,ITA US 01/15/27 C240 Equity,2026-05-19,10.75,13.45,13.013704252438016,13.45,13.013704252438016,13.385790985161643,13.038116484134031,11.300607259187723,11.376952,9.535161512111447,10.762163017105074,9.185185632562572,13.120131594609493
2026-05-12,ITA US 12/18/26 C250 Equity,2026-05-19,6.9,8.9,8.426756926691878,8.9,8.426756926691878,8.78184800547211,8.4094361959331,10.245652737689838,8.482563,7.564015281314026,7.8758215299522005,7.168116136794815,8.6247234782476
2026-05-12,ITA US 10/16/26 C240 Equity,2026-05-19,6.300000000000001,9.05,8.857562565928703,9.05,8.857562565928703,9.417562860775547,8.990544282589038,10.245030171311377,10.282715,8.158799461862957,8.303131710556325,4.72858211948717,8.79208382572846
2026-05-12,ITA US 01/15/27 C245 Equity,2026-05-19,9.4,11.65,11.191486696616101,11.65,11.191486696616101,11.714602497896617,11.204346408751148,10.518640036474828,9.882994,8.40390230547944,9.540126940523097,8.616518974968141,11.333380599164986
2026-05-12,ITA US 01/15/27 C235 Equity,2026-05-19,12.55,15.45,14.881593703538579,15.45,14.881593703538579,14.685736724297676,14.25468209980561,13.951360600197827,13.105608,11.385076929675988,13.248206697067173,13.684102843223567,15.042276379168163
2026-05-12,ITA US 07/17/26 C250 Equity,2026-05-19,1.6749999999999998,2.6,2.3455939759612607,2.6,2.3455939759612607,2.5612098362226714,2.3680527215627354,2.65651066975641,1.8264043,1.988224410453326,1.7936718433218086,4.551405622329901,2.2218810544438368
2026-05-12,ITA US 12/18/26 C230 Equity,2026-05-19,13.2,16.45,16.0405507510409,16.45,16.0405507510409,15.488117171212632,15.091292363838303,15.428103845514679,14.93458,14.893860389992552,14.517170174785248,14.510737813164745,16.023003848840503
2026-05-12,ITA US 10/16/26 C230 Equity,2026-05-19,9.75,13.25,12.926660444862492,13.25,12.926660444862492,13.332348758364747,13.01190997051925,11.187374673629675,13.629308,12.512011459917295,11.969877701283538,10.411629451748638,12.822676951817716
2026-05-12,ITA US 12/18/26 C235 Equity,2026-05-19,11.1,14.3,13.88622132378409,14.3,13.88622132378409,13.746611454975115,13.422410914276753,11.817731171866317,13.640449,11.436981398713952,11.04172092378769,9.330045415450694,13.861433018412953
2026-05-12,ITA US 10/16/26 C250 Equity,2026-05-19,5.0,6.25,6.042707623634723,6.25,6.042707623634723,6.14752148061616,6.0477527683254815,5.530973426193212,5.840817,5.640516813694639,4.560525929833178,3.0184404605291824,5.96015056527272
2026-05-12,ITA US 07/17/26 C230 Equity,2026-05-19,4.65,7.65,7.424599171956348,7.65,7.424599171956348,7.377673796615248,6.536734938814958,8.724896370212166,7.873289,7.095480444707482,7.058796403610134,10.667834160261881,6.869153967558296
2026-05-12,ITA US 01/15/27 C230 Equity,2026-05-19,14.4,17.55,17.136076661575842,17.55,17.136076661575842,16.659498190391368,16.05751836917392,16.01824173282999,15.565463,14.965498455131955,15.617457736122072,15.532886521213285,16.99963040581966
2026-05-12,ITA US 10/16/26 C255 Equity,2026-05-19,3.75,5.35,5.110646423737449,5.35,5.110646423737449,5.601223272862167,5.611483006976947,5.140262926823378,4.6221886,4.902933532148566,2.9190901775970364,2.7004515972897063,5.2985339078385865
2026-05-13,ITA US 01/15/27 C250 Equity,2026-05-20,9.15,10.2,9.749693971766247,10.2,9.749693971766247,10.511879843592862,10.131405003779925,10.32067338200742,6.851034,6.7028956505346855,8.468096948951683,6.438134089709809,9.95800921209724
2026-05-13,ITA US 10/16/26 C235 Equity,2026-05-20,9.399999999999999,10.9,10.5736684341112,10.9,10.5736684341112,10.672984017061658,10.463752381044422,10.327025125179613,10.11575,8.67730841652708,8.625732686781197,6.025640383663123,10.556139420493748
2026-05-13,ITA US 10/16/26 C240 Equity,2026-05-20,7.5,8.8,8.493571740408177,8.8,8.493571740408177,8.607281012553013,8.445018705694547,10.221969319537378,9.158299,8.081878770182135,8.300571704850505,4.707090106522814,8.410713572525092
2026-05-13,ITA US 07/17/26 C250 Equity,2026-05-20,1.875,2.925,2.658459143239388,2.925,2.658459143239388,3.5600885642380007,3.35319605697447,3.3465003045771193,1.2541801,1.3796423510842717,1.7200439283485114,3.18865393402123,2.6297365853776253
2026-05-13,ITA US 10/16/26 C245 Equity,2026-05-20,6.4,7.95,7.65312520440609,7.95,7.65312520440609,6.603916986769057,6.717417972385224,9.79502381505705,6.439582,6.634332323508781,6.263102416870929,4.482085434422049,7.234774217787749
2026-05-13,ITA US 10/16/26 C255 Equity,2026-05-20,4.35,5.0,4.742069324186945,5.0,4.742069324186945,5.602480043699336,5.5794897056447015,5.00743856200065,3.782772,3.698409892981429,2.410626919959963,3.0538142944541993,5.01274473122858
2026-05-13,ITA US 07/17/26 C230 Equity,2026-05-20,5.9,7.65,7.402858597308873,7.65,7.402858597308873,7.390422281990166,6.382415728135715,8.724896370212166,6.14375,5.857723439220794,7.031248184229502,9.131639321694186,6.7726988708203555
2026-05-13,ITA US 10/16/26 C250 Equity,2026-05-20,5.25,6.55,6.257173805104765,6.55,6.257173805104765,5.360215595829471,5.479322407982746,8.651102845667197,5.7237906,5.595590950964062,4.503552172574754,4.1437708545362915,5.907045522279493
2026-05-13,ITA US 10/16/26 C230 Equity,2026-05-20,11.0,13.3,12.99473653631454,13.3,12.99473653631454,12.371602561700591,12.286982076685614,11.187374673629675,12.582783,11.730560104346004,11.355839632925523,10.519451459808112,12.813397051029566
2026-05-13,ITA US 12/18/26 C240 Equity,2026-05-20,11.1,12.95,12.47680331556833,12.95,12.47680331556833,12.832868116264802,12.77396401214543,11.175716242870033,9.805153,9.14553271209402,9.979054721407316,10.004065392434246,13.023363983853265
2026-05-13,ITA US 12/18/26 C250 Equity,2026-05-20,7.9,8.85,8.257805064776218,8.85,8.257805064776218,8.68953694539804,8.63476329758859,10.245652737689838,7.1708736,7.341542828361473,7.860826931981435,6.525257135145325,8.70053929436288
2026-05-13,ITA US 01/15/27 C245 Equity,2026-05-20,10.35,11.5,11.197134855191162,11.5,11.197134855191162,11.664693533517237,11.30124153136206,10.40297454705469,8.281068,7.247708750403458,9.211384523153281,8.461095495449866,11.247424629115926
2026-05-13,ITA US 12/18/26 C230 Equity,2026-05-20,15.35,16.75,16.224616950676264,16.75,16.224616950676264,15.525988864979247,15.35052641507923,15.977338117317853,14.630253,14.318728582790067,14.835544136469213,14.908189202881665,16.417613854805623
2026-05-13,ITA US 01/15/27 C235 Equity,2026-05-20,14.05,15.649999999999999,15.408253534513149,15.649999999999999,15.408253534513149,14.677933829491199,14.420992096530124,14.316959811311872,12.736541,11.559195163781798,13.225969587489177,13.59236381430831,15.21360933822811
2026-05-13,ITA US 01/15/27 C240 Equity,2026-05-20,12.35,13.75,13.467687694642542,13.75,13.467687694642542,13.250926306244697,12.960893030710485,11.318193324152348,10.035977,9.0054103590612,10.696954204996157,9.788412182952726,13.278448999867994
2026-05-13,ITA US 12/18/26 C235 Equity,2026-05-20,13.0,14.75,14.255012133762214,14.75,14.255012133762214,14.067456040667064,13.8817231076139,12.205611752949055,11.702378,11.134669059280169,12.02060937759086,11.398566671476889,14.498669502759384
2026-05-13,ITA US 12/18/26 C245 Equity,2026-05-20,9.4,10.35,9.848313676521295,10.35,9.848313676521295,10.441954522205311,10.298153768726522,10.328837904119515,7.634073,7.806152189280547,8.483470015674111,5.402590057423429,10.128267989871137
2026-05-13,ITA US 01/15/27 C230 Equity,2026-05-20,16.4,18.15,17.916756121002596,18.15,17.916756121002596,17.292101369691917,16.92345850601427,16.235662967488086,15.272515,15.138258373860545,15.65868423767461,15.914203515162942,17.554958585383257
2026-05-14,ITA US 01/15/27 C245 Equity,2026-05-21,10.350000000000001,11.3,10.39761557758344,11.3,10.39761557758344,11.188652397326818,11.066916794687476,10.081369684812739,9.370181,9.112144680283775,10.233689254993031,8.403731092854706,11.36893908592244
2026-05-14,ITA US 01/15/27 C250 Equity,2026-05-21,9.2,10.0,9.15560583215211,10.0,9.15560583215211,10.596608759314195,10.378372544748252,9.961241676633573,8.831517,7.697335634750649,9.403332898122802,6.689003668445627,10.264251549630666
2026-05-14,ITA US 10/16/26 C255 Equity,2026-05-21,4.325,5.3,4.852671302985447,5.3,4.852671302985447,5.55072839405145,5.851877177472143,5.140262926823378,5.2420335,4.655074719955957,3.9645897735023894,3.05924097171568,5.695294372674217
2026-05-14,ITA US 10/16/26 C240 Equity,2026-05-21,7.8,8.85,8.114099667486819,8.85,8.114099667486819,8.19179742467156,8.28936694970768,9.908298486017307,10.544461,9.550506539168067,9.308856180755313,5.533005765695164,8.813417519049693
2026-05-14,ITA US 12/18/26 C250 Equity,2026-05-21,7.85,8.600000000000001,7.732265021616247,8.600000000000001,7.732265021616247,8.223533323477334,8.38995651416564,9.823563466237296,8.002557,8.332929426471818,8.03902399040728,6.060141535028588,8.74087810660982
2026-05-14,ITA US 10/16/26 C250 Equity,2026-05-21,5.35,6.65,6.086638928206144,6.65,6.086638928206144,5.590696120722254,5.637711693828656,8.400882992147466,7.2620254,7.1029342324659375,5.84912034183505,5.644461254650204,6.4516011383024905
2026-05-14,ITA US 01/15/27 C235 Equity,2026-05-21,14.05,15.399999999999999,14.448221296857705,15.399999999999999,14.448221296857705,14.506856437239229,14.421999929624878,13.976715357140574,13.591639,12.437074404065909,14.055500738252096,13.751655067990727,15.378360864118054
2026-05-14,ITA US 10/16/26 C230 Equity,2026-05-21,11.0,12.85,12.095906895680452,12.85,12.095906895680452,11.57678360784389,11.515690152324368,10.773434971198716,14.210695,13.53009029266583,12.134117967240618,9.684125299826736,12.65515168122553
2026-05-14,ITA US 10/16/26 C245 Equity,2026-05-21,6.25,7.35,6.761630842176382,7.35,6.761630842176382,7.276606006184454,7.1428172080703645,8.476575438383268,7.506897,7.493987786608234,7.531233736719188,6.21635614106724,7.449782446677651
2026-05-14,ITA US 12/18/26 C245 Equity,2026-05-21,9.3,10.35,9.408672097975,10.35,9.408672097975,10.14527518152153,10.233680776080703,10.007233041877566,8.930895,8.968427211716401,9.757383605954958,6.067509550124296,10.511469168188075
2026-05-14,ITA US 01/15/27 C230 Equity,2026-05-21,16.2,17.6,16.594063180420605,17.6,16.594063180420605,16.771246009774842,16.634015675015835,16.258066067091764,16.18453,16.72487913451865,16.641095668367726,15.548148115814357,17.497681763491165
2026-05-14,ITA US 10/16/26 C235 Equity,2026-05-21,9.5,10.600000000000001,9.90560623444164,10.600000000000001,9.90560623444164,10.24335202625466,10.174094468294623,9.998851480585431,11.027306,10.14336938190294,9.688595731111265,6.782246920824488,10.578360864118057
2026-05-14,ITA US 07/17/26 C250 Equity,2026-05-21,1.75,2.1500000000000004,1.7923451928836003,2.1500000000000004,1.7923451928836003,2.893967373492636,2.5617812949039003,2.9616827435662367,2.967427,2.2254392610199236,2.7339107841308135,3.596978618936374,2.2086135339527266
2026-05-14,ITA US 01/15/27 C240 Equity,2026-05-21,12.05,13.3,12.397470852521,13.3,12.397470852521,12.779401463737539,12.590673301278406,10.912611656976086,11.131844,11.009519156346062,11.395557456556148,10.345207989528255,13.17088743678406
2026-05-14,ITA US 12/18/26 C240 Equity,2026-05-21,10.95,12.75,11.768706491475193,12.75,11.768706491475193,11.824684512591137,12.095014989558111,10.789184360629296,11.701117,11.515279546505816,10.839250361248409,8.565933306640051,12.661996307147813
2026-05-14,ITA US 12/18/26 C230 Equity,2026-05-21,15.15,16.3,15.202916025223082,16.3,15.202916025223082,15.07250413583916,15.166540137996734,15.559708593802489,15.866059,16.245137893276446,15.521296419424232,14.209212041064305,16.321055206512014
2026-05-14,ITA US 12/18/26 C235 Equity,2026-05-21,12.8,14.0,12.986436431588695,14.0,12.986436431588695,13.460837851571402,13.488625123543095,11.187034012546833,12.841843,12.053978982926049,11.835413460368681,9.987685918157142,13.988626373726598
2026-05-14,ITA US 07/17/26 C230 Equity,2026-05-21,5.7,6.949999999999999,6.2964537830708975,6.949999999999999,6.2964537830708975,6.896786565702602,6.10429246174464,8.448978889647181,7.8412237,7.613830619891141,8.577239347602012,8.633077392997736,6.475537002600381
2026-05-15,ITA US 10/16/26 C240 Equity,2026-05-22,8.55,6.45,5.514629512512759,6.45,5.514629512512759,5.125862712896149,5.704488582609065,7.419357057735952,7.6898108,9.159674203119918,6.906598781702561,6.659231596056686,6.643100315575894
2026-05-15,ITA US 12/18/26 C240 Equity,2026-05-22,12.05,10.25,9.29855751535887,10.25,9.29855751535887,9.55112145234892,10.052899991551683,11.404125888809812,9.769874,11.009944158933935,9.396332246152415,10.078026222793323,10.75153392312801
2026-05-15,ITA US 01/15/27 C235 Equity,2026-05-22,15.45,12.5,11.591272394626015,12.5,11.591272394626015,11.448852608663083,11.87676479571512,11.882550355654997,10.814527,13.133516610674524,11.08649560271963,13.002585832824328,12.771806036536153
2026-05-15,ITA US 10/16/26 C250 Equity,2026-05-22,6.15,3.7,3.3195324665281785,3.7,3.3195324665281785,2.5294857030201374,2.7321284307436073,4.189521218114214,3.6560426,6.126347659562803,3.6992263005335584,6.783499896058797,3.8199117868571517
2026-05-15,ITA US 10/16/26 C235 Equity,2026-05-22,10.4,7.6,6.886368631769949,7.6,6.886368631769949,6.410923011476332,6.807958211512382,9.306093499900935,8.185824,9.895077181393194,8.009687597635047,6.800142526268877,7.511951217082154
2026-05-15,ITA US 01/15/27 C245 Equity,2026-05-22,11.6,9.399999999999999,8.57025632763832,9.399999999999999,8.57025632763832,8.937379799855577,9.234978236249102,11.344232067544349,8.371196,8.812541811208892,8.52412298251112,10.107341898799305,9.881691113185433
2026-05-15,ITA US 12/18/26 C235 Equity,2026-05-22,14.1,11.75,10.652456466017474,11.75,10.652456466017474,10.615964744923732,11.238000621612015,11.586310911618302,10.888069,13.059305221489872,10.536090230472158,10.315638332137159,12.114336118801788
2026-05-15,ITA US 01/15/27 C240 Equity,2026-05-22,13.35,10.85,9.987976201188076,10.85,9.987976201188076,10.165236388411397,10.419300190168151,11.426227021412586,9.56436,10.582801616512427,9.280517721207087,11.260418152086206,11.166473758596732
2026-05-15,ITA US 12/18/26 C250 Equity,2026-05-22,8.9,6.6,5.924815724421256,6.6,5.924815724421256,5.305720099342116,5.68811830032971,9.31610694046207,6.7984147,7.7234479953106625,5.701602806913883,7.426109205664203,6.7815985083675745
2026-05-15,ITA US 10/16/26 C255 Equity,2026-05-22,4.65,3.0,2.4096946712766796,3.0,2.4096946712766796,2.1614479930908477,2.6264359256987717,3.7612574128869625,2.4851487,5.269443680605897,3.3554627125292917,5.2195817001293205,3.4341784307909506
2026-05-15,ITA US 01/15/27 C250 Equity,2026-05-22,10.05,8.2,7.550483567980329,8.2,7.550483567980329,8.207019008768837,8.312992002525622,10.77891179977693,6.5736766,7.4391600584534565,7.065452540558532,8.50493362780882,8.690032115919683
2026-05-15,ITA US 07/17/26 C250 Equity,2026-05-22,1.5499999999999998,0.875,0.7799906302561044,0.875,0.7799906302561044,-1.5969418043754207,-1.1165161722143928,2.6048905289758797,0.933018,2.28661471478928,1.5791756556023344,5.4741769911223255,0.7327432204378519
2026-05-15,ITA US 12/18/26 C230 Equity,2026-05-22,16.2,13.4,12.349256167678531,13.4,12.349256167678531,11.974977415354363,12.63952555328645,12.272972812789838,13.032189,14.29806433808995,12.268336418627625,12.67315454518451,13.716666279154257
2026-05-15,ITA US 07/17/26 C230 Equity,2026-05-22,6.050000000000001,3.95,3.4743850806906607,3.95,3.4743850806906607,2.972725874329205,2.9343989469789467,4.24808280071427,3.3205996,5.465224485636633,4.024076727110106,8.377985547993338,3.642791478463221
2026-05-15,ITA US 01/15/27 C230 Equity,2026-05-22,17.55,14.35,13.399171154496765,14.35,13.399171154496765,13.193791672140037,13.561614117657005,12.772651279414005,13.457469,14.227007751236725,12.880872722592782,13.675806891137503,14.51244947537819
2026-05-15,ITA US 12/18/26 C245 Equity,2026-05-22,10.4,8.15,7.463169382299069,8.15,7.463169382299069,7.7162926462074655,8.087028361461183,10.77891179977693,7.299819,8.608741674361712,7.501124075871667,8.381396334645162,8.600847752430221
2026-05-15,ITA US 10/16/26 C230 Equity,2026-05-22,12.8,9.149999999999999,8.575981955070326,9.149999999999999,8.575981955070326,7.312365991512033,7.667077199049801,11.328482678113769,10.960192,11.565024970613726,9.835648539603795,9.107504195276087,8.880642424805233
2026-05-15,ITA US 10/16/26 C245 Equity,2026-05-22,7.35,4.65,4.101240116161079,4.65,4.101240116161079,3.2880036304885625,3.7660068959359414,4.664934803035756,4.921715,7.125814731159548,4.885299814378387,6.368193505329388,4.73072742336768
2026-05-18,ITA US 10/16/26 C245 Equity,2026-05-26,8.8,6.0,5.681774255490202,6.0,5.681774255490202,5.483666438461819,6.913555278897058,5.538219196614791,7.475356,7.8872660963612855,5.968308303610673,7.089108971542782,7.141044978038892
2026-05-18,ITA US 12/18/26 C235 Equity,2026-05-26,16.35,12.05,11.213666107657119,12.05,11.213666107657119,12.499754773962017,13.443961189764732,12.569453080486632,14.089785,13.190153076455001,12.621762117882497,11.549496188834382,13.318762724912405
2026-05-18,ITA US 10/16/26 C230 Equity,2026-05-26,15.0,10.2,9.78930759490072,10.2,9.78930759490072,10.509584096656212,11.260594528171124,12.238079265208098,13.955926,12.828064160490454,12.408368105853846,10.543336191789454,11.43046673080339
2026-05-18,ITA US 07/17/26 C230 Equity,2026-05-26,8.2,4.85,4.437649578301565,4.85,4.437649578301565,4.984277394146742,5.653682956827037,4.6489700345628915,5.170192,5.11610981200582,6.778868783688641,10.33065612530644,5.512996295772796
2026-05-18,ITA US 10/16/26 C240 Equity,2026-05-26,10.55,6.75,6.404584386713706,6.75,6.404584386713706,7.3786660851603845,8.4846626552586,9.667793265122029,8.092478,8.728097708636056,8.02898714486367,6.90123975546092,8.095128319128644
2026-05-18,ITA US 12/18/26 C250 Equity,2026-05-26,10.75,7.3,6.603780702742349,7.3,6.603780702742349,7.946519659725382,9.049764268264571,9.857005199240387,8.159757,8.06875440922977,7.286805804947913,8.462325731982828,8.71745073408066
2026-05-18,ITA US 07/17/26 C250 Equity,2026-05-26,3.0999999999999996,1.625,1.3412165560504827,1.625,1.3412165560504827,1.2664414932121364,3.3799040398763793,2.6048905289758797,2.980339,2.341173310304863,2.301110154961407,6.925032647459284,3.1915581990172424
2026-05-18,ITA US 10/16/26 C250 Equity,2026-05-26,7.25,4.65,4.357986676213217,4.65,4.357986676213217,4.39557316089237,5.9355528621820595,4.605202518621559,5.8112526,6.825513646907137,5.191861489428836,5.982775278364471,5.854851964745506
2026-05-18,ITA US 01/15/27 C230 Equity,2026-05-26,20.1,15.0,14.461728544068201,15.0,14.461728544068201,15.410369412616184,16.01386661540741,14.533245174492848,16.671162,15.707799389233054,15.599817080966275,15.189177185208633,16.158514499684426
2026-05-18,ITA US 10/16/26 C235 Equity,2026-05-26,12.65,8.399999999999999,8.086952977439319,8.399999999999999,8.086952977439319,8.966074852500249,9.797984851763763,11.502097084584863,9.902534,10.439157056000761,9.446181378410902,7.942466346058414,9.576232642646769
2026-05-18,ITA US 12/18/26 C230 Equity,2026-05-26,18.3,14.05,13.307258454079378,14.05,13.307258454079378,14.123895158197364,15.045605281632767,13.173283802494224,15.755954,16.09988944131045,14.311635194717068,14.12157305596025,15.301044581950062
2026-05-18,ITA US 01/15/27 C240 Equity,2026-05-26,15.65,11.4,10.84763544905241,11.4,10.84763544905241,12.432445634435384,13.202002096078253,12.336129819685944,12.12353,11.198118199109006,11.204743804161328,11.005344875896792,12.724550467981976
2026-05-18,ITA US 10/16/26 C255 Equity,2026-05-26,6.05,3.5250000000000004,3.27257125511128,3.5250000000000004,3.27257125511128,3.7727573427513885,5.448615440032752,4.129788933700016,3.7944887,3.860533830626981,3.90339266473023,4.13741706602827,5.04672601475955
2026-05-18,ITA US 01/15/27 C235 Equity,2026-05-26,17.55,13.15,12.318016986068848,13.15,12.318016986068848,13.220547586007015,14.082744053760203,13.023942905937995,13.79126,13.511681626382689,12.874338117470698,14.341545040409187,14.295389281891559
2026-05-18,ITA US 01/15/27 C245 Equity,2026-05-26,13.35,9.75,9.198783882701605,9.75,9.198783882701605,11.273977227254987,12.095668747156479,12.193934833373211,10.051433,9.470668186697639,10.115540076715435,10.006300384194589,11.353695389367068
2026-05-18,ITA US 12/18/26 C245 Equity,2026-05-26,11.899999999999999,8.7,8.035188052413217,8.7,8.035188052413217,9.700270212879225,10.69397581686233,12.032874739538698,8.929842,10.284204904252396,9.831871202273279,7.176437056693437,10.098057373689127
2026-05-18,ITA US 01/15/27 C250 Equity,2026-05-26,11.8,8.6,8.037499214823448,8.6,8.037499214823448,10.212408356165133,10.917071347080492,11.996277196999655,8.338866,8.49489523506509,7.982040300845489,7.916457977222842,10.120293157884424
2026-05-18,ITA US 12/18/26 C240 Equity,2026-05-26,13.8,10.399999999999999,9.859896315487756,10.399999999999999,9.859896315487756,11.171895180251866,12.167108986320995,12.269361004889216,10.407915,10.653014573636215,10.952383760193353,9.503733823596761,11.614747290520993
2026-05-19,ITA US 07/17/26 C250 Equity,2026-05-27,2.5250000000000004,1.6749999999999998,1.359085012031939,1.6749999999999998,1.359085012031939,3.236497328000377,3.548210823451596,2.617032171858837,2.164573,1.221119676410057,2.782779533311194,4.320006841297622,3.2630752153340676
2026-05-19,ITA US 12/18/26 C230 Equity,2026-05-27,19.35,13.2,12.250082115442844,13.2,12.250082115442844,13.370594759143653,13.619966627621727,13.05153266516714,16.237484,15.920347704659381,15.04700894553076,12.303014639508032,14.289664803561726
2026-05-19,ITA US 12/18/26 C240 Equity,2026-05-27,14.45,9.8,8.968040502266552,9.8,8.968040502266552,10.600218854378584,10.86674368820129,12.235999063073818,11.562232,11.641530592662255,11.417057835964009,8.643499726939828,11.044308507132968
2026-05-19,ITA US 10/16/26 C235 Equity,2026-05-27,13.05,7.800000000000001,7.224152431916555,7.800000000000001,7.224152431916555,8.69085571407879,8.816317879475962,11.07500300821949,10.776885,11.874251162021507,10.270824225125626,6.1223289635563845,8.855386370306736
2026-05-19,ITA US 12/18/26 C235 Equity,2026-05-27,16.8,11.1,10.158148292195026,11.1,10.158148292195026,12.001030527721511,12.226345327774641,12.35516200061768,14.364153,14.203855514759635,13.09937483284596,9.947701151732899,12.391867746739887
2026-05-19,ITA US 12/18/26 C250 Equity,2026-05-27,10.649999999999999,6.9,6.19668395041014,6.9,6.19668395041014,7.626906525998035,8.013866086237545,9.845066793779395,8.276867,8.404507106251273,8.213801347622269,6.377506483346584,8.225906648914767
2026-05-19,ITA US 12/18/26 C245 Equity,2026-05-27,12.75,8.3,7.532826280985781,8.3,7.532826280985781,9.32144929917106,9.594114001502266,11.575324887577015,9.970851,9.765626967356644,9.936347999750641,6.339730898142805,9.617286527784843
2026-05-19,ITA US 10/16/26 C245 Equity,2026-05-27,9.45,5.75,5.334923461606892,5.75,5.334923461606892,6.145954341128031,6.422363856225538,5.1618118152825225,8.144664,7.67703564309651,6.545974840501094,5.147303595120455,6.744280007257846
2026-05-19,ITA US 07/17/26 C230 Equity,2026-05-27,9.149999999999999,4.65,4.270891111726209,4.65,4.270891111726209,6.039148230622656,5.563734046759681,4.668743762190339,7.2305374,6.20763833444868,7.020258121693274,8.836974203030039,5.534026787883787
2026-05-19,ITA US 01/15/27 C230 Equity,2026-05-27,20.549999999999997,14.4,13.713449706658249,14.4,13.713449706658249,14.92779516322792,14.89941055309111,13.446976471825787,17.314806,16.299801476203594,15.159099195771738,12.553398353893236,15.376556870149422
2026-05-19,ITA US 01/15/27 C240 Equity,2026-05-27,15.549999999999999,10.75,9.968128308077151,10.75,9.968128308077151,11.854298884237753,11.939760410571227,12.317994016942055,11.876137,11.586340853373336,11.455487266784925,9.089843950043068,11.912043934475875
2026-05-19,ITA US 01/15/27 C250 Equity,2026-05-27,12.15,7.65,7.5563462661429766,7.65,7.5563462661429766,10.057450620121475,9.783207177002751,9.879424447689132,8.717693,8.684149030783034,8.860374260758293,7.621496773252909,9.130123452690826
2026-05-19,ITA US 10/16/26 C230 Equity,2026-05-27,16.05,9.75,9.119861275503807,9.75,9.119861275503807,9.917620499193514,10.200924337000087,12.220249673643238,14.443085,13.221976343176753,12.571586899452347,7.21973866296665,10.695713509394212
2026-05-19,ITA US 10/16/26 C255 Equity,2026-05-27,6.6,3.75,3.339809022237667,3.75,3.339809022237667,3.4046490136036613,4.101068844526626,4.133492928766248,5.037878,4.583709282638869,4.693030758105458,2.807907539623809,4.691309677663465
2026-05-19,ITA US 01/15/27 C245 Equity,2026-05-27,13.75,9.4,8.64366199554402,9.4,8.64366199554402,11.073420376823663,11.267082066127472,12.235999063073818,11.233612,10.574931048522828,10.93588042779529,7.650333075302784,10.861190990022774
2026-05-19,ITA US 01/15/27 C235 Equity,2026-05-27,18.1,12.55,11.71919972364103,12.55,11.71919972364103,13.21480978653894,13.369950050742016,12.79616369820695,14.727899,14.32305317293728,13.700501017129197,12.538902311970542,13.811024385984677
2026-05-19,ITA US 10/16/26 C250 Equity,2026-05-27,8.5,5.0,4.553507186991861,5.0,4.553507186991861,5.6651969359247945,6.312105088043414,4.9854380764620965,7.602412,7.52562206913685,5.939814649669427,4.35057638053975,6.191218216940782
2026-05-19,ITA US 10/16/26 C240 Equity,2026-05-27,11.100000000000001,6.300000000000001,5.776159893690308,6.300000000000001,5.776159893690308,6.848484310408685,7.2034901712306345,5.825444203603644,8.070301,8.463196302803622,7.872030921966088,5.413679931536533,7.420935064112122
2026-05-20,ITA US 10/16/26 C235 Equity,2026-05-28,15.399999999999999,9.399999999999999,9.446898561779493,9.399999999999999,9.446898561779493,12.035155389568379,11.690206269282482,12.292482270803779,12.9071865,12.254562663593548,11.670358616386967,9.5580220448484,11.141879376484324
2026-05-20,ITA US 10/16/26 C250 Equity,2026-05-28,9.25,5.25,5.166139780445243,5.25,5.166139780445243,8.47546669526204,8.49868131343351,5.152404569706335,6.6245003,7.902362756535994,6.826263850180335,7.361987531567096,7.307632351284831
2026-05-20,ITA US 10/16/26 C230 Equity,2026-05-28,18.25,11.0,11.161480935441288,11.0,11.161480935441288,13.784036986388323,13.278546930490739,12.411645208347643,15.637783,14.851956253423706,14.181573498480185,11.92413825120479,12.801199627335178
2026-05-20,ITA US 01/15/27 C230 Equity,2026-05-28,23.15,16.4,16.152645980713906,16.4,16.152645980713906,18.61386377376763,18.051562428825008,16.34274173170969,17.495731,19.075471538400095,17.803717525697145,17.12489614202325,17.91558001053824
2026-05-20,ITA US 12/18/26 C250 Equity,2026-05-28,12.2,7.9,7.6513753374489974,7.9,7.6513753374489974,10.499130991605696,10.454929931451822,11.581769334735592,9.319348,9.945397020045862,8.583359485103909,9.98429075438681,9.865102269019197
2026-05-20,ITA US 12/18/26 C245 Equity,2026-05-28,14.3,9.4,9.059530343871339,9.4,9.059530343871339,12.514702161203912,12.34086268853392,12.308231660234359,11.561885,11.46562497270191,11.298518037453157,9.59615574705165,11.478537088774406
2026-05-20,ITA US 01/15/27 C245 Equity,2026-05-28,15.6,10.35,9.82752254376654,10.35,9.82752254376654,13.30540831629148,13.129623008203993,12.376290003611917,11.170431,11.360175881253992,11.766448183099483,11.31463455617967,12.274320284998346
2026-05-20,ITA US 12/18/26 C235 Equity,2026-05-28,19.5,13.0,12.770328259371745,13.0,12.770328259371745,15.31086163346909,15.086441207139876,13.116541206530446,15.952748,15.694007114397145,14.366315338181122,13.267688661708803,14.865252819505173
2026-05-20,ITA US 01/15/27 C240 Equity,2026-05-28,17.95,12.35,12.073457707621467,12.35,12.073457707621467,14.500180385015344,14.153098996869888,12.774245828704725,14.314225,13.904037865035061,13.523417874680703,13.625170201839154,13.953221938580075
2026-05-20,ITA US 07/17/26 C230 Equity,2026-05-28,11.85,5.9,5.8027592355230615,5.9,5.8027592355230615,8.970613338350473,7.891572380677468,5.16219561703374,7.616323,7.417330636793912,8.6482427771152,12.606019819872056,6.989777898137065
2026-05-20,ITA US 10/16/26 C245 Equity,2026-05-28,11.1,6.4,6.4067645346580795,6.4,6.4067645346580795,9.462728464211587,9.258628449520078,7.4495940487780254,8.573335,8.703563391784867,7.922190667347536,7.602911665615267,8.248060650513043
2026-05-20,ITA US 01/15/27 C250 Equity,2026-05-28,13.7,9.15,8.79154555870778,9.15,8.79154555870778,12.366383891188445,11.99621188551726,12.291824450100988,10.471401,11.002334358012382,10.561823834828449,9.602949364129547,11.084258908263985
2026-05-20,ITA US 12/18/26 C240 Equity,2026-05-28,16.6,11.1,10.566572293249669,11.1,10.566572293249669,13.659282377574097,13.536385256769167,12.427394597778221,13.421938,13.723650386494334,12.875351100951042,12.372738327313996,13.104185628397829
2026-05-20,ITA US 10/16/26 C240 Equity,2026-05-28,13.1,7.5,7.551610760768355,7.5,7.551610760768355,10.384092460964563,10.211379768946328,9.835466210648512,9.463445,9.95207072173384,9.152101861406255,8.411469557718654,9.442498906887405
2026-05-20,ITA US 01/15/27 C235 Equity,2026-05-28,20.25,14.05,13.433827703069051,14.05,13.433827703069051,15.965299081248759,15.691291730052106,13.273106158883909,15.282656,15.972191613154692,14.847307393403934,16.48065810917276,15.761036015729113
2026-05-20,ITA US 07/17/26 C250 Equity,2026-05-28,3.55,1.875,1.6810044225687746,1.875,1.6810044225687746,5.992622762050077,5.724990502142066,2.617032171858837,2.732533,2.3386569373547053,3.782299176987662,6.12568649680739,4.102270835438496
2026-05-20,ITA US 10/16/26 C255 Equity,2026-05-28,7.75,4.35,4.072355624217231,4.35,4.072355624217231,7.25120718643707,7.314146405379353,4.293531314322289,4.940626,5.653375728463562,5.647699738779586,6.544814792995914,6.47668707792277
2026-05-20,ITA US 12/18/26 C230 Equity,2026-05-28,21.85,15.35,15.167508096569184,15.35,15.167508096569184,17.439675840225597,17.09580156502163,15.08006888725034,17.833538,18.4200168093189,17.500172968629435,17.551687845918497,17.289145983330904
2026-05-21,ITA US 01/15/27 C245 Equity,2026-05-29,15.6,10.350000000000001,9.741286005876999,10.350000000000001,9.741286005876999,12.499312412150896,11.556686476383057,12.30405740645138,10.297587,9.990811454736827,10.271145626052867,8.903685300056546,11.477729521934897
2026-05-21,ITA US 01/15/27 C230 Equity,2026-05-29,22.9,16.2,15.526159743817132,16.2,15.526159743817132,17.581208608914572,16.449091923950515,16.328551953519753,17.532913,16.78823353812058,16.62253082765409,15.243531655299643,17.003390939511167
2026-05-21,ITA US 10/16/26 C250 Equity,2026-05-29,9.0,5.35,4.977543194457596,5.35,4.977543194457596,7.2849041789858395,6.728900256203049,5.152404569706335,5.161915,5.211777251821637,5.065211679717521,4.7262216537265385,6.611007030705726
2026-05-21,ITA US 01/15/27 C235 Equity,2026-05-29,20.35,14.05,13.369625005364728,14.05,13.369625005364728,15.173384464976415,14.222475407031466,13.200873561723371,14.8043585,14.503819722671205,13.891757754512351,13.629673644984182,14.902832057784291
2026-05-21,ITA US 10/16/26 C255 Equity,2026-05-29,7.7,4.325,4.097031383774781,4.325,4.097031383774781,6.807163917790906,6.207076810394993,4.293531314322289,3.8012044,3.698257129393204,4.369542899936009,3.4300894584876613,5.732136956912734
2026-05-21,ITA US 01/15/27 C240 Equity,2026-05-29,17.95,12.05,11.408955183135122,12.05,11.408955183135122,14.205039091908542,13.031906852561757,12.611517310187239,13.270968,12.451685412770615,12.451193956815139,11.436992440875622,13.10341405897046
2026-05-21,ITA US 12/18/26 C235 Equity,2026-05-29,19.0,12.8,12.292493852100437,12.8,12.292493852100437,14.54285684841837,13.5118905810703,12.968726350439484,14.255298,13.184161911326427,13.038836410545608,10.895658579061088,13.745362140049926
2026-05-21,ITA US 10/16/26 C240 Equity,2026-05-29,12.6,7.8,7.5722225762963005,7.8,7.5722225762963005,9.201727036777074,8.317656839995855,11.050802527329521,8.144988,9.775742547007932,8.696095970093518,5.772250227154438,8.514137090663128
2026-05-21,ITA US 12/18/26 C245 Equity,2026-05-29,14.2,9.3,8.739265137819514,9.3,8.739265137819514,11.697559866967122,10.83978959339596,12.235999063073818,9.942623,9.697594108398373,10.270110587456603,6.961234019962054,10.52025960420053
2026-05-21,ITA US 07/17/26 C230 Equity,2026-05-29,11.45,5.7,5.2269443671304305,5.7,5.2269443671304305,8.355200464356692,6.560106747671833,5.1618118152825225,6.106489,5.689180734759147,6.783452377046707,10.189259536897575,6.174332648882796
2026-05-21,ITA US 10/16/26 C245 Equity,2026-05-29,10.65,6.25,6.02597306082413,6.25,6.02597306082413,9.258825922398309,8.471607600428118,5.699935579579176,6.2110114,6.2363411926323105,6.199864492858325,4.133416333541924,7.537904431953159
2026-05-21,ITA US 07/17/26 C250 Equity,2026-05-29,3.2,1.75,1.4371564913207964,1.75,1.4371564913207964,3.5835555079124486,2.703153762250336,2.617032171858837,2.8429291,2.866396607389306,2.3408280837010498,3.9406000418994,2.496935407475669
2026-05-21,ITA US 10/16/26 C230 Equity,2026-05-29,17.9,11.0,10.804572336154438,11.0,10.804572336154438,12.682417439644507,11.635658185922493,12.339412611187102,13.89364,12.69814080760106,12.014019182744045,8.641843733437156,11.926764382532015
2026-05-21,ITA US 01/15/27 C250 Equity,2026-05-29,13.85,9.2,8.598422596166241,9.2,8.598422596166241,11.517683157508937,10.436550286600133,12.235999063073818,9.432453,8.769481655476692,9.954025779410804,7.285839836869461,10.245103505419243
2026-05-21,ITA US 12/18/26 C250 Equity,2026-05-29,12.1,7.85,7.227455289528625,7.85,7.227455289528625,10.336046608858755,9.566292088081022,11.119430567111184,7.8210073,7.729693374200898,8.188775217712333,6.881941187451443,9.18896419999648
2026-05-21,ITA US 12/18/26 C230 Equity,2026-05-29,21.7,15.15,14.645621082954948,15.15,14.645621082954948,16.62762173949427,15.64743602622291,14.552248947793414,16.952482,16.715654812251987,16.801043557071647,14.605671838403081,16.16929446479765
2026-05-21,ITA US 10/16/26 C235 Equity,2026-05-29,15.25,9.5,9.18154521970042,9.5,9.18154521970042,11.689291457873455,10.56683872349502,12.220249673643238,11.4446945,11.033171358137945,10.915877809484565,7.467760937679629,10.507048861560348
2026-05-21,ITA US 12/18/26 C240 Equity,2026-05-29,16.450000000000003,10.95,10.353416523597962,10.95,10.353416523597962,12.669309776886942,11.882129256824355,12.34047212327652,11.3821945,11.43469072362517,11.511374169784823,9.220383792487999,12.003414058970458
2026-05-22,ITA US 12/18/26 C230 Equity,2026-06-01,19.15,16.2,15.564767247269828,16.2,15.564767247269828,16.702323295670855,16.17353532918075,16.328551953519753,17.930101,19.222856193118236,17.59268148501217,15.235040708611194,16.80475165053324
2026-05-22,ITA US 12/18/26 C245 Equity,2026-06-01,12.3,10.4,9.788211847845865,10.4,9.788211847845865,11.682235881436904,11.35448780281611,12.260898572733133,11.008273,11.76892988504304,11.455393989033217,6.989547974782822,11.166532276213287
2026-05-22,ITA US 01/15/27 C230 Equity,2026-06-01,20.5,17.55,16.928218309611427,17.55,16.928218309611427,17.815922580090476,17.122375023267125,16.88307735130812,19.834238,19.729531296778326,18.573096676130135,17.001370557480666,18.051956058659066
2026-05-22,ITA US 01/15/27 C240 Equity,2026-06-01,15.75,13.35,12.727157333618875,13.35,12.727157333618875,14.17594761121304,13.688881173149335,13.051211589346805,14.161713,14.048823168010895,13.295841313197746,11.138094861184666,13.949072005945146
2026-05-22,ITA US 10/16/26 C230 Equity,2026-06-01,15.6,12.8,12.451890072045627,12.8,12.451890072045627,13.280911543336305,12.72034352521523,12.90902697398593,16.252258,15.13704152819003,14.326493502610978,11.062962311370276,13.394486140924704
2026-05-22,ITA US 07/17/26 C230 Equity,2026-06-01,8.85,6.050000000000001,5.614744701223658,6.050000000000001,5.614744701223658,7.135018118880984,5.9175004366250565,5.614340917939162,8.419618,7.472193363048665,8.111078628673337,10.57468910957505,5.897237897212819
2026-05-22,ITA US 01/15/27 C235 Equity,2026-06-01,17.950000000000003,15.45,14.826415860872318,15.45,14.826415860872318,16.0759572062075,15.578089029837876,15.030931100739783,16.872465,15.998776379090167,16.291723709576615,14.431158746366435,15.997758521618369
2026-05-22,ITA US 07/17/26 C250 Equity,2026-06-01,2.325,1.5499999999999998,1.2542070747514977,1.5499999999999998,1.2542070747514977,2.5202135868301188,1.9168354296255856,2.617032171858837,2.1326253,2.2782767026311537,2.7756750495789912,5.5016754119936335,1.782111494014554
2026-05-22,ITA US 12/18/26 C240 Equity,2026-06-01,13.8,12.05,11.431889048881239,12.05,11.431889048881239,13.009249468772865,12.659928477487437,12.560990648330547,13.726159,13.440796855383539,12.700188064552233,9.406833189148458,12.669603025162228
2026-05-22,ITA US 10/16/26 C245 Equity,2026-06-01,9.1,7.35,7.00770549819601,7.35,7.00770549819601,8.892739292437767,8.818620415753518,9.74875914301651,7.5034637,8.377078381456554,7.821092865142287,4.6211742122376105,8.209062358478926
2026-05-22,ITA US 10/16/26 C240 Equity,2026-06-01,10.8,8.55,8.220288712924114,8.55,8.220288712924114,10.016984177277,9.364614838506135,11.647696680273517,8.873639,11.131474574187397,9.383355720052988,7.212433856698438,9.210758727455572
2026-05-22,ITA US 10/16/26 C250 Equity,2026-06-01,7.35,6.15,5.922797497709062,6.15,5.922797497709062,6.933208533336502,6.838897524007529,5.645910732610444,6.3570433,7.0415024791947385,6.239126344748653,3.955627792030442,6.552598745570945
2026-05-22,ITA US 01/15/27 C250 Equity,2026-06-01,11.600000000000001,10.05,9.426039003566574,10.05,9.426039003566574,12.009712275348868,11.438332012622364,12.207539379350694,10.459787,10.331319917602508,10.460388809829134,6.359418815863748,10.653082841784755
2026-05-22,ITA US 12/18/26 C250 Equity,2026-06-01,10.850000000000001,8.9,8.484746433207887,8.9,8.484746433207887,10.499049643291064,10.421945391728743,12.170345578165007,9.990614,10.64489890448437,10.806622864474255,8.224896244032639,9.495361383079453
2026-05-22,ITA US 10/16/26 C255 Equity,2026-06-01,6.5,4.65,4.347334182981122,4.65,4.347334182981122,6.158158298625384,6.008135246912875,4.6173441615045165,4.1451464,5.507100277166344,4.477931385033493,2.7704244384673755,5.352663701598165
2026-05-22,ITA US 12/18/26 C235 Equity,2026-06-01,16.35,14.1,13.469066975639496,14.1,13.469066975639496,14.779421285694685,14.259171698043971,13.370088297367921,16.512316,16.29285610797286,14.612443449202834,11.856575731500186,14.713752646495125
2026-05-22,ITA US 10/16/26 C235 Equity,2026-06-01,12.850000000000001,10.4,10.068239994380633,10.4,10.068239994380633,11.807622988835199,11.145584449978061,12.245149183302555,12.029406,12.168505099620058,11.864098270821371,7.690155245604994,11.01375264649513
2026-05-22,ITA US 01/15/27 C245 Equity,2026-06-01,13.85,11.6,10.965286893373396,11.6,10.965286893373396,12.862701922023465,12.448934820024226,12.34287175878759,12.349016,11.928887834661172,11.507408863414897,9.025834785687609,12.31511106431141
2026-05-26,ITA US 07/17/26 C250 Equity,2026-06-02,1.95,3.0999999999999996,1.8605067443992638,3.0999999999999996,1.8605067443992638,3.6404161615941835,4.075863238641011,3.5996848189120385,2.8520925,2.8297719999961313,4.619798288109758,7.7573868688725005,3.4582800988088715
2026-05-26,ITA US 10/16/26 C250 Equity,2026-06-02,6.95,7.25,6.818679176536912,7.25,6.818679176536912,9.085815741823872,8.505644085414307,9.342499971498874,8.392856,7.881742862244649,7.725568628430846,6.4076996633611625,7.851769060828834
2026-05-26,ITA US 10/16/26 C235 Equity,2026-06-02,12.0,12.65,12.39039694878289,12.65,12.39039694878289,13.76129470442686,12.848441657430337,12.146995833157401,13.924613,14.197603644566014,13.109268798892971,10.116544388131619,12.961696350332664
2026-05-26,ITA US 07/17/26 C230 Equity,2026-06-02,7.5,8.2,7.763090228359375,8.2,7.763090228359375,9.71281362713768,8.258167825925845,10.79956888194429,9.238041,8.438737367436756,10.23343439323835,14.10865140735827,8.023713899932938
2026-05-26,ITA US 12/18/26 C230 Equity,2026-06-02,17.95,18.3,17.85218164341032,18.3,17.85218164341032,18.145618512944317,17.370910896385933,16.57053305305444,18.744926,18.146593371761703,18.054312269567816,17.112183424888915,18.4429768791686
2026-05-26,ITA US 12/18/26 C235 Equity,2026-06-02,15.7,16.35,15.494571954357463,16.35,15.494571954357463,16.39658579113508,15.746006400721422,15.845067332128037,15.87706,16.7535632141029,16.24996424595036,14.940391267201413,16.651430840724114
2026-05-26,ITA US 12/18/26 C240 Equity,2026-06-02,13.95,13.8,13.255059626198955,13.8,13.255059626198955,14.67983348491552,14.076493681255627,12.449607776500155,14.211699,14.357494025082495,13.86718548395574,12.07911509584683,14.272999752195203
2026-05-26,ITA US 12/18/26 C245 Equity,2026-06-02,11.75,11.899999999999999,12.129101922556666,11.899999999999999,12.129101922556666,13.991370973573982,13.145690429554403,11.678059595338487,12.532347,13.03427523410916,11.967263511382797,9.525731675089915,12.572444224280204
2026-05-26,ITA US 10/16/26 C230 Equity,2026-06-02,14.5,15.0,14.765554054036716,15.0,14.765554054036716,15.412826826444515,14.464325279034796,14.084355417263518,16.89546,16.818083547562058,15.203758163009432,13.635330515518234,15.204663600679032
2026-05-26,ITA US 01/15/27 C250 Equity,2026-06-02,11.35,11.8,11.221786255582908,11.8,11.221786255582908,13.597566708129058,12.919403688762408,11.661758683393115,12.31017,12.44296823192269,11.498050156138325,8.31739860977417,12.360660190465081
2026-05-26,ITA US 10/16/26 C240 Equity,2026-06-02,10.4,10.55,10.08322315947814,10.55,10.08322315947814,11.670312067034036,10.998362547751436,11.464515802117681,11.983372,11.25774935548583,10.827867295980404,8.756029928710188,10.99215639144
2026-05-26,ITA US 01/15/27 C245 Equity,2026-06-02,13.3,13.35,12.753483271103928,13.35,12.753483271103928,14.189772968523659,13.537702105169354,12.333579765277745,13.106416,13.299059112760954,12.630424425649254,11.563194093986352,13.683167255972876
2026-05-26,ITA US 01/15/27 C240 Equity,2026-06-02,15.15,15.65,14.711943700295873,15.65,14.711943700295873,15.37828906272508,14.768255069810726,14.940682147035522,14.809274,15.040495227993443,15.3715481317575,14.114791470550758,15.614933067136944
2026-05-26,ITA US 01/15/27 C230 Equity,2026-06-02,19.35,20.1,19.52704559037769,20.1,19.52704559037769,19.880878412315855,19.006860461029554,17.25492020101909,20.1107,18.450987815737914,19.23343818174604,19.28070133876787,20.191555667266726
2026-05-26,ITA US 12/18/26 C250 Equity,2026-06-02,9.8,10.75,10.283123934346618,10.75,10.283123934346618,11.927723669118103,11.555172189014783,11.486833973900493,11.091137,11.02404778441153,11.083168211788063,11.272234332324166,11.005484506934694
2026-05-26,ITA US 01/15/27 C235 Equity,2026-06-02,17.15,17.55,16.8138218391874,17.55,16.8138218391874,17.65526283023507,17.01087645162341,16.376378770649353,16.79328,17.017660245304548,17.568394482778558,16.660355015741928,17.80000962882223
2026-05-26,ITA US 10/16/26 C245 Equity,2026-06-02,8.6,8.8,8.27498805076095,8.8,8.27498805076095,10.191645215477877,9.685325700318636,11.333725899764888,11.368827,11.244589032687113,9.777422766491762,7.435766621230523,9.349070781259368
2026-05-26,ITA US 10/16/26 C255 Equity,2026-06-02,6.35,6.05,5.567479245247985,6.05,5.567479245247985,7.813219937108228,7.510930158584025,5.549458977748833,6.6387696,6.34957039208569,5.262080257822323,4.795168163001219,6.773831048605198
2026-05-27,ITA US 10/16/26 C245 Equity,2026-06-03,7.550000000000001,9.45,9.096469979267182,9.45,9.096469979267182,10.020703033969152,9.31791064453125,9.723104792238006,9.535847,9.596257024304489,9.452554264797534,6.34974843780559,9.384796754900655
2026-05-27,ITA US 01/15/27 C245 Equity,2026-06-03,11.8,13.75,13.18485862224509,13.75,13.18485862224509,13.93567575683361,13.085259583602115,10.841838388250382,11.782998,11.858585036018553,11.582692007052124,10.441258549530584,13.561423311879809
2026-05-27,ITA US 07/17/26 C230 Equity,2026-06-03,6.45,9.149999999999999,8.726608262651473,9.149999999999999,8.726608262651473,10.444290393464453,8.2655143535589,9.667119305161703,10.216121,10.515751322116266,10.319602976659757,14.171360058540651,8.376976413603282
2026-05-27,ITA US 12/18/26 C230 Equity,2026-06-03,16.6,19.35,18.86057354742827,19.35,18.86057354742827,18.473951622180145,17.1995090233527,17.09273792660944,19.757206,19.227417767885452,17.856616640835426,16.990023032737366,18.923260967497416
2026-05-27,ITA US 12/18/26 C240 Equity,2026-06-03,12.3,14.45,13.978117776637767,14.45,13.978117776637767,14.080767146639669,13.37431606256475,11.387260009731552,12.959797,12.879766993490163,12.470367510152627,11.217835830179883,14.185078148677052
2026-05-27,ITA US 10/16/26 C240 Equity,2026-06-03,9.2,11.100000000000001,10.752928537537857,11.100000000000001,10.752928537537857,11.458242717232139,10.563605371415363,9.842267729781868,10.20809,10.189419932549027,10.57591496785294,7.850917977563337,10.865921509432265
2026-05-27,ITA US 07/17/26 C250 Equity,2026-06-03,1.5,2.5250000000000004,2.1669600781137017,2.5250000000000004,2.1669600781137017,3.993411901739325,2.981529060234333,3.013302884346767,3.6236963,4.355219949575867,3.403152829537822,5.287731387649236,1.9468254970377652
2026-05-27,ITA US 10/16/26 C255 Equity,2026-06-03,5.25,6.6,6.261256034022639,6.6,6.261256034022639,7.81516919595138,7.208209038225793,8.290047628013964,5.9600053,6.600408175933701,5.37555832192661,4.139099307509733,6.710073039448556
2026-05-27,ITA US 01/15/27 C240 Equity,2026-06-03,13.649999999999999,15.549999999999999,15.26546225269242,15.549999999999999,15.26546225269242,15.9297448124146,14.918541664001044,13.898887372467463,14.33815,14.029277710884248,14.656127219103555,13.32249956128403,15.408451591697899
2026-05-27,ITA US 10/16/26 C235 Equity,2026-06-03,10.8,13.05,12.575209201159025,13.05,12.575209201159025,13.116811649240137,12.046881070309583,10.70390265429985,12.505602,13.220573353424285,12.20731383280656,9.49026298385985,12.644066798540083
2026-05-27,ITA US 10/16/26 C250 Equity,2026-06-03,5.75,8.5,8.190836962700377,8.5,8.190836962700377,8.8660922556052,8.378783219267351,9.409263272521883,7.6039486,9.086895212575344,7.082952521970581,4.531092504146021,8.31296354832045
2026-05-27,ITA US 12/18/26 C245 Equity,2026-06-03,10.7,12.75,12.269460489131129,12.75,12.269460489131129,13.568421129679415,12.745330804742405,10.596224747383635,11.919928,11.839627160423275,11.54929788187807,7.41104965576217,12.643641052607316
2026-05-27,ITA US 12/18/26 C250 Equity,2026-06-03,9.15,10.649999999999999,10.80712843834873,10.649999999999999,10.80712843834873,11.483739266473936,10.510993466352422,9.81428035318459,9.290337,10.309134775718524,9.81965751179007,8.499508067018306,10.411589168348153
2026-05-27,ITA US 12/18/26 C235 Equity,2026-06-03,14.1,16.8,16.32120060481282,16.8,16.32120060481282,16.68568245475255,15.91368519465238,16.224055245776277,16.507048,16.5427801183068,16.475395313849084,13.244159658204262,16.522109709326934
2026-05-27,ITA US 01/15/27 C250 Equity,2026-06-03,10.399999999999999,12.15,11.626679016514867,12.15,11.626679016514867,13.2432839527972,12.343282192182048,10.189677125301174,10.81437,11.235449764532516,10.746148392202002,7.553315547461453,12.158336054389848
2026-05-27,ITA US 10/16/26 C230 Equity,2026-06-03,12.3,16.05,15.779791488282001,16.05,15.779791488282001,15.71899197701411,14.275179121209863,15.525545398505045,16.139378,17.335457273139454,14.69427969866904,12.627398208944756,15.405333010382693
2026-05-27,ITA US 01/15/27 C235 Equity,2026-06-03,14.95,18.1,17.82964853351304,18.1,17.82964853351304,17.780670106416892,16.958327683963432,16.437158398123437,17.943172,17.783689339581667,17.16632998879927,17.126785033927128,17.920235833435108
2026-05-27,ITA US 01/15/27 C230 Equity,2026-06-03,17.799999999999997,20.549999999999997,20.293215245653403,20.549999999999997,20.293215245653403,20.355801289188975,18.902352948668106,17.15285912042573,20.008728,19.7334170470394,18.084602855582787,18.65342036137934,20.133526477105956
2026-05-28,ITA US 12/18/26 C240 Equity,2026-06-04,14.6,16.6,16.444785154018692,16.6,16.444785154018692,15.85442393677823,15.100954061277065,16.122957839651196,15.16847,15.603096302617598,15.63354459806581,15.623312920883446,15.891459183038565
2026-05-28,ITA US 07/17/26 C250 Equity,2026-06-04,2.6,3.55,3.163954020194357,3.55,3.163954020194357,4.717604402461566,3.7101616532504362,3.77299671910966,2.5928702,3.6279265228618236,4.355344456130224,8.632300267673967,2.279065971376725
2026-05-28,ITA US 12/18/26 C235 Equity,2026-06-04,17.0,19.5,19.263039040590318,19.5,19.263039040590318,18.459403397305422,17.30570747838274,17.122555927076395,18.475298,18.723847504913298,18.26034512129957,16.916805264014005,18.52560497669553
2026-05-28,ITA US 10/16/26 C245 Equity,2026-06-04,9.0,11.1,11.156107585592279,11.1,11.156107585592279,11.658248990570044,10.823446827333644,9.86734024252083,9.837562,9.69088746666941,10.935294373015783,9.738498283536012,10.530900504888582
2026-05-28,ITA US 01/15/27 C245 Equity,2026-06-04,13.7,15.6,15.15706352878848,15.6,15.15706352878848,15.350844171724818,14.652572195883945,14.272330880052703,13.615677,12.832894691848738,14.635916392002459,13.625991739151328,14.917792571476278
2026-05-28,ITA US 01/15/27 C240 Equity,2026-06-04,15.95,17.95,17.33450249894863,17.95,17.33450249894863,17.36226315213714,16.72420809006088,16.392997141321995,16.213486,16.94123133351451,17.302059644424833,16.847585187498016,16.969780210554276
2026-05-28,ITA US 10/16/26 C255 Equity,2026-06-04,6.550000000000001,7.75,7.572420749779375,7.75,7.572420749779375,9.201852091621555,8.562351305761378,9.021414514247224,7.250777,6.7374860420204685,7.00920130807513,6.14831425632028,7.369095357184961
2026-05-28,ITA US 10/16/26 C230 Equity,2026-06-04,15.75,18.25,18.459744740345855,18.25,18.459744740345855,18.178736334114426,16.663086890826694,16.44488075389267,17.62094,20.173182178546618,17.569508740714525,14.299580513549696,17.171001272280762
2026-05-28,ITA US 10/16/26 C235 Equity,2026-06-04,13.6,15.399999999999999,15.56585753401123,15.399999999999999,15.56585753401123,15.396631766375798,13.805720009326862,13.891282959662378,13.76409,15.51008740928835,14.599205766811234,13.2141710690602,14.48729169820595
2026-05-28,ITA US 12/18/26 C230 Equity,2026-06-04,19.4,21.85,21.67579064984705,21.85,21.67579064984705,21.000905642560436,19.802470255408373,18.19009800586991,19.595987,20.171701903061546,19.736781506896904,17.77705754510929,20.94579592720349
2026-05-28,ITA US 10/16/26 C240 Equity,2026-06-04,10.85,13.1,13.207101272117077,13.1,13.207101272117077,13.122308169610356,12.11315626179502,10.736530309958424,11.926327,12.317197986985992,13.114044561605228,11.645103270084357,12.32977246152814
2026-05-28,ITA US 07/17/26 C230 Equity,2026-06-04,9.3,11.85,11.523247362954592,11.85,11.523247362954592,13.139499209924095,10.981063901603063,7.576956823768523,9.707634,10.423680446058317,11.641349240432243,11.56922098070879,10.6097768829179
2026-05-28,ITA US 12/18/26 C245 Equity,2026-06-04,12.5,14.3,14.11599576798072,14.3,14.11599576798072,14.829624506841458,14.14933426149113,11.405799785666328,11.911277,12.840735110771318,13.148688427405283,11.081802849473604,13.532964962187885
2026-05-28,ITA US 10/16/26 C250 Equity,2026-06-04,7.699999999999999,9.25,9.265574354963922,9.25,9.265574354963922,9.678657931520293,8.777652958534745,9.74817730497697,9.294774,9.75757191838684,9.390651689929951,8.178098452208477,8.354829174211389
2026-05-28,ITA US 01/15/27 C230 Equity,2026-06-04,20.85,23.15,22.795190797403848,23.15,22.795190797403848,22.630335686698203,21.386865656842254,21.320246451206657,20.894192,21.677037292052407,20.782509413779355,18.404307944915114,22.204640224910147
2026-05-28,ITA US 01/15/27 C250 Equity,2026-06-04,12.05,13.7,13.316285392887597,13.7,13.316285392887597,14.29362710467569,13.547216851292404,10.874466043908955,12.172873,12.127083685190222,12.289021143991217,10.003978312775802,13.041263718714955
2026-05-28,ITA US 12/18/26 C250 Equity,2026-06-04,10.75,12.2,11.987042581466385,12.2,11.987042581466385,13.189024783214368,12.39430941775257,10.214749638040137,11.608691,11.618758459768694,11.667930322454888,10.859279640854822,11.63123076434929
2026-05-28,ITA US 01/15/27 C235 Equity,2026-06-04,18.3,20.25,20.046864188854737,20.25,20.046864188854737,19.922204202248526,18.69757989979195,17.13782759113618,18.342474,18.93518261769209,18.503461695243804,19.25761783286568,19.35153771415804
2026-05-29,ITA US 12/18/26 C245 Equity,2026-06-05,12.100000000000001,14.2,14.04861896079002,14.2,14.04861896079002,14.097506953826183,13.268539152107564,11.320778360620265,12.262966,11.852959265394741,12.742617437026311,10.458931032233535,13.209217193668062
2026-05-29,ITA US 12/18/26 C235 Equity,2026-06-05,16.15,19.0,18.973207420294614,19.0,18.973207420294614,18.2682409652735,16.749171876639252,16.833110287991275,17.316153,17.89872619639324,17.933798178355946,17.124918567940167,17.902163290047636
2026-05-29,ITA US 10/16/26 C245 Equity,2026-06-05,9.0,10.65,10.672490858879,10.65,10.672490858879,10.651076645339643,9.535696046383546,9.751370879332434,9.171404,8.91611696016013,10.468031041763918,8.479515514219372,9.556421601793886
2026-05-29,ITA US 01/15/27 C235 Equity,2026-06-05,17.5,20.35,20.405812112201847,20.35,20.405812112201847,19.863781575443152,18.641817694049067,17.15285912042573,17.476534,18.30644857903466,17.94027256628473,21.65633367965903,19.157023339221116
2026-05-29,ITA US 12/18/26 C250 Equity,2026-06-05,10.9,12.1,11.99789257309375,12.1,11.99789257309375,12.131035777326368,11.431968164243433,10.127317435351353,9.96651,10.108470075071756,11.102669392087204,10.072960250273594,11.235496207194851
2026-05-29,ITA US 10/16/26 C250 Equity,2026-06-05,7.4,9.0,9.042975340179947,9.0,9.042975340179947,9.243607038696464,8.073244464566272,9.675944707816429,8.527572,8.787196530062914,9.478039312393651,6.989616172512784,8.012122764174004
2026-05-29,ITA US 01/15/27 C245 Equity,2026-06-05,13.3,15.6,15.100605242691975,15.6,15.100605242691975,15.162411514396592,14.471176266772044,14.260931351931593,12.75343,12.97436064463362,14.744463962046913,12.950760320444981,14.468889521109922
2026-05-29,ITA US 01/15/27 C240 Equity,2026-06-05,15.5,17.95,17.781826215837476,17.95,17.781826215837476,17.05696918774997,16.331536582988015,16.385274785552763,15.966855,18.103825884976665,17.317391113914425,17.064050718262195,16.799234018083514
2026-05-29,ITA US 07/17/26 C250 Equity,2026-06-05,1.925,3.2,3.048565045406036,3.2,3.048565045406036,4.863775984619622,3.0896039369946457,4.102712659666047,3.0888765,3.8795875431153717,4.564062380630244,8.007547188456043,1.7151726074319384
2026-05-29,ITA US 12/18/26 C240 Equity,2026-06-05,13.899999999999999,16.450000000000003,16.480888491258188,16.450000000000003,16.480888491258188,15.247390604044675,14.345202292247151,15.574598280160483,13.700677,15.25403114872405,16.04361240709318,13.123356659848787,15.227281786964552
2026-05-29,ITA US 10/16/26 C240 Equity,2026-06-05,11.15,12.6,12.829233505283357,12.6,12.829233505283357,13.007917021301433,11.721283842328193,10.281710501497768,10.660829,11.746986723252634,12.184782884971264,9.874708865238588,11.547769038520938
2026-05-29,ITA US 10/16/26 C255 Equity,2026-06-05,6.2,7.7,7.79667640329372,7.7,7.79667640329372,7.882161211464931,6.906505148602153,8.475229072614022,6.013698,7.070706776441345,7.1735702273688755,3.8191235796077363,6.4244283651931084
2026-05-29,ITA US 10/16/26 C230 Equity,2026-06-05,14.8,17.9,18.151613534980395,17.9,18.151613534980395,17.47542153584036,15.863873827178177,16.36877119169506,16.031626,18.579165550145667,17.054820787244132,13.642940689466394,16.594803154680683
2026-05-29,ITA US 10/16/26 C235 Equity,2026-06-05,12.5,15.25,15.627427352652488,15.25,15.627427352652488,16.00593134840144,14.23756720543438,13.796097506559954,12.959442,15.51470336340094,14.703496590314352,13.180164595219498,14.17519257960661
2026-05-29,ITA US 12/18/26 C230 Equity,2026-06-05,18.35,21.7,21.840409086041852,21.7,21.840409086041852,20.605985574580373,19.333813166090287,18.124261049094507,19.38903,20.47178770403575,18.948611585258067,17.645586924022034,20.405068664289225
2026-05-29,ITA US 01/15/27 C230 Equity,2026-06-05,19.7,22.9,22.935553242729682,22.9,22.935553242729682,22.072080673360325,20.81718034051452,21.10253865934623,20.78116,21.54280876511078,21.0853241240925,18.809779611183487,21.66675538579965
2026-05-29,ITA US 01/15/27 C250 Equity,2026-06-05,11.5,13.85,13.730033604977212,13.85,13.730033604977212,13.128280692810238,12.197682997691217,10.927417173707603,10.987811,11.371247970374505,11.88309913673991,7.642709172607547,12.522845795866674
2026-05-29,ITA US 07/17/26 C230 Equity,2026-06-05,7.6,11.45,11.539051045422575,11.45,11.539051045422575,12.795656953344588,10.28966706350698,7.434817835160409,8.099025,9.548399154256797,11.194614229857049,10.98225009807014,9.990586350904625
2026-06-01,ITA US 10/16/26 C230 Equity,2026-06-08,13.8,15.6,14.735335156649796,15.6,14.735335156649796,10.85587060099985,11.085983764302,14.076606200061777,12.792646,11.521347343918,12.420183005403006,11.918495758909247,13.089662625772501
2026-06-01,ITA US 10/16/26 C250 Equity,2026-06-08,7.199999999999999,7.35,6.671061873167752,7.35,6.671061873167752,4.27757530536352,4.654646868106603,8.335414966282721,5.2234225,5.603245995779389,5.481508853113766,3.241937860250175,5.136145743684452
2026-06-01,ITA US 01/15/27 C250 Equity,2026-06-08,11.15,11.600000000000001,11.425840118390346,11.600000000000001,11.425840118390346,9.106937343889232,9.034879173636657,9.849093454817469,8.957187,9.535614999630772,8.524092626525448,6.263305955718619,9.349297444757461
2026-06-01,ITA US 07/17/26 C250 Equity,2026-06-08,1.5499999999999998,2.325,1.6034452324406456,2.325,1.6034452324406456,-0.5590806530992314,-0.722391379327437,2.9678146177441094,1.8436232,2.38951716057753,1.9101532276455977,4.473379627553757,-0.4431859825066242
2026-06-01,ITA US 01/15/27 C235 Equity,2026-06-08,16.4,17.950000000000003,16.88036788747725,17.950000000000003,16.88036788747725,13.03444233358929,13.761739609136786,16.01998723795287,14.86226,12.997726837266358,13.931918570341574,15.650681965250964,15.429453390478916
2026-06-01,ITA US 10/16/26 C240 Equity,2026-06-08,9.649999999999999,10.8,10.027707138187484,10.8,10.027707138187484,7.539781347169903,7.920687390437939,9.757939661684667,8.822881,8.095431762313217,7.5179681032425485,5.197932889655108,8.523095781308212
2026-06-01,ITA US 01/15/27 C245 Equity,2026-06-08,12.55,13.85,12.868729619815541,13.85,12.868729619815541,9.7613909152378,10.467137620357947,10.927417173707603,10.364495,10.132514870142387,9.761438797929674,9.557291245398854,11.484800796319302
2026-06-01,ITA US 12/18/26 C230 Equity,2026-06-08,17.45,19.15,18.146732206356607,19.15,18.146732206356607,13.993691762278175,14.44836991434103,16.732869416440227,15.761062,14.753629031777654,14.613565157524796,16.238568159334978,16.67050598652771
2026-06-01,ITA US 01/15/27 C230 Equity,2026-06-08,18.5,20.5,19.37810747065363,20.5,19.37810747065363,15.148202286589076,15.619970592899117,16.825279953658587,16.293282,14.818248655697127,15.561854475858155,17.153029875763313,17.927975904262087
2026-06-01,ITA US 12/18/26 C240 Equity,2026-06-08,13.15,13.8,13.745982743380354,13.8,13.745982743380354,11.010890230445886,11.267673012891585,10.886362958946368,11.430044,11.688389400619283,10.380630019913447,9.496397078368753,11.608618277987045
2026-06-01,ITA US 12/18/26 C250 Equity,2026-06-08,9.0,10.850000000000001,10.140888537171001,10.850000000000001,10.140888537171001,6.791699123803745,7.354774368427561,9.773689051115246,8.638047,8.931333710473757,7.680459781930052,4.996414369559247,8.496501852883274
2026-06-01,ITA US 01/15/27 C240 Equity,2026-06-08,14.4,15.75,14.731889537707378,15.75,14.731889537707378,11.266184781074271,11.820421451628468,14.681367655815606,12.665172,12.702025373299398,12.076829807670318,9.470875853070694,13.246926746413196
2026-06-01,ITA US 10/16/26 C235 Equity,2026-06-08,11.85,12.850000000000001,12.083609201229217,12.850000000000001,12.083609201229217,9.344928221487823,9.723231241992401,10.540870416451089,9.903302,8.855683762929685,10.051973342113602,8.083130749007667,10.514513555010177
2026-06-01,ITA US 10/16/26 C245 Equity,2026-06-08,8.15,9.1,8.368300567543296,9.1,8.368300567543296,5.598300056335459,5.949197535796659,9.675944707816429,7.333542,7.17832618516996,7.142957450027113,5.258702944297152,6.827330878584929
2026-06-01,ITA US 10/16/26 C255 Equity,2026-06-08,5.75,6.5,5.848980876078258,6.5,5.848980876078258,3.8239073464502784,3.9386669952687736,7.840707932203887,4.1619854,4.920461866122099,4.122199075085447,2.578227213550977,4.371466701564306
2026-06-01,ITA US 07/17/26 C230 Equity,2026-06-08,6.55,8.85,7.921968614734395,8.85,7.921968614734395,6.729860617235854,5.7266138109378515,9.66081788476431,8.030354,6.916176422716007,7.762074070738531,8.30612451085329,6.214264750923422
2026-06-01,ITA US 12/18/26 C235 Equity,2026-06-08,15.25,16.35,15.308283519147508,16.35,15.308283519147508,12.093575347170823,12.62723407892438,15.270097708134305,14.047127,13.309836914611331,13.353132958253461,12.426754619602582,14.0762002765206
2026-06-01,ITA US 12/18/26 C245 Equity,2026-06-08,11.25,12.3,11.395200200561677,12.3,11.395200200561677,8.494311677349518,9.009377864427341,10.142517040879598,10.284237,9.70359894610007,8.960364377307382,5.897663919533021,9.965644157074507
2026-06-02,ITA US 12/18/26 C250 Equity,2026-06-09,10.9,9.8,8.9701839081134,9.8,8.9701839081134,5.19280628033998,6.699639663387429,9.691694097247009,8.363233,8.499407765434954,8.396468752835315,4.7983024911111185,7.2684004410570875
2026-06-02,ITA US 10/16/26 C235 Equity,2026-06-09,12.7,12.0,11.307050448223844,12.0,11.307050448223844,7.03772920865466,8.42362340999147,9.963624902760932,11.148421,10.815769068872974,9.964174441041099,6.03188776528451,9.464911790495215
2026-06-02,ITA US 12/18/26 C230 Equity,2026-06-09,18.85,17.95,16.946946039281176,17.95,16.946946039281176,12.56085248589023,14.135551851833114,16.097429547832107,16.404434,16.70265418785521,15.240656339266147,15.418194511826218,15.841133584402606
2026-06-02,ITA US 12/18/26 C235 Equity,2026-06-09,16.05,15.7,14.618800749674664,15.7,14.618800749674664,10.436618725774762,12.12839990639014,14.678790213616635,15.254072,15.51344131332662,13.468003172411214,10.369185952580558,13.518761671777423
2026-06-02,ITA US 01/15/27 C240 Equity,2026-06-09,15.2,15.15,14.108862116412782,15.15,14.108862116412782,10.164509884501006,11.701989220345057,13.146613762251057,13.370328,13.003675398845926,12.789515718665779,9.436175819145694,12.954935542627881
2026-06-02,ITA US 10/16/26 C230 Equity,2026-06-09,14.9,14.5,13.745983593091674,14.5,13.745983593091674,9.41490468909169,10.746933929915048,11.527356472533814,12.012687,13.37662865415467,12.620897662560557,10.734546416115144,12.236916780626547
2026-06-02,ITA US 07/17/26 C250 Equity,2026-06-09,1.9,1.95,1.4742015625001796,1.95,1.4742015625001796,-1.7979207401930797,-0.8003123667844179,2.6048905289758797,2.527886,2.7979856022832417,2.4183242042088082,3.9844212885028236,-0.6824175509184347
2026-06-02,ITA US 01/15/27 C235 Equity,2026-06-09,17.4,17.15,16.109948105983495,17.15,16.109948105983495,11.674958062975328,13.298058044809578,15.921148056682208,15.366419,15.352595119150118,14.762690689856921,13.060520176552636,14.88649709912033
2026-06-02,ITA US 10/16/26 C250 Equity,2026-06-09,7.35,6.95,6.474494406467383,6.95,6.474494406467383,1.9556272101271386,3.5542129403871208,8.307818417546635,5.449053,6.162679262998543,5.848803679715017,2.802754532571629,4.410159363276787
2026-06-02,ITA US 01/15/27 C230 Equity,2026-06-09,19.9,19.35,18.255603054077007,19.35,18.255603054077007,13.629984781605877,15.154203138470784,16.812312882970733,17.668362,17.51988458740885,16.027676931704768,15.093180071254524,16.894849030508478
2026-06-02,ITA US 10/16/26 C240 Equity,2026-06-09,10.600000000000001,10.4,9.729706321179028,10.4,9.729706321179028,6.1205486250164345,7.588301069571265,9.751370879332434,9.244362,9.048278858278112,8.419037259033058,5.057198017560163,8.235778903383093
2026-06-02,ITA US 10/16/26 C255 Equity,2026-06-09,6.1,6.35,5.910260297901054,6.35,5.910260297901054,2.838549519242898,4.2608545943343525,5.594494092846644,4.2588744,4.38121025092832,4.283839338793834,2.430948340827492,4.373997644388538
2026-06-02,ITA US 12/18/26 C240 Equity,2026-06-09,13.85,13.95,12.974297159127511,13.95,12.974297159127511,9.163452430216449,10.873018222004731,10.927417173707603,12.256925,11.821017350589655,10.54006433439061,7.13065823217093,11.71377984033454
2026-06-02,ITA US 01/15/27 C250 Equity,2026-06-09,11.55,11.35,10.433298191590408,11.35,10.433298191590408,7.609009796691009,8.942263283846344,9.833889083559741,9.428055,9.034583836171938,9.036708310371113,3.3799851901624516,9.252231923458293
2026-06-02,ITA US 10/16/26 C245 Equity,2026-06-09,8.65,8.6,7.974959653625897,8.6,7.974959653625897,4.615560632331443,6.095792198664377,9.560333475553715,7.2502327,7.552827352967227,6.745365824756294,4.424395458127806,6.573215446280121
2026-06-02,ITA US 07/17/26 C230 Equity,2026-06-09,8.1,7.5,6.780656582217473,7.5,6.780656582217473,4.576986442498569,4.806562285528184,8.335414966282721,7.2770357,7.483400738792028,7.349488498240055,7.3988043939817425,4.784485046977328
2026-06-02,ITA US 12/18/26 C245 Equity,2026-06-09,12.0,11.75,10.797895157162932,11.75,10.797895157162932,7.919061767356478,9.508419577692246,9.933772941320958,11.355959,10.576172154607569,9.420705439687517,4.657269256332561,9.83627654776284
2026-06-02,ITA US 01/15/27 C245 Equity,2026-06-09,13.7,13.3,12.322117517083699,13.3,12.322117517083699,8.816023042217935,10.388373177252296,10.680047102228462,11.412535,11.155610046539408,10.162953487849599,7.435318112620143,11.273215446280123
2026-06-03,ITA US 10/16/26 C255 Equity,2026-06-10,5.35,5.25,4.767114781798684,5.25,4.767114781798684,1.982701989085749,3.5763959679259507,5.140262926823378,2.9205084,2.879079788492798,2.562918516021643,0.9640033733117491,3.4597725599395117
2026-06-03,ITA US 10/16/26 C240 Equity,2026-06-10,9.4,9.2,8.59707871260774,9.2,8.59707871260774,4.922475835051975,6.605839070522996,9.675944707816429,6.9065957,7.403671974308106,7.74937731377509,2.761238182659962,6.87897065690102
2026-06-03,ITA US 07/17/26 C230 Equity,2026-06-10,6.6,6.45,5.604070663440957,6.45,5.604070663440957,3.2627177086331347,3.8119976580448807,6.777707867922315,5.9249463,6.883127959767554,6.094730289920429,7.947465042703887,3.9765029217957064
2026-06-03,ITA US 12/18/26 C230 Equity,2026-06-10,16.55,16.6,15.328483347729426,16.6,15.328483347729426,10.636799834741568,12.78288534720679,15.835114827825176,14.9743805,16.282745954598223,14.361942431762788,12.771564256052464,14.511196163833128
2026-06-03,ITA US 12/18/26 C240 Equity,2026-06-10,12.55,12.3,11.268240085462008,12.3,11.268240085462008,7.3327005803012995,9.323021964440972,10.142517040879598,10.081549,9.965515695306259,9.585874281860459,6.231588658646406,10.246342226018978
2026-06-03,ITA US 01/15/27 C245 Equity,2026-06-10,12.2,11.8,10.932776537228321,11.8,10.932776537228321,7.266091454380315,9.127729225697582,9.948613760607865,8.453321,9.34022381161265,8.928897189490087,6.470236215107813,9.821139500499742
2026-06-03,ITA US 01/15/27 C235 Equity,2026-06-10,15.8,14.95,14.578412922192758,14.95,14.578412922192758,9.888050371656519,11.686791542022672,13.119395455193445,11.309669,12.694666405517031,12.288821269554791,11.844570760864457,12.35252455773276
2026-06-03,ITA US 07/17/26 C250 Equity,2026-06-10,1.225,1.5,1.5201761956345377,1.5,1.5201761956345377,-0.567133891791018,0.18782446180184742,2.6048905289758797,0.9307536,1.6212381125008697,1.581892795164345,4.447785589254948,-0.5826044755219177
2026-06-03,ITA US 10/16/26 C230 Equity,2026-06-10,13.45,12.3,12.226662565491727,12.3,12.226662565491727,6.639285657290696,8.095940114236456,10.126767651449017,9.666403,10.679739956319642,10.333393554351908,7.136814079005959,9.425539231977945
2026-06-03,ITA US 10/16/26 C245 Equity,2026-06-10,7.7,7.550000000000001,7.043827712695451,7.550000000000001,7.043827712695451,3.051377089722413,4.80297564745041,8.335414966282721,4.43332,5.002239506045905,5.810460818082746,2.9026746696503047,5.416922696723676
2026-06-03,ITA US 10/16/26 C235 Equity,2026-06-10,11.2,10.8,10.152916211508085,10.8,10.152916211508085,5.795246852475563,7.400005943627609,9.757939661684667,8.27733,8.678356018247733,8.447665451401491,5.648087299470736,8.483571189188336
2026-06-03,ITA US 10/16/26 C250 Equity,2026-06-10,6.65,5.75,6.314190425445908,5.75,6.314190425445908,2.213915133678272,3.4092141551803294,5.149670172399565,3.9070706,4.147162989612277,3.4845693299018414,3.3881273139993504,3.6375548111378744
2026-06-03,ITA US 12/18/26 C250 Equity,2026-06-10,9.65,9.15,8.265693086122132,9.15,8.265693086122132,4.31840805073155,6.242544134515934,9.691694097247009,7.828143,8.018890482979401,8.022964872368627,5.2586401335031505,7.150662744550187
2026-06-03,ITA US 12/18/26 C245 Equity,2026-06-10,11.0,10.7,9.791425183772827,10.7,9.791425183772827,5.874703812245772,7.915905949377176,9.767120268763012,8.539367,9.131460712221962,8.634190579971499,3.2344828567354904,8.597766057478893
2026-06-03,ITA US 01/15/27 C250 Equity,2026-06-10,10.9,10.399999999999999,9.455382266735969,10.399999999999999,9.455382266735969,6.003639355391233,7.774552931169482,9.767120268763012,7.736777,8.139861912410584,8.026835297717813,3.667984817902598,8.369819383794974
2026-06-03,ITA US 12/18/26 C235 Equity,2026-06-10,14.600000000000001,14.1,13.024272467184808,14.1,13.024272467184808,8.878325957906895,10.858739171651965,11.276792702198591,12.07587,12.770698545200226,11.325369297947136,9.248220049624173,12.030318075230037
2026-06-03,ITA US 01/15/27 C240 Equity,2026-06-10,13.899999999999999,13.649999999999999,12.67073919649658,13.649999999999999,12.67073919649658,8.69042881192572,10.5617816680081,10.788560620622485,10.299297,10.5261289924176,10.014584398720304,8.17563175147851,11.565498865263766
2026-06-03,ITA US 01/15/27 C230 Equity,2026-06-10,17.85,17.799999999999997,16.593366904378676,17.799999999999997,16.593366904378676,11.836870955681256,13.795414441482688,16.065405583450755,14.833825,15.347559247348983,14.921249707369387,13.12672822488139,15.526135999301854
2026-06-04,ITA US 10/16/26 C245 Equity,2026-06-11,11.05,9.0,8.632418443982651,9.0,8.632418443982651,6.200017799879703,7.6997858973425055,9.731664598362462,8.192351,8.916460963828259,9.124438875484218,7.30200135819449,7.141729890325643
2026-06-04,ITA US 10/16/26 C255 Equity,2026-06-11,7.8500000000000005,6.550000000000001,6.1196490223855635,6.550000000000001,6.1196490223855635,3.2273429956368833,5.0965273123375745,8.331955117207459,5.0228896,5.319823683203574,5.007759169036682,3.007117446225047,4.4282019370642764
2026-06-04,ITA US 01/15/27 C250 Equity,2026-06-11,14.05,12.05,11.497124756348152,12.05,11.497124756348152,8.76465217674183,10.308027591922494,10.135789189037213,10.311723,10.52606851644732,10.835838300783063,9.337326537260306,10.149193083858197
2026-06-04,ITA US 01/15/27 C235 Equity,2026-06-11,20.549999999999997,18.3,17.850056775698516,18.3,17.850056775698516,13.353560165290363,14.823051272201546,16.157035516172012,16.191944,16.19198350494316,16.081562430773346,18.7370388290547,16.13823438780196
2026-06-04,ITA US 12/18/26 C245 Equity,2026-06-11,14.600000000000001,12.5,11.826662323987295,12.5,11.826662323987295,8.705604559994427,10.347889011615807,10.347300139899994,10.763383,11.166187878731224,11.400701745923724,10.39118358853406,10.556207393646801
2026-06-04,ITA US 01/15/27 C245 Equity,2026-06-11,15.85,13.7,13.214703000776417,13.7,13.214703000776417,9.667317025090078,11.26925071656088,10.874466043908955,10.650375,11.300917542804994,11.747738012563245,11.98107278159627,11.632833950625955
2026-06-04,ITA US 10/16/26 C240 Equity,2026-06-11,13.05,10.85,10.49959409006001,10.85,10.49959409006001,7.56545482361843,8.914606567759765,9.830172258845208,9.804248,9.488886240846341,9.912896069728468,9.05597393152603,8.798717045233213
2026-06-04,ITA US 01/15/27 C240 Equity,2026-06-11,18.200000000000003,15.95,15.336654093836998,15.95,15.336654093836998,11.801036673007246,13.400451206549718,14.972250999162663,12.934301,13.234484559359998,13.704924446320975,13.564630073757861,13.914987493013545
2026-06-04,ITA US 12/18/26 C235 Equity,2026-06-11,19.4,17.0,16.46645737663278,17.0,16.46645737663278,12.085291340772425,13.725827718695287,15.943932363824851,15.271016,15.408506724125283,15.869024109415461,14.528813688212468,14.848499897410502
2026-06-04,ITA US 12/18/26 C250 Equity,2026-06-11,12.7,10.75,10.031961578092394,10.75,10.031961578092394,7.001029989853976,8.849908687792649,9.84592164827579,10.18618,9.673981329900206,9.988999580119009,8.347290188398183,8.859458593466728
2026-06-04,ITA US 07/17/26 C230 Equity,2026-06-11,11.25,9.3,8.73845694931034,9.3,8.73845694931034,7.493244509870907,7.32658692639115,9.369049469515156,7.9013333,8.700632254483484,8.845643195618205,11.002214500837697,6.845468066935561
2026-06-04,ITA US 10/16/26 C235 Equity,2026-06-11,15.5,13.6,13.244333093540483,13.6,13.244333093540483,9.31831538352958,10.63040614554344,10.802882415081303,11.129432,11.446878287243146,12.411134552709575,11.665065562654043,11.281993152197666
2026-06-04,ITA US 07/17/26 C250 Equity,2026-06-11,3.0,2.6,2.158909559825553,2.6,2.158909559825553,1.345001038109535,2.5700955751798436,2.65651066975641,1.3415364,1.9663059117030541,3.755817016720787,5.247776346027505,0.4129880303286053
2026-06-04,ITA US 12/18/26 C230 Equity,2026-06-11,21.9,19.4,18.871001326100213,19.4,18.871001326100213,14.26336317895494,15.439723657973323,16.81261504465801,17.190702,18.296408650700076,18.088224629229018,16.594544108670565,17.093726764469416
2026-06-04,ITA US 10/16/26 C250 Equity,2026-06-11,9.100000000000001,7.699999999999999,7.354807597823763,7.699999999999999,7.354807597823763,4.346216166550731,5.859839046024302,8.530948963160053,5.262243,6.355645573432755,6.612083139063287,7.246038669147479,5.593555068180255
2026-06-04,ITA US 01/15/27 C230 Equity,2026-06-11,23.35,20.85,20.41154132157921,20.85,20.41154132157921,16.04765168267562,17.040249214428513,16.897300523056156,17.30016,17.997760559263135,17.841054802719405,17.963290928233,18.636256846735062
2026-06-04,ITA US 12/18/26 C240 Equity,2026-06-11,16.85,14.6,13.8710524517901,14.6,13.8710524517901,9.985377898789201,11.752603406193241,11.615338459124937,12.204696,12.366057070630987,13.034974872521301,13.093588656490898,12.579560405988417
2026-06-04,ITA US 10/16/26 C230 Equity,2026-06-11,18.4,15.75,15.417869365406517,15.75,15.417869365406517,12.015935330459929,12.598082188930636,14.753973985965109,13.242837,15.341674025868482,14.501953574071397,14.114232378060404,13.669895799364449
2026-06-05,ITA US 07/17/26 C250 Equity,2026-06-12,2.425,1.925,1.6330972797508863,1.925,1.6330972797508863,1.8001185233240324,0.5591512736664228,2.6103930613038036,2.7697535,3.279343324538336,3.857901793140826,3.03962574252595,-0.375596040532187
2026-06-05,ITA US 12/18/26 C245 Equity,2026-06-12,14.3,12.100000000000001,11.414713336738005,12.100000000000001,11.414713336738005,9.893815324689431,9.804333677408975,10.127317435351353,11.869274,11.157103657730016,11.370914321300448,6.794850434571014,10.381029640290166
2026-06-05,ITA US 07/17/26 C230 Equity,2026-06-12,9.65,7.6,7.344190158927231,7.6,7.344190158927231,7.450123373413781,5.489736078111552,8.335414966282721,7.537473,7.172983297822578,8.86875847663488,9.021406600748355,5.3353265204908595
2026-06-05,ITA US 12/18/26 C250 Equity,2026-06-12,12.35,10.9,10.187521851483849,10.9,10.187521851483849,8.584291816734524,8.702508443592555,9.773689051115246,10.140808,9.526619966908754,10.008698672447752,5.920415019042882,9.315981859434984
2026-06-05,ITA US 10/16/26 C235 Equity,2026-06-12,14.850000000000001,12.5,11.727280267732558,12.5,11.727280267732558,9.808777314863027,9.406877279688214,10.259318153308872,11.1342945,11.087887963025185,11.519099408282306,7.282304133259033,10.37919551955703
2026-06-05,ITA US 10/16/26 C230 Equity,2026-06-12,17.4,14.8,14.355353591346761,14.8,14.355353591346761,11.593477499979993,11.217020148748244,12.19155240432,12.289867,13.567499063849501,13.80812055639488,10.454172244205107,12.658699963511703
2026-06-05,ITA US 01/15/27 C240 Equity,2026-06-12,17.5,15.5,14.770502305955281,15.5,14.770502305955281,13.110334433425662,13.038652058787841,13.746622112044214,13.783732,13.791336014907014,14.55611872701428,10.161785620489884,13.828343130373671
2026-06-05,ITA US 01/15/27 C230 Equity,2026-06-12,22.15,19.7,18.893761459317385,19.7,18.893761459317385,16.528849982676256,16.26590385728594,16.812312882970733,17.657349,18.099632843952033,17.692185478624427,17.1621384115366,17.867133571063825
2026-06-05,ITA US 01/15/27 C250 Equity,2026-06-12,13.350000000000001,11.5,10.861201164199915,11.5,10.861201164199915,10.204962061010086,9.917415107988754,9.833889083559741,10.14112,10.021094345930031,10.597636518111697,6.934155907973414,9.977668580945412
2026-06-05,ITA US 01/15/27 C235 Equity,2026-06-12,19.8,17.5,16.597156907624502,17.5,16.597156907624502,14.437250396663785,14.337028766778172,15.955158877997691,15.905466,15.862252956806463,16.53025328565401,14.617842886554563,15.749315848619574
2026-06-05,ITA US 12/18/26 C235 Equity,2026-06-12,18.45,16.15,15.446078296326673,16.15,15.446078296326673,13.329069356324586,13.159927209747194,15.332755291339625,15.308537,15.264372161283116,15.588202359132573,11.276147453036643,14.306785766353933
2026-06-05,ITA US 10/16/26 C250 Equity,2026-06-12,9.25,7.4,6.950354056102548,7.4,6.950354056102548,6.037210536595275,5.802179322048581,8.318902259668212,6.1408324,6.651225699971874,7.214602564195619,3.6145940284767963,5.826247369043527
2026-06-05,ITA US 01/15/27 C245 Equity,2026-06-12,15.3,13.3,12.64611979510453,13.3,12.64611979510453,11.308130252080131,11.11275066863346,10.680047102228462,11.839676,11.429756013054375,11.86243794635244,9.080922869991682,11.704403083311016
2026-06-05,ITA US 12/18/26 C230 Equity,2026-06-12,21.05,18.35,17.548421427580305,18.35,17.548421427580305,14.783673221723244,14.593940764741085,16.157997406335365,16.70449,16.994272278955275,16.72645515769804,15.436699141886423,16.424603488798184
2026-06-05,ITA US 10/16/26 C240 Equity,2026-06-12,12.75,11.15,9.600804558197403,11.15,9.600804558197403,8.538797692754127,8.62561669544414,9.795107645360291,10.24159,9.372129948358223,9.962763809108232,4.658326899591331,9.406344067325115
2026-06-05,ITA US 10/16/26 C255 Equity,2026-06-12,7.699999999999999,6.2,5.7736966849476,6.2,5.7736966849476,5.309382764283134,4.984143823098728,5.476454267214733,4.99595,4.806007473021861,5.701898542136313,2.9763369532402724,4.748299140721748
2026-06-05,ITA US 10/16/26 C245 Equity,2026-06-12,10.75,9.0,8.53799354073044,9.0,8.53799354073044,7.379995391966057,7.282825245013484,9.675944707816429,8.859653,7.864053374276863,9.231736831433116,4.393112748210338,7.40440308331101
2026-06-05,ITA US 12/18/26 C240 Equity,2026-06-12,16.3,13.899999999999999,13.183314934530966,13.899999999999999,13.183314934530966,11.020870827547064,10.987394507470384,10.927417173707603,13.188969,12.236179755152223,12.390721587004906,9.176278972422443,12.043282965842394
2026-06-08,ITA US 10/16/26 C240 Equity,2026-06-15,14.350000000000001,9.649999999999999,8.915511505932704,9.649999999999999,8.915511505932704,7.034549534829019,7.656096042370571,9.675944707816429,8.338504,7.423215034366073,7.641460247627683,3.7991453293461195,7.850356680058055
2026-06-08,ITA US 10/16/26 C250 Equity,2026-06-15,10.0,7.199999999999999,6.542709774956595,7.199999999999999,6.542709774956595,4.659159183367159,5.262768679200747,8.318902259668212,4.6267023,5.21289384035999,5.1016789950708095,3.0937045453261183,5.56907140260826
2026-06-08,ITA US 07/17/26 C230 Equity,2026-06-15,12.15,6.55,5.72824912271776,6.55,5.72824912271776,5.710616118007355,4.578597055834848,8.259722520046918,6.437621,6.236574392440435,6.44652774206627,6.426250822775395,4.316829314173338
2026-06-08,ITA US 07/17/26 C250 Equity,2026-06-15,2.925,1.5499999999999998,1.1285998388283007,1.5499999999999998,1.1285998388283007,0.07019290565386704,-0.38690295289275767,2.6048905289758797,1.8497618,2.1512870841683207,1.9922252431316405,3.679145489818104,-0.6155780717684669
2026-06-08,ITA US 12/18/26 C230 Equity,2026-06-15,23.1,17.45,16.314817138678155,17.45,16.314817138678155,13.010849638806096,13.692879805109992,15.955158877997691,14.836231,15.270626665783142,15.62652104960217,13.94096668790225,15.541860266528577
2026-06-08,ITA US 01/15/27 C250 Equity,2026-06-15,15.0,11.15,10.057278829899191,11.15,10.057278829899191,8.070065267365504,8.66650844953833,9.810857034790871,8.608261,8.890065938571317,8.644901488035334,5.149450951029787,9.303167877321778
2026-06-08,ITA US 12/18/26 C235 Equity,2026-06-15,20.700000000000003,15.25,14.279464231921704,15.25,14.279464231921704,11.661111658166307,12.251559170380265,13.682851645290304,12.828351,12.826420491445079,13.3516163912989,9.869712427654553,13.371961621265772
2026-06-08,ITA US 10/16/26 C255 Equity,2026-06-15,7.8,5.75,5.132136250491369,5.75,5.132136250491369,3.501119703862008,4.001885866120132,5.149670172399565,3.5552442,3.260455999489052,2.534708645643004,2.230451422220582,4.096612548745692
2026-06-08,ITA US 01/15/27 C230 Equity,2026-06-15,24.5,18.5,17.266608031586873,18.5,17.266608031586873,14.231807344127208,14.859116803398265,16.22100803029574,16.087492,16.333287536556693,15.664747943217108,14.91738078384026,16.561016905773364
2026-06-08,ITA US 12/18/26 C245 Equity,2026-06-15,15.25,11.25,10.44911644793651,11.25,10.44911644793651,8.704380344623623,9.227513149745544,9.833889083559741,9.9454565,9.47094942151941,9.593839351699632,6.1903528765969,9.638918148464743
2026-06-08,ITA US 12/18/26 C250 Equity,2026-06-15,12.75,9.0,8.197707599585742,9.0,8.197707599585742,5.70400812551094,6.200017045517957,9.691694097247009,8.038758,8.259537438019327,8.130435832785773,5.11778049205071,6.875577630524872
2026-06-08,ITA US 01/15/27 C240 Equity,2026-06-15,19.65,14.4,13.271093233972866,14.4,13.271093233972866,11.243644774321442,11.871756404642657,11.347655068229583,11.837187,11.745872629759846,11.29838906740287,9.986182241178565,12.68262125271515
2026-06-08,ITA US 10/16/26 C235 Equity,2026-06-15,16.549999999999997,11.85,11.04587598066084,11.85,11.04587598066084,8.598463061222791,8.944007761701378,9.949165283122657,9.545352,9.263356575046528,8.819965892754317,5.987086111645545,9.803171904514834
2026-06-08,ITA US 10/16/26 C230 Equity,2026-06-15,19.4,13.8,13.201637900458929,13.8,13.201637900458929,10.413530385094543,10.592158002523803,10.870613569515786,11.3259735,11.196901939277831,10.819689723929056,9.049378791429586,11.758174481969602
2026-06-08,ITA US 01/15/27 C235 Equity,2026-06-15,22.1,16.4,15.39134723291428,16.4,15.39134723291428,12.436416573915935,13.146626146010785,15.331659907188795,13.370841,14.193592556213316,13.79281396287566,12.79617808018931,14.54253947241244
2026-06-08,ITA US 10/16/26 C245 Equity,2026-06-15,11.850000000000001,8.15,7.4204994309645445,8.15,7.4204994309645445,5.522055120789803,5.974098194371517,9.317139587858357,6.6477947,6.037194362133554,6.100417187158019,4.003018219627875,6.353857983933472
2026-06-08,ITA US 12/18/26 C240 Equity,2026-06-15,18.049999999999997,13.15,12.098907036414843,13.15,12.098907036414843,9.80032439922895,10.465607864057862,10.680047102228462,11.067595,10.520617668788356,10.854414848566227,8.729519767851883,11.46346461347036
2026-06-08,ITA US 01/15/27 C245 Equity,2026-06-15,17.15,12.55,11.684387872138736,12.55,11.684387872138736,9.664753317208953,10.266346370980544,10.297459890928348,9.735262,9.93939244915625,9.884856422296137,7.448853482718866,10.877231426954319
2026-06-09,ITA US 01/15/27 C245 Equity,2026-06-16,17.7,13.7,12.886064716880794,13.7,12.886064716880794,10.663908299480475,11.576867434159906,10.810695878904493,11.473265,11.218354137189593,11.639064391050153,9.737062530762634,11.795222091599793
2026-06-09,ITA US 12/18/26 C235 Equity,2026-06-16,21.4,16.05,15.737561241178692,16.05,15.737561241178692,12.291985212650896,12.916926336912812,15.32854244360583,14.96072,15.222532518249984,15.160410790633598,11.347087812038533,13.711979020657214
2026-06-09,ITA US 01/15/27 C250 Equity,2026-06-16,15.65,11.55,11.08362017546065,11.55,11.08362017546065,8.975890321351967,9.581784984576531,9.842351515715825,9.863819,10.10166467179946,10.057740065263546,7.764908664358493,9.49258438138266
2026-06-09,ITA US 10/16/26 C230 Equity,2026-06-16,20.6,14.9,14.901775394117454,14.9,14.901775394117454,12.394784495983945,12.223148622710914,13.020943932443705,12.922231,13.297141112212186,12.583265482685583,10.680405563987474,12.597272906418278
2026-06-09,ITA US 10/16/26 C235 Equity,2026-06-16,17.4,12.7,12.282087140252294,12.7,12.282087140252294,9.435269543805038,9.851072114839171,10.549332848607172,11.240506,10.931312967201116,11.152979321575376,9.23317774171214,10.382556871803882
2026-06-09,ITA US 10/16/26 C245 Equity,2026-06-16,12.65,8.65,8.776617448904148,8.65,8.776617448904148,6.072757864671461,6.51518972242164,9.568795907709797,7.0362463,7.728379594383564,7.2188167460784864,6.864624139855521,6.395679613683924
2026-06-09,ITA US 12/18/26 C230 Equity,2026-06-16,24.35,18.85,18.28584702897021,18.85,18.28584702897021,14.934759475102476,15.234961379947414,16.53089176134213,17.329353,18.288047033002414,17.456627798170384,16.275366524814075,16.727663603183544
2026-06-09,ITA US 01/15/27 C240 Equity,2026-06-16,20.1,15.2,14.783861516447098,15.2,14.783861516447098,11.458216852017006,12.190763335856923,13.61747940132985,13.653049,12.860236520173558,13.65152166931719,11.287183057537685,12.900186118331487
2026-06-09,ITA US 01/15/27 C230 Equity,2026-06-16,25.9,19.9,19.602061533702564,19.9,19.602061533702564,15.841178834081445,15.99810231772173,16.820035238739965,17.72868,18.042241789721167,17.265008261682897,17.064246063212636,17.56176007789706
2026-06-09,ITA US 07/17/26 C230 Equity,2026-06-16,13.600000000000001,8.1,7.790338733999726,8.1,7.790338733999726,7.3003093155389625,5.978539718353169,8.745828042221868,7.2761354,8.094939291411022,7.6659476971659695,10.251375007825636,5.57669991336579
2026-06-09,ITA US 10/16/26 C250 Equity,2026-06-16,10.350000000000001,7.35,7.425465095801919,7.35,7.425465095801919,5.402576955302234,5.9328688217022725,8.327364691824297,5.515248,6.6688608351342555,5.967393833918127,3.746689269102468,5.195746895750685
2026-06-09,ITA US 01/15/27 C235 Equity,2026-06-16,22.7,17.4,17.169185524716898,17.4,17.169185524716898,13.18717996437546,13.85109694461329,15.954517144912812,15.306429,14.961125416797923,16.067132211856695,15.299458546473849,15.082556871803881
2026-06-09,ITA US 12/18/26 C245 Equity,2026-06-16,16.25,12.0,11.59874046287963,12.0,11.59874046287963,8.923917092841837,9.669572561679797,9.987836724347597,10.921962,10.827429018372191,11.220723829015833,8.302602454501073,9.838209695949558
2026-06-09,ITA US 07/17/26 C250 Equity,2026-06-16,3.4499999999999997,1.9,1.5851327002266644,1.9,1.5851327002266644,0.1932367289981176,0.12437434739736197,2.6048905289758797,2.6799169,2.4731235055518606,3.338698739686045,5.482580434171673,-0.6200660299455181
2026-06-09,ITA US 10/16/26 C240 Equity,2026-06-16,14.95,10.600000000000001,10.326494852859597,10.600000000000001,10.326494852859597,7.8027155915445485,8.345748431484257,9.759833311488515,8.933344,9.146272392543997,9.262580809187064,6.264451445452286,8.316456566111821
2026-06-09,ITA US 10/16/26 C255 Equity,2026-06-16,9.0,6.1,6.084553864194717,6.1,6.084553864194717,4.262349764267968,4.8391208278987445,5.453865628013132,4.900361,4.390812548055287,4.646770792154538,4.335583955313744,4.14431370436776
2026-06-09,ITA US 12/18/26 C240 Equity,2026-06-16,18.75,13.85,13.64175403068207,13.85,13.64175403068207,10.188997027377795,10.946282206756184,10.935879605863688,12.4135065,12.112672531015958,12.030658997328842,10.389921027292456,11.5810294790867
2026-06-09,ITA US 12/18/26 C250 Equity,2026-06-16,14.100000000000001,10.9,9.755976293896792,10.9,9.755976293896792,5.8304626881878505,6.932848595145099,9.78215148327133,10.492147,10.140880917374117,9.866503725003554,8.241353833820435,8.266826036642177
2026-06-10,ITA US 12/18/26 C240 Equity,2026-06-17,20.7,12.55,11.678302140246386,12.55,11.678302140246386,9.108487357786327,9.696408726360424,10.297459890928348,11.278986,9.910440356638734,9.956070394226964,9.636520855295185,10.719037369526589
2026-06-10,ITA US 07/17/26 C230 Equity,2026-06-17,15.65,6.6,5.689004042532485,6.6,5.689004042532485,6.405395387686848,4.769670052975554,8.276235226661427,7.1040487,6.314651701749405,6.193369344815419,9.186845374043443,4.394626137516316
2026-06-10,ITA US 01/15/27 C240 Equity,2026-06-17,22.2,13.899999999999999,12.834649849917176,13.899999999999999,12.834649849917176,9.985501170179605,10.585799842422574,10.927417173707603,11.686136,11.208946880492666,11.059032605594878,10.512038944541981,11.853133844240105
2026-06-10,ITA US 01/15/27 C235 Equity,2026-06-17,24.75,15.8,14.621409391810264,15.8,14.621409391810264,11.186009083680053,11.870718123688361,14.786023813023837,13.658958,13.262943025275097,13.739657694343926,13.073715373514936,13.613742024155997
2026-06-10,ITA US 01/15/27 C245 Equity,2026-06-17,19.55,12.2,11.089835722909035,12.2,11.089835722909035,8.748625030238331,9.577368074337864,10.142517040879598,10.384003,9.551314996560967,9.520948211585498,6.590889447634605,10.244196028437795
2026-06-10,ITA US 10/16/26 C240 Equity,2026-06-17,16.799999999999997,9.4,8.693480056973092,9.4,8.693480056973092,6.175128111116262,6.487964615227166,9.675944707816429,8.200189,7.410319312196392,7.590121822485715,5.089440720649025,7.229760401219259
2026-06-10,ITA US 10/16/26 C255 Equity,2026-06-17,10.15,5.35,4.821532216344796,5.35,4.821532216344796,2.8567027598168924,3.13759552079191,5.140262926823378,3.9113617,3.339884143442451,2.526842577774765,2.252803362637005,3.4885910462165457
2026-06-10,ITA US 10/16/26 C250 Equity,2026-06-17,12.25,6.65,6.0412699681689315,6.65,6.0412699681689315,3.7126565261469135,4.092003607680116,8.259722520046918,5.3483067,5.39703539602733,4.290623718247037,2.7109668645681744,4.65744350816704
2026-06-10,ITA US 10/16/26 C230 Equity,2026-06-17,22.9,13.45,12.620584364793926,13.45,12.620584364793926,9.914604919287825,10.314601496125883,10.73064981792076,11.290458,10.883530087397714,10.605809721172413,10.083408179109803,11.398842941292374
2026-06-10,ITA US 10/16/26 C235 Equity,2026-06-17,20.0,11.2,10.749590409555324,11.2,10.749590409555324,8.118099296793254,8.338992508001933,9.80973348151772,9.258981,8.535165625502417,8.45704067383738,7.453879521620763,9.030012471936328
2026-06-10,ITA US 07/17/26 C250 Equity,2026-06-17,4.7,1.225,0.8167560570837301,1.225,0.8167560570837301,-0.7605547034136944,-1.4142874004881527,2.6048905289758797,2.3097088,2.0786395715742554,2.391909239236064,4.291572408344201,-0.9988816974970489
2026-06-10,ITA US 12/18/26 C245 Equity,2026-06-17,18.25,11.0,10.088875889303822,11.0,10.088875889303822,7.754017099411173,8.337897962175393,9.810857034790871,9.894801,8.669680820229313,9.404319487355014,7.007117140479211,9.15129902367831
2026-06-10,ITA US 01/15/27 C230 Equity,2026-06-17,27.85,17.85,16.549612959791332,17.85,16.549612959791332,13.270130522760013,13.912117347704005,16.080925953974397,15.624798,14.438292989576032,15.124934043174587,14.299785246763534,15.624048286369648
2026-06-10,ITA US 12/18/26 C230 Equity,2026-06-17,26.4,16.55,15.43570217648655,16.55,15.43570217648655,12.15116560453274,12.92320586803701,15.452078647329616,15.055056,15.125888176773156,14.166555084209289,14.050436554205582,14.498842941292377
2026-06-10,ITA US 01/15/27 C250 Equity,2026-06-17,16.95,10.9,9.851290809760748,10.9,9.851290809760748,7.142060752029892,7.685496869724447,9.773689051115246,9.5402565,8.402864530819356,8.61637904309981,6.211294155055326,8.75322670439098
2026-06-10,ITA US 10/16/26 C245 Equity,2026-06-17,14.5,7.7,7.202492323726973,7.7,7.202492323726973,5.336693066093391,5.521689298720211,8.475229072614022,5.725077,5.7370949831892375,5.551670533506446,5.468234417600741,5.912985745188735
2026-06-10,ITA US 12/18/26 C235 Equity,2026-06-17,23.4,14.600000000000001,13.555400996943735,14.600000000000001,13.555400996943735,10.430041899753494,11.06206183414175,11.543105861964394,13.085167,12.484748839722926,12.646238572732942,10.56323652961526,12.47542874566642
2026-06-10,ITA US 12/18/26 C250 Equity,2026-06-17,16.0,9.65,8.6820271093714,9.65,8.6820271093714,5.93423348398792,6.538588965141001,9.691694097247009,9.03187,8.241071572792656,8.590722625541655,7.165923944781546,7.719130229677463
2026-06-11,ITA US 10/16/26 C230 Equity,2026-06-18,19.95,18.4,18.6045881564837,18.4,18.6045881564837,16.086416793334564,15.983375453074071,16.173912511519816,14.815018,15.455834894024997,16.878266164535265,17.507220943571816,16.26422366472317
2026-06-11,ITA US 01/15/27 C240 Equity,2026-06-18,20.15,18.200000000000003,18.426328111703086,18.200000000000003,18.426328111703086,15.083974888609038,15.735054091232865,16.157035516172012,17.246964,17.19715834113503,16.7472639672821,19.964946679171685,16.073079588547085
2026-06-11,ITA US 10/16/26 C240 Equity,2026-06-18,14.6,13.05,13.236698477424449,13.05,13.236698477424449,10.856030642067887,11.132061356350171,10.736530309958424,11.1916065,11.58765120828229,12.101740315171513,16.401828913477804,10.935369529983864
2026-06-11,ITA US 01/15/27 C230 Equity,2026-06-18,25.2,23.35,23.750372129188325,23.35,23.750372129188325,19.909902162232143,20.04232972185534,21.397635061893993,20.4125,20.780321347336393,21.64506397548753,20.59792483503774,21.060006860947112
2026-06-11,ITA US 12/18/26 C235 Equity,2026-06-18,21.1,19.4,19.533803699861636,19.4,19.533803699861636,16.08400212636812,16.17827888671539,16.834710689355735,17.7681,18.245605375256023,17.833048592533924,20.997642061919723,17.22501765676532
2026-06-11,ITA US 12/18/26 C230 Equity,2026-06-18,23.8,21.9,22.193159456037684,21.9,22.193159456037684,18.60006584491774,18.82089607017305,17.91397522923046,19.216242,18.516056527524434,20.453015435196313,19.903016777407796,19.651115731310863
2026-06-11,ITA US 10/16/26 C235 Equity,2026-06-18,17.450000000000003,15.5,15.899203911491915,15.5,15.899203911491915,13.554396065283742,13.173640087070416,13.770118894795095,12.774239,14.544402006083534,14.446382832016974,17.753505718430763,13.325017656765322
2026-06-11,ITA US 12/18/26 C240 Equity,2026-06-18,18.4,16.85,16.92948691565915,16.85,16.92948691565915,13.371372084587154,14.16010987928309,15.928870412451442,15.719965,14.866881659423596,16.84190201798288,20.575410450808842,14.78679074188575
2026-06-11,ITA US 10/16/26 C250 Equity,2026-06-18,10.65,9.100000000000001,9.175730051505552,9.100000000000001,9.175730051505552,7.3616721792203075,7.991995290975145,9.731664598362462,8.344471,8.857727820556873,9.02581057031481,12.995729586588578,7.158849423811174
2026-06-11,ITA US 10/16/26 C255 Equity,2026-06-18,9.0,7.8500000000000005,7.727568648681592,7.8500000000000005,7.727568648681592,6.5832158887298595,7.454992633759795,9.113742035062687,6.0733185,5.688813375418432,6.914272137943965,11.245782699235026,6.135379889532465
2026-06-11,ITA US 12/18/26 C245 Equity,2026-06-18,16.55,14.600000000000001,14.618751093307418,14.600000000000001,14.618751093307418,12.10956340779749,12.897638509788232,11.615338459124937,12.89932,12.781268881558885,14.369501894694125,16.836965955566857,12.655784357079138
2026-06-11,ITA US 01/15/27 C245 Equity,2026-06-18,17.85,15.85,16.00976426193148,15.85,16.00976426193148,12.898601353612964,13.69495571603314,14.797423341144947,13.982813,15.187050310263848,14.888114228037285,18.287671980638475,13.80298876520496
2026-06-11,ITA US 10/16/26 C245 Equity,2026-06-18,12.65,11.05,11.167525819403352,11.05,11.167525819403352,9.159086440692356,9.781751920951177,9.850827535906323,9.128683,8.565891289195674,9.946342735117979,14.52175455617592,9.074940996323926
2026-06-11,ITA US 01/15/27 C235 Equity,2026-06-18,22.55,20.549999999999997,20.83636645341433,20.549999999999997,20.83636645341433,16.91930068622164,17.03925254363409,16.864166998321995,18.822357,19.73863554164467,18.776782939008683,23.22182992218952,18.344174296010106
2026-06-11,ITA US 01/15/27 C250 Equity,2026-06-18,15.85,14.05,13.926637852779573,14.05,13.926637852779573,11.794786454563564,12.46575676339828,11.02670205495975,12.856986,14.141469646732139,13.273756437241957,16.35093911638486,12.139692784566385
2026-06-11,ITA US 12/18/26 C250 Equity,2026-06-18,14.25,12.7,12.650092025314283,12.7,12.650092025314283,10.170056564052825,11.08249913828686,10.62885240304221,11.981446,11.118008351683102,12.4435495267598,16.093032598605188,10.820536145321595
2026-06-12,ITA US 10/16/26 C240 Equity,2026-06-22,12.75,12.75,12.298829369252395,12.75,12.298829369252395,11.532684786574187,10.355772345028054,10.540870416451089,11.392899,9.99860176655722,10.91654672066076,6.701458650501842,10.782880888028435
2026-06-12,ITA US 10/16/26 C255 Equity,2026-06-22,7.45,7.699999999999999,7.159857994622131,7.699999999999999,7.159857994622131,7.150487237906052,6.170842846911087,8.475229072614022,5.2025695,5.004935616348664,6.526527811615517,4.005640568652786,5.970873707127665
2026-06-12,ITA US 12/18/26 C235 Equity,2026-06-22,18.95,18.45,17.872919221712536,18.45,17.872919221712536,15.907420747408231,15.010222589242625,16.211732692034463,17.07946,17.0922025911053,16.62804047733964,15.507138808986257,16.509703703042597
2026-06-12,ITA US 12/18/26 C250 Equity,2026-06-22,12.45,12.35,11.559922290700214,12.35,11.559922290700214,10.269833702301453,9.629663275087655,10.17697789926024,11.171585,10.32232393725248,10.859289320570964,6.363872147665453,10.456604618437293
2026-06-12,ITA US 10/16/26 C250 Equity,2026-06-22,9.1,9.25,8.694039180466342,9.25,8.694039180466342,8.23522604264125,7.293376712430391,9.675944707816429,8.510948,7.69670984984648,8.346633528552182,4.203180517604497,7.43456178772804
2026-06-12,ITA US 10/16/26 C230 Equity,2026-06-22,18.05,17.4,16.982629897250675,17.4,16.982629897250675,15.737683765609061,14.200321697773212,15.94679478914358,15.580974,13.33539682147943,15.618249609050658,10.956540054152542,15.283683970902313
2026-06-12,ITA US 10/16/26 C235 Equity,2026-06-22,14.95,14.850000000000001,14.414545512191465,14.850000000000001,14.414545512191465,13.117193998210977,11.79987783143241,12.43474355080147,12.2261505,11.366432814821767,12.812487627869976,11.448581883102666,12.848016981532165
2026-06-12,ITA US 12/18/26 C240 Equity,2026-06-22,16.75,16.3,15.5961549820754,16.3,15.5961549820754,13.849226009868719,13.117198661203775,15.331659907188795,14.71424,15.501534539937486,15.562101656450107,12.382199191835808,14.409140522513749
2026-06-12,ITA US 01/15/27 C250 Equity,2026-06-22,14.1,13.350000000000001,12.662890392726444,13.350000000000001,12.662890392726444,12.188050284294071,11.34208173787287,10.746399207351342,11.434876,10.876520392440225,11.614991276388492,8.01797369094898,11.641664782968565
2026-06-12,ITA US 10/16/26 C245 Equity,2026-06-22,10.8,10.75,10.29424208265998,10.75,10.29424208265998,9.575928278335642,8.490258668409645,9.757939661684667,9.535547,8.18740177229053,9.055789935567216,5.8540248945512925,8.843872152944561
2026-06-12,ITA US 12/18/26 C230 Equity,2026-06-22,21.4,21.05,20.34854501626336,21.05,20.34854501626336,18.475159344284577,17.320673393944773,16.960946724597196,18.370699,17.379845806588012,17.824641142267932,15.189422608632926,18.964527331657536
2026-06-12,ITA US 01/15/27 C245 Equity,2026-06-22,15.75,15.3,14.67818081155213,15.3,14.67818081155213,13.41384413055576,12.605475548674697,13.699581937002261,13.06446,12.98945032257636,14.13644349038544,10.624262239896735,13.486402235210205
2026-06-12,ITA US 01/15/27 C240 Equity,2026-06-22,18.05,17.5,16.738177541925833,17.5,16.738177541925833,15.15984783393915,14.415950244110013,15.955158877997691,15.397996,15.103970765947711,15.94786178250381,12.703350884931444,15.547453801003323
2026-06-15,ITA US 10/16/26 C235 Equity,2026-06-23,14.9,16.549999999999997,15.419608420406798,16.549999999999997,15.419608420406798,13.589991211578456,13.006352911186589,15.390320600446724,11.019863,11.754183485115268,10.441035867226969,12.370398248862026,14.071177158754548
2026-06-15,ITA US 10/16/26 C240 Equity,2026-06-23,12.45,14.350000000000001,13.451033589079223,14.350000000000001,13.451033589079223,10.994152094791364,10.76033101787238,11.381105711769468,8.529929,9.088151761490028,8.248316981584615,11.17936838109834,11.7571738223261
2026-06-15,ITA US 10/16/26 C245 Equity,2026-06-23,10.25,11.850000000000001,10.78300005079104,11.850000000000001,10.78300005079104,8.777858539260246,8.645391008364639,9.99836531609312,7.581143,7.9403784028535505,6.595078995624719,10.060639021685851,9.33543515546735
2026-06-15,ITA US 01/15/27 C250 Equity,2026-06-23,14.15,15.0,13.782876277788876,15.0,13.782876277788876,12.104948594357444,12.396614868634735,13.144742636203299,9.832496,11.532904758767977,9.90864377771218,10.743700577671628,12.900090946404825
2026-06-15,ITA US 12/18/26 C250 Equity,2026-06-23,11.75,12.75,12.157152856385947,12.75,12.157152856385947,9.463730480263266,9.51965843214664,10.597901635254496,9.667382,9.655880481655648,7.678460191092311,9.306936146973445,10.187440535076648
2026-06-15,ITA US 12/18/26 C235 Equity,2026-06-23,18.950000000000003,20.700000000000003,19.282291772546774,20.700000000000003,19.282291772546774,16.237033465562863,16.122245490954157,16.810304376283227,13.966342,15.432173744215298,14.316751663299746,15.472419460500298,18.066960354978495
2026-06-15,ITA US 01/15/27 C245 Equity,2026-06-23,16.05,17.15,15.905591412271994,17.15,15.905591412271994,12.793682122966587,13.138253549442744,15.851428102572203,11.100075,11.95768477652509,11.841152616555139,13.105162499762145,14.635435155467345
2026-06-15,ITA US 10/16/26 C230 Equity,2026-06-23,17.5,19.4,18.469674493755175,19.4,18.469674493755175,16.901275770500384,16.45378800268383,16.744076972003477,13.009966,13.150833778754835,14.607453316244417,13.327754260247378,16.908035241173465
2026-06-15,ITA US 12/18/26 C240 Equity,2026-06-23,16.2,18.049999999999997,16.791034662241074,18.049999999999997,16.791034662241074,13.960938306163627,14.272624035028672,16.072014233083454,12.612952,12.872350124177702,12.521953901357314,15.626358871063646,15.827294151388637
2026-06-15,ITA US 10/16/26 C255 Equity,2026-06-23,7.05,7.8,6.907782090278549,7.8,6.907782090278549,5.5193575458603465,5.358363993556807,9.082793906440283,4.5942893,4.818139041119655,4.05677400366905,6.472861081301517,5.217571462093074
2026-06-15,ITA US 12/18/26 C230 Equity,2026-06-23,21.6,23.1,21.696540350681015,23.1,21.696540350681015,18.692630782527992,18.701166385876412,21.204396992675253,16.314718,16.710977510100378,17.43946616308786,17.548882295955735,20.557177891346587
2026-06-15,ITA US 10/16/26 C250 Equity,2026-06-23,8.5,10.0,9.149991574608205,10.0,9.149991574608205,7.314573674468557,7.2578679297239095,9.747211718920456,7.163912,7.451595406512026,6.095550818550856,6.472920328321747,7.416862683929979
2026-06-15,ITA US 01/15/27 C240 Equity,2026-06-23,18.25,19.65,18.46413161065541,19.65,18.46413161065541,15.572504819557764,15.891281395253452,16.751497166085432,13.066791,13.840670710982186,14.082692007909325,15.44457623558605,17.274774882418033
2026-06-16,ITA US 01/15/27 C240 Equity,2026-06-24,18.15,20.1,19.30560117878653,20.1,19.30560117878653,15.483881284741946,15.630410607654827,16.775893943910802,14.620685,14.609538964228607,14.585249677065583,15.44189222465803,16.995557660315505
2026-06-16,ITA US 12/18/26 C245 Equity,2026-06-24,14.75,16.25,15.43538120666642,16.25,15.43538120666642,12.112451741751475,12.005560123400041,15.255712082115966,10.946594,11.087611729502267,12.043457640738108,10.296685891925856,13.13187594591216
2026-06-16,ITA US 12/18/26 C235 Equity,2026-06-24,19.15,21.4,20.32644056255392,21.4,20.32644056255392,16.75242181523295,16.556158539826924,17.408742632347593,16.186062,15.235190762460636,15.396366235194131,14.795262933811843,18.151936586171782
2026-06-16,ITA US 01/15/27 C235 Equity,2026-06-24,20.65,22.7,21.792571362062994,22.7,21.792571362062994,17.802652361304887,17.678874202632336,20.943395691220584,16.714764,15.924801433716967,16.669803546518278,17.221969081850094,19.45193658617178
2026-06-16,ITA US 10/16/26 C230 Equity,2026-06-24,18.200000000000003,20.6,20.068296722578793,20.6,20.068296722578793,16.882576556356746,16.545689005985658,16.780486375816274,14.313651,11.573996873925083,15.543895540551762,15.623764047882654,17.373823838591296
2026-06-16,ITA US 12/18/26 C230 Equity,2026-06-24,21.85,24.35,23.603653498926388,24.35,23.603653498926388,19.168816224954277,19.14207326930271,22.58743278086028,19.715223,18.001606398754834,19.413769344116368,19.33227892887549,21.03129375632566
2026-06-16,ITA US 10/16/26 C245 Equity,2026-06-24,10.45,12.65,12.046951405002,12.65,12.046951405002,8.74204359669728,8.458212850711362,10.533356963790213,8.76399,8.514247819993491,8.537805814435727,7.12375461501402,9.292694387258546
2026-06-16,ITA US 10/16/26 C240 Equity,2026-06-24,13.15,14.95,14.367764591662223,14.95,14.367764591662223,11.412819706603536,10.923128428265969,13.089115828268127,10.4845495,10.101570590853074,9.843365722686045,10.17581522633606,11.818974870997046
2026-06-16,ITA US 10/16/26 C250 Equity,2026-06-24,9.2,10.350000000000001,9.79998102810307,10.350000000000001,9.79998102810307,6.995425041205905,6.6258576632515345,9.744003051193989,7.8634877,7.1582725842042745,6.848816604243802,6.416083263730575,7.16817443107333
2026-06-16,ITA US 10/16/26 C235 Equity,2026-06-24,15.1,17.4,16.63723734696819,17.4,16.63723734696819,13.473241170738111,12.933441526085163,15.88441443063775,14.106275,11.667464589317175,12.623580521747119,11.137147911846748,14.13566613839145
2026-06-16,ITA US 12/18/26 C250 Equity,2026-06-24,12.6,14.100000000000001,13.401227894630651,14.100000000000001,13.401227894630651,10.336660131282994,10.342344485995666,11.261043312768011,10.114988,9.266033637790896,9.313733817588936,8.359260844521923,11.103187763675017
2026-06-16,ITA US 01/15/27 C230 Equity,2026-06-24,23.45,25.9,25.15057052393469,25.9,25.15057052393469,20.234179437241515,20.114384621876773,22.8150982125521,19.7967,18.786411647766336,20.116609475638572,19.837458753879165,22.303703509528752
2026-06-16,ITA US 12/18/26 C240 Equity,2026-06-24,16.85,18.75,17.940885988496063,18.75,17.940885988496063,13.295651785200196,13.481785113784612,16.44572709569366,13.537756,12.924534073711909,13.695634593328956,14.264571102405686,15.475070408759114
2026-06-16,ITA US 01/15/27 C250 Equity,2026-06-24,14.0,15.65,14.834225611283088,15.65,14.834225611283088,12.155299499443228,12.261467844763086,14.113456166199505,12.296346,12.62012392978397,11.416805189248922,10.996329250437128,12.83829476013587
2026-06-16,ITA US 10/16/26 C255 Equity,2026-06-24,7.550000000000001,9.0,8.348865419113052,9.0,8.348865419113052,5.690941856707043,5.469881170835247,9.675944707816429,7.2585225,6.035845994359983,6.146437901917212,3.7972109774177802,5.699309143438843
2026-06-16,ITA US 01/15/27 C245 Equity,2026-06-24,16.0,17.7,16.91026189928667,17.7,16.91026189928667,12.942419693645013,12.975533992613181,15.935134183168937,12.351286,12.26792235862068,13.413071793516323,12.572375839957466,14.534762137376612
2026-06-17,ITA US 01/15/27 C250 Equity,2026-06-25,15.25,16.95,15.799010844228672,16.95,15.799010844228672,10.813827266815856,11.396363213774972,15.858767698176381,12.339475,13.032681380911045,13.319479778507405,10.906215642862282,12.582837987304803
2026-06-17,ITA US 01/15/27 C245 Equity,2026-06-25,17.4,19.55,18.463416160880104,19.55,18.463416160880104,13.178928713161177,13.784922438638604,16.7437748103162,14.26288,14.293073658188224,14.466261204010829,14.053338149349749,15.428030230022227
2026-06-17,ITA US 12/18/26 C235 Equity,2026-06-25,21.6,23.4,22.574929148700164,23.4,22.574929148700164,16.751943597472206,17.08241135279283,21.40513420669587,17.03222,17.64372150719868,18.22162888990679,16.630402116832855,18.937345453066822
2026-06-17,ITA US 10/16/26 C250 Equity,2026-06-25,10.2,12.25,11.551499466335292,12.25,11.551499466335292,7.2033868787012985,7.396016216639134,10.135230083605101,8.228886,8.269788837026383,8.41698574888558,7.769830245706311,8.129584873346497
2026-06-17,ITA US 12/18/26 C245 Equity,2026-06-25,16.25,18.25,17.164513822277947,18.25,17.164513822277947,11.59179366300354,12.195843453408672,16.093966495221263,12.620978,12.164326887946837,12.858900193556359,11.773921532023348,13.929399799931089
2026-06-17,ITA US 01/15/27 C235 Equity,2026-06-25,22.5,24.75,23.8114957154664,24.75,23.8114957154664,18.309818806000365,18.75569841038535,22.663168544395358,18.86774,18.033795720839812,19.83476732011835,18.348600568028065,20.462093276059964
2026-06-17,ITA US 12/18/26 C240 Equity,2026-06-25,18.65,20.7,19.695001518053147,20.7,19.695001518053147,13.947938052041403,14.092670078886233,16.780486375816274,14.231383,14.38312661774846,14.44361955311946,14.609509469197155,16.320223809848578
2026-06-17,ITA US 01/15/27 C230 Equity,2026-06-25,25.85,27.85,26.688885190209287,27.85,26.688885190209287,21.138804324500818,21.43371523858457,26.390339255816226,22.298092,22.86708243155459,22.027083676157687,21.6706359125327,23.45536146621479
2026-06-17,ITA US 12/18/26 C230 Equity,2026-06-25,24.55,26.4,25.27614175607933,26.4,25.27614175607933,19.385432690313692,19.845869593367368,22.806004106439524,19.21101,19.932498949707323,20.17208138753186,20.21427421014048,21.91283138394915
2026-06-17,ITA US 10/16/26 C255 Equity,2026-06-25,8.55,10.15,9.486693253174534,10.15,9.486693253174534,6.498947733721764,6.558476964512519,9.70647411810608,7.4865017,6.871239947749313,7.047622546707006,4.297140402498499,6.1241535210702756
2026-06-17,ITA US 10/16/26 C245 Equity,2026-06-25,12.55,14.5,13.779678862069494,14.5,13.779678862069494,9.34537032439166,9.459705144322825,11.535818904689899,9.809292,9.721861102716403,10.27397893964224,9.551180706172438,10.288200329977057
2026-06-17,ITA US 10/16/26 C240 Equity,2026-06-25,14.75,16.799999999999997,16.145403507107112,16.799999999999997,16.145403507107112,11.401579446830834,11.106923701201945,15.858767698176381,12.961252,11.680684645534342,12.12630316286771,10.389592872820174,12.358537088338151
2026-06-17,ITA US 10/16/26 C235 Equity,2026-06-25,17.5,20.0,19.232364130140503,20.0,19.232364130140503,14.261389300161712,14.218524516282711,16.77390673971213,15.229457,14.29025370379467,15.590856605755329,13.988548117603258,15.660718896087669
2026-06-17,ITA US 10/16/26 C230 Equity,2026-06-25,20.7,22.9,22.17326049526316,22.9,22.17326049526316,17.28431562417272,17.379115697792027,20.943395691220584,17.60358,15.158492198163042,17.64655232020213,15.827734518549555,18.386657490959944
2026-06-17,ITA US 01/15/27 C240 Equity,2026-06-25,20.0,22.2,21.137534107407195,22.2,21.137534107407195,15.903788736444945,16.181173822255463,18.112570248231755,15.874567,16.22552639687037,15.43885969701956,15.290329753667859,17.905746306527412
2026-06-17,ITA US 12/18/26 C250 Equity,2026-06-25,13.95,16.0,14.929537434468594,16.0,14.929537434468594,10.592642639816795,11.379376032558543,15.105480208588176,9.51038,10.659482852971541,11.143649257434731,10.70925125997842,12.003809335075005
