date,contract,target_date,target_t1,naive_forecast,crr_forecast,pred_naive_random_walk,pred_crr_binomial_roll-down,pred_ols,pred_ridge,pred_randomforest,pred_xgboost,pred_lightgbm,pred_catboost,pred_mlp,pred_elasticnet_delta
2026-05-07,ITA US 10/16/26 C240 Equity,2026-05-14,8.85,9.1,8.6077786781927,9.1,8.6077786781927,12.926779419799944,11.558720288357712,10.982699694867247,11.53018,9.864576360507042,9.979624233063944,8.38600330525302,11.100628886631714
2026-05-07,ITA US 12/18/26 C245 Equity,2026-05-14,10.35,10.3,9.443326732105538,10.3,9.443326732105538,15.016598867738727,13.239710451618583,11.52209067924716,11.877996,11.323683038661503,11.123764604081785,10.600426631675182,12.394971767919033
2026-05-07,ITA US 10/16/26 C235 Equity,2026-05-14,10.600000000000001,11.0,10.466482480968457,11.0,10.466482480968457,14.907077332975224,13.465618330282311,13.091956191946922,13.873787,11.74748894592189,11.522679823863836,10.754389279101362,12.989729291960984
2026-05-07,ITA US 01/15/27 C230 Equity,2026-05-14,17.6,16.9,15.919735841824412,16.9,15.919735841824412,20.347916553700117,19.17425856608216,19.4591907373805,20.477554,19.15744058634513,19.122360151631444,19.68703564801834,18.879510459899635
2026-05-07,ITA US 07/17/26 C230 Equity,2026-05-14,6.949999999999999,7.25,6.772733954347176,7.25,6.772733954347176,10.335369664459785,10.017178485122031,8.55634083475939,7.2052007,7.481116466636257,8.791349991970968,9.594685424301263,9.224766040626395
2026-05-07,ITA US 10/16/26 C250 Equity,2026-05-14,6.65,6.35,5.87887409868966,6.35,5.87887409868966,10.955792103104109,9.146385437347288,6.25981661596115,7.1830525,7.3486677411919885,6.551590777028721,6.128125510397317,8.43897547484837
2026-05-07,ITA US 01/15/27 C245 Equity,2026-05-14,11.3,11.25,10.33437473142885,11.25,10.33437473142885,15.578969651713606,13.997803318288902,13.076722811739458,13.409968,12.405219773801742,12.341573079985777,11.515153676592037,13.253967826429363
2026-05-07,ITA US 12/18/26 C230 Equity,2026-05-14,16.3,15.649999999999999,14.65745751833275,15.649999999999999,14.65745751833275,18.88063397364962,17.840689599307147,18.153493988416304,18.95911,17.975134787420558,16.49746971580491,18.27627269201947,17.52472205061132
2026-05-07,ITA US 10/16/26 C245 Equity,2026-05-14,7.35,7.55,7.049054485276237,7.55,7.049054485276237,11.449446479060494,9.906001692563697,8.553544673686394,8.119254,8.050567658083878,7.716880671822799,6.7494877110571645,9.506881086764603
2026-05-07,ITA US 01/15/27 C235 Equity,2026-05-14,15.399999999999999,14.8,13.836680954985011,14.8,13.836680954985011,18.70878864257434,17.266409738903477,16.612898968965816,17.26667,16.665953538282423,16.03100128028738,17.04913661560281,16.797549401596637
2026-05-07,ITA US 12/18/26 C235 Equity,2026-05-14,14.0,13.6,12.634247865100308,13.6,12.634247865100308,17.308986180013406,15.9318088361725,15.158921383465477,15.386587,14.686876981301696,14.258090928946991,14.520629599402247,15.41495285468755
2026-05-07,ITA US 10/16/26 C230 Equity,2026-05-14,12.85,12.75,12.384772176856856,12.75,12.384772176856856,16.069594439623188,15.07515479075293,14.644041611513355,15.101702,13.632319604653716,13.533131953235998,14.584756806524924,14.733859989490753
2026-05-07,ITA US 01/15/27 C240 Equity,2026-05-14,13.3,12.85,12.065620296343155,12.85,12.065620296343155,17.240627867347687,15.739627074320957,14.5761966614958,14.936595,14.619191871267978,14.256798259154504,14.008909152588592,14.898451538982659
2026-05-07,ITA US 12/18/26 C250 Equity,2026-05-14,8.600000000000001,8.7,7.9113614335302715,8.7,7.9113614335302715,12.954029789324345,11.478117175980396,10.275987579096576,10.879256,9.558885988947097,9.149158200317764,8.82962824012065,10.639924456190863
2026-05-07,ITA US 12/18/26 C240 Equity,2026-05-14,12.75,12.0,11.070441103146244,12.0,11.070441103146244,15.732888143913113,14.193247742396583,13.405032465511713,13.8426,12.696713123175895,12.374164043090794,12.680064580577264,13.897451726310221
2026-05-07,ITA US 10/16/26 C255 Equity,2026-05-14,5.3,5.3,5.110445419282524,5.3,5.110445419282524,9.645243675511152,8.245768760135496,5.647000948816748,5.7777314,5.463912380838928,5.176637032486292,4.666452018332817,7.5497159059011425
2026-05-07,ITA US 01/15/27 C250 Equity,2026-05-14,10.0,10.05,9.301772946233449,10.05,9.301772946233449,15.175951428746611,13.462261235111093,11.554627773945853,11.4490795,10.980631034331594,10.799785443257854,10.23839835909161,12.240422025110796
2026-05-07,ITA US 07/17/26 C250 Equity,2026-05-14,2.1500000000000004,2.1,1.8183916104115372,2.1,1.8183916104115372,6.456618691660028,4.814693755277542,2.2753420331131404,2.2235801,1.9687176054527853,3.1071081736259725,3.1268900216279847,4.102473761135407
2026-05-08,ITA US 01/15/27 C230 Equity,2026-05-15,14.35,17.25,16.39177367285835,17.25,16.39177367285835,20.09666698755877,19.39162303378182,19.690505523976377,21.07053,19.70529663576501,19.559741031702686,20.94264431638598,19.36925453420619
2026-05-08,ITA US 07/17/26 C250 Equity,2026-05-15,0.875,2.4749999999999996,2.1947018265168103,2.4749999999999996,2.1947018265168103,7.344342437791543,6.012926929984752,2.4961072897178926,2.1206167,2.291307240556452,3.5523604716469883,4.266521967825996,5.138705998974538
2026-05-08,ITA US 12/18/26 C250 Equity,2026-05-15,6.6,8.85,8.074337550864456,8.85,8.074337550864456,12.746951223827303,11.626080666310887,13.10749440069978,13.178162,12.78140064887147,10.352604196472571,9.680338528223807,11.015920245608296
2026-05-08,ITA US 07/17/26 C230 Equity,2026-05-15,3.95,7.0,6.578986436597179,7.0,6.578986436597179,9.956836572423587,9.692320423876659,10.254969389579621,7.977894,9.435417550685138,8.691121749449174,10.687714627745564,8.854000003539293
2026-05-08,ITA US 12/18/26 C235 Equity,2026-05-15,11.75,14.2,13.253359234690057,14.2,13.253359234690057,17.80179960668686,16.699917782295632,17.147468441313347,18.374641,17.29258420259418,15.944999499869919,16.652751591538813,16.372258392358006
2026-05-08,ITA US 10/16/26 C245 Equity,2026-05-15,4.65,7.6499999999999995,7.158213208230791,7.6499999999999995,7.158213208230791,12.004270502524376,10.625740542912968,10.408448961892606,8.6434765,12.051375754586637,9.404933840502366,8.638380294048433,9.984770376308521
2026-05-08,ITA US 12/18/26 C230 Equity,2026-05-15,13.4,16.2,15.276014067908243,16.2,15.276014067908243,18.687652649246928,18.08126470830588,19.2571327163563,20.237774,18.436402135679213,17.814028332287744,19.78773161887516,18.371417386020195
2026-05-08,ITA US 01/15/27 C240 Equity,2026-05-15,10.85,13.4,12.538313660247198,13.4,12.538313660247198,17.426624541098484,16.078143015361412,16.25112311926505,17.078695,15.915395733227761,15.040747590159063,14.930853756960348,15.586297791508258
2026-05-08,ITA US 12/18/26 C240 Equity,2026-05-15,10.25,12.25,11.364204315769651,12.25,11.364204315769651,16.287903034797758,14.952749720205825,15.830401234547429,16.653158,15.572295389469385,13.596286202994266,14.059539454044375,14.517063029310126
2026-05-08,ITA US 10/16/26 C230 Equity,2026-05-15,9.149999999999999,12.8,12.23225049026308,12.8,12.23225049026308,15.965703406591476,15.198109567398188,16.133265859684055,17.671059,15.881194923561688,14.392524443943415,15.861869617485874,14.959027571638925
2026-05-08,ITA US 12/18/26 C245 Equity,2026-05-15,8.15,10.2,9.3325827688241,10.2,9.3325827688241,14.433482096688003,13.128205638374729,14.0330852364654,14.583254,13.529714877549784,12.239896259091536,11.534195658296499,12.26879311719434
2026-05-08,ITA US 01/15/27 C235 Equity,2026-05-15,12.5,15.0,14.19005139552139,15.0,14.19005139552139,18.32882718267267,17.409104646637676,17.811050430331985,19.944654,17.946651072724386,17.059844437880702,18.10089599739898,17.147868287693523
2026-05-08,ITA US 01/15/27 C245 Equity,2026-05-15,9.399999999999999,11.5,10.778884378075752,11.5,10.778884378075752,15.597294391287107,14.411547731132488,15.23417074769365,15.456923,15.054943839603787,13.336212362005114,12.434360288650574,13.718924080817805
2026-05-08,ITA US 10/16/26 C240 Equity,2026-05-15,6.45,9.2,8.735856307969565,9.2,8.735856307969565,13.29672515103843,11.851703873374072,13.578995058385473,14.288955,13.113330663773409,10.85422236463173,10.27217960828831,11.257403138509002
2026-05-08,ITA US 10/16/26 C235 Equity,2026-05-15,7.6,10.8,10.262521943062703,10.8,10.262521943062703,14.974007431428799,13.797189827650728,14.338943493459437,15.761114,13.888961505797475,13.016785389962063,13.0022446236108,12.992428411709334
2026-05-08,ITA US 01/15/27 C250 Equity,2026-05-15,8.2,10.05,9.251950237645952,10.05,9.251950237645952,14.720900743906258,13.42569695595842,13.957722208118,13.98662,13.573916413658608,11.73955813115135,11.052085676969767,12.415217556683414
2026-05-08,ITA US 10/16/26 C250 Equity,2026-05-15,3.7,6.4,6.044018427410096,6.4,6.044018427410096,11.109172957041864,9.533017215835617,8.090728468481307,8.470052,10.099192696228135,7.632383518437883,7.271765945667547,8.617349359692094
2026-05-08,ITA US 10/16/26 C255 Equity,2026-05-15,3.0,5.25,4.847896160647052,5.25,4.847896160647052,10.168450210093344,8.636445736608382,6.069392612481644,6.2789574,6.625146811564785,6.839985188096902,6.00994410816751,7.786368164160067
2026-05-11,ITA US 01/15/27 C240 Equity,2026-05-18,11.4,13.75,13.169764235124209,13.75,13.169764235124209,17.169442810314717,16.296542760781286,16.40003151855469,17.600946,15.87737121486754,15.378759093644828,15.418195275627399,15.245386266856087
2026-05-11,ITA US 10/16/26 C245 Equity,2026-05-18,6.0,8.05,7.7031017551525975,8.05,7.7031017551525975,11.267037575716962,10.29771325303195,12.023626317973601,12.498154,11.59961122675567,9.608410352777039,8.530771097847644,9.6109485804719
2026-05-11,ITA US 01/15/27 C235 Equity,2026-05-18,13.15,16.0,15.419431377493831,16.0,15.419431377493831,18.286177043046628,17.58219752452836,19.047516704941586,20.712463,19.000696733148907,17.866435606360213,18.070232139442474,17.422925422509635
2026-05-11,ITA US 01/15/27 C250 Equity,2026-05-18,8.6,10.45,9.89171912240228,10.45,9.89171912240228,13.97926028717491,12.994194828708972,14.159123848049354,14.360188,13.929642023329473,12.039855503055486,10.41724850373904,11.9710547403516
2026-05-11,ITA US 10/16/26 C230 Equity,2026-05-18,10.2,13.75,13.527603695614502,13.75,13.527603695614502,15.540372988095209,15.439879413604016,16.529982251838348,18.295471,16.472704534442183,15.709136440495392,16.643192746341633,15.190958242760596
2026-05-11,ITA US 01/15/27 C230 Equity,2026-05-18,15.0,18.3,17.717832577921154,18.3,17.717832577921154,20.172849161208603,19.7383363457142,19.927958846852093,21.52877,20.423690255853096,20.609134833307046,20.695068831190188,19.755355007913018
2026-05-11,ITA US 12/18/26 C235 Equity,2026-05-18,12.05,14.8,14.283145565346597,14.8,14.283145565346597,17.48387204994713,16.864545615358853,17.579247338396204,19.510881,18.263204149263125,16.769137731444054,16.608103894328206,16.35829659711735
2026-05-11,ITA US 10/16/26 C235 Equity,2026-05-18,8.399999999999999,11.55,11.311869613450071,11.55,11.311869613450071,14.089668632733524,13.570604522162778,15.335238824555763,16.25883,14.846679922801323,13.252345259234836,12.664447301744776,13.049436712574462
2026-05-11,ITA US 12/18/26 C230 Equity,2026-05-18,14.05,17.1,16.6806009972062,17.1,16.6806009972062,18.878109441063117,18.608746862359595,19.777903436663852,21.575384,19.824564333739968,19.81211807043333,19.658026992773483,18.683599502802807
2026-05-11,ITA US 12/18/26 C250 Equity,2026-05-18,7.3,9.350000000000001,8.822161113924373,9.350000000000001,8.822161113924373,12.233883549477692,11.33603664756228,13.759050624711863,13.708844,12.960598976969964,11.062118571396423,9.90373243236528,10.7667020297072
2026-05-11,ITA US 10/16/26 C250 Equity,2026-05-18,4.65,6.35,6.109883490585929,6.35,6.109883490585929,9.824675777392628,8.808522568883111,6.826881123206536,8.720873,7.389678636253682,8.008977370759876,7.485079345194561,7.941314358701744
2026-05-11,ITA US 12/18/26 C240 Equity,2026-05-18,10.399999999999999,12.850000000000001,12.375117218442965,12.850000000000001,12.375117218442965,15.851410767351599,14.974051220438014,16.239278178192173,16.735586,15.431808338712495,14.06956394805512,14.150849396126347,14.437223340491345
2026-05-11,ITA US 07/17/26 C250 Equity,2026-05-18,1.625,2.375,2.0273566566419357,2.375,2.0273566566419357,6.259515822137767,4.8566597608609126,2.3827532150860553,2.6345267,2.253006692639494,4.145240061453029,4.718286051425065,3.9008347389398406
2026-05-11,ITA US 07/17/26 C230 Equity,2026-05-18,4.85,7.5,6.982352536187664,7.5,6.982352536187664,8.317026637790025,8.774220104866636,10.377899775541934,8.510287,9.0740554968752,10.091151102252862,10.085659807756995,8.31177868894124
2026-05-11,ITA US 01/15/27 C245 Equity,2026-05-18,9.75,12.15,11.542435235292247,12.15,11.542435235292247,15.501727284795512,14.440181556127072,15.69170321494647,15.402265,15.052642007517356,13.380792360871055,12.970972011821896,13.654236160791156
2026-05-11,ITA US 10/16/26 C240 Equity,2026-05-18,6.75,9.55,9.30496606719968,9.55,9.30496606719968,12.916184700137087,11.964393295247376,13.82917326066379,14.332997,13.955181294259242,11.255838387525689,10.763493779247796,11.082199076427298
2026-05-11,ITA US 12/18/26 C245 Equity,2026-05-18,8.7,10.9,10.378131495339584,10.9,10.378131495339584,13.724076300385438,12.851172983698035,14.653300217164563,14.920966,14.006514587264368,12.747427088992318,11.036613037130298,12.280954739548713
2026-05-11,ITA US 10/16/26 C255 Equity,2026-05-18,3.5250000000000004,5.2,4.871219476199117,5.2,4.871219476199117,8.598635542690833,7.705964178741609,6.0254353502324385,7.3993382,6.741814220333633,6.717017610258349,5.542052994965699,6.87552349996548
2026-05-12,ITA US 10/16/26 C235 Equity,2026-05-19,7.800000000000001,10.9,10.50612774104097,10.9,10.50612774104097,11.913765901749718,11.632575653876518,10.060308585076495,12.857781,11.028283871851224,11.045234595353552,9.582422439210381,11.493749157297167
2026-05-12,ITA US 12/18/26 C240 Equity,2026-05-19,9.8,12.25,11.834830834938446,12.25,11.834830834938446,13.729241879393735,13.0721806886174,11.559776471271894,14.544911,12.231684629967933,12.2495228336338,10.635113384736771,12.921074889997445
2026-05-12,ITA US 10/16/26 C245 Equity,2026-05-19,5.75,7.3999999999999995,7.086478564920609,7.3999999999999995,7.086478564920609,8.877868443245651,8.259245550265629,7.441874420870694,9.536076,7.909195089643491,7.823228268527206,6.189264873273044,7.980725421257699
2026-05-12,ITA US 12/18/26 C245 Equity,2026-05-19,8.3,10.5,9.98406201576194,10.5,9.98406201576194,12.43755243053502,11.608183096374638,10.065827171043777,11.731071,11.292225103695179,10.763534452602112,9.168405963581739,11.11384386410463
2026-05-12,ITA US 01/15/27 C250 Equity,2026-05-19,7.65,10.05,9.599669728253279,10.05,9.599669728253279,12.101150148867351,11.336430586709364,9.946447454871743,11.357777,10.562179559120178,10.031311548139438,7.943750637648347,10.717963285838861
2026-05-12,ITA US 01/15/27 C240 Equity,2026-05-19,10.75,13.45,13.013704252438016,13.45,13.013704252438016,14.737334089502705,14.24625794647083,12.51761054082741,14.170515,12.852108835995303,13.122163810850207,12.14610809919392,14.096261532802297
2026-05-12,ITA US 12/18/26 C250 Equity,2026-05-19,6.9,8.9,8.426756926691878,8.9,8.426756926691878,10.585551586143872,9.823354329782877,8.693375519105551,11.494993,9.559451429053569,9.191414500109722,7.722075601556637,9.54448294931737
2026-05-12,ITA US 10/16/26 C240 Equity,2026-05-19,6.300000000000001,9.05,8.857562565928703,9.05,8.857562565928703,10.491940572381914,10.011912830178595,8.602615333141177,12.328104,10.266525811213894,9.581883785841068,7.676809209619672,9.687049834981558
2026-05-12,ITA US 01/15/27 C245 Equity,2026-05-19,9.4,11.65,11.191486696616101,11.65,11.191486696616101,13.559505900730517,12.803885480148884,11.01384815252008,13.211724,11.738782157055715,11.67570736567767,9.786714542411053,12.334250534408582
2026-05-12,ITA US 01/15/27 C235 Equity,2026-05-19,12.55,15.45,14.881593703538579,15.45,14.881593703538579,16.433221120791032,16.006007473610204,14.464363373746398,15.419162,15.577963627581566,14.601327178788198,14.753154247142971,16.08259349903797
2026-05-12,ITA US 07/17/26 C250 Equity,2026-05-19,1.6749999999999998,2.6,2.3455939759612607,2.6,2.3455939759612607,5.239740610748733,4.302360605962184,2.2260224581724195,2.52287,2.3902139084768526,3.0265860435980265,2.423421813781968,3.5640908539422362
2026-05-12,ITA US 12/18/26 C230 Equity,2026-05-19,13.2,16.45,16.0405507510409,16.45,16.0405507510409,16.854263242145883,16.800113314643006,15.839365937725548,16.16775,16.444678208805527,16.935797520997106,15.94788288005405,17.157949609407556
2026-05-12,ITA US 10/16/26 C230 Equity,2026-05-19,9.75,13.25,12.926660444862492,13.25,12.926660444862492,13.891676394557642,13.999167924576273,12.298386063977123,15.4573,13.103398645343212,13.451253236742252,14.035816952852326,13.865485841921402
2026-05-12,ITA US 12/18/26 C235 Equity,2026-05-19,11.1,14.3,13.88622132378409,14.3,13.88622132378409,15.258441873221456,14.874415368774024,12.96767680795821,14.763154,13.792816675521566,13.90931190722672,12.907102705202027,14.960324282113993
2026-05-12,ITA US 10/16/26 C250 Equity,2026-05-19,5.0,6.25,6.042707623634723,6.25,6.042707623634723,7.737573717854281,7.026061832830548,5.941955382833457,7.5353436,7.077096228987528,6.323107090082916,4.683204961546195,6.858439391564638
2026-05-12,ITA US 07/17/26 C230 Equity,2026-05-19,4.65,7.65,7.424599171956348,7.65,7.424599171956348,6.812110488138106,7.872135922750724,7.261635048962857,8.479333,8.483577781028252,8.860009156137096,8.395077126850648,7.909922953385281
2026-05-12,ITA US 01/15/27 C230 Equity,2026-05-19,14.4,17.55,17.136076661575842,17.55,17.136076661575842,17.996966035005936,17.95370293219571,16.63850913233857,17.433474,17.755540117552034,17.384362623045035,17.021602546606182,18.14971653729017
2026-05-12,ITA US 10/16/26 C255 Equity,2026-05-19,3.75,5.35,5.110646423737449,5.35,5.110646423737449,6.849902547767264,6.193362279240501,5.584617512392631,6.4595084,6.051067253838417,5.3157284681885635,3.8930326121986045,6.131090877747495
2026-05-13,ITA US 01/15/27 C250 Equity,2026-05-20,9.15,10.2,9.749693971766247,10.2,9.749693971766247,11.404066533335293,10.822172792948535,9.274753400182584,8.823847,9.13587816367951,9.258821783310967,6.968457308386985,10.474428372527925
2026-05-13,ITA US 10/16/26 C235 Equity,2026-05-20,9.399999999999999,10.9,10.5736684341112,10.9,10.5736684341112,10.244725655094744,10.462760908837083,9.356877303512768,9.108236,9.02928834810185,10.211185721671228,7.590068580326397,10.920622948193161
2026-05-13,ITA US 10/16/26 C240 Equity,2026-05-20,7.5,8.8,8.493571740408177,8.8,8.493571740408177,8.551413676076187,8.482517358767096,7.71442829551598,8.32882,8.029826768049361,8.038926966279185,5.459547909664461,8.782311601267539
2026-05-13,ITA US 07/17/26 C250 Equity,2026-05-20,1.875,2.925,2.658459143239388,2.925,2.658459143239388,6.408948620568651,5.256859920478281,3.2181861599202115,2.4613702,2.953151294145003,2.8370641586196257,1.0768842976987256,3.9788083678785062
2026-05-13,ITA US 10/16/26 C245 Equity,2026-05-20,6.4,7.95,7.65312520440609,7.95,7.65312520440609,8.069583145571652,7.535235454761229,7.167359784240372,7.7462173,7.549963352988939,7.285408111904022,4.781732104404717,7.948451960944609
2026-05-13,ITA US 10/16/26 C255 Equity,2026-05-20,4.35,5.0,4.742069324186945,5.0,4.742069324186945,5.883756829272034,5.402585995535178,5.034715987862439,5.2695885,5.59572050840921,4.795295122729479,2.2733266578643003,5.370799618552474
2026-05-13,ITA US 07/17/26 C230 Equity,2026-05-20,5.9,7.65,7.402858597308873,7.65,7.402858597308873,7.1669314452855035,7.858007397578417,6.645320860872894,5.4970427,6.970025051352219,8.062565532078162,7.085609674905429,7.713060009884241
2026-05-13,ITA US 10/16/26 C250 Equity,2026-05-20,5.25,6.55,6.257173805104765,6.55,6.257173805104765,7.087575280516319,6.376443563647589,6.584304990233613,6.587751,6.64038459591332,5.887696921209627,3.659369693334181,6.661185761542169
2026-05-13,ITA US 10/16/26 C230 Equity,2026-05-20,11.0,13.3,12.99473653631454,13.3,12.99473653631454,11.949166687500751,12.513319759403824,11.814980699105412,11.512621,11.35931100543668,12.417303929464614,13.310615293193267,13.41190204866995
2026-05-13,ITA US 12/18/26 C240 Equity,2026-05-20,11.1,12.95,12.47680331556833,12.95,12.47680331556833,13.966410245986474,13.368409146884996,11.685899846338629,11.103509,11.066794515327908,11.56601366724928,10.16904332840121,13.486663487951915
2026-05-13,ITA US 12/18/26 C250 Equity,2026-05-20,7.9,8.85,8.257805064776218,8.85,8.257805064776218,9.271650700549106,8.883872147825059,8.16593648458328,8.63807,7.820036565655223,8.256991146084143,5.905380984962059,9.021471141876845
2026-05-13,ITA US 01/15/27 C245 Equity,2026-05-20,10.35,11.5,11.197134855191162,11.5,11.197134855191162,12.395469451066997,12.010537936019293,10.177470242125992,10.219423,10.329037525978478,10.551344326726582,8.389856493172742,11.745542906157286
2026-05-13,ITA US 12/18/26 C230 Equity,2026-05-20,15.35,16.75,16.224616950676264,16.75,16.224616950676264,16.107444100849634,16.22423478288673,16.347946566315173,16.1298,16.452228043914026,16.391122037835885,15.549351341044039,17.025144682430483
2026-05-13,ITA US 01/15/27 C235 Equity,2026-05-20,14.05,15.649999999999999,15.408253534513149,15.649999999999999,15.408253534513149,15.721726068251483,15.572718299648196,14.652349533016197,13.718108,14.603949343163796,13.368592075950358,14.203862065221733,15.88628401607512
2026-05-13,ITA US 01/15/27 C240 Equity,2026-05-20,12.35,13.75,13.467687694642542,13.75,13.467687694642542,14.659869148405038,14.11735043754141,12.15962672364926,11.700343,11.572215062081563,12.04377287148953,11.404053942986232,13.99986751106976
2026-05-13,ITA US 12/18/26 C235 Equity,2026-05-20,13.0,14.75,14.255012133762214,14.75,14.255012133762214,15.166740913953195,14.773562968096362,13.026504868405667,12.312776,12.678227173391754,13.508577590606416,12.425962143980733,15.112676948249476
2026-05-13,ITA US 12/18/26 C245 Equity,2026-05-20,9.4,10.35,9.848313676521295,10.35,9.848313676521295,10.81289961616406,10.471507729889227,9.357321863610823,9.189156,9.739584780232647,9.860906451836795,6.913696427955447,10.507521372612919
2026-05-13,ITA US 01/15/27 C230 Equity,2026-05-20,16.4,18.15,17.916756121002596,18.15,17.916756121002596,18.319043950221463,18.242841768510516,17.22575218225476,16.178844,17.25122798015398,16.70685107389329,17.98062032758185,18.375090230136006
2026-05-14,ITA US 01/15/27 C245 Equity,2026-05-21,10.350000000000001,11.3,10.39761557758344,11.3,10.39761557758344,12.168054920961131,11.423820157165881,9.817535230555146,10.211121,10.740904173211328,10.036688352939047,8.214571803160952,11.328512988213959
2026-05-14,ITA US 01/15/27 C250 Equity,2026-05-21,9.2,10.0,9.15560583215211,10.0,9.15560583215211,11.44595820942882,10.639461509037133,8.974310276440724,8.976571,9.845263906250384,8.638286253433439,6.921104582782786,10.219162067153821
2026-05-14,ITA US 10/16/26 C255 Equity,2026-05-21,4.325,5.3,4.852671302985447,5.3,4.852671302985447,6.26582664554724,5.557919275741169,5.31061598319204,5.3108206,5.310714625926656,4.5008164937574,4.286847752376793,5.60375928816178
2026-05-14,ITA US 10/16/26 C240 Equity,2026-05-21,7.8,8.85,8.114099667486819,8.85,8.114099667486819,8.629368843174369,8.1847228758393,7.454410258386016,8.350801,8.874162727870056,7.611919209362109,6.3478939029960095,8.6375767811542
2026-05-14,ITA US 12/18/26 C250 Equity,2026-05-21,7.85,8.600000000000001,7.732265021616247,8.600000000000001,7.732265021616247,8.815165989297626,8.299177325179267,7.708286471502821,8.434018,8.198851847605912,7.804794158235854,6.186146996991322,8.545276970984103
2026-05-14,ITA US 10/16/26 C250 Equity,2026-05-21,5.35,6.65,6.086638928206144,6.65,6.086638928206144,8.124648934386236,6.86484141861677,6.400072499888031,6.53178,6.981529396272654,5.743532672401015,4.0808410272401785,6.8129255029433
2026-05-14,ITA US 01/15/27 C235 Equity,2026-05-21,14.05,15.399999999999999,14.448221296857705,15.399999999999999,14.448221296857705,16.0554325901997,15.34968942193617,14.198871506341765,14.400873,15.27369204394755,12.949189347856816,12.96351601547263,15.561048249525484
2026-05-14,ITA US 10/16/26 C230 Equity,2026-05-21,11.0,12.85,12.095906895680452,12.85,12.095906895680452,11.956725771850817,12.004289386262434,11.334804504056528,11.658203,11.874844128775935,11.325843612102211,10.775737524650078,12.739398687344927
2026-05-14,ITA US 10/16/26 C245 Equity,2026-05-21,6.25,7.35,6.761630842176382,7.35,6.761630842176382,8.494588694625275,7.595215110017332,6.57785826583569,6.611685,7.179316211879329,6.620046188099417,5.2945452582900705,7.451468391576615
2026-05-14,ITA US 12/18/26 C245 Equity,2026-05-21,9.3,10.35,9.408672097975,10.35,9.408672097975,10.967641019299398,10.2431504836611,9.106865729361589,8.786014,10.118373159121399,9.430270282833824,7.121064031894371,10.372196334717849
2026-05-14,ITA US 01/15/27 C230 Equity,2026-05-21,16.2,17.6,16.594063180420605,17.6,16.594063180420605,17.787798034115582,17.412993034812168,16.378093564228738,17.109482,17.608645239732855,15.429426396526923,16.422411204037406,17.79097580379693
2026-05-14,ITA US 10/16/26 C235 Equity,2026-05-21,9.5,10.600000000000001,9.90560623444164,10.600000000000001,9.90560623444164,10.261980304265311,10.07750915258979,8.825265230542186,9.127266,10.127671934363617,9.42660263731702,8.11119281197596,10.457275645426224
2026-05-14,ITA US 07/17/26 C250 Equity,2026-05-21,1.75,2.1500000000000004,1.7923451928836003,2.1500000000000004,1.7923451928836003,5.262418824619997,3.689441152839791,2.610363191173899,2.4227898,2.0383719466189643,2.3930049526060095,1.9602221262742923,2.864576728516128
2026-05-14,ITA US 01/15/27 C240 Equity,2026-05-21,12.05,13.3,12.397470852521,13.3,12.397470852521,14.445999902757395,13.524214475217326,11.866382354725548,12.35223,12.439805078894887,11.512236772975024,10.143517499739685,13.39310904605212
2026-05-14,ITA US 12/18/26 C240 Equity,2026-05-21,10.95,12.75,11.768706491475193,12.75,11.768706491475193,13.980210326272577,12.924718726599142,11.521117864951226,11.665408,12.54657238811903,11.061695409036009,10.352818846530873,13.006982345992387
2026-05-14,ITA US 12/18/26 C230 Equity,2026-05-21,15.15,16.3,15.202916025223082,16.3,15.202916025223082,15.822218272695123,15.657080565482715,15.533962090514398,15.637134,15.946277125871525,15.012210480055053,14.595724806605803,16.398350953754417
2026-05-14,ITA US 12/18/26 C235 Equity,2026-05-21,12.8,14.0,12.986436431588695,14.0,12.986436431588695,14.492364786468897,13.940888823163613,12.272033404044214,12.756249,12.648615150555377,12.491272324870295,11.313933468375094,14.095103548059804
2026-05-14,ITA US 07/17/26 C230 Equity,2026-05-21,5.7,6.949999999999999,6.2964537830708975,6.949999999999999,6.2964537830708975,6.406048332741392,6.830958488135857,6.3706430763626365,5.5038757,5.929666127455271,6.646154134417705,6.661030617504575,6.665454459550038
2026-05-15,ITA US 10/16/26 C240 Equity,2026-05-22,8.55,6.45,5.514629512512759,6.45,5.514629512512759,6.878518809029739,6.107985591604891,7.237782768408835,8.585021,7.992477249955627,5.768484150804122,4.85272750021342,6.570101125827413
2026-05-15,ITA US 12/18/26 C240 Equity,2026-05-22,12.05,10.25,9.29855751535887,10.25,9.29855751535887,12.665014613484235,11.46537939829178,10.437836761836088,10.757451,10.279952162218468,9.83888275700767,9.561590510269477,11.096143875257997
2026-05-15,ITA US 01/15/27 C235 Equity,2026-05-22,15.45,12.5,11.591272394626015,12.5,11.591272394626015,14.112923094455956,13.333013559518172,12.54690469089636,12.412997,12.810183364830365,11.690785925200114,12.599597458670523,13.064020573547449
2026-05-15,ITA US 10/16/26 C250 Equity,2026-05-22,6.15,3.7,3.3195324665281785,3.7,3.3195324665281785,4.6216744465871535,3.6977116611248313,4.812043696759559,4.4766593,4.263996623314367,3.997819827644957,3.867288141478973,3.9759717567644373
2026-05-15,ITA US 10/16/26 C235 Equity,2026-05-22,10.4,7.6,6.886368631769949,7.6,6.886368631769949,7.9598798164606315,7.4534395936477,8.125953055991637,8.414902,7.985351200323835,7.036620033591145,6.025758808522284,7.585328199420541
2026-05-15,ITA US 01/15/27 C245 Equity,2026-05-22,11.6,9.399999999999999,8.57025632763832,9.399999999999999,8.57025632763832,11.025605209688539,10.248052890505102,10.021516909073387,10.063437,9.418038948110514,8.408576916069954,8.493940276331287,9.986234356572279
2026-05-15,ITA US 12/18/26 C235 Equity,2026-05-22,14.1,11.75,10.652456466017474,11.75,10.652456466017474,13.25523083936173,12.333226253872438,11.956415736494026,11.435782,11.662757442304951,11.64319785761112,11.019209487941952,12.33697423941874
2026-05-15,ITA US 01/15/27 C240 Equity,2026-05-22,13.35,10.85,9.987976201188076,10.85,9.987976201188076,12.764198503009801,11.824012777826837,10.766845191240748,10.864006,10.104497394009444,10.634802332246222,10.143044941993802,11.409754337377532
2026-05-15,ITA US 12/18/26 C250 Equity,2026-05-22,8.9,6.6,5.924815724421256,6.6,5.924815724421256,7.082278048695982,6.597809493160433,8.416543843839099,8.678784,7.858593649280643,6.976848376713994,5.875156337265637,6.876350779355938
2026-05-15,ITA US 10/16/26 C255 Equity,2026-05-22,4.65,3.0,2.4096946712766796,3.0,2.4096946712766796,3.2035299139449087,2.4816248258135705,4.140531792468197,3.119574,4.033392720765031,3.6336815054719835,3.8303908927674004,3.3152884487674608
2026-05-15,ITA US 01/15/27 C250 Equity,2026-05-22,10.05,8.2,7.550483567980329,8.2,7.550483567980329,10.137242630468021,9.418981464197786,8.879062792985172,9.605871,8.183855240713703,7.664202616655856,7.434072054697912,8.928808397071979
2026-05-15,ITA US 07/17/26 C250 Equity,2026-05-22,1.5499999999999998,0.875,0.7799906302561044,0.875,0.7799906302561044,1.792441499743589,0.26079787579049807,2.1362481791932724,1.655922,1.47966438609042,1.966616865855622,1.2477575479765997,1.2642220853099737
2026-05-15,ITA US 12/18/26 C230 Equity,2026-05-22,16.2,13.4,12.349256167678531,13.4,12.349256167678531,14.407083169632774,13.837816823204129,13.39567655697258,12.879328,13.226196545631385,13.040756950633941,13.546457437235963,13.96060858771623
2026-05-15,ITA US 07/17/26 C230 Equity,2026-05-22,6.050000000000001,3.95,3.4743850806906607,3.95,3.4743850806906607,3.3819672801664904,3.5854328037298373,4.819247050308473,3.052374,3.400734717649212,4.910041810185096,4.652329696378096,3.712398394236588
2026-05-15,ITA US 01/15/27 C230 Equity,2026-05-22,17.55,14.35,13.399171154496765,14.35,13.399171154496765,15.710306577297994,15.109181932836373,14.275869672405662,13.331129,14.304690612559543,13.593116910264861,14.611780548217482,14.866688026162738
2026-05-15,ITA US 12/18/26 C245 Equity,2026-05-22,10.4,8.15,7.463169382299069,8.15,7.463169382299069,9.637354340557097,8.904803552832437,8.996262496075042,10.011975,8.715375713926745,7.756241592466165,7.280576253834274,8.702560761038553
2026-05-15,ITA US 10/16/26 C230 Equity,2026-05-22,12.8,9.149999999999999,8.575981955070326,9.149999999999999,8.575981955070326,8.990934701571664,8.854235192861566,9.81675817323948,10.298282,9.515077559853298,8.727469058887335,7.979802812626674,9.108242818333874
2026-05-15,ITA US 10/16/26 C245 Equity,2026-05-22,7.35,4.65,4.101240116161079,4.65,4.101240116161079,4.7552661247371475,4.125263469895309,5.224301093984106,5.151281,4.992779515312113,4.091711441943511,3.9443805199702524,4.668460967842718
2026-05-18,ITA US 10/16/26 C245 Equity,2026-05-26,8.8,6.0,5.681774255490202,6.0,5.681774255490202,7.432439245553745,7.817127751691434,6.612038219842415,6.5729938,6.238257238225855,6.12157535534858,5.765573126108237,7.810948258464516
2026-05-18,ITA US 12/18/26 C235 Equity,2026-05-26,16.35,12.05,11.213666107657119,12.05,11.213666107657119,14.683896826021279,14.729635615303868,15.725198974378191,15.672157,15.645761702089917,13.226274387631852,13.412480168201423,14.240109383299135
2026-05-18,ITA US 10/16/26 C230 Equity,2026-05-26,15.0,10.2,9.78930759490072,10.2,9.78930759490072,11.25105758654441,12.06280948695766,14.198174412228107,14.637078,14.60386119728148,11.438200678365758,11.26677323553621,11.970301461772745
2026-05-18,ITA US 07/17/26 C230 Equity,2026-05-26,8.2,4.85,4.437649578301565,4.85,4.437649578301565,5.246922400361925,6.6767723053942785,5.641634844238602,4.5758524,4.849260775906042,6.00199686954981,6.456046160012092,6.277523491892113
2026-05-18,ITA US 10/16/26 C240 Equity,2026-05-26,10.55,6.75,6.404584386713706,6.75,6.404584386713706,8.055325864833712,8.748408991866741,10.181668487564957,8.274278,8.538284821658046,7.83912373398834,7.4030767445714325,8.544880528404212
2026-05-18,ITA US 12/18/26 C250 Equity,2026-05-26,10.75,7.3,6.603780702742349,7.3,6.603780702742349,9.624740549268804,9.889377035085825,10.730457692562553,9.000675,8.792202529464145,8.688412477191076,8.661756278295146,9.366516697931129
2026-05-18,ITA US 07/17/26 C250 Equity,2026-05-26,3.0999999999999996,1.625,1.3412165560504827,1.625,1.3412165560504827,5.023822848795838,5.064636833943958,2.0106290598151464,2.072778,1.8078637572824587,3.1340849014527308,3.0666115708914594,4.277710579365485
2026-05-18,ITA US 10/16/26 C250 Equity,2026-05-26,7.25,4.65,4.357986676213217,4.65,4.357986676213217,6.0713503070350665,6.5395192134984335,5.556758650362813,4.922722,5.507474034441308,4.132779372315136,4.230911298418831,6.451666806440361
2026-05-18,ITA US 01/15/27 C230 Equity,2026-05-26,20.1,15.0,14.461728544068201,15.0,14.461728544068201,17.337093745075244,17.656106005344697,17.993536044334093,19.030731,19.46896118100433,16.057657105532513,16.766843925634685,17.141871124466913
2026-05-18,ITA US 10/16/26 C235 Equity,2026-05-26,12.65,8.399999999999999,8.086952977439319,8.399999999999999,8.086952977439319,9.827756448856299,10.454266670111473,12.054739745538063,11.364408,10.499492019214085,9.267306686233729,9.312037969254249,10.162479528153844
2026-05-18,ITA US 12/18/26 C230 Equity,2026-05-26,18.3,14.05,13.307258454079378,14.05,13.307258454079378,16.168114860142254,16.46559058647238,16.875198200791107,17.086317,18.587799946431318,15.338780658345089,15.833821945257258,16.252167153274222
2026-05-18,ITA US 01/15/27 C240 Equity,2026-05-26,15.65,11.4,10.84763544905241,11.4,10.84763544905241,14.586789861008125,14.594898612118747,15.300799493207114,14.941589,15.351144996477256,12.636868588485068,12.874211142071134,13.638323121846028
2026-05-18,ITA US 10/16/26 C255 Equity,2026-05-26,6.05,3.5250000000000004,3.27257125511128,3.5250000000000004,3.27257125511128,4.050072560615398,5.067624932246888,4.827895195090419,4.381019,4.188500517147811,3.573012060640181,2.9373155953745083,5.336454674528253
2026-05-18,ITA US 01/15/27 C235 Equity,2026-05-26,17.55,13.15,12.318016986068848,13.15,12.318016986068848,15.598460074832865,15.650652218755006,16.44756133582434,16.540216,16.657360281230464,13.79302519986044,14.439187055066562,15.240639116925701
2026-05-18,ITA US 01/15/27 C245 Equity,2026-05-26,13.35,9.75,9.198783882701605,9.75,9.198783882701605,12.865000250607899,13.063944639368797,13.995467694140372,13.149069,13.100712387689404,10.61488453913294,11.301573404437844,12.108643056920222
2026-05-18,ITA US 12/18/26 C245 Equity,2026-05-26,11.899999999999999,8.7,8.035188052413217,8.7,8.035188052413217,11.586534334902941,11.62325740930805,12.693440293700945,12.373983,12.672977901469778,10.019873317987575,10.004045421798367,10.887659671917756
2026-05-18,ITA US 01/15/27 C250 Equity,2026-05-26,11.8,8.6,8.037499214823448,8.6,8.037499214823448,12.086024332340116,12.13613507303322,12.543018804456313,12.238719,10.684691656277963,9.671098606823163,10.124657092860268,11.028842928200628
2026-05-18,ITA US 12/18/26 C240 Equity,2026-05-26,13.8,10.399999999999999,9.859896315487756,10.399999999999999,9.859896315487756,13.748893211775068,13.656317383940124,14.155248128486807,13.872918,13.96550887288732,11.992489689227222,11.77582182620115,12.687823660541962
2026-05-19,ITA US 07/17/26 C250 Equity,2026-05-27,2.5250000000000004,1.6749999999999998,1.359085012031939,1.6749999999999998,1.359085012031939,7.105776214240784,5.9050576461202064,2.081490155624138,1.8771942,1.3541618893708811,2.577467080041563,1.1263115083103823,4.416748930757707
2026-05-19,ITA US 12/18/26 C230 Equity,2026-05-27,19.35,13.2,12.250082115442844,13.2,12.250082115442844,15.116932867097383,14.87618037591533,14.681272398584985,15.355147,14.454871771266596,15.003269555022602,11.953361871843336,14.652031894057433
2026-05-19,ITA US 12/18/26 C240 Equity,2026-05-27,14.45,9.8,8.968040502266552,9.8,8.968040502266552,12.582178647159342,11.951545583498506,11.298134304621518,12.173301,11.426734866995831,10.803666754933268,7.683686815044931,11.394430259896957
2026-05-19,ITA US 10/16/26 C235 Equity,2026-05-27,13.05,7.800000000000001,7.224152431916555,7.800000000000001,7.224152431916555,9.51701546104412,9.32953849118146,9.244633733745106,11.185912,10.221151324530817,8.713868827592627,4.91162449999481,8.952488466891825
2026-05-19,ITA US 12/18/26 C235 Equity,2026-05-27,16.8,11.1,10.158148292195026,11.1,10.158148292195026,13.258138749740688,12.979524081600697,13.030540567975285,14.156541,13.261413948546558,13.042997633652217,8.97208669725106,12.538581148727255
2026-05-19,ITA US 12/18/26 C250 Equity,2026-05-27,10.649999999999999,6.9,6.19668395041014,6.9,6.19668395041014,8.734987697654462,8.599995917814931,8.879322733863678,9.588284,8.834366370701233,7.774851673381582,5.154966582270661,8.382431242708995
2026-05-19,ITA US 12/18/26 C245 Equity,2026-05-27,12.75,8.3,7.532826280985781,8.3,7.532826280985781,10.825898564987865,10.362843141487724,9.596750849415693,11.488168,10.520679479181068,9.387373541120564,5.919132881353035,9.843398774931384
2026-05-19,ITA US 10/16/26 C245 Equity,2026-05-27,9.45,5.75,5.334923461606892,5.75,5.334923461606892,8.69710919675698,7.89688267489969,5.9435832377302384,7.1235366,7.002137133142376,6.292003764864864,3.5806606841075244,7.267377290168623
2026-05-19,ITA US 07/17/26 C230 Equity,2026-05-27,9.149999999999999,4.65,4.270891111726209,4.65,4.270891111726209,6.6178634618063,7.085355255779959,5.321132798414452,5.2824917,4.729097286342339,6.230919335501119,5.9134990246259465,6.0366357709247
2026-05-19,ITA US 01/15/27 C230 Equity,2026-05-27,20.549999999999997,14.4,13.713449706658249,14.4,13.713449706658249,16.862177337475565,16.518288568624993,16.023208731577558,17.066177,15.890824988682171,15.818130327170792,13.445132609780394,15.867509226382662
2026-05-19,ITA US 01/15/27 C240 Equity,2026-05-27,15.549999999999999,10.75,9.968128308077151,10.75,9.968128308077151,13.642623670598585,13.099321804998375,11.805101428214956,12.89873,12.029624158905262,11.911634185911907,8.609080869920215,12.264009924112614
2026-05-19,ITA US 01/15/27 C250 Equity,2026-05-27,12.15,7.65,7.5563462661429766,7.65,7.5563462661429766,10.808528335480885,10.758915907592733,8.849843682449341,10.079809,9.936098325671518,9.078461494536281,6.57468533802747,9.434539060758793
2026-05-19,ITA US 10/16/26 C230 Equity,2026-05-27,16.05,9.75,9.119861275503807,9.75,9.119861275503807,10.762519619071691,10.898688299923576,11.443555028198162,13.042393,11.080065534821571,10.348079334003463,7.776394588876936,10.889847067889052
2026-05-19,ITA US 10/16/26 C255 Equity,2026-05-27,6.6,3.75,3.339809022237667,3.75,3.339809022237667,5.1403115164259,4.875938938534059,4.589968521510884,4.084956,3.7570591316536066,3.387999160189807,1.7822884877775031,5.074924018805426
2026-05-19,ITA US 01/15/27 C245 Equity,2026-05-27,13.75,9.4,8.64366199554402,9.4,8.64366199554402,12.41623339706167,11.988815165701638,11.08576210719735,12.214929,11.038500345480317,10.174128540609583,7.508805700154027,11.068342750235018
2026-05-19,ITA US 01/15/27 C235 Equity,2026-05-27,18.1,12.55,11.71919972364103,12.55,11.71919972364103,15.003241452022532,14.61753190317004,14.145357451535988,15.039753,13.9317359028345,14.300003041696238,11.88669564458426,14.080228885334586
2026-05-19,ITA US 10/16/26 C250 Equity,2026-05-27,8.5,5.0,4.553507186991861,5.0,4.553507186991861,7.919955438132383,7.280639801213169,5.589848000277384,6.607345,5.631087771644158,5.270872771799082,2.418088634004678,6.633283093881057
2026-05-19,ITA US 10/16/26 C240 Equity,2026-05-27,11.100000000000001,6.300000000000001,5.776159893690308,6.300000000000001,5.776159893690308,7.683304029932966,7.5119839186666475,6.4774695702906495,8.731349,7.543039633063829,7.020742739774626,4.0870256364631965,7.436861755914592
2026-05-20,ITA US 10/16/26 C235 Equity,2026-05-28,15.399999999999999,9.399999999999999,9.446898561779493,9.399999999999999,9.446898561779493,11.735320512940095,12.068060168019723,12.8413016122405,14.215256,12.296179019689834,10.677971543544324,7.6331625471963855,11.463835929418321
2026-05-20,ITA US 10/16/26 C250 Equity,2026-05-28,9.25,5.25,5.166139780445243,5.25,5.166139780445243,9.115952014067657,8.8433944761356,6.318414979436105,7.437893,6.8981031186593285,7.296564705872688,4.95296725393496,7.836277230519903
2026-05-20,ITA US 10/16/26 C230 Equity,2026-05-28,18.25,11.0,11.161480935441288,11.0,11.161480935441288,12.796304454354702,13.59549267406832,14.487478341505948,16.043793,14.201277397171351,12.905511290251537,10.448788148847479,13.065203938067521
2026-05-20,ITA US 01/15/27 C230 Equity,2026-05-28,23.15,16.4,16.152645980713906,16.4,16.152645980713906,19.699850828733954,19.532075881965994,19.118449297640122,19.782457,18.111238677165897,18.43937118973144,17.556094886746514,18.681178692422073
2026-05-20,ITA US 12/18/26 C250 Equity,2026-05-28,12.2,7.9,7.6513753374489974,7.9,7.6513753374489974,11.146016064128059,11.057799169297766,10.631775583529611,11.721684,11.33028122478958,9.827505403769134,6.324328240190895,10.239473938110164
2026-05-20,ITA US 12/18/26 C245 Equity,2026-05-28,14.3,9.4,9.059530343871339,9.4,9.059530343871339,13.054282535532085,12.807429820015333,12.759391776792356,13.41646,12.929503402653527,11.488293822518752,7.78199769946174,11.821678953484286
2026-05-20,ITA US 01/15/27 C245 Equity,2026-05-28,15.6,10.35,9.82752254376654,10.35,9.82752254376654,13.672269337445162,13.530978259228682,13.069923751094418,13.758934,13.41142168715799,12.41195098977177,9.212504586077207,12.651318374407172
2026-05-20,ITA US 12/18/26 C235 Equity,2026-05-28,19.5,13.0,12.770328259371745,13.0,12.770328259371745,15.857491590169825,15.843685617361817,16.177127377802996,16.703352,15.280641772164888,15.252085224676266,12.453067001010114,15.310926444614907
2026-05-20,ITA US 01/15/27 C240 Equity,2026-05-28,17.95,12.35,12.073457707621467,12.35,12.073457707621467,15.838137840793484,15.450187863785107,15.38062814685215,16.956448,14.752173031834564,13.642298974762012,11.364742662565867,14.603762935854661
2026-05-20,ITA US 07/17/26 C230 Equity,2026-05-28,11.85,5.9,5.8027592355230615,5.9,5.8027592355230615,9.241042830257427,9.80693576303012,6.235482112240841,6.2530737,5.796197696698116,7.470254231998303,7.887210624372879,8.042988054795405
2026-05-20,ITA US 10/16/26 C245 Equity,2026-05-28,11.1,6.4,6.4067645346580795,6.4,6.4067645346580795,10.334036297794126,10.011554929326167,7.8141247118207415,9.237469,9.7167990498056,7.999855689873997,5.6646491146701115,8.782881354126081
2026-05-20,ITA US 01/15/27 C250 Equity,2026-05-28,13.7,9.15,8.79154555870778,9.15,8.79154555870778,13.33592091532934,12.847014116179366,12.575117770001008,13.149343,12.639137959312157,10.874622779205616,8.125459700215648,11.616636107390192
2026-05-20,ITA US 12/18/26 C240 Equity,2026-05-28,16.6,11.1,10.566572293249669,11.1,10.566572293249669,14.42382393976608,14.156468318580457,14.55149752012249,15.959889,14.47357101738454,13.59915782621477,9.913271696820287,13.471476909508233
2026-05-20,ITA US 10/16/26 C240 Equity,2026-05-28,13.1,7.5,7.551610760768355,7.5,7.551610760768355,9.997806305178061,10.281763542170676,9.368731728442171,9.611908,10.310568683365387,8.932510536768145,5.682069096370086,9.593902776668624
2026-05-20,ITA US 01/15/27 C235 Equity,2026-05-28,20.25,14.05,13.433827703069051,14.05,13.433827703069051,16.85361453767045,16.703948964739247,16.611915980733627,17.215479,16.36453900949171,15.313616663601188,13.823843401812692,16.265941791007915
2026-05-20,ITA US 07/17/26 C250 Equity,2026-05-28,3.55,1.875,1.6810044225687746,1.875,1.6810044225687746,8.82015470399404,7.693063485160251,2.186276284118653,2.2758636,2.0446413040794917,4.13781039014102,2.118859254409571,5.428108897288051
2026-05-20,ITA US 10/16/26 C255 Equity,2026-05-28,7.75,4.35,4.072355624217231,4.35,4.072355624217231,7.947914031508834,7.638947735901372,5.060380422342623,5.7413573,5.129454478637767,4.793541708917871,3.5819602622561613,6.82181301381481
2026-05-20,ITA US 12/18/26 C230 Equity,2026-05-28,21.85,15.35,15.167508096569184,15.35,15.167508096569184,18.112352808482754,18.19605777461669,18.17573244847438,19.451735,17.895256260468628,17.653028892636566,16.497955225960627,17.83439821386903
2026-05-21,ITA US 01/15/27 C245 Equity,2026-05-29,15.6,10.350000000000001,9.741286005876999,10.350000000000001,9.741286005876999,13.701740786162409,12.786804030543598,11.409407653609724,11.531091,11.358445154880346,11.018215324336214,8.365527308931087,12.01060076028776
2026-05-21,ITA US 01/15/27 C230 Equity,2026-05-29,22.9,16.2,15.526159743817132,16.2,15.526159743817132,19.052805485425246,18.33085354332975,18.92877529602223,19.338331,18.579739478609863,17.274238405106736,17.287099377168175,17.911806237257974
2026-05-21,ITA US 10/16/26 C250 Equity,2026-05-29,9.0,5.35,4.977543194457596,5.35,4.977543194457596,8.764915279172506,7.668687954989161,5.9505147240632565,6.0914598,6.343841444775358,5.754347632748349,3.185744696407141,7.173777255695537
2026-05-21,ITA US 01/15/27 C235 Equity,2026-05-29,20.35,14.05,13.369625005364728,14.05,13.369625005364728,16.863089040163164,16.043106373576386,15.524974052432079,15.338478,15.123015752165303,14.684906544837485,13.603382555599163,15.640685684694125
2026-05-21,ITA US 10/16/26 C255 Equity,2026-05-29,7.7,4.325,4.097031383774781,4.325,4.097031383774781,7.794294635533303,6.87060067852412,4.555304360554632,4.507748,3.982877233936445,3.8559737003917434,2.3900882323923063,6.251476065575715
2026-05-21,ITA US 01/15/27 C240 Equity,2026-05-29,17.95,12.05,11.408955183135122,12.05,11.408955183135122,15.944681796955585,14.785015420624955,13.47662362018163,13.657157,13.16004431531067,12.763655688718535,10.30642315993659,13.805779278325927
2026-05-21,ITA US 12/18/26 C235 Equity,2026-05-29,19.0,12.8,12.292493852100437,12.8,12.292493852100437,16.195135330403637,15.236421435946328,14.70771815986634,15.038127,14.505874286064316,14.140867979285352,11.353139056996293,14.55721785540792
2026-05-21,ITA US 10/16/26 C240 Equity,2026-05-29,12.6,7.8,7.5722225762963005,7.8,7.5722225762963005,10.660859196801798,9.751060855602322,9.176017034691906,9.886916,9.690980284241018,8.255746227547938,5.180644409807708,9.254372452059194
2026-05-21,ITA US 12/18/26 C245 Equity,2026-05-29,14.2,9.3,8.739265137819514,9.3,8.739265137819514,12.943922215569046,11.905393854207516,10.90113601349023,11.20102,10.511409963816682,10.258086637760089,6.537804590501508,11.086645113963243
2026-05-21,ITA US 07/17/26 C230 Equity,2026-05-29,11.45,5.7,5.2269443671304305,5.7,5.2269443671304305,8.433091536806453,8.346806340906076,5.9549415298469315,5.5921655,5.365044001914647,6.786497827917001,8.121122158134693,7.093630579116002
2026-05-21,ITA US 10/16/26 C245 Equity,2026-05-29,10.65,6.25,6.02597306082413,6.25,6.02597306082413,10.062520878651002,9.096826054128055,6.322064211488874,6.955251,7.27026854288648,6.422169200003357,4.637395364680409,8.013001132605408
2026-05-21,ITA US 07/17/26 C250 Equity,2026-05-29,3.2,1.75,1.4371564913207964,1.75,1.4371564913207964,7.368925280590091,5.44652050300304,2.124951180187238,1.9100449,1.3442722088665866,2.625026106490143,1.9049122739637807,4.064041977849156
2026-05-21,ITA US 10/16/26 C230 Equity,2026-05-29,17.9,11.0,10.804572336154438,11.0,10.804572336154438,12.460467455491841,12.48706682374813,12.97634951899403,14.035409,12.68571591636845,11.815138691343625,10.336026282464275,12.413142966392885
2026-05-21,ITA US 01/15/27 C250 Equity,2026-05-29,13.85,9.2,8.598422596166241,9.2,8.598422596166241,13.277508397902544,12.05891672165263,10.73843658028432,11.098243,10.404201867172432,9.646118508109785,6.43199317969311,10.997227178354388
2026-05-21,ITA US 12/18/26 C250 Equity,2026-05-29,12.1,7.85,7.227455289528625,7.85,7.227455289528625,11.496428737385084,10.485420582528297,9.303426128000526,10.410912,9.263346885669495,8.693799666054709,5.826596392869685,9.652594412423202
2026-05-21,ITA US 12/18/26 C230 Equity,2026-05-29,21.7,15.15,14.645621082954948,15.15,14.645621082954948,18.26868128130565,17.527848484273434,17.515470742285533,19.069729,17.003676697426265,16.605611269673282,15.9063544056357,17.08211558683759
2026-05-21,ITA US 10/16/26 C235 Equity,2026-05-29,15.25,9.5,9.18154521970042,9.5,9.18154521970042,12.501609857297964,11.766370006789744,10.9401349422825,12.028613,10.95623153138091,9.702471923303303,7.1283205513975085,11.119358807452299
2026-05-21,ITA US 12/18/26 C240 Equity,2026-05-29,16.450000000000003,10.95,10.353416523597962,10.95,10.353416523597962,14.129649755822218,13.21195152766127,12.431765744423068,12.728432,12.925775269385673,12.234578781928747,9.368692670689029,12.644622851713725
2026-05-22,ITA US 12/18/26 C230 Equity,2026-06-01,19.15,16.2,15.564767247269828,16.2,15.564767247269828,17.327210510725287,17.380061279436838,19.08575287000112,19.500257,17.734679081890874,17.519209637588425,15.958625520083967,17.825619995236483
2026-05-22,ITA US 12/18/26 C245 Equity,2026-06-01,12.3,10.4,9.788211847845865,10.4,9.788211847845865,12.64362138716969,12.120080750558012,12.994647826086313,12.849423,11.935948911418734,11.236523402633939,6.687203427088163,12.013559687498178
2026-05-22,ITA US 01/15/27 C230 Equity,2026-06-01,20.5,17.55,16.928218309611427,17.55,16.928218309611427,18.63217293604292,18.617768827831227,19.53080194381437,19.996483,18.964126846931364,18.29213200723329,17.502360444070465,19.099934912275277
2026-05-22,ITA US 01/15/27 C240 Equity,2026-06-01,15.75,13.35,12.727157333618875,13.35,12.727157333618875,15.355932432976608,14.873773267471554,15.867748082538633,15.467415,13.73547282985818,13.289577706590713,11.027534193558427,14.890511286338924
2026-05-22,ITA US 10/16/26 C230 Equity,2026-06-01,15.6,12.8,12.451890072045627,12.8,12.451890072045627,13.026700956398914,13.532965127813322,15.702801899255421,15.692423,13.791475320842942,13.196877522499683,10.423722266318734,14.218540609212983
2026-05-22,ITA US 07/17/26 C230 Equity,2026-06-01,8.85,6.050000000000001,5.614744701223658,6.050000000000001,5.614744701223658,5.41706970817312,6.7588883619914055,6.255795376132637,6.3596797,5.812444178218608,8.096719757983374,6.837259520560971,6.820181753932486
2026-05-22,ITA US 01/15/27 C235 Equity,2026-06-01,17.950000000000003,15.45,14.826415860872318,15.45,14.826415860872318,17.355642142027335,16.972046318501636,17.865491984139897,18.70995,16.546235219397907,15.524268639561921,14.840243429211066,17.01020170724425
2026-05-22,ITA US 07/17/26 C250 Equity,2026-06-01,2.325,1.5499999999999998,1.2542070747514977,1.5499999999999998,1.2542070747514977,4.608084542385335,3.682290859279494,2.130330130533678,2.081221,1.652666109276472,3.184112246007002,2.5775296070831035,3.181203716610149
2026-05-22,ITA US 12/18/26 C240 Equity,2026-06-01,13.8,12.05,11.431889048881239,12.05,11.431889048881239,14.07994778570075,13.63608769223034,14.74276891528257,14.56057,12.761043122728033,12.643151879919408,9.431857372234754,13.574025145963438
2026-05-22,ITA US 10/16/26 C245 Equity,2026-06-01,9.1,7.35,7.00770549819601,7.35,7.00770549819601,9.16581478661879,8.97919760235486,9.074565941836608,8.639423,9.343913850355605,7.470401431230248,4.504587706413336,8.987684705869952
2026-05-22,ITA US 10/16/26 C240 Equity,2026-06-01,10.8,8.55,8.220288712924114,8.55,8.220288712924114,10.447969949330348,10.200964649518152,10.882058513168655,12.503408,11.466238527657705,9.159945148750829,6.367295914453374,10.014530182915891
2026-05-22,ITA US 10/16/26 C250 Equity,2026-06-01,7.35,6.15,5.922797497709062,6.15,5.922797497709062,8.526676716979038,8.006439915039566,6.198135204584468,7.381929,6.721880061980711,6.531812239812382,3.866632729154703,7.689755680169422
2026-05-22,ITA US 01/15/27 C250 Equity,2026-06-01,11.600000000000001,10.05,9.426039003566574,10.05,9.426039003566574,13.241084452495945,12.524064611182467,12.88625680336287,13.021149,11.717406914857797,10.496328462964405,7.783891480337263,11.64503996715004
2026-05-22,ITA US 12/18/26 C250 Equity,2026-06-01,10.850000000000001,8.9,8.484746433207887,8.9,8.484746433207887,11.436132067832617,11.033845376932405,11.955669109139356,12.60109,10.950471528880488,9.701302135046912,5.997733928829848,10.430181558152682
2026-05-22,ITA US 10/16/26 C255 Equity,2026-06-01,6.5,4.65,4.347334182981122,4.65,4.347334182981122,6.799707935123375,6.413342933478354,4.943801693106162,5.3970895,5.267464313334494,4.019676940473719,2.6686389154158183,6.229926976855178
2026-05-22,ITA US 12/18/26 C235 Equity,2026-06-01,16.35,14.1,13.469066975639496,14.1,13.469066975639496,15.801094073928278,15.455784061736347,16.763355827818735,17.24542,16.001979015592738,14.37909647224135,12.141166888351572,15.684212338444388
2026-05-22,ITA US 10/16/26 C235 Equity,2026-06-01,12.850000000000001,10.4,10.068239994380633,10.4,10.068239994380633,11.657549497338485,11.78383087156919,13.031004136994639,13.578972,12.052058870102828,10.795237085863437,7.145610416858596,11.831508529689192
2026-05-22,ITA US 01/15/27 C245 Equity,2026-06-01,13.85,11.6,10.965286893373396,11.6,10.965286893373396,13.957272801164185,13.417930030995318,14.409688489602162,14.13117,12.570543686265326,11.977272473526813,8.440411081338842,13.186676139225012
2026-05-26,ITA US 07/17/26 C250 Equity,2026-06-02,1.95,3.0999999999999996,1.8605067443992638,3.0999999999999996,1.8605067443992638,6.925293950591912,5.4006769425494205,3.7835347502510697,2.829511,3.0416991083542717,5.098567797758328,4.864742712550016,4.3857861383711665
2026-05-26,ITA US 10/16/26 C250 Equity,2026-06-02,6.95,7.25,6.818679176536912,7.25,6.818679176536912,11.345679443380199,9.810610943586992,8.45724078737065,9.514753,8.423413226387149,8.248207142649322,7.303663119805779,8.788111930310004
2026-05-26,ITA US 10/16/26 C235 Equity,2026-06-02,12.0,12.65,12.39039694878289,12.65,12.39039694878289,15.056882634894475,14.313246234993686,13.499884748599246,15.266641,12.659580530378381,13.10760529257472,11.755363369514965,13.953034150530277
2026-05-26,ITA US 07/17/26 C230 Equity,2026-06-02,7.5,8.2,7.763090228359375,8.2,7.763090228359375,8.630642808569469,9.464548195538939,9.383386570340218,10.259825,8.71861590213323,9.970498404343552,9.661731489151615,8.807928351188632
2026-05-26,ITA US 12/18/26 C230 Equity,2026-06-02,17.95,18.3,17.85218164341032,18.3,17.85218164341032,19.680603342996466,19.203964432993814,18.502542597255456,18.597113,18.373457261920347,19.366515982659777,19.34522674872975,19.57235562614103
2026-05-26,ITA US 12/18/26 C235 Equity,2026-06-02,15.7,16.35,15.494571954357463,16.35,15.494571954357463,18.761836765955362,17.55776325262481,17.237250582588423,17.50199,15.919327517781477,17.12807909103577,15.712825273338712,17.716835023092784
2026-05-26,ITA US 12/18/26 C240 Equity,2026-06-02,13.95,13.8,13.255059626198955,13.8,13.255059626198955,16.61580008005235,15.466002354608865,14.05576430778232,15.860458,13.900111419669228,14.276088368645443,13.814557839059109,15.190914357732513
2026-05-26,ITA US 12/18/26 C245 Equity,2026-06-02,11.75,11.899999999999999,12.129101922556666,11.899999999999999,12.129101922556666,16.01668762081479,14.76927331373614,12.39549941203871,13.606715,12.661163005090199,13.391832241118843,10.441674911298074,13.584103456757937
2026-05-26,ITA US 10/16/26 C230 Equity,2026-06-02,14.5,15.0,14.765554054036716,15.0,14.765554054036716,16.608330002707063,16.269692380233156,15.962880482056372,17.097326,15.514928354594709,15.80923610071179,15.585941896822009,16.340076631603576
2026-05-26,ITA US 01/15/27 C250 Equity,2026-06-02,11.35,11.8,11.221786255582908,11.8,11.221786255582908,15.972408507746508,14.333191729374635,12.342906647035196,14.149017,12.63475484602362,12.685205909608534,11.539516193999223,13.362631134360297
2026-05-26,ITA US 10/16/26 C240 Equity,2026-06-02,10.4,10.55,10.08322315947814,10.55,10.08322315947814,13.198759780809151,12.189914791195624,11.03184514250952,12.946388,11.520129074609793,11.613156265713632,9.240809505470098,11.83316355854439
2026-05-26,ITA US 01/15/27 C245 Equity,2026-06-02,13.3,13.35,12.753483271103928,13.35,12.753483271103928,16.901684240078193,15.3473296268365,13.77578276862155,14.898656,13.11655687710073,13.696708569057165,12.744826451639701,14.749795205845022
2026-05-26,ITA US 01/15/27 C240 Equity,2026-06-02,15.15,15.65,14.711943700295873,15.65,14.711943700295873,18.83322996658101,17.085205619137973,16.365950258136575,15.810105,15.51871299655287,15.548086678233645,15.241150152308268,16.872585864927835
2026-05-26,ITA US 01/15/27 C230 Equity,2026-06-02,19.35,20.1,19.52704559037769,20.1,19.52704559037769,22.1972098431675,21.302186714368286,19.502048024775775,19.205282,20.501368639685428,20.593525714086244,21.338684692691753,21.468281906629137
2026-05-26,ITA US 12/18/26 C250 Equity,2026-06-02,9.8,10.75,10.283123934346618,10.75,10.283123934346618,14.949422800903186,13.211131239358078,11.145279292615013,12.764321,11.520045243896389,12.427407349690162,11.095820706452283,12.238225552026833
2026-05-26,ITA US 01/15/27 C235 Equity,2026-06-02,17.15,17.55,16.8138218391874,17.55,16.8138218391874,20.03395930411702,18.8881416454537,17.86048814371687,17.854052,17.500068035099208,17.499246638066978,19.103408615170146,18.93283935444189
2026-05-26,ITA US 10/16/26 C245 Equity,2026-06-02,8.6,8.8,8.27498805076095,8.8,8.27498805076095,12.09353122393641,10.82199127993296,10.172086553755973,12.446905,10.821203053300335,9.603062069830798,7.8494425907968575,10.223290408787548
2026-05-26,ITA US 10/16/26 C255 Equity,2026-06-02,6.35,6.05,5.567479245247985,6.05,5.567479245247985,9.68980297454491,8.315242462967149,6.134207686259587,8.013564,6.920095864799664,6.442494848974887,4.81923917120953,7.5280209297215155
2026-05-27,ITA US 10/16/26 C245 Equity,2026-06-03,7.550000000000001,9.45,9.096469979267182,9.45,9.096469979267182,11.332041641527443,10.497785152065214,8.27909787093118,8.974982,7.992519710292912,8.066467777207713,6.263359824901514,10.313645387425664
2026-05-27,ITA US 01/15/27 C245 Equity,2026-06-03,11.8,13.75,13.18485862224509,13.75,13.18485862224509,15.918709340313752,14.770210023396338,11.82606321813041,11.976097,11.110880130433184,11.614407322110026,10.886560810807383,14.563136242985692
2026-05-27,ITA US 07/17/26 C230 Equity,2026-06-03,6.45,9.149999999999999,8.726608262651473,9.149999999999999,8.726608262651473,8.922378532792631,9.675073202392095,7.57359608670871,7.5066404,6.459816022053839,8.473360138899432,12.468047445547805,9.468163771692572
2026-05-27,ITA US 12/18/26 C230 Equity,2026-06-03,16.6,19.35,18.86057354742827,19.35,18.86057354742827,19.880651449385784,19.134965496046092,17.369565949604272,16.871042,18.088407885639388,17.32459039960142,18.891878610224964,20.084272004870563
2026-05-27,ITA US 12/18/26 C240 Equity,2026-06-03,12.3,14.45,13.978117776637767,14.45,13.978117776637767,15.749146936637992,14.941212072598184,12.1947178653671,12.555208,12.098691289790667,12.86475943191448,11.773593377209222,15.200668002762983
2026-05-27,ITA US 10/16/26 C240 Equity,2026-06-03,9.2,11.100000000000001,10.752928537537857,11.100000000000001,10.752928537537857,12.447979710778313,11.861457854467073,8.87939286649722,8.977791,8.343352630281187,9.802753362956638,8.224314944746917,11.838462177120704
2026-05-27,ITA US 07/17/26 C250 Equity,2026-06-03,1.5,2.5250000000000004,2.1669600781137017,2.5250000000000004,2.1669600781137017,4.553247811066921,4.210368646034933,2.431825717225972,2.7048326,2.2959107432175117,3.1755512910408257,2.698218293821355,3.1486745939033467
2026-05-27,ITA US 10/16/26 C255 Equity,2026-06-03,5.25,6.6,6.261256034022639,6.6,6.261256034022639,9.274025656678685,8.140041646444896,6.38731865734419,6.3616714,6.202960773886596,5.388396069767307,3.46583520288868,7.623032245557771
2026-05-27,ITA US 01/15/27 C240 Equity,2026-06-03,13.649999999999999,15.549999999999999,15.26546225269242,15.549999999999999,15.26546225269242,17.406919764161383,16.654329011981456,13.484172844183476,13.289757,13.215340766981846,13.283892691730914,14.315743470466797,16.413064370762743
2026-05-27,ITA US 10/16/26 C235 Equity,2026-06-03,10.8,13.05,12.575209201159025,13.05,12.575209201159025,13.78366050518147,13.434431928710044,11.268918470982644,10.832505,10.09689242734824,11.361887152755962,10.564184904604998,13.693177665244306
2026-05-27,ITA US 10/16/26 C250 Equity,2026-06-03,5.75,8.5,8.190836962700377,8.5,8.190836962700377,11.343642506252895,10.034531914046353,7.160682761166434,8.4389305,7.2707218376196705,6.777114440450827,5.545094841480043,9.526844928325234
2026-05-27,ITA US 12/18/26 C245 Equity,2026-06-03,10.7,12.75,12.269460489131129,12.75,12.269460489131129,15.845913809182672,14.341505443369728,11.207530135805339,10.516446,10.532908809853165,11.350962340299766,9.393543126618901,13.787606732617114
2026-05-27,ITA US 12/18/26 C250 Equity,2026-06-03,9.15,10.649999999999999,10.80712843834873,10.649999999999999,10.80712843834873,13.655752175114063,12.498178657333483,8.999204147549268,8.803532,9.168485249350923,10.143173340076531,8.651300299198576,11.676844779765997
2026-05-27,ITA US 12/18/26 C235 Equity,2026-06-03,14.1,16.8,16.32120060481282,16.8,16.32120060481282,18.046241754563866,17.50253879901621,15.429305805847962,14.718842,15.232932974400548,15.83646194405633,15.438670748113848,17.60046447218538
2026-05-27,ITA US 01/15/27 C250 Equity,2026-06-03,10.399999999999999,12.15,11.626679016514867,12.15,11.626679016514867,15.123610252487916,13.804768785265843,10.515371188407467,10.399232,10.405923102941417,10.553987030558881,8.09391957585724,13.158262983830785
2026-05-27,ITA US 10/16/26 C230 Equity,2026-06-03,12.3,16.05,15.779791488282001,16.05,15.779791488282001,17.043408909064265,16.385694439564727,14.63108572545426,14.03777,13.768382435011016,14.374961221226878,15.521655929731233,16.765940545300403
2026-05-27,ITA US 01/15/27 C235 Equity,2026-06-03,14.95,18.1,17.82964853351304,18.1,17.82964853351304,19.271755482985537,18.766017109506926,16.38460441655963,15.917131,16.309572728925254,16.321192278695076,17.446164068253456,19.022194572765258
2026-05-27,ITA US 01/15/27 C230 Equity,2026-06-03,17.799999999999997,20.549999999999997,20.293215245653403,20.549999999999997,20.293215245653403,21.74844070013402,20.981716834267033,18.00431126214811,17.725567,19.281487196548408,18.189852770986352,20.46227271100083,21.402776001536175
2026-05-28,ITA US 12/18/26 C240 Equity,2026-06-04,14.6,16.6,16.444785154018692,16.6,16.444785154018692,16.822546469945287,16.474956506861144,17.075072925489167,16.78313,15.525816756217663,15.578108567612247,15.100409681177874,16.47116408323222
2026-05-28,ITA US 07/17/26 C250 Equity,2026-06-04,2.6,3.55,3.163954020194357,3.55,3.163954020194357,5.447369134529893,5.20596999714693,3.071981113268525,3.0890307,2.9928188662159148,3.209163629641793,4.448218562385363,3.1683805690062954
2026-05-28,ITA US 12/18/26 C235 Equity,2026-06-04,17.0,19.5,19.263039040590318,19.5,19.263039040590318,19.621334797048515,18.870231348771064,18.732415366726197,18.183722,19.001156439028897,18.20981881697854,18.798940605833554,19.327482210458005
2026-05-28,ITA US 10/16/26 C245 Equity,2026-06-04,9.0,11.1,11.156107585592279,11.1,11.156107585592279,12.360891570516651,11.946354876651007,10.117831350738127,10.608274,10.089359397609046,10.682137985050195,9.346924833238559,11.122904461123895
2026-05-28,ITA US 01/15/27 C245 Equity,2026-06-04,13.7,15.6,15.15706352878848,15.6,15.15706352878848,16.419401513702645,15.766403960980494,15.368166237524273,15.424774,14.321561350589866,13.565459573128066,13.415331497352629,15.380226558291284
2026-05-28,ITA US 01/15/27 C240 Equity,2026-06-04,15.95,17.95,17.33450249894863,17.95,17.33450249894863,18.53169472115169,17.91115566665803,17.654461677164775,17.920612,17.214686911349883,16.435484158121728,18.20971639501855,17.57840489844266
2026-05-28,ITA US 10/16/26 C255 Equity,2026-06-04,6.550000000000001,7.75,7.572420749779375,7.75,7.572420749779375,10.066858801199405,9.215315128066273,8.272345255673375,8.250096,8.791399674924424,6.907901583247852,5.578167879427072,7.856865752965667
2026-05-28,ITA US 10/16/26 C230 Equity,2026-06-04,15.75,18.25,18.459744740345855,18.25,18.459744740345855,18.535880978577048,18.063656445780943,17.93131730814646,18.038294,18.200761593188144,17.336668998208648,15.653125251158764,17.64539257156917
2026-05-28,ITA US 10/16/26 C235 Equity,2026-06-04,13.6,15.399999999999999,15.56585753401123,15.399999999999999,15.56585753401123,15.231750151081588,15.066349683878599,15.051017477114149,15.570644,14.41233694916827,13.908592124804596,14.462351802864003,15.0513979652683
2026-05-28,ITA US 12/18/26 C230 Equity,2026-06-04,19.4,21.85,21.67579064984705,21.85,21.67579064984705,21.736785403830737,21.070453504532793,19.7584020606899,20.104242,20.93529494862076,20.235468592454435,20.1102242611919,21.24170820428065
2026-05-28,ITA US 10/16/26 C240 Equity,2026-06-04,10.85,13.1,13.207101272117077,13.1,13.207101272117077,13.48714782667183,13.398967597618034,12.541361265177082,11.678382,12.121132622925092,12.301738005860537,11.892845894341107,12.961210985257809
2026-05-28,ITA US 07/17/26 C230 Equity,2026-06-04,9.3,11.85,11.523247362954592,11.85,11.523247362954592,11.877602562734625,12.15736462392208,7.290751327146525,8.649587,8.854690560471157,10.743169320457284,11.494951342239304,10.946969562122717
2026-05-28,ITA US 12/18/26 C245 Equity,2026-06-04,12.5,14.3,14.11599576798072,14.3,14.11599576798072,15.745757661607376,15.094531692030476,13.345622696256637,13.205935,13.29580634496947,12.861443543271152,12.811952634580873,14.13511823316678
2026-05-28,ITA US 10/16/26 C250 Equity,2026-06-04,7.699999999999999,9.25,9.265574354963922,9.25,9.265574354963922,11.494269669616145,10.554843628750936,9.32835316781629,9.249102,9.455519650011972,8.812187843808065,7.031428856530996,9.296660644335772
2026-05-28,ITA US 01/15/27 C230 Equity,2026-06-04,20.85,23.15,22.795190797403848,23.15,22.795190797403848,23.34980198045266,22.519710109404656,20.007876859391423,20.736973,21.03976154280061,21.232748042344127,21.659908557366588,22.49805588452419
2026-05-28,ITA US 01/15/27 C250 Equity,2026-06-04,12.05,13.7,13.316285392887597,13.7,13.316285392887597,15.516782189742413,14.585900826152574,12.983284373644976,12.293973,12.757236736538138,11.936513962863069,11.10495692980271,13.572020806196901
2026-05-28,ITA US 12/18/26 C250 Equity,2026-06-04,10.75,12.2,11.987042581466385,12.2,11.987042581466385,14.544708605477847,13.499435347214154,11.515745024290522,11.541461,11.661013747548683,11.521482091157242,10.843000353531332,12.1536109857767
2026-05-28,ITA US 01/15/27 C235 Equity,2026-06-04,18.3,20.25,20.046864188854737,20.25,20.046864188854737,20.697940023014546,20.0619612268503,19.25535100678855,18.630709,19.32460394606266,18.10733772205117,20.749080261792187,20.01577959670266
2026-05-29,ITA US 12/18/26 C245 Equity,2026-06-05,12.100000000000001,14.2,14.04861896079002,14.2,14.04861896079002,14.41476282649542,13.919069416772121,13.317990289798269,12.533265,11.961417972301343,13.127209436988686,11.304912784882156,13.986528099039646
2026-05-29,ITA US 12/18/26 C235 Equity,2026-06-05,16.15,19.0,18.973207420294614,19.0,18.973207420294614,18.93899702075131,18.384959334287704,18.36396670964654,16.620996,16.806504662992353,18.76159258836343,15.846623749692894,18.907360741157028
2026-05-29,ITA US 10/16/26 C245 Equity,2026-06-05,9.0,10.65,10.672490858879,10.65,10.672490858879,10.985535078420101,10.584863575956625,9.974993693382972,9.435413,9.559952971856214,10.345856962877324,8.81240917798704,10.43191325489519
2026-05-29,ITA US 01/15/27 C235 Equity,2026-06-05,17.5,20.35,20.405812112201847,20.35,20.405812112201847,20.09312321590356,19.712970841483155,19.355684195604084,17.852015,18.47526782505334,19.181301678742095,18.672819280799636,20.101922225969428
2026-05-29,ITA US 12/18/26 C250 Equity,2026-06-05,10.9,12.1,11.99789257309375,12.1,11.99789257309375,12.325238557245175,11.825687092869384,11.556394163149207,10.955465,10.748324575045702,10.630604099727801,9.632857417454966,11.890429316593007
2026-05-29,ITA US 10/16/26 C250 Equity,2026-06-05,7.4,9.0,9.042975340179947,9.0,9.042975340179947,10.17077948078279,9.359301297235199,9.475634605969672,9.009785,8.893430162832583,8.089595428424065,7.111448535545068,8.883251795811658
2026-05-29,ITA US 01/15/27 C245 Equity,2026-06-05,13.3,15.6,15.100605242691975,15.6,15.100605242691975,15.879295013747807,15.253929395948012,15.628336901369362,14.993566,13.467821037811177,13.697176813835425,13.714892619371335,15.206300123489942
2026-05-29,ITA US 01/15/27 C240 Equity,2026-06-05,15.5,17.95,17.781826215837476,17.95,17.781826215837476,17.338371028033965,17.18788610858261,17.57959546041925,16.117516,15.699879838944911,17.409888569834248,15.261984795945875,17.669837116529024
2026-05-29,ITA US 07/17/26 C250 Equity,2026-06-05,1.925,3.2,3.048565045406036,3.2,3.048565045406036,4.538173072325085,4.317556269350803,3.1469162524758407,3.5483327,3.119387058521249,3.1907186261241325,3.708233898754069,2.7796417706001577
2026-05-29,ITA US 12/18/26 C240 Equity,2026-06-05,13.899999999999999,16.450000000000003,16.480888491258188,16.450000000000003,16.480888491258188,16.13546261449609,15.844552392701946,16.743627397043067,15.33349,14.664062158153792,16.523466224378,14.085141708988681,16.223053824978717
2026-05-29,ITA US 10/16/26 C240 Equity,2026-06-05,11.15,12.6,12.829233505283357,12.6,12.829233505283357,12.634620682067215,12.667350650317347,11.69682738044355,11.380715,10.707224024391284,12.628098518564796,10.750499182031508,12.385269434720488
2026-05-29,ITA US 10/16/26 C255 Equity,2026-06-05,6.2,7.7,7.79667640329372,7.7,7.79667640329372,9.166895697878843,8.173619870075473,7.923327141480987,7.76455,7.919711930060915,6.690501485408647,5.21361373770707,7.523720793184672
2026-05-29,ITA US 10/16/26 C230 Equity,2026-06-05,14.8,17.9,18.151613534980395,17.9,18.151613534980395,17.11794783766659,16.967075180771374,17.50822256552493,15.810261,15.796515296486593,17.291563446019328,14.124325084775757,17.206131830849866
2026-05-29,ITA US 10/16/26 C235 Equity,2026-06-05,12.5,15.25,15.627427352652488,15.25,15.627427352652488,15.501466336726049,15.334899176396988,15.419742418943693,15.139459,13.570248645602577,14.377959374285334,13.1368708595143,15.073155794092173
2026-05-29,ITA US 12/18/26 C230 Equity,2026-06-05,18.35,21.7,21.840409086041852,21.7,21.840409086041852,21.01327133186629,20.61386349039934,20.17983061874199,19.638649,19.882869800833014,21.263041359974906,18.35151842783154,21.06919105987937
2026-05-29,ITA US 01/15/27 C230 Equity,2026-06-05,19.7,22.9,22.935553242729682,22.9,22.935553242729682,21.989943497122248,21.71286511267079,20.993893200098203,19.965727,19.735756967442725,22.555901015965446,19.631790465768415,22.205665999363355
2026-05-29,ITA US 01/15/27 C250 Equity,2026-06-05,11.5,13.85,13.730033604977212,13.85,13.730033604977212,14.690581686401408,13.693400055690084,13.003239473643228,12.345938,12.120907241554255,12.360442424461418,11.290742633393178,13.558280130264135
2026-05-29,ITA US 07/17/26 C230 Equity,2026-06-05,7.6,11.45,11.539051045422575,11.45,11.539051045422575,10.498544098949555,11.408144987365747,7.149455072896803,8.184984,7.875470250748879,10.089776389146904,9.347957378953668,10.647463184424709
2026-06-01,ITA US 10/16/26 C230 Equity,2026-06-08,13.8,15.6,14.735335156649796,15.6,14.735335156649796,14.155234716370247,13.786080605754515,14.837855917046015,16.138973,14.694616880634118,13.132667157714787,10.828740471574097,14.605608267798372
2026-06-01,ITA US 10/16/26 C250 Equity,2026-06-08,7.199999999999999,7.35,6.671061873167752,7.35,6.671061873167752,8.185443473433384,6.612011752179047,7.235590982275958,7.792582,7.723120608088014,6.408593601544728,3.7680958512211054,6.364196390198256
2026-06-01,ITA US 01/15/27 C250 Equity,2026-06-08,11.15,11.600000000000001,11.425840118390346,11.600000000000001,11.425840118390346,13.566465641922488,11.891822342004387,9.864053519123436,11.659725,10.898685813942802,10.746331971013495,6.468898411793724,10.82354317383291
2026-06-01,ITA US 07/17/26 C250 Equity,2026-06-08,1.5499999999999998,2.325,1.6034452324406456,2.325,1.6034452324406456,3.1458022624695907,1.610164584876138,2.0977568502451014,3.682531,3.261407209738348,2.6901950241793777,1.4593755863942306,1.0852162471796447
2026-06-01,ITA US 01/15/27 C235 Equity,2026-06-08,16.4,17.950000000000003,16.88036788747725,17.950000000000003,16.88036788747725,17.19199140277741,16.246728660990684,16.85439485550991,17.933437,16.079858448168025,15.318192475134838,12.858518558871252,16.980016363631997
2026-06-01,ITA US 10/16/26 C240 Equity,2026-06-08,9.649999999999999,10.8,10.027707138187484,10.8,10.027707138187484,10.639305158727936,9.662726291028708,9.142807127480626,9.436394,9.2287200707461,9.35415782763759,6.179770494804554,9.755378106333213
2026-06-01,ITA US 01/15/27 C245 Equity,2026-06-08,12.55,13.85,12.868729619815541,13.85,12.868729619815541,13.955610968045162,12.563610845572104,12.084074807386168,13.3875265,13.952333657900997,11.206639184042817,8.513869415513595,12.824201630828323
2026-06-01,ITA US 12/18/26 C230 Equity,2026-06-08,17.45,19.15,18.146732206356607,19.15,18.146732206356607,18.034868717857414,17.348918699990662,17.90244814699867,19.438608,17.680964607014417,16.947812119923448,13.65405072051261,18.27414910561254
2026-06-01,ITA US 01/15/27 C230 Equity,2026-06-08,18.5,20.5,19.37810747065363,20.5,19.37810747065363,19.191057296671463,18.49245351667276,18.677768100374077,20.299652,18.645288858694894,17.644677031485337,14.527715105107145,19.51663939413599
2026-06-01,ITA US 12/18/26 C240 Equity,2026-06-08,13.15,13.8,13.745982743380354,13.8,13.745982743380354,14.610712518605775,13.649399259932114,12.105560284508131,14.34862,13.860457323250083,12.53240511190619,8.741105977519842,12.988715436992536
2026-06-01,ITA US 12/18/26 C250 Equity,2026-06-08,9.0,10.850000000000001,10.140888537171001,10.850000000000001,10.140888537171001,11.578681560080705,9.871974328403152,9.321661797836303,10.7272835,10.513755697991073,9.935395743649709,6.289731305393162,9.904078333591427
2026-06-01,ITA US 01/15/27 C240 Equity,2026-06-08,14.4,15.75,14.731889537707378,15.75,14.731889537707378,15.84562097604255,14.461341702779047,14.88640678045672,16.170998,14.877501532192374,13.087640584711695,9.504710963818743,14.738075364264205
2026-06-01,ITA US 10/16/26 C235 Equity,2026-06-08,11.85,12.850000000000001,12.083609201229217,12.850000000000001,12.083609201229217,12.098799988415658,11.53429466120671,11.291314208011727,11.331575,11.753606665890379,10.788308975315612,7.917613198811938,11.886054982982891
2026-06-01,ITA US 10/16/26 C245 Equity,2026-06-08,8.15,9.1,8.368300567543296,9.1,8.368300567543296,9.470029747916946,8.094622819240115,8.52919195282135,9.06252,9.011881360430515,7.901403717040865,4.971051893254028,8.091639392065622
2026-06-01,ITA US 10/16/26 C255 Equity,2026-06-08,5.75,6.5,5.848980876078258,6.5,5.848980876078258,8.54779740995567,6.4195761999689385,6.670790464116396,7.3943925,7.06151958831039,5.740484538299386,2.618640188203214,5.820791846811644
2026-06-01,ITA US 07/17/26 C230 Equity,2026-06-08,6.55,8.85,7.921968614734395,8.85,7.921968614734395,8.21336273324981,8.66004468501501,8.389075930343422,8.686124,8.436408498729147,7.714453611090407,5.982229125381685,7.8449615913470065
2026-06-01,ITA US 12/18/26 C235 Equity,2026-06-08,15.25,16.35,15.308283519147508,16.35,15.308283519147508,15.752635992320815,14.902298621850623,15.783751748129212,17.126987,15.637876012031654,14.893591566024398,10.601154938164607,15.40429683246574
2026-06-01,ITA US 12/18/26 C245 Equity,2026-06-08,11.25,12.3,11.395200200561677,12.3,11.395200200561677,12.668404564971617,11.192749202805624,10.667674633943301,12.076078,11.748652434700897,10.996866106597786,6.437248475307902,11.272634568680731
2026-06-02,ITA US 12/18/26 C250 Equity,2026-06-09,10.9,9.8,8.9701839081134,9.8,8.9701839081134,9.93627304853037,8.967543618288007,9.486941452633738,9.533319,9.092698405213673,8.024976620771238,7.961323166918887,8.632374072536129
2026-06-02,ITA US 10/16/26 C235 Equity,2026-06-09,12.7,12.0,11.307050448223844,12.0,11.307050448223844,10.212257680479505,10.314679427892987,11.025725593742072,10.969811,11.105504950960352,9.822677942943727,10.486281538795978,10.727418701476722
2026-06-02,ITA US 12/18/26 C230 Equity,2026-06-09,18.85,17.95,16.946946039281176,17.95,16.946946039281176,15.747846210069213,16.05081487203635,17.816727458884245,17.696693,16.640069671692885,16.235745524427376,16.85818947355698,17.02038404037623
2026-06-02,ITA US 12/18/26 C235 Equity,2026-06-09,16.05,15.7,14.618800749674664,15.7,14.618800749674664,13.92242262762402,13.808805916481099,15.975662036906028,15.523454,15.352564603386876,13.620652456004365,13.845537959523854,14.627097661261852
2026-06-02,ITA US 01/15/27 C240 Equity,2026-06-09,15.2,15.15,14.108862116412782,15.15,14.108862116412782,14.668545095378215,13.93095888939481,14.420146266751054,14.252918,14.613447781986741,12.675223921726726,12.886276178181951,14.204530635852134
2026-06-02,ITA US 10/16/26 C230 Equity,2026-06-09,14.9,14.5,13.745983593091674,14.5,13.745983593091674,12.243877223224711,12.752531905326471,13.518549282235567,12.905819,13.34110728039212,12.489536954365427,13.636034568268537,13.499110531750585
2026-06-02,ITA US 07/17/26 C250 Equity,2026-06-09,1.9,1.95,1.4742015625001796,1.95,1.4742015625001796,1.9909223289038458,1.5171485627975585,1.7599529554135964,1.8086717,1.2146058829606634,1.9126292221701,0.9595231697359283,0.8083699000298059
2026-06-02,ITA US 01/15/27 C235 Equity,2026-06-09,17.4,17.15,16.109948105983495,17.15,16.109948105983495,15.863863970480274,15.550540207459827,17.16401530280548,16.650043,16.62316053250295,15.072947269625319,15.896072767370912,16.150089324494502
2026-06-02,ITA US 10/16/26 C250 Equity,2026-06-09,7.35,6.95,6.474494406467383,6.95,6.474494406467383,6.279480120249637,5.6163943776666585,7.39820935279013,6.179785,6.049739081800523,4.947170608135162,4.875605160805114,5.775060223015852
2026-06-02,ITA US 01/15/27 C230 Equity,2026-06-09,19.9,19.35,18.255603054077007,19.35,18.255603054077007,17.338345563055867,17.4539498207649,18.730834311006188,18.020256,18.110878464292817,16.888932723204938,18.225300881373872,18.239710294878858
2026-06-02,ITA US 10/16/26 C240 Equity,2026-06-09,10.600000000000001,10.4,9.729706321179028,10.4,9.729706321179028,9.5981513686102,9.28055306915639,9.609914299940279,9.263984,9.574935680455413,8.341913351772417,8.540120014541314,9.432909916552978
2026-06-02,ITA US 10/16/26 C255 Equity,2026-06-09,6.1,6.35,5.910260297901054,6.35,5.910260297901054,7.567298733109821,6.451691720928232,4.63200493891147,5.7589006,4.922480900395373,4.025109667218594,4.03166580757503,5.838823076483615
2026-06-02,ITA US 12/18/26 C240 Equity,2026-06-09,13.85,13.95,12.974297159127511,13.95,12.974297159127511,13.683401226297498,12.792694345985506,12.733520740265206,12.2924795,13.110169961393332,11.855746627067814,12.27358347737034,13.069713245996839
2026-06-02,ITA US 01/15/27 C250 Equity,2026-06-09,11.55,11.35,10.433298191590408,11.35,10.433298191590408,12.071932075352752,10.891438557598686,10.290976312844899,11.250864,10.475654015574825,9.572349703963456,8.401618170456691,10.498883416604786
2026-06-02,ITA US 10/16/26 C245 Equity,2026-06-09,8.65,8.6,7.974959653625897,8.6,7.974959653625897,8.382505666097273,7.79413794937843,8.936165285309936,8.523934,8.321310750532179,6.5884650308370345,6.696184627370106,7.723308387484072
2026-06-02,ITA US 07/17/26 C230 Equity,2026-06-09,8.1,7.5,6.780656582217473,7.5,6.780656582217473,5.441518483169677,6.846858542541733,7.499057616182462,6.1887407,5.9600667203342965,6.505023783498652,8.547303856447838,6.1887774422292114
2026-06-02,ITA US 12/18/26 C245 Equity,2026-06-09,12.0,11.75,10.797895157162932,11.75,10.797895157162932,11.679356060818414,10.957596934713868,10.881790660281265,11.18068,11.548098679086646,9.940748125771103,9.282343663792567,10.838012032786562
2026-06-02,ITA US 01/15/27 C245 Equity,2026-06-09,13.7,13.3,12.322117517083699,13.3,12.322117517083699,13.349019818108117,12.44489783482843,12.36665298488556,12.024424,12.823496626421255,11.103105017127925,11.260931871895087,12.468109353962634
2026-06-03,ITA US 10/16/26 C255 Equity,2026-06-10,5.35,5.25,4.767114781798684,5.25,4.767114781798684,7.19334434858755,6.203214860632712,4.065014839675099,4.7155333,4.474201606483768,3.770821981935679,3.0860280159476465,5.46742570330602
2026-06-03,ITA US 10/16/26 C240 Equity,2026-06-10,9.4,9.2,8.59707871260774,9.2,8.59707871260774,9.894722916245568,9.421843628867894,8.934137602489509,8.847097,8.739060783165213,7.320396250402673,6.368697591104058,8.901427125510317
2026-06-03,ITA US 07/17/26 C230 Equity,2026-06-10,6.6,6.45,5.604070663440957,6.45,5.604070663440957,5.322588672089401,6.72048749188003,5.7818804054314,6.3192716,6.229825285041339,5.935659824772356,5.498567346089982,5.977725756058156
2026-06-03,ITA US 12/18/26 C230 Equity,2026-06-10,16.55,16.6,15.328483347729426,16.6,15.328483347729426,14.85466435999639,15.148055061788513,17.02552758476431,16.845316,15.721567236732602,15.170019473654099,13.96211355729499,16.228369827856476
2026-06-03,ITA US 12/18/26 C240 Equity,2026-06-10,12.55,12.3,11.268240085462008,12.3,11.268240085462008,12.186214012963218,11.779265689044394,11.294304020292811,12.277106,11.482150588047661,10.651374512068307,9.206756759585053,12.022719388199544
2026-06-03,ITA US 01/15/27 C245 Equity,2026-06-10,12.2,11.8,10.932776537228321,11.8,10.932776537228321,12.177911708430726,11.677761653076455,10.857212246600266,11.712834,11.373789629689128,10.208729967156874,9.151045156116117,11.58925803198383
2026-06-03,ITA US 01/15/27 C235 Equity,2026-06-10,15.8,14.95,14.578412922192758,14.95,14.578412922192758,14.597622350928736,14.694885054526255,14.497318357021127,14.51283,14.502267075467499,13.200363847425335,14.705579217567923,14.379588134390346
2026-06-03,ITA US 07/17/26 C250 Equity,2026-06-10,1.225,1.5,1.5201761956345377,1.5,1.5201761956345377,4.390153745963287,4.021492114754221,1.7550498791351343,1.7216983,1.3812811761824493,1.4590448251453747,0.810343816016263,1.907998254028718
2026-06-03,ITA US 10/16/26 C230 Equity,2026-06-10,13.45,12.3,12.226662565491727,12.3,12.226662565491727,10.705594402257805,11.465404843744507,11.213675187049839,11.534038,10.898478681226926,10.900090423758257,10.552927125849825,11.622002438928103
2026-06-03,ITA US 10/16/26 C245 Equity,2026-06-10,7.7,7.550000000000001,7.043827712695451,7.550000000000001,7.043827712695451,8.01858523311747,7.510401032925353,7.43633888553523,7.0725837,6.644654279623533,5.8754352485089525,5.637708924398576,7.347715986968488
2026-06-03,ITA US 10/16/26 C235 Equity,2026-06-10,11.2,10.8,10.152916211508085,10.8,10.152916211508085,10.052156341562963,10.114501374957898,9.656114708987575,9.491485,9.301196722780162,9.05820988134278,7.356151443280503,10.339300323948644
2026-06-03,ITA US 10/16/26 C250 Equity,2026-06-10,6.65,5.75,6.314190425445908,5.75,6.314190425445908,7.209642405301244,6.824762405650001,4.093957030884368,4.9158363,4.783191321814632,4.377784598661824,3.789089810344071,5.741503849569325
2026-06-03,ITA US 12/18/26 C250 Equity,2026-06-10,9.65,9.15,8.265693086122132,9.15,8.265693086122132,9.13646589948377,8.588019915785864,9.02136079997842,9.36509,8.904893004340934,8.056730581351363,6.597304507087723,8.816333891995363
2026-06-03,ITA US 12/18/26 C245 Equity,2026-06-10,11.0,10.7,9.791425183772827,10.7,9.791425183772827,10.65028171983517,10.167167791229557,9.627246564880004,10.045673,9.77836828923692,9.673626282986667,7.485038982944979,10.375116815042936
2026-06-03,ITA US 01/15/27 C250 Equity,2026-06-10,10.9,10.399999999999999,9.455382266735969,10.399999999999999,9.455382266735969,10.893224685036625,10.256788645770634,9.538107383942615,9.931522,9.707339451800312,8.800416191329274,7.199570625289927,10.13879324613086
2026-06-03,ITA US 12/18/26 C235 Equity,2026-06-10,14.600000000000001,14.1,13.024272467184808,14.1,13.024272467184808,13.128804244075909,13.137387090502507,13.367507234082144,13.68199,13.679813239119618,12.042096045701136,10.556896874837834,13.686156979253326
2026-06-03,ITA US 01/15/27 C240 Equity,2026-06-10,13.899999999999999,13.649999999999999,12.67073919649658,13.649999999999999,12.67073919649658,13.73752262369702,13.268526665500616,12.785949498518608,13.037967,13.249586981434254,11.322225161434716,10.342277476070626,13.371789247277066
2026-06-03,ITA US 01/15/27 C230 Equity,2026-06-10,17.85,17.799999999999997,16.593366904378676,17.799999999999997,16.593366904378676,16.215120033943606,16.44308553773011,17.412001640152653,16.547768,16.8438925518322,15.730023853165557,14.832412510638145,17.34459578081376
2026-06-04,ITA US 10/16/26 C245 Equity,2026-06-11,11.05,9.0,8.632418443982651,9.0,8.632418443982651,9.508958794218184,9.402931035751166,8.881763463530657,9.577091,8.984153030026583,7.862897730827889,9.60172834201194,8.600971847759599
2026-06-04,ITA US 10/16/26 C255 Equity,2026-06-11,7.8500000000000005,6.550000000000001,6.1196490223855635,6.550000000000001,6.1196490223855635,7.68792984651367,7.136766149518379,7.180301961856144,7.025799,6.454692160612049,5.490553710938254,7.318268355069266,6.230840092209849
2026-06-04,ITA US 01/15/27 C250 Equity,2026-06-11,14.05,12.05,11.497124756348152,12.05,11.497124756348152,12.71571962956025,12.304718563524423,11.144296625789574,11.976063,11.61905634086235,10.688234121250304,10.899519660495097,11.65733515215733
2026-06-04,ITA US 01/15/27 C235 Equity,2026-06-11,20.549999999999997,18.3,17.850056775698516,18.3,17.850056775698516,17.184596101023352,17.19945198148045,18.074063415820486,18.912464,18.24843629405747,16.175514795246716,19.23315413722722,17.818645391284363
2026-06-04,ITA US 12/18/26 C245 Equity,2026-06-11,14.600000000000001,12.5,11.826662323987295,12.5,11.826662323987295,12.510124568085491,12.232842895891523,11.40214331020289,11.997546,11.178403856024355,11.275220599175476,11.545722227059896,12.015000926831256
2026-06-04,ITA US 01/15/27 C245 Equity,2026-06-11,15.85,13.7,13.214703000776417,13.7,13.214703000776417,13.645517760215942,13.416844829678585,12.694505482298213,12.112796,12.6951556658094,11.47378308311626,13.293610486353604,13.188582740403694
2026-06-04,ITA US 10/16/26 C240 Equity,2026-06-11,13.05,10.85,10.49959409006001,10.85,10.49959409006001,10.517882776395737,10.696005653403216,9.756744405477665,10.908298,9.919565179427083,9.845263591687972,10.85753482430655,10.368289884877644
2026-06-04,ITA US 01/15/27 C240 Equity,2026-06-11,18.200000000000003,15.95,15.336654093836998,15.95,15.336654093836998,15.654882739628496,15.501514154243248,15.936913642553002,16.294434,14.666672953608439,14.324459428311854,15.900852224516642,15.463724275162802
2026-06-04,ITA US 12/18/26 C235 Equity,2026-06-11,19.4,17.0,16.46645737663278,17.0,16.46645737663278,15.59688000672433,15.85630232934172,17.30533120848324,18.260939,16.65097748302998,16.10137982775653,17.682278201949522,16.438951577852905
2026-06-04,ITA US 12/18/26 C250 Equity,2026-06-11,12.7,10.75,10.031961578092394,10.75,10.031961578092394,10.917255415159994,10.606785235150701,9.732910114365325,11.053266,10.291182973664837,10.377296562921165,10.409967185263552,10.273309510667328
2026-06-04,ITA US 07/17/26 C230 Equity,2026-06-11,11.25,9.3,8.73845694931034,9.3,8.73845694931034,9.386948703874731,10.191810394355084,8.3914808541224,8.010715,7.99154825544577,7.654332986671208,13.678974222947867,8.741765069652253
2026-06-04,ITA US 10/16/26 C235 Equity,2026-06-11,15.5,13.6,13.244333093540483,13.6,13.244333093540483,12.98646605529078,13.184361210245886,12.650257228045561,12.248224,12.336479250833381,11.765604178307099,15.27406482132622,13.082552031687266
2026-06-04,ITA US 07/17/26 C250 Equity,2026-06-11,3.0,2.6,2.158909559825553,2.6,2.158909559825553,6.843808149705771,6.018734877512729,2.0145250159967985,1.9389178,2.2429215539693126,2.1991943313518014,7.286506348183152,2.938406053010657
2026-06-04,ITA US 12/18/26 C230 Equity,2026-06-11,21.9,19.4,18.871001326100213,19.4,18.871001326100213,17.61373707501521,17.686991030100877,18.763252259716126,19.216208,18.942833141447213,17.616866777397977,20.868615508703424,18.653298378906857
2026-06-04,ITA US 10/16/26 C250 Equity,2026-06-11,9.100000000000001,7.699999999999999,7.354807597823763,7.699999999999999,7.354807597823763,9.391552283188881,8.465641244173428,7.477864041974052,7.109707,7.647173235823388,6.3159814776280045,9.41216424129369,7.472211321936301
2026-06-04,ITA US 01/15/27 C230 Equity,2026-06-11,23.35,20.85,20.41154132157921,20.85,20.41154132157921,19.52834324129634,19.4424433015025,19.51895272956256,20.043905,20.418606414290842,18.04232186827344,22.055672731938014,20.197837483170765
2026-06-04,ITA US 12/18/26 C240 Equity,2026-06-11,16.85,14.6,13.8710524517901,14.6,13.8710524517901,13.682295752774976,13.678104335954194,13.518122204740623,13.801043,13.341625315124551,12.943609324674624,14.525415483897453,14.04384025194974
2026-06-04,ITA US 10/16/26 C230 Equity,2026-06-11,18.4,15.75,15.417869365406517,15.75,15.417869365406517,14.95708045869387,14.863069108634916,15.832650860444016,16.970928,14.85535148408979,12.854180504040137,17.387110641457728,15.12673903597852
2026-06-05,ITA US 07/17/26 C250 Equity,2026-06-12,2.425,1.925,1.6330972797508863,1.925,1.6330972797508863,4.890261545260687,3.649680055133432,1.9186247445683051,2.0506797,1.8591932662698942,2.123550536528098,1.3134668120251018,1.9665678440307617
2026-06-05,ITA US 12/18/26 C245 Equity,2026-06-12,14.3,12.100000000000001,11.414713336738005,12.100000000000001,11.414713336738005,12.693858777119818,11.655654629793837,11.12105707218093,11.443137,11.731231096825677,10.369037222802348,8.413433471922206,11.862401287731112
2026-06-05,ITA US 07/17/26 C230 Equity,2026-06-12,9.65,7.6,7.344190158927231,7.6,7.344190158927231,7.092320465639338,8.317079462091442,7.398596695224947,6.498308,6.253566147356226,7.119902714216725,8.608928158438832,7.347983464583057
2026-06-05,ITA US 12/18/26 C250 Equity,2026-06-12,12.35,10.9,10.187521851483849,10.9,10.187521851483849,11.875872095257916,10.607378934133669,9.813894716911243,10.217834,9.9129009979454,9.58203051311184,7.083640989919696,10.836909562957
2026-06-05,ITA US 10/16/26 C235 Equity,2026-06-12,14.850000000000001,12.5,11.727280267732558,12.5,11.727280267732558,12.041763966986991,11.610336987891857,11.124709480749212,11.1027975,11.126473640230879,10.539402675960094,11.105536095284032,12.112530662293146
2026-06-05,ITA US 10/16/26 C230 Equity,2026-06-12,17.4,14.8,14.355353591346761,14.8,14.355353591346761,13.165859721165893,13.502961933620982,14.142069871391081,13.646244,14.371225916927564,12.989817980475515,14.636604382460458,14.423300626915628
2026-06-05,ITA US 01/15/27 C240 Equity,2026-06-12,17.5,15.5,14.770502305955281,15.5,14.770502305955281,15.934372976302924,15.01309040184138,15.052370692201945,15.482472,14.907046320427021,12.855608383871258,13.242417906506367,15.379064476731147
2026-06-05,ITA US 01/15/27 C230 Equity,2026-06-12,22.15,19.7,18.893761459317385,19.7,18.893761459317385,18.654747875011907,18.55320195259751,19.232982625900366,18.68389,18.987468217599467,17.57818765175832,20.045154473285457,19.504995149643584
2026-06-05,ITA US 01/15/27 C250 Equity,2026-06-12,13.350000000000001,11.5,10.861201164199915,11.5,10.861201164199915,12.810420281193643,11.640990959741426,10.279408649408476,11.204372,10.720427463215916,9.88683456488912,7.860534421221386,11.393964386790717
2026-06-05,ITA US 01/15/27 C235 Equity,2026-06-12,19.8,17.5,16.597156907624502,17.5,16.597156907624502,17.22992406989613,16.591357043180125,17.442658310128305,17.567554,16.82434739688572,15.033593477609939,17.336887162409493,17.3324031058749
2026-06-05,ITA US 12/18/26 C235 Equity,2026-06-12,18.45,16.15,15.446078296326673,16.15,15.446078296326673,15.921283153875386,15.363693478257515,16.601683746721996,16.213348,15.831097910154154,14.635709146077117,14.587472949338007,15.962357122954398
2026-06-05,ITA US 10/16/26 C250 Equity,2026-06-12,9.25,7.4,6.950354056102548,7.4,6.950354056102548,8.906059559552856,7.7075256575413515,7.4592450767013405,6.6022887,6.990936528035554,5.638166339941005,4.038225639429113,7.384109274993669
2026-06-05,ITA US 01/15/27 C245 Equity,2026-06-12,15.3,13.3,12.64611979510453,13.3,12.64611979510453,14.163955119569357,13.069699715376844,12.319095885594844,12.465441,12.661542092328165,11.154510186635964,10.483920532044076,13.150199324154439
2026-06-05,ITA US 12/18/26 C230 Equity,2026-06-12,21.05,18.35,17.548421427580305,18.35,17.548421427580305,16.914667627963297,16.906046973934934,18.261704615601772,18.29107,17.19918921174059,16.61280089597348,18.495307906269552,18.05209545891585
2026-06-05,ITA US 10/16/26 C240 Equity,2026-06-12,12.75,11.15,9.600804558197403,11.15,9.600804558197403,11.06337161741225,10.018853938395033,9.74889723317964,9.725142,9.851420491343681,9.340889129264493,7.6820322883510075,10.747556034548206
2026-06-05,ITA US 10/16/26 C255 Equity,2026-06-12,7.699999999999999,6.2,5.7736966849476,6.2,5.7736966849476,8.203582058462018,6.8389187048947555,4.597336141767993,5.4160557,5.402152368389008,4.5050401505700375,2.873892098935055,6.336899325422084
2026-06-05,ITA US 10/16/26 C245 Equity,2026-06-12,10.75,9.0,8.53799354073044,9.0,8.53799354073044,9.64393145358813,8.834453750284485,8.82033593449227,9.067577,9.079855427469289,7.346300390149881,5.086521513489713,8.902264480579348
2026-06-05,ITA US 12/18/26 C240 Equity,2026-06-12,16.3,13.899999999999999,13.183314934530966,13.899999999999999,13.183314934530966,13.780371103997052,13.039386309669004,12.841857415755014,13.3332205,12.817895907360532,11.874923857258777,11.574809634033256,13.58264678319222
2026-06-08,ITA US 10/16/26 C240 Equity,2026-06-15,14.350000000000001,9.649999999999999,8.915511505932704,9.649999999999999,8.915511505932704,9.71755435662157,9.34135963480463,9.547091187081655,11.047748,10.927581236139387,8.900550090975134,8.751059749472725,9.17780466153169
2026-06-08,ITA US 10/16/26 C250 Equity,2026-06-15,10.0,7.199999999999999,6.542709774956595,7.199999999999999,6.542709774956595,9.232074675210836,7.745772786975163,7.573440229899883,8.7421055,7.82625563292664,6.695747109551884,6.804717459561604,7.224864386889064
2026-06-08,ITA US 07/17/26 C230 Equity,2026-06-15,12.15,6.55,5.72824912271776,6.55,5.72824912271776,6.526683286369793,7.267491289831423,7.341498307886836,7.958196,7.740403314001603,7.756283761079133,8.88631293339792,5.912730737759885
2026-06-08,ITA US 07/17/26 C250 Equity,2026-06-15,2.925,1.5499999999999998,1.1285998388283007,1.5499999999999998,1.1285998388283007,4.454847374135106,3.0229193455589733,1.8186036645531503,3.6882596,2.7895785000284143,3.395985668875557,2.700765102539991,1.441837419634742
2026-06-08,ITA US 12/18/26 C230 Equity,2026-06-15,23.1,17.45,16.314817138678155,17.45,16.314817138678155,16.325423009309795,16.06411817901426,17.92979065412003,18.949955,17.861652171025195,17.52550553107644,18.247601978733034,16.979101782327675
2026-06-08,ITA US 01/15/27 C250 Equity,2026-06-15,15.0,11.15,10.057278829899191,11.15,10.057278829899191,12.457815641396927,10.977195070789248,10.180798236126119,11.982968,11.553904967236083,10.915683121656386,9.409431053606848,10.78012034412899
2026-06-08,ITA US 12/18/26 C235 Equity,2026-06-15,20.700000000000003,15.25,14.279464231921704,15.25,14.279464231921704,15.56857074531962,14.722959926257113,15.517794571350027,16.849833,16.01342355511674,15.023401558415602,14.976553795591496,14.896967007484857
2026-06-08,ITA US 10/16/26 C255 Equity,2026-06-15,7.8,5.75,5.132136250491369,5.75,5.132136250491369,7.885823184551347,6.338926797824332,4.258703188860487,6.3149905,5.85395302411773,5.352075538793253,4.898835934059364,5.734571815008226
2026-06-08,ITA US 01/15/27 C230 Equity,2026-06-15,24.5,18.5,17.266608031586873,18.5,17.266608031586873,17.27222006315481,17.070339572694337,18.807358938997226,19.83706,18.46710857710698,18.422966847632065,19.120686019510718,17.94124880713308
2026-06-08,ITA US 12/18/26 C245 Equity,2026-06-15,15.25,11.25,10.44911644793651,11.25,10.44911644793651,12.55777277646311,11.364226564941605,10.41384180605923,12.837045,12.24059595876849,11.3199266560196,10.370563579919514,11.014837282596718
2026-06-08,ITA US 12/18/26 C250 Equity,2026-06-15,12.75,9.0,8.197707599585742,9.0,8.197707599585742,9.876439706474935,8.725864695175922,9.197885275831158,11.209129,10.694806343518993,9.895626643934825,8.35563318269605,8.445067315485728
2026-06-08,ITA US 01/15/27 C240 Equity,2026-06-15,19.65,14.4,13.271093233972866,14.4,13.271093233972866,15.199123602185182,14.10718205991144,13.786080853391507,15.043654,15.170734713082403,13.467966757412096,14.063657588002451,14.093762711866667
2026-06-08,ITA US 10/16/26 C235 Equity,2026-06-15,16.549999999999997,11.85,11.04587598066084,11.85,11.04587598066084,12.081488941149793,11.484265446182565,11.153684874563632,12.866969,12.713928222318742,11.002467237520532,11.230429021463726,11.347627803758042
2026-06-08,ITA US 10/16/26 C230 Equity,2026-06-15,19.4,13.8,13.201637900458929,13.8,13.201637900458929,13.418020328609932,13.311605201033387,13.1540240179447,15.003473,14.172370018091728,13.47734395912389,13.835042968206384,13.376161199300839
2026-06-08,ITA US 01/15/27 C235 Equity,2026-06-15,22.1,16.4,15.39134723291428,16.4,15.39134723291428,16.17700480864794,15.537914879963818,16.827022542465425,17.616901,16.772507887047464,16.05508705472309,17.345886863079105,15.983340192402357
2026-06-08,ITA US 10/16/26 C245 Equity,2026-06-15,11.850000000000001,8.15,7.4204994309645445,8.15,7.4204994309645445,9.61092519998771,8.353199677756182,8.45830384442271,9.990989,9.36691205311304,7.802270244866528,7.556942978410405,7.930663221746903
2026-06-08,ITA US 12/18/26 C240 Equity,2026-06-15,18.049999999999997,13.15,12.098907036414843,13.15,12.098907036414843,13.731902397352005,12.679174497231564,12.618125330179112,13.385248,13.769725111866808,12.960233002079086,12.927133504455844,12.814849329559333
2026-06-08,ITA US 01/15/27 C245 Equity,2026-06-15,17.15,12.55,11.684387872138736,12.55,11.684387872138736,13.687261877411487,12.493396955614225,11.78309588580459,13.130377,13.1463371912695,12.276186188729007,12.496002615242272,12.276162431253413
2026-06-09,ITA US 01/15/27 C245 Equity,2026-06-16,17.7,13.7,12.886064716880794,13.7,12.886064716880794,14.479885646084321,13.518692382226533,11.51938284851722,11.708431,10.87314936879307,11.402253694875574,11.741420491039404,13.262027443195157
2026-06-09,ITA US 12/18/26 C235 Equity,2026-06-16,21.4,16.05,15.737561241178692,16.05,15.737561241178692,15.484195494761183,15.30847977933091,13.43761373028386,14.459376,13.44600689774479,14.971556471991654,14.47886138651765,15.422433132517124
2026-06-09,ITA US 01/15/27 C250 Equity,2026-06-16,15.65,11.55,11.08362017546065,11.55,11.08362017546065,12.660532330671524,11.776803051613694,9.339207592156116,10.1967,9.579780961480513,10.401045843649356,8.300599619864025,11.037091248993933
2026-06-09,ITA US 10/16/26 C230 Equity,2026-06-16,20.6,14.9,14.901775394117454,14.9,14.901775394117454,14.565735894339994,14.51817028036823,12.312134065219132,13.083393,12.39841225124715,13.03127786429263,15.1427304200455,14.321008633757192
2026-06-09,ITA US 10/16/26 C235 Equity,2026-06-16,17.4,12.7,12.282087140252294,12.7,12.282087140252294,12.245204462027498,12.169949243564366,10.550027140839864,10.255667,9.234226775304549,11.266114724659424,11.359938527597166,12.11657742864625
2026-06-09,ITA US 10/16/26 C245 Equity,2026-06-16,12.65,8.65,8.776617448904148,8.65,8.776617448904148,9.642273621059294,9.117525749681056,6.653079771563347,7.3838744,7.6999021823264195,7.438372798669745,7.167051698108762,8.203273333483768
2026-06-09,ITA US 12/18/26 C230 Equity,2026-06-16,24.35,18.85,18.28584702897021,18.85,18.28584702897021,17.768086606667406,17.45459159410388,16.568248381634643,16.95204,16.716797986990645,17.06182187256534,18.484522824815446,18.275953573799672
2026-06-09,ITA US 01/15/27 C240 Equity,2026-06-16,20.1,15.2,14.783861516447098,15.2,14.783861516447098,14.975166048868006,14.505605818222811,12.460425988959818,13.181121,12.977389371570112,12.9918337521198,13.34529918635719,14.515828613182373
2026-06-09,ITA US 01/15/27 C230 Equity,2026-06-16,25.9,19.9,19.602061533702564,19.9,19.602061533702564,18.55458797176902,18.373634944596233,16.99744267535412,17.807201,18.23465157980247,17.571054259747513,19.56299648746873,19.143186223426213
2026-06-09,ITA US 07/17/26 C230 Equity,2026-06-16,13.600000000000001,8.1,7.790338733999726,8.1,7.790338733999726,7.693764246989501,8.832216036188097,6.137398008497307,7.1205273,6.954232155220318,7.657738417611782,11.504570692728668,7.499601379761975
2026-06-09,ITA US 10/16/26 C250 Equity,2026-06-16,10.350000000000001,7.35,7.425465095801919,7.35,7.425465095801919,9.639502977823554,8.67065810826671,5.893066704450324,6.454599,6.3855322014826115,6.5580787825912195,6.631667082147203,7.17163174062321
2026-06-09,ITA US 01/15/27 C235 Equity,2026-06-16,22.7,17.4,17.169185524716898,17.4,17.169185524716898,16.57919583316145,16.43871815076049,14.530010947418319,15.160467,15.296797991333234,15.732731782381205,16.81645111993699,16.77009306955466
2026-06-09,ITA US 12/18/26 C245 Equity,2026-06-16,16.25,12.0,11.59874046287963,12.0,11.59874046287963,12.592692908325722,11.81790673472289,9.92083721720242,10.844369,9.593474377794983,10.964820530972197,9.90413509788843,11.445298666141307
2026-06-09,ITA US 07/17/26 C250 Equity,2026-06-16,3.4499999999999997,1.9,1.5851327002266644,1.9,1.5851327002266644,4.410300678315416,3.7344385372033457,1.6790181284212415,1.8591073,1.7476862681858027,2.873726121597482,3.6016594778764484,1.6636845160356073
2026-06-09,ITA US 10/16/26 C240 Equity,2026-06-16,14.95,10.600000000000001,10.326494852859597,10.600000000000001,10.326494852859597,10.872964510386591,10.525658820767458,8.090377722228236,8.333491,8.26274236660554,9.449970200649027,9.506255436665601,10.006096539873734
2026-06-09,ITA US 10/16/26 C255 Equity,2026-06-16,9.0,6.1,6.084553864194717,6.1,6.084553864194717,8.256801813010997,7.261793461269695,4.35432803414219,5.7755613,5.162525266857664,5.179008952462265,3.9536394000122344,5.968698782844068
2026-06-09,ITA US 12/18/26 C240 Equity,2026-06-16,18.75,13.85,13.64175403068207,13.85,13.64175403068207,13.666234549167694,13.293123916248724,11.462232740766668,12.610372,10.787719682951362,12.426857689461103,12.21289815661232,13.2366536635767
2026-06-09,ITA US 12/18/26 C250 Equity,2026-06-16,14.100000000000001,10.9,9.755976293896792,10.9,9.755976293896792,10.959084368518827,9.63415512001525,8.736046463825243,8.831614,9.424054315391938,10.247812471603227,9.083527101201566,9.92355476292579
2026-06-10,ITA US 12/18/26 C240 Equity,2026-06-17,20.7,12.55,11.678302140246386,12.55,11.678302140246386,12.344164013789161,11.308444544133408,10.5500846318759,11.1868,10.759207037151702,10.120111608291765,7.166972552844255,11.829475741088599
2026-06-10,ITA US 07/17/26 C230 Equity,2026-06-17,15.65,6.6,5.689004042532485,6.6,5.689004042532485,8.008284000809892,8.432318921317147,6.607140664752291,6.785334,6.688155805816107,5.632056179660524,4.849981469873731,6.456961067198281
2026-06-10,ITA US 01/15/27 C240 Equity,2026-06-17,22.2,13.899999999999999,12.834649849917176,13.899999999999999,12.834649849917176,13.459352737768498,12.359622767285861,11.716665311349056,12.017617,12.385563879178205,10.76978938982486,8.20904774414336,13.009035072088933
2026-06-10,ITA US 01/15/27 C235 Equity,2026-06-17,24.75,15.8,14.621409391810264,15.8,14.621409391810264,14.726554500273858,13.85197492639215,14.552595432674096,14.4456,14.623918624292164,13.157560095622072,10.9388292130873,14.8532751887093
2026-06-10,ITA US 01/15/27 C245 Equity,2026-06-17,19.55,12.2,11.089835722909035,12.2,11.089835722909035,11.931841676571523,10.890370178000222,10.329035431193505,11.509771,10.874394345776585,9.556286684990614,7.320461083567632,11.36067341382777
2026-06-10,ITA US 10/16/26 C240 Equity,2026-06-17,16.799999999999997,9.4,8.693480056973092,9.4,8.693480056973092,9.486341571498375,8.485950796536212,8.230367665667877,8.830235,8.94782838779488,6.840119306040717,4.629993265989153,8.652277321715095
2026-06-10,ITA US 10/16/26 C255 Equity,2026-06-17,10.15,5.35,4.821532216344796,5.35,4.821532216344796,6.532773335970306,5.013359482259711,4.106109514006376,5.384214,5.016275816620592,3.5286631390845447,1.9792364101437163,4.923559984356229
2026-06-10,ITA US 10/16/26 C250 Equity,2026-06-17,12.25,6.65,6.0412699681689315,6.65,6.0412699681689315,7.775601689879613,6.213591457302387,6.551584142330858,7.36238,7.086047351541261,4.663597180021005,2.579425573898306,6.194218761504533
2026-06-10,ITA US 10/16/26 C230 Equity,2026-06-17,22.9,13.45,12.620584364793926,13.45,12.620584364793926,12.316431225475336,12.118934180533568,11.502428320410107,11.52086,11.65263571561048,10.55250098417524,9.408689012953321,12.810046798513493
2026-06-10,ITA US 10/16/26 C235 Equity,2026-06-17,20.0,11.2,10.749590409555324,11.2,10.749590409555324,11.04204401729444,10.504847910197551,9.077025585971244,9.685458,9.448479087755691,8.603424094561612,6.409021677937372,10.490297199403225
2026-06-10,ITA US 07/17/26 C250 Equity,2026-06-17,4.7,1.225,0.8167560570837301,1.225,0.8167560570837301,2.95109776644658,1.4362166124358513,1.699135751658696,2.0912375,1.5513529113432418,1.9281375335743292,0.03828850329503951,0.7290075457754217
2026-06-10,ITA US 12/18/26 C245 Equity,2026-06-17,18.25,11.0,10.088875889303822,11.0,10.088875889303822,11.110322153204855,9.875662613311208,9.198850173327699,9.491894,9.43218629733944,9.009412564759977,5.59885432167577,10.273379706888242
2026-06-10,ITA US 01/15/27 C230 Equity,2026-06-17,27.85,17.85,16.549612959791332,17.85,16.549612959791332,16.141238470068483,15.711791206344614,16.763025486407294,16.475948,16.84872298094354,15.231870406742809,13.348453779744109,16.844665926112697
2026-06-10,ITA US 12/18/26 C230 Equity,2026-06-17,26.4,16.55,15.43570217648655,16.55,15.43570217648655,14.684458170053851,14.507738947884627,15.715962903200138,15.736594,15.470149154327512,14.731555086704788,11.924088495721138,15.690335477670363
2026-06-10,ITA US 01/15/27 C250 Equity,2026-06-17,16.95,10.9,9.851290809760748,10.9,9.851290809760748,11.061330393221205,9.608246963574153,9.167588321859446,9.9304,9.615481085689776,8.541540973425436,6.083101971257027,10.04861429993798
2026-06-10,ITA US 10/16/26 C245 Equity,2026-06-17,14.5,7.7,7.202492323726973,7.7,7.202492323726973,8.701605128425422,7.416142038930907,6.832524650392399,7.3940907,8.27651705320842,5.938316323772485,3.4439699451508945,7.223709790586638
2026-06-10,ITA US 12/18/26 C235 Equity,2026-06-17,23.4,14.600000000000001,13.555400996943735,14.600000000000001,13.555400996943735,13.712518745101368,12.872569058249788,12.263831398308922,12.299166,12.824459876305786,12.182803531633747,8.920013906668826,13.724977846308432
2026-06-10,ITA US 12/18/26 C250 Equity,2026-06-17,16.0,9.65,8.6820271093714,9.65,8.6820271093714,9.672213404423207,8.444526250375024,8.671479897814711,9.389175,9.166034885094584,7.503907403959794,4.826220760235002,8.885746889242196
2026-06-11,ITA US 10/16/26 C230 Equity,2026-06-18,19.95,18.4,18.6045881564837,18.4,18.6045881564837,17.27167568323782,16.901226135446084,15.763526003699592,15.671554,16.058450953326883,16.588681162200064,20.16652128468372,16.65890523804518
2026-06-11,ITA US 01/15/27 C240 Equity,2026-06-18,20.15,18.200000000000003,18.426328111703086,18.200000000000003,18.426328111703086,17.2028647247062,16.951629099292038,15.42757041241608,15.783682,16.51882261650528,16.56118580002572,20.169508529199284,16.79766137429941
2026-06-11,ITA US 10/16/26 C240 Equity,2026-06-18,14.6,13.05,13.236698477424449,13.05,13.236698477424449,12.523598883238854,12.476566464472803,10.911682794536999,11.428527,10.514203195151426,12.104788362006252,14.987562073938898,11.761474947667367
2026-06-11,ITA US 01/15/27 C230 Equity,2026-06-18,25.2,23.35,23.750372129188325,23.35,23.750372129188325,21.317874305555016,20.92060530816137,19.268237450632153,20.11599,20.474256287358376,20.70828852542846,24.581586382513592,21.331137688468377
2026-06-11,ITA US 12/18/26 C235 Equity,2026-06-18,21.1,19.4,19.533803699861636,19.4,19.533803699861636,18.089668528535057,17.530917704212545,16.402465559520788,17.290005,17.68803729820578,17.279946783795598,20.847811887255478,17.943337418506864
2026-06-11,ITA US 12/18/26 C230 Equity,2026-06-18,23.8,21.9,22.193159456037684,21.9,22.193159456037684,19.933094646834302,19.57530948066705,17.398006121000225,19.52664,19.28199759196975,20.176068520405142,23.57609813906141,19.911580498290995
2026-06-11,ITA US 10/16/26 C235 Equity,2026-06-18,17.450000000000003,15.5,15.899203911491915,15.5,15.899203911491915,15.132050117836402,14.705421233430725,12.30726362958296,12.867091,13.427599371017555,12.99795250463822,17.292489091083144,14.237203179754122
2026-06-11,ITA US 12/18/26 C240 Equity,2026-06-18,18.4,16.85,16.92948691565915,16.85,16.92948691565915,15.450169608787562,15.281018900109206,14.024007257649217,14.808223,15.466510261087524,16.028040561553027,19.153561657663854,15.501742613613718
2026-06-11,ITA US 10/16/26 C250 Equity,2026-06-18,10.65,9.100000000000001,9.175730051505552,9.100000000000001,9.175730051505552,9.672474091614209,9.188995306525484,6.995937969835036,8.635804,7.79130621257235,8.071874301064515,11.047061730333338,7.9433008091503305
2026-06-11,ITA US 10/16/26 C255 Equity,2026-06-18,9.0,7.8500000000000005,7.727568648681592,7.8500000000000005,7.727568648681592,8.932206502909265,8.256786397338413,6.100448604695082,7.2826934,7.302643908055635,7.062995028550126,9.555690152641148,6.82079316604746
2026-06-11,ITA US 12/18/26 C245 Equity,2026-06-18,16.55,14.600000000000001,14.618751093307418,14.600000000000001,14.618751093307418,14.230825138660306,13.776548111154968,11.90493486017438,12.733,12.457809939559827,13.714360744221182,15.817880503129109,13.29870255344212
2026-06-11,ITA US 01/15/27 C245 Equity,2026-06-18,17.85,15.85,16.00976426193148,15.85,16.00976426193148,15.023708080967353,14.68840123170117,12.77458296909182,13.853288,13.961097914301178,14.25725725427829,17.115709666243593,14.45379768929004
2026-06-11,ITA US 10/16/26 C245 Equity,2026-06-18,12.65,11.05,11.167525819403352,11.05,11.167525819403352,11.122513732499025,10.834787838136766,8.313017041539005,9.279583,8.700542020227354,10.236606405523373,14.02178176165299,9.861144473416843
2026-06-11,ITA US 01/15/27 C235 Equity,2026-06-18,22.55,20.549999999999997,20.83636645341433,20.549999999999997,20.83636645341433,18.818821905256502,18.421519561262294,17.125677118978928,18.486452,18.792814068314858,17.72426038579259,22.473023348401167,18.99394713796982
2026-06-11,ITA US 01/15/27 C250 Equity,2026-06-18,15.85,14.05,13.926637852779573,14.05,13.926637852779573,14.375278551621832,13.580538594072644,11.563886811674394,12.741718,13.100796797130368,12.651263638458026,13.98505637180103,12.772847386737403
2026-06-11,ITA US 12/18/26 C250 Equity,2026-06-18,14.25,12.7,12.650092025314283,12.7,12.650092025314283,12.723078787297151,12.107320861094848,10.915685770584354,12.334118,10.94718783704244,12.063328011343671,14.012022225795041,11.46488942750743
2026-06-12,ITA US 10/16/26 C240 Equity,2026-06-22,12.75,12.75,12.298829369252395,12.75,12.298829369252395,14.197151119547643,12.770040740689064,12.052365953369653,11.33393,11.754943239666424,11.323023053104365,17.210484781756367,11.926717593852088
2026-06-12,ITA US 10/16/26 C255 Equity,2026-06-22,7.45,7.699999999999999,7.159857994622131,7.699999999999999,7.159857994622131,10.608742039334778,8.373837753380702,7.657014719465123,7.5477653,8.10853870884731,5.865645539754205,11.436243738275584,7.074425145641183
2026-06-12,ITA US 12/18/26 C235 Equity,2026-06-22,18.95,18.45,17.872919221712536,18.45,17.872919221712536,18.65629501525232,17.488547514630536,18.21449963488857,17.826704,17.473196144952546,17.741365836092637,21.944744926504978,17.583394096941714
2026-06-12,ITA US 12/18/26 C250 Equity,2026-06-22,12.45,12.35,11.559922290700214,12.35,11.559922290700214,14.047370836222374,11.87039247347449,11.507630945717679,11.904146,11.87345138436997,10.161171832188758,16.249700723452836,11.420928517219277
2026-06-12,ITA US 10/16/26 C250 Equity,2026-06-22,9.1,9.25,8.694039180466342,9.25,8.694039180466342,11.794404912953631,9.682651579450708,9.22345681404807,8.958052,9.098500493314255,7.252621512889437,13.11750316768647,8.53251703801362
2026-06-12,ITA US 10/16/26 C230 Equity,2026-06-22,18.05,17.4,16.982629897250675,17.4,16.982629897250675,17.733486536744458,16.529331283244762,17.35579471885365,17.212088,16.832229971527187,16.895635536524917,19.837211119879814,16.19469802543588
2026-06-12,ITA US 10/16/26 C235 Equity,2026-06-22,14.95,14.850000000000001,14.414545512191465,14.850000000000001,14.414545512191465,15.428442803391102,14.435016591720778,14.17359822355157,12.749432,13.739937330775504,13.452813771492009,19.115044954001768,14.037528225930117
2026-06-12,ITA US 12/18/26 C240 Equity,2026-06-22,16.75,16.3,15.5961549820754,16.3,15.5961549820754,17.147008456238503,15.506054551628331,16.40510213669263,15.591026,15.61243085389268,15.35561088256738,20.471355933690838,15.425472304822648
2026-06-12,ITA US 01/15/27 C250 Equity,2026-06-22,14.1,13.350000000000001,12.662890392726444,13.350000000000001,12.662890392726444,15.234274022296425,13.197147297827751,12.607092987651384,12.035065,13.10109292146712,11.709544361183545,16.72795627973007,12.437424064922945
2026-06-12,ITA US 10/16/26 C245 Equity,2026-06-22,10.8,10.75,10.29424208265998,10.75,10.29424208265998,12.669185642131037,10.911260170387521,9.78708902731179,9.791668,10.009911614400105,9.208262671925265,15.11837630892433,9.980940162990459
2026-06-12,ITA US 12/18/26 C230 Equity,2026-06-22,21.4,21.05,20.34854501626336,21.05,20.34854501626336,21.04760398911782,19.490426149433546,19.656678933160354,18.900118,19.647733116941144,19.80564374092171,23.06162264882243,19.7553296446043
2026-06-12,ITA US 01/15/27 C245 Equity,2026-06-22,15.75,15.3,14.67818081155213,15.3,14.67818081155213,16.724367817756885,14.810006212408007,14.869492378996565,13.787043,14.361052604079081,13.316303802580586,19.325832358306485,14.37838319915592
2026-06-12,ITA US 01/15/27 C240 Equity,2026-06-22,18.05,17.5,16.738177541925833,17.5,16.738177541925833,18.261943757968282,16.61325136891976,17.22372592480528,16.812046,16.787245105809244,16.01928722166117,21.041781438746824,16.550784732582194
2026-06-15,ITA US 10/16/26 C235 Equity,2026-06-23,14.9,16.549999999999997,15.419608420406798,16.549999999999997,15.419608420406798,15.39678705198411,14.755342323750325,11.997268428147281,11.486719,12.461939302473676,12.067675779117911,12.332148027752357,15.538598641804677
2026-06-15,ITA US 10/16/26 C240 Equity,2026-06-23,12.45,14.350000000000001,13.451033589079223,14.350000000000001,13.451033589079223,13.730264630504042,13.274427446357398,9.99409593576911,10.539891,10.863027611992345,9.407933217399798,9.112743363760709,13.718883767942959
2026-06-15,ITA US 10/16/26 C245 Equity,2026-06-23,10.25,11.850000000000001,10.78300005079104,11.850000000000001,10.78300005079104,11.653334817278422,10.902371945948648,8.556825929351527,9.185885,8.78272623589504,8.390567643743859,8.046633959826211,11.114832634574286
2026-06-15,ITA US 01/15/27 C250 Equity,2026-06-23,14.15,15.0,13.782876277788876,15.0,13.782876277788876,15.003947019232983,13.957124586828323,11.035969177910067,11.700043,12.164877254402915,10.78653732936808,10.002045608148089,14.336888559559801
2026-06-15,ITA US 12/18/26 C250 Equity,2026-06-23,11.75,12.75,12.157152856385947,12.75,12.157152856385947,12.343459059387364,11.702993980150966,9.58926205324859,10.760314,10.636482064513187,8.935377005191459,8.246575623241409,11.844985009854465
2026-06-15,ITA US 12/18/26 C235 Equity,2026-06-23,18.950000000000003,20.700000000000003,19.282291772546774,20.700000000000003,19.282291772546774,19.24670027153956,18.17868251755789,15.408578396033914,16.994173,16.050711251865373,15.3515047451878,15.410409904741703,19.63251711862049
2026-06-15,ITA US 01/15/27 C245 Equity,2026-06-23,16.05,17.15,15.905591412271994,17.15,15.905591412271994,16.353205866728967,15.37624139037098,12.470138926017595,12.003108,12.971411598307785,12.461969205426206,12.272188996708836,16.3270631822034
2026-06-15,ITA US 10/16/26 C230 Equity,2026-06-23,17.5,19.4,18.469674493755175,19.4,18.469674493755175,18.321121253175566,17.75040112657825,14.607056238048308,15.881558,15.023231025168396,14.758483598458511,15.493974199064418,17.998099678105742
2026-06-15,ITA US 12/18/26 C240 Equity,2026-06-23,16.2,18.049999999999997,16.791034662241074,18.049999999999997,16.791034662241074,16.743626210164688,16.214361184289608,13.780681742875124,14.026069,13.829074976592503,13.14748953390833,13.53112268184559,17.4165594036192
2026-06-15,ITA US 10/16/26 C255 Equity,2026-06-23,7.05,7.8,6.907782090278549,7.8,6.907782090278549,8.445787696643258,7.384476029121022,5.852849500308812,6.85427,6.039830472157011,5.269194924970806,5.671142137969348,6.9747489760477945
2026-06-15,ITA US 12/18/26 C230 Equity,2026-06-23,21.6,23.1,21.696540350681015,23.1,21.696540350681015,20.7351351068113,20.022667944594517,18.573027399168307,18.990063,18.28977074082293,18.08365207771417,17.751341651137643,21.53128761007548
2026-06-15,ITA US 10/16/26 C250 Equity,2026-06-23,8.5,10.0,9.149991574608205,10.0,9.149991574608205,10.68090701775213,9.673911403023688,7.425929572327169,7.9615645,7.396866841833018,6.856440529768749,6.127817721825873,9.360620345708275
2026-06-15,ITA US 01/15/27 C240 Equity,2026-06-23,18.25,19.65,18.46413161065541,19.65,18.46413161065541,18.67107842240543,17.976050060823933,14.813603381267962,16.115772,15.25320517770089,14.534963436084158,15.29006226077228,18.937853002865133
2026-06-16,ITA US 01/15/27 C240 Equity,2026-06-24,18.15,20.1,19.30560117878653,20.1,19.30560117878653,15.944698441799368,16.143014280492743,15.278853829509794,14.343317,14.762480170062602,14.316119155763616,13.819289421372694,17.68603329869384
2026-06-16,ITA US 12/18/26 C245 Equity,2026-06-24,14.75,16.25,15.43538120666642,16.25,15.43538120666642,13.1897654114584,12.75906935349117,11.942254904453096,9.987691,11.47110191454692,10.978176494379179,10.091841929681227,13.7667505881964
2026-06-16,ITA US 12/18/26 C235 Equity,2026-06-24,19.15,21.4,20.32644056255392,21.4,20.32644056255392,17.100329715580635,16.763961092191987,15.893972448277946,15.096082,16.10654910920583,15.208157795720618,14.444647057783442,18.401958221728655
2026-06-16,ITA US 01/15/27 C235 Equity,2026-06-24,20.65,22.7,21.792571362062994,22.7,21.792571362062994,18.33674316576073,18.046429603870823,18.254675749847248,16.715746,16.909415615685553,16.22176841720333,16.57532991913901,19.73204813108054
2026-06-16,ITA US 10/16/26 C230 Equity,2026-06-24,18.200000000000003,20.6,20.068296722578793,20.6,20.068296722578793,15.756071633723804,16.07109023546937,15.533798423790842,14.282026,14.555195035125562,14.160050028774501,14.055521446803802,17.321511414396205
2026-06-16,ITA US 12/18/26 C230 Equity,2026-06-24,21.85,24.35,23.603653498926388,24.35,23.603653498926388,19.13125504102751,19.10133396433836,19.674390113980657,18.217825,18.13482665453344,17.406025065698962,17.45154549067795,20.917869446380493
2026-06-16,ITA US 10/16/26 C245 Equity,2026-06-24,10.45,12.65,12.046951405002,12.65,12.046951405002,9.31100607895468,9.36733575187692,9.414222901050326,7.439597,7.670688933110228,8.090095771059968,7.480101379405012,10.042915524558659
2026-06-16,ITA US 10/16/26 C240 Equity,2026-06-24,13.15,14.95,14.367764591662223,14.95,14.367764591662223,11.45702420356784,11.798192996450311,10.938329518882567,9.23515,10.325277498536215,9.991664184751684,9.334100131552107,12.57917444593825
2026-06-16,ITA US 10/16/26 C250 Equity,2026-06-24,9.2,10.350000000000001,9.79998102810307,10.350000000000001,9.79998102810307,7.705749902878001,7.4497941411183355,7.631929518403419,6.597042,7.016886187905125,6.5877111119789,5.000220083832231,7.850897886930318
2026-06-16,ITA US 10/16/26 C235 Equity,2026-06-24,15.1,17.4,16.63723734696819,17.4,16.63723734696819,12.648428049140543,12.861222029812229,12.809260559638606,11.2876425,12.107798230178938,12.607829942303793,11.338066843294223,14.311324248227848
2026-06-16,ITA US 12/18/26 C250 Equity,2026-06-24,12.6,14.100000000000001,13.401227894630651,14.100000000000001,13.401227894630651,11.474748573133738,10.880856589310726,10.188318465444635,9.397546,10.051885568250356,8.741752714252712,8.534524803184683,11.586115996990799
2026-06-16,ITA US 01/15/27 C230 Equity,2026-06-24,23.45,25.9,25.15057052393469,25.9,25.15057052393469,20.96837405493249,20.621956964675206,19.91464290453094,18.394463,19.012776970196608,18.347794211879386,18.63045253478312,22.408102802882595
2026-06-16,ITA US 12/18/26 C240 Equity,2026-06-24,16.85,18.75,17.940885988496063,18.75,17.940885988496063,14.068043043346979,14.326873016960272,14.521508254993165,12.735706,13.234514725674105,12.893813412206988,13.52503147981954,16.216059299159905
2026-06-16,ITA US 01/15/27 C250 Equity,2026-06-24,14.0,15.65,14.834225611283088,15.65,14.834225611283088,13.007036957443498,12.50180042920519,11.624856396279498,10.260513,11.613046628291722,10.289454254291226,8.96211358852406,13.315937035198392
2026-06-16,ITA US 10/16/26 C255 Equity,2026-06-24,7.550000000000001,9.0,8.348865419113052,9.0,8.348865419113052,6.833218754508806,6.239098569013119,6.552366302341892,5.7462955,5.7471119807763085,5.374191496791301,4.446067023956318,6.366126690041749
2026-06-16,ITA US 01/15/27 C245 Equity,2026-06-24,16.0,17.7,16.91026189928667,17.7,16.91026189928667,14.219147471367986,13.92535583570667,13.063566216119728,11.741722,12.137876968621601,12.338936002687948,11.28201274931652,15.197642634648957
2026-06-17,ITA US 01/15/27 C250 Equity,2026-06-25,15.25,16.95,15.799010844228672,16.95,15.799010844228672,11.104093195360992,11.333299133234334,14.796124087571734,14.752736,14.027926429819276,11.733971433365683,10.271175797125819,13.157637494153338
2026-06-17,ITA US 01/15/27 C245 Equity,2026-06-25,17.4,19.55,18.463416160880104,19.55,18.463416160880104,13.321162911869763,13.779500861011304,16.64255729910209,16.072987,16.09769227802516,13.367717350271324,12.993181417359116,15.936707670073162
2026-06-17,ITA US 12/18/26 C235 Equity,2026-06-25,21.6,23.4,22.574929148700164,23.4,22.574929148700164,16.18371094587361,16.56093187186956,19.560077142808943,18.995317,18.359369155246725,16.62705863510793,15.76735265780358,18.9622302472508
2026-06-17,ITA US 10/16/26 C250 Equity,2026-06-25,10.2,12.25,11.551499466335292,12.25,11.551499466335292,7.144473419700956,7.6107766683481834,10.360615706577022,8.51437,9.030769984022546,7.321176765141951,7.729547405551413,8.759564450561339
2026-06-17,ITA US 12/18/26 C245 Equity,2026-06-25,16.25,18.25,17.164513822277947,18.25,17.164513822277947,11.780103319908783,12.264377739735933,15.898038571158423,15.22157,15.08490650107447,11.455095061499748,11.347605664976545,14.563953250015341
2026-06-17,ITA US 01/15/27 C235 Equity,2026-06-25,22.5,24.75,23.8114957154664,24.75,23.8114957154664,17.668305708971666,17.99718829738688,19.990297101777863,18.279482,18.484025477921968,18.169464169890055,17.960008615475846,20.357908284976574
2026-06-17,ITA US 12/18/26 C240 Equity,2026-06-25,18.65,20.7,19.695001518053147,20.7,19.695001518053147,14.204499655720001,14.279062400404818,16.956148301239757,16.933807,16.53457933345094,13.891475050727912,13.67352613244138,16.767514653651688
2026-06-17,ITA US 01/15/27 C230 Equity,2026-06-25,25.85,27.85,26.688885190209287,27.85,26.688885190209287,20.593874262393484,20.770698391358007,22.55499609977558,20.630388,21.12498011412183,20.45261368630716,19.278414043474314,23.06938537449885
2026-06-17,ITA US 12/18/26 C230 Equity,2026-06-25,24.55,26.4,25.27614175607933,26.4,25.27614175607933,18.630730931404564,18.999653960114756,20.246637462118713,18.39308,19.189933053050176,18.41643664471796,18.147022429031512,21.527027079967414
2026-06-17,ITA US 10/16/26 C255 Equity,2026-06-25,8.55,10.15,9.486693253174534,10.15,9.486693253174534,6.327733452423146,6.477954419306885,8.826633769918972,7.9795933,7.801528917466809,6.620786610043664,5.375242871754568,6.752015761024152
2026-06-17,ITA US 10/16/26 C245 Equity,2026-06-25,12.55,14.5,13.779678862069494,14.5,13.779678862069494,8.929836103201454,9.680301151463986,11.990227939373483,9.673386,11.131207845001697,8.910001450462468,8.762090560799772,11.01601127478447
2026-06-17,ITA US 10/16/26 C240 Equity,2026-06-25,14.75,16.799999999999997,16.145403507107112,16.799999999999997,16.145403507107112,10.642968788298504,11.123795628849543,14.867872727383583,14.427685,13.31248069439208,12.100985907573573,10.568643976360544,12.915336450832847
2026-06-17,ITA US 10/16/26 C235 Equity,2026-06-25,17.5,20.0,19.232364130140503,20.0,19.232364130140503,13.295249837558732,13.795970997636667,16.69769278494506,16.474506,15.848705870966048,14.30372991865131,13.38928036701157,15.707888268928638
2026-06-17,ITA US 10/16/26 C230 Equity,2026-06-25,20.7,22.9,22.17326049526316,22.9,22.17326049526316,16.060800574536422,16.599445700164715,19.281051261839178,19.073652,17.83016615318952,16.19664164862784,14.935692303824771,18.16343977193664
2026-06-17,ITA US 01/15/27 C240 Equity,2026-06-25,20.0,22.2,21.137534107407195,22.2,21.137534107407195,15.891327994035667,15.934677474551076,17.847212275954618,18.184082,17.623503368423194,15.83904588810611,15.334376116819458,18.290302001934304
2026-06-17,ITA US 12/18/26 C250 Equity,2026-06-25,13.95,16.0,14.929537434468594,16.0,14.929537434468594,10.664711892976015,10.893396005487164,14.195135076316479,12.396526,12.34251594939176,10.045680083422287,9.706529313098144,12.48022493752432
