date,contract,target_date,target_t1,naive_forecast,crr_forecast,pred_naive_random_walk,pred_crr_binomial_roll-down,pred_ols,pred_ridge,pred_randomforest,pred_xgboost,pred_lightgbm,pred_catboost,pred_mlp,pred_elasticnet_delta
2026-05-07,ITA US 10/16/26 C240 Equity,2026-05-14,8.85,9.1,8.6077786781927,9.1,8.6077786781927,12.034573004732849,10.345992236424316,10.555957641280415,10.4015255,9.973900142957087,9.391710695206587,5.85771752533787,10.287671595949522
2026-05-07,ITA US 12/18/26 C245 Equity,2026-05-14,10.35,10.3,9.443326732105538,10.3,9.443326732105538,13.92442264772868,11.766893870928959,11.018087305342336,11.240849,11.362342247513137,11.114252829505416,6.861767230881796,11.556949528582228
2026-05-07,ITA US 10/16/26 C235 Equity,2026-05-14,10.600000000000001,11.0,10.466482480968457,11.0,10.466482480968457,13.934961924956882,11.99182118041306,12.574289391535057,13.208601,11.670747261036507,11.194973827733069,7.39881141035721,12.12748179923037
2026-05-07,ITA US 01/15/27 C230 Equity,2026-05-14,17.6,16.9,15.919735841824412,16.9,15.919735841824412,19.589935582629195,17.70142064409983,19.372574620261204,19.175262,17.173338048750924,18.8840423405503,16.20693752203709,17.98172312681268
2026-05-07,ITA US 07/17/26 C230 Equity,2026-05-14,6.949999999999999,7.25,6.772733954347176,7.25,6.772733954347176,10.155111005369882,8.827181315751034,8.381822618226696,7.4539,6.410685893995639,7.895954148565703,7.136915088337172,8.352749829545969
2026-05-07,ITA US 10/16/26 C250 Equity,2026-05-14,6.65,6.35,5.87887409868966,6.35,5.87887409868966,9.830805430431294,7.741583564763416,6.221352377145236,6.606338,5.931389176556015,6.359189951125799,4.15021645062458,7.643986634993488
2026-05-07,ITA US 01/15/27 C245 Equity,2026-05-14,11.3,11.25,10.33437473142885,11.25,10.33437473142885,14.761773508839198,12.725935853100314,12.575858732038531,12.941367,12.518888334222067,11.782291942614949,8.843590031059687,12.47925566555302
2026-05-07,ITA US 12/18/26 C230 Equity,2026-05-14,16.3,15.649999999999999,14.65745751833275,15.649999999999999,14.65745751833275,18.114582047521502,16.488038365450535,18.066512879614532,17.042118,15.74943335079768,17.190649907718928,13.822119343690929,16.712392890232127
2026-05-07,ITA US 10/16/26 C245 Equity,2026-05-14,7.35,7.55,7.049054485276237,7.55,7.049054485276237,10.550804443436373,8.75602547058087,8.384552321583666,7.0776434,7.007267844605712,8.087717725174675,4.528305382957109,8.77088972252831
2026-05-07,ITA US 01/15/27 C235 Equity,2026-05-14,15.399999999999999,14.8,13.836680954985011,14.8,13.836680954985011,17.929733206700938,15.900282287100232,16.39799945757659,16.14667,15.783691546189228,16.157958152966806,14.170444454006315,15.934799146798717
2026-05-07,ITA US 12/18/26 C235 Equity,2026-05-14,14.0,13.6,12.634247865100308,13.6,12.634247865100308,16.42556894824993,14.56324388825812,14.888099160500797,14.798752,14.557248740413192,14.362459446021164,10.611876722397461,14.688452199788141
2026-05-07,ITA US 10/16/26 C230 Equity,2026-05-14,12.85,12.75,12.384772176856856,12.75,12.384772176856856,15.327334446772603,13.63464867173844,14.370524613469632,14.956689,13.47553434284161,13.110554107804305,10.093682643649556,13.829752227678648
2026-05-07,ITA US 01/15/27 C240 Equity,2026-05-14,13.3,12.85,12.065620296343155,12.85,12.065620296343155,16.353645792608727,14.327039383731648,14.29370240301317,14.80075,14.76176215788584,13.625107018891823,10.98161446776986,14.04436474598588
2026-05-07,ITA US 12/18/26 C250 Equity,2026-05-14,8.600000000000001,8.7,7.9113614335302715,8.7,7.9113614335302715,12.037591899020422,10.235896030263525,9.895646496017903,9.317617,10.797881836319554,9.479644984769356,6.434279671886847,9.95577867303885
2026-05-07,ITA US 12/18/26 C240 Equity,2026-05-14,12.75,12.0,11.070441103146244,12.0,11.070441103146244,14.784185161825295,12.899398877882962,12.953850106468751,13.264099,12.933260449118418,11.665418042690792,9.05248045724889,13.147647933613698
2026-05-07,ITA US 10/16/26 C255 Equity,2026-05-14,5.3,5.3,5.110445419282524,5.3,5.110445419282524,8.571993786152863,6.935095966426468,5.643142073324454,5.3370466,4.244687860985101,4.856236430915088,3.014153686850557,6.666651456044245
2026-05-07,ITA US 01/15/27 C250 Equity,2026-05-14,10.0,10.05,9.301772946233449,10.05,9.301772946233449,14.10212012115256,11.886154133565407,10.97821889094123,11.19101,11.73126315640506,11.199245295716672,6.237906771771538,11.356373506184953
2026-05-07,ITA US 07/17/26 C250 Equity,2026-05-14,2.1500000000000004,2.1,1.8183916104115372,2.1,1.8183916104115372,5.364665943483367,3.5536176361960514,2.2645977613753345,2.770709,2.2001774481587013,3.0305817933153776,3.7107374401486886,3.394890184387468
2026-05-08,ITA US 01/15/27 C230 Equity,2026-05-15,14.35,17.25,16.39177367285835,17.25,16.39177367285835,19.457419749967503,18.10619108972654,19.656876947805117,19.07766,19.124616204985678,20.13475666937036,15.372998992665776,18.27678130079502
2026-05-08,ITA US 07/17/26 C250 Equity,2026-05-15,0.875,2.4749999999999996,2.1947018265168103,2.4749999999999996,2.1947018265168103,6.303844711898695,4.85440659777692,2.4923085319410476,3.2621448,2.8492023683408028,3.952278222072339,2.0674586416019234,3.8506324662120397
2026-05-08,ITA US 12/18/26 C250 Equity,2026-05-15,6.6,8.85,8.074337550864456,8.85,8.074337550864456,11.966970133839318,10.630967029321816,12.73555102556396,10.013139,12.094693408005087,10.772376876179026,6.16121978829111,10.089506349839155
2026-05-08,ITA US 07/17/26 C230 Equity,2026-05-15,3.95,7.0,6.578986436597179,7.0,6.578986436597179,9.755677555500915,8.504459551009903,10.091939878230495,7.411237,7.668916142737076,9.529748125126861,5.555821272316226,8.008260403883298
2026-05-08,ITA US 12/18/26 C235 Equity,2026-05-15,11.75,14.2,13.253359234690057,14.2,13.253359234690057,16.915545812089285,15.46066354650725,16.906396360429053,15.45697,15.796125022236257,16.11488215459481,10.181215539885493,15.296372752056133
2026-05-08,ITA US 10/16/26 C245 Equity,2026-05-15,4.65,7.6499999999999995,7.158213208230791,7.6499999999999995,7.158213208230791,11.138412448461866,9.522353444794831,10.239429806084887,7.0345488,10.011449448695599,9.49441499747359,3.33920949377088,8.90567133647045
2026-05-08,ITA US 12/18/26 C230 Equity,2026-05-15,13.4,16.2,15.276014067908243,16.2,15.276014067908243,18.017817129791244,16.96514561621565,19.2447651482114,17.393661,17.54948026943269,18.386577302773937,12.926261830691129,17.252377445041446
2026-05-08,ITA US 01/15/27 C240 Equity,2026-05-15,10.85,13.4,12.538313660247198,13.4,12.538313660247198,16.59775412273587,14.825142650993476,15.99892448811326,15.0507965,15.47041996832181,15.816631325705185,9.58869655668703,14.536611825372985
2026-05-08,ITA US 12/18/26 C240 Equity,2026-05-15,10.25,12.25,11.364204315769651,12.25,11.364204315769651,15.496993076347575,13.820780291467564,15.505138782555731,14.040942,14.914705928391829,14.493720631557354,8.458474960190319,13.425745860413906
2026-05-08,ITA US 10/16/26 C230 Equity,2026-05-15,9.149999999999999,12.8,12.23225049026308,12.8,12.23225049026308,15.35554822991713,13.972537834190337,15.870868781437192,15.21915,14.970314649011087,14.88616277224142,9.039635778001761,13.872709550522893
2026-05-08,ITA US 12/18/26 C245 Equity,2026-05-15,8.15,10.2,9.3325827688241,10.2,9.3325827688241,13.605616924590842,11.980007718916717,13.662496067277067,11.009678,12.174266519298651,12.421551346446783,6.453502851362899,11.374800575898321
2026-05-08,ITA US 01/15/27 C235 Equity,2026-05-15,12.5,15.0,14.19005139552139,15.0,14.19005139552139,17.720926203309592,16.28650155291437,17.65653927966987,16.998796,16.71291301960456,17.683085243012002,12.93581308837377,16.090355355029892
2026-05-08,ITA US 01/15/27 C245 Equity,2026-05-15,9.399999999999999,11.5,10.778884378075752,11.5,10.778884378075752,14.862496897818598,13.27953272074055,14.88843013675017,12.430087,13.286407358225825,13.148645517606402,7.4399525433755525,12.69550475345198
2026-05-08,ITA US 10/16/26 C240 Equity,2026-05-15,6.45,9.2,8.735856307969565,9.2,8.735856307969565,12.293632079861077,10.453890519515628,13.256522512136861,10.719579,12.086588214035864,11.282527736907477,3.6697284052730477,10.311954122743684
2026-05-08,ITA US 10/16/26 C235 Equity,2026-05-15,7.6,10.8,10.262521943062703,10.8,10.262521943062703,14.104438732819283,12.418063708638169,13.976541258923811,12.676502,13.039792402048473,12.988908075193054,5.98765875147113,11.928522391624757
2026-05-08,ITA US 01/15/27 C250 Equity,2026-05-15,8.2,10.05,9.251950237645952,10.05,9.251950237645952,13.864027257018225,12.166218344274316,13.56589613793617,10.951395,12.626546055673947,12.333974247261258,5.909562945296031,11.334790740387737
2026-05-08,ITA US 10/16/26 C250 Equity,2026-05-15,3.7,6.4,6.044018427410096,6.4,6.044018427410096,10.06233536322651,8.19604228073046,8.017695616324296,7.38254,7.618433030213816,7.726784418433627,3.7285065501261374,7.640358461382131
2026-05-08,ITA US 10/16/26 C255 Equity,2026-05-15,3.0,5.25,4.847896160647052,5.25,4.847896160647052,9.095171080055245,7.360215839043592,6.0317321783715245,5.7285767,5.189034853984706,6.057371987585165,1.8180802512876593,6.645221480055721
2026-05-11,ITA US 01/15/27 C240 Equity,2026-05-18,11.4,13.75,13.169764235124209,13.75,13.169764235124209,16.785549869513638,15.605958355233124,16.052949931724736,17.090385,15.458733050969458,16.324589299807002,12.194359585491329,14.720485732608187
2026-05-11,ITA US 10/16/26 C245 Equity,2026-05-18,6.0,8.05,7.7031017551525975,8.05,7.7031017551525975,10.846034622906812,9.828162808423361,11.796533430782503,9.588412,10.764255921214595,10.27665352772037,5.275996064980063,9.108125667967737
2026-05-11,ITA US 01/15/27 C235 Equity,2026-05-18,13.15,16.0,15.419431377493831,16.0,15.419431377493831,18.011353326924993,16.934447093213933,18.990349566696075,19.343578,17.536674419504568,18.74637234519315,14.400470491054044,16.88772702708535
2026-05-11,ITA US 01/15/27 C250 Equity,2026-05-18,8.6,10.45,9.89171912240228,10.45,9.89171912240228,13.546424518819883,12.344804953315933,13.734908204467422,13.514787,13.47835472067375,12.547361345590376,7.755181453251792,11.509953014061926
2026-05-11,ITA US 10/16/26 C230 Equity,2026-05-18,10.2,13.75,13.527603695614502,13.75,13.527603695614502,15.395494861082994,14.815510732952127,16.167288862804888,17.341818,15.055157405526268,16.678595190200696,11.179783586383842,14.618144099074271
2026-05-11,ITA US 01/15/27 C230 Equity,2026-05-18,15.0,18.3,17.717832577921154,18.3,17.717832577921154,19.915660121484876,18.927558652378977,19.822968461078784,21.941246,19.1335287647111,21.291376638672723,16.909935574734096,19.145333261348565
2026-05-11,ITA US 12/18/26 C235 Equity,2026-05-18,12.05,14.8,14.283145565346597,14.8,14.283145565346597,17.025916087414558,16.15369762983341,17.304844628235955,17.306753,16.380776330516408,17.839436329661407,12.043543166334068,15.739979160595894
2026-05-11,ITA US 10/16/26 C235 Equity,2026-05-18,8.399999999999999,11.55,11.311869613450071,11.55,11.311869613450071,13.751462069878084,12.895922053184655,14.91001954922462,14.930331,13.272787881284684,13.710213335296597,7.1705092682752785,12.49096189194563
2026-05-11,ITA US 12/18/26 C230 Equity,2026-05-18,14.05,17.1,16.6806009972062,17.1,16.6806009972062,18.655659373563612,17.934853561026834,19.66187943630098,20.188665,18.42476486226012,20.786741571365216,15.762218092811326,17.989130316402356
2026-05-11,ITA US 12/18/26 C250 Equity,2026-05-18,7.3,9.350000000000001,8.822161113924373,9.350000000000001,8.822161113924373,11.843255771086731,10.876362902107093,13.384034357919374,11.832162,13.014847648613422,11.759706663585009,6.760011209112713,10.384075844533964
2026-05-11,ITA US 10/16/26 C250 Equity,2026-05-18,4.65,6.35,6.109883490585929,6.35,6.109883490585929,9.437686396069076,8.369898972855971,6.757582855618058,7.5467224,7.273844800666877,8.225115141240913,5.421165798002038,7.474430247008139
2026-05-11,ITA US 12/18/26 C240 Equity,2026-05-18,10.399999999999999,12.850000000000001,12.375117218442965,12.850000000000001,12.375117218442965,15.444370459507693,14.380595056338844,15.869120687241,15.781147,15.013674400962435,15.317851928500783,10.265523657809268,13.842283953804019
2026-05-11,ITA US 07/17/26 C250 Equity,2026-05-18,1.625,2.375,2.0273566566419357,2.375,2.0273566566419357,5.630459773140329,4.222034958486141,2.3871103843965167,3.9323637,3.747667584794308,4.862597847155801,3.3093072270497816,3.4830605011183042
2026-05-11,ITA US 07/17/26 C230 Equity,2026-05-18,4.85,7.5,6.982352536187664,7.5,6.982352536187664,8.837580901256757,8.537684597262478,10.209573596219656,8.898226,9.049482990684105,11.478085924778464,9.002748106538528,8.261702491370096
2026-05-11,ITA US 01/15/27 C245 Equity,2026-05-18,9.75,12.15,11.542435235292247,12.15,11.542435235292247,15.086789329111703,13.795147093333789,15.305912287979746,14.942389,14.970583458927317,14.314820013762606,9.625353698187826,13.157299965247509
2026-05-11,ITA US 10/16/26 C240 Equity,2026-05-18,6.75,9.55,9.30496606719968,9.55,9.30496606719968,12.590962668789818,11.31705349274715,13.512131652431854,13.010159,13.262431640179699,12.238778934619981,6.920584203301626,10.55534498416273
2026-05-11,ITA US 12/18/26 C245 Equity,2026-05-18,8.7,10.9,10.378131495339584,10.9,10.378131495339584,13.268968988877864,12.292683090956055,14.263060093132335,13.656261,13.131579241120017,13.184576462226023,6.983009766710348,11.881383338567023
2026-05-11,ITA US 10/16/26 C255 Equity,2026-05-18,3.5250000000000004,5.2,4.871219476199117,5.2,4.871219476199117,8.174743265478154,7.368115527206424,6.012305272087928,6.781298,5.610198684060741,7.036248097316102,2.9264166726886587,6.400748987019207
2026-05-12,ITA US 10/16/26 C235 Equity,2026-05-19,7.800000000000001,10.9,10.50612774104097,10.9,10.50612774104097,11.582891270041944,11.098018130160476,9.728167470385708,11.108337,10.499135678406406,11.616664804388142,4.890128247101121,10.900925018116988
2026-05-12,ITA US 12/18/26 C240 Equity,2026-05-19,9.8,12.25,11.834830834938446,12.25,11.834830834938446,13.273055124092593,12.481061430606369,10.804202199351884,12.004498,11.966508203255147,13.241490410483104,6.71743281179007,12.280875292907302
2026-05-12,ITA US 10/16/26 C245 Equity,2026-05-19,5.75,7.3999999999999995,7.086478564920609,7.3999999999999995,7.086478564920609,8.488149114111364,7.9074745653248755,7.456113442472722,7.926583,6.9720445101658335,8.682526269223551,2.2705749700375972,7.487589971135188
2026-05-12,ITA US 12/18/26 C245 Equity,2026-05-19,8.3,10.5,9.98406201576194,10.5,9.98406201576194,11.925682548024096,11.01403126135486,9.736504223428435,10.219348,10.364805126559224,11.534773698376275,5.094765206723615,10.563899279920793
2026-05-12,ITA US 01/15/27 C250 Equity,2026-05-19,7.65,10.05,9.599669728253279,10.05,9.599669728253279,11.63779025175159,10.690044629798475,9.623285501292486,9.29609,10.14606216085431,11.040118705037512,4.269938088737243,10.15884318570297
2026-05-12,ITA US 01/15/27 C240 Equity,2026-05-19,10.75,13.45,13.013704252438016,13.45,13.013704252438016,14.236387300934327,13.62012184597062,11.298237440069803,12.948577,12.133172611519367,13.762520708043821,7.23069093177021,13.462545070374466
2026-05-12,ITA US 12/18/26 C250 Equity,2026-05-19,6.9,8.9,8.426756926691878,8.9,8.426756926691878,10.236197410547527,9.406492905002505,8.584894819747912,9.078489,9.955763409151098,10.351360972133683,4.165918271549195,9.018242257893313
2026-05-12,ITA US 10/16/26 C240 Equity,2026-05-19,6.300000000000001,9.05,8.857562565928703,9.05,8.857562565928703,10.117723588130819,9.527882369312831,8.499062067441601,9.507921,9.843936480548317,10.442657172499722,3.023281678255625,9.099709525502785
2026-05-12,ITA US 01/15/27 C245 Equity,2026-05-19,9.4,11.65,11.191486696616101,11.65,11.191486696616101,13.127260652960352,12.185540851083175,10.479256879469501,11.148379,10.60514566041465,11.897926423202424,6.403152814597826,11.720419842019338
2026-05-12,ITA US 01/15/27 C235 Equity,2026-05-19,12.55,15.45,14.881593703538579,15.45,14.881593703538579,16.115658418864594,15.392661833117373,13.007001599265699,14.978088,14.351019778989926,16.857551907283195,11.578862528458835,15.416401456831448
2026-05-12,ITA US 07/17/26 C250 Equity,2026-05-19,1.6749999999999998,2.6,2.3455939759612607,2.6,2.3455939759612607,4.50579975645989,3.579035670689567,2.2164095529618817,3.3182716,3.196519686910949,3.9731480590770953,1.2590607633492774,2.782492736863634
2026-05-12,ITA US 12/18/26 C230 Equity,2026-05-19,13.2,16.45,16.0405507510409,16.45,16.0405507510409,16.55103878723703,16.122249968558222,14.719249471658042,16.6337,14.126126789548241,17.868688280465214,12.522250589413861,16.392510962124142
2026-05-12,ITA US 10/16/26 C230 Equity,2026-05-19,9.75,13.25,12.926660444862492,13.25,12.926660444862492,13.53222661095134,13.347060769137954,11.074458220619958,13.266628,12.507504840262573,14.167378770215032,9.370151889767623,13.18869477759245
2026-05-12,ITA US 12/18/26 C235 Equity,2026-05-19,11.1,14.3,13.88622132378409,14.3,13.88622132378409,14.752981994874844,14.179891248691739,11.579660386034341,13.354827,13.51020098517028,15.308877783055777,7.865582761514597,14.275162373285497
2026-05-12,ITA US 10/16/26 C250 Equity,2026-05-19,5.0,6.25,6.042707623634723,6.25,6.042707623634723,7.26789499609318,6.67787754571471,5.921412118377263,6.5733037,6.152235353668291,6.868958473240677,1.423207652616573,6.368342745204279
2026-05-12,ITA US 07/17/26 C230 Equity,2026-05-19,4.65,7.65,7.424599171956348,7.65,7.424599171956348,7.13243033023566,7.4952224425571,7.259956811388784,8.169057,8.282519348175999,9.031122967889681,4.7982440116058545,7.480914172832057
2026-05-12,ITA US 01/15/27 C230 Equity,2026-05-19,14.4,17.55,17.136076661575842,17.55,17.136076661575842,17.70815625266566,17.16218609594609,15.7355075803527,16.554882,15.259973085246706,18.32759270554407,13.827859195496286,17.45232469783975
2026-05-12,ITA US 10/16/26 C255 Equity,2026-05-19,3.75,5.35,5.110646423737449,5.35,5.110646423737449,6.219511543991353,5.808088006776805,5.558163114160234,5.5700407,5.138699728122906,5.576762643633783,0.5850778306407852,5.551078246684204
2026-05-13,ITA US 01/15/27 C250 Equity,2026-05-20,9.15,10.2,9.749693971766247,10.2,9.749693971766247,11.100148412019895,10.297083582472716,8.871620300743428,8.256915,9.230927965762298,9.54913248548078,3.506028439033086,9.929543939218549
2026-05-13,ITA US 10/16/26 C235 Equity,2026-05-20,9.399999999999999,10.9,10.5736684341112,10.9,10.5736684341112,10.19551382430529,10.186625703332682,8.934840453806322,9.591025,9.370799763151792,10.177896677307706,4.184181668784086,10.468920221313713
2026-05-13,ITA US 10/16/26 C240 Equity,2026-05-20,7.5,8.8,8.493571740408177,8.8,8.493571740408177,8.486274117155308,8.298424325030474,7.512427763598455,8.6627,8.23345712828275,8.789399614188198,2.0190037416519413,8.416220059709113
2026-05-13,ITA US 07/17/26 C250 Equity,2026-05-20,1.875,2.925,2.658459143239388,2.925,2.658459143239388,5.471237551872925,4.153084872251926,3.1911527462748914,3.3122299,3.5323004361233816,2.5995884239374334,1.2075384352616498,2.842057630968251
2026-05-13,ITA US 10/16/26 C245 Equity,2026-05-20,6.4,7.95,7.65312520440609,7.95,7.65312520440609,7.665375406917242,7.133513627331839,7.01564833160698,6.7502875,7.103654636834654,7.4676958568978415,1.9344663451391257,7.563510940722101
2026-05-13,ITA US 10/16/26 C255 Equity,2026-05-20,4.35,5.0,4.742069324186945,5.0,4.742069324186945,5.527203100038209,5.159256167843994,5.0127357602943645,5.8218117,4.712780639734477,4.43531301807759,0.48062245855856606,4.849998508316729
2026-05-13,ITA US 07/17/26 C230 Equity,2026-05-20,5.9,7.65,7.402858597308873,7.65,7.402858597308873,7.552463876408261,7.3129643529065405,6.531907418802665,6.354042,6.704431060031296,7.647174763809087,4.592688021727046,7.172585276572747
2026-05-13,ITA US 10/16/26 C250 Equity,2026-05-20,5.25,6.55,6.257173805104765,6.55,6.257173805104765,6.630927256860102,5.967983626180295,6.506519111799561,6.3243437,5.676310756194091,5.411885431415621,1.311202157245086,6.243293540768275
2026-05-13,ITA US 10/16/26 C230 Equity,2026-05-20,11.0,13.3,12.99473653631454,13.3,12.99473653631454,11.873571554421215,12.12832457368875,10.616600102266933,11.534309,11.24691574351697,12.875831196644382,6.978863165685592,12.829885638228332
2026-05-13,ITA US 12/18/26 C240 Equity,2026-05-20,11.1,12.95,12.47680331556833,12.95,12.47680331556833,13.604068536859685,12.898509047957221,10.55435227766621,10.716162,11.099131221750037,11.943271533907431,7.312142407458486,12.663650045605243
2026-05-13,ITA US 12/18/26 C250 Equity,2026-05-20,7.9,8.85,8.257805064776218,8.85,8.257805064776218,9.1761507895273,8.751141088283493,7.966063692599467,8.366488,9.037495956947248,8.812363343543753,2.6093452155056087,8.581454192894851
2026-05-13,ITA US 01/15/27 C245 Equity,2026-05-20,10.35,11.5,11.197134855191162,11.5,11.197134855191162,12.219946239307856,11.56249711205905,9.621644189046165,9.736131,10.1308027402084,10.355305598054391,5.18139387377982,11.184070598214806
2026-05-13,ITA US 12/18/26 C230 Equity,2026-05-20,15.35,16.75,16.224616950676264,16.75,16.224616950676264,16.007385578224557,15.718533519033311,15.337281361686541,15.793229,13.544480156103043,17.16471994024302,12.376544161844626,16.301491378870704
2026-05-13,ITA US 01/15/27 C235 Equity,2026-05-20,14.05,15.649999999999999,15.408253534513149,15.649999999999999,15.408253534513149,15.545554058033119,14.998027789601933,13.279474697035381,13.958192,12.486646080338824,14.906896183843358,10.802028141951261,15.218329569082158
2026-05-13,ITA US 01/15/27 C240 Equity,2026-05-20,12.35,13.75,13.467687694642542,13.75,13.467687694642542,14.280785158361141,13.427818150720785,10.907314802235106,11.141059,11.616139215060022,12.582390311685385,7.210568963013754,13.365137508132241
2026-05-13,ITA US 12/18/26 C235 Equity,2026-05-20,13.0,14.75,14.255012133762214,14.75,14.255012133762214,14.83700952113394,14.173877282899124,11.669147693615244,12.430574,12.047879128520986,14.150664326048044,8.885378309946546,14.367791289908212
2026-05-13,ITA US 12/18/26 C245 Equity,2026-05-20,9.4,10.35,9.848313676521295,10.35,9.848313676521295,10.575623732005806,10.153780979330111,8.952370746860664,9.064957,9.80977748145803,10.133420394698435,2.4605309395458312,10.030523718550677
2026-05-13,ITA US 01/15/27 C230 Equity,2026-05-20,16.4,18.15,17.916756121002596,18.15,17.916756121002596,17.987357729916173,17.337590836231502,16.322840895661198,16.757761,14.045575833696882,17.448408651217715,13.566710386885443,17.64868781136944
2026-05-14,ITA US 01/15/27 C245 Equity,2026-05-21,10.350000000000001,11.3,10.39761557758344,11.3,10.39761557758344,11.72813818798376,10.885672340368526,9.36157120190054,8.656056,9.922558522586453,9.478863115474429,5.450657945255935,10.874161864323778
2026-05-14,ITA US 01/15/27 C250 Equity,2026-05-21,9.2,10.0,9.15560583215211,10.0,9.15560583215211,10.892235581456102,9.987156386355764,8.668866635777285,7.5706987,9.595874132967188,9.006377012407244,4.115562630075814,9.663260324982726
2026-05-14,ITA US 10/16/26 C255 Equity,2026-05-21,4.325,5.3,4.852671302985447,5.3,4.852671302985447,5.545738104131825,5.082341867417712,5.289702356622594,4.2504773,4.666672453142061,3.4698611537927313,0.7577726996304522,5.037973348500117
2026-05-14,ITA US 10/16/26 C240 Equity,2026-05-21,7.8,8.85,8.114099667486819,8.85,8.114099667486819,8.29243841167246,7.878646686488215,7.348135456547334,7.825165,8.753879671198582,7.7485250925783955,2.472734369721416,8.34131985902176
2026-05-14,ITA US 12/18/26 C250 Equity,2026-05-21,7.85,8.600000000000001,7.732265021616247,8.600000000000001,7.732265021616247,8.493219541702064,8.060035539543627,7.623914210173038,7.1004796,8.154977309904538,8.205475275094816,2.934044890110209,8.208325208213797
2026-05-14,ITA US 10/16/26 C250 Equity,2026-05-21,5.35,6.65,6.086638928206144,6.65,6.086638928206144,7.358748748937786,6.110193153928625,6.374188426051126,6.0226893,6.15078581658897,5.048211698965778,2.616039198500991,6.287019123159515
2026-05-14,ITA US 01/15/27 C235 Equity,2026-05-21,14.05,15.399999999999999,14.448221296857705,15.399999999999999,14.448221296857705,15.53328049551082,14.599343514786565,12.731804692727893,13.3747,13.506115962663854,13.241248431575574,11.441757972059396,14.904914912707703
2026-05-14,ITA US 10/16/26 C230 Equity,2026-05-21,11.0,12.85,12.095906895680452,12.85,12.095906895680452,11.758739024148818,11.512687328675167,10.236890094287272,10.900561,11.756338528077054,10.72374075163182,6.797081767179806,12.267666996385403
2026-05-14,ITA US 10/16/26 C245 Equity,2026-05-21,6.25,7.35,6.761630842176382,7.35,6.761630842176382,8.027456430515434,7.090852846285957,6.544957633392809,6.207203,6.709638450837817,6.3563903658318335,3.009908535950824,6.9743563737579075
2026-05-14,ITA US 12/18/26 C245 Equity,2026-05-21,9.3,10.35,9.408672097975,10.35,9.408672097975,10.459439712067224,9.79277741384753,8.764633004687733,8.057087,9.839426770950764,9.118351090264596,3.952364990042844,9.928981226233137
2026-05-14,ITA US 01/15/27 C230 Equity,2026-05-21,16.2,17.6,16.594063180420605,17.6,16.594063180420605,17.144659661405903,16.45517863003063,15.380586466408445,15.568009,15.318162894733247,14.862466636959345,12.859962293269362,17.064253522813885
2026-05-14,ITA US 10/16/26 C235 Equity,2026-05-21,9.5,10.600000000000001,9.90560623444164,10.600000000000001,9.90560623444164,9.940974748014074,9.634758748678095,8.5297048206244,8.976196,10.037552083353562,8.851068448889723,4.3801273858225525,10.066625925479746
2026-05-14,ITA US 07/17/26 C250 Equity,2026-05-21,1.75,2.1500000000000004,1.7923451928836003,2.1500000000000004,1.7923451928836003,4.308127304320346,2.695712552135465,2.597104632622141,2.2991207,2.481873818653611,2.278370354190905,1.6906498777127417,1.9911182231153672
2026-05-14,ITA US 01/15/27 C240 Equity,2026-05-21,12.05,13.3,12.397470852521,13.3,12.397470852521,13.818160109204733,12.705436311241149,10.635997108576317,10.703788,11.978048860226668,11.38253883962131,7.645914817529407,12.834087621898957
2026-05-14,ITA US 12/18/26 C240 Equity,2026-05-21,10.95,12.75,11.768706491475193,12.75,11.768706491475193,13.091335429127497,12.092313011257476,10.397059947470725,9.90943,11.631206739099618,10.68814007576889,6.938947767336103,12.319357597962536
2026-05-14,ITA US 12/18/26 C230 Equity,2026-05-21,15.15,16.3,15.202916025223082,16.3,15.202916025223082,15.430755778071532,15.054158988049585,14.27981977102247,14.829095,13.81319474536907,14.551772051057911,12.15288914146317,15.756135741833338
2026-05-14,ITA US 12/18/26 C235 Equity,2026-05-21,12.8,14.0,12.986436431588695,14.0,12.986436431588695,13.924279219281765,13.252081777566515,10.930475493176127,11.295878,12.425172317655504,12.32232824814955,8.444244456454127,13.508018158748122
2026-05-14,ITA US 07/17/26 C230 Equity,2026-05-21,5.7,6.949999999999999,6.2964537830708975,6.949999999999999,6.2964537830708975,6.663942240493954,6.3605569313257595,6.32485738475277,5.940858,5.977535286250947,6.376844061829183,5.231473106249499,6.354104101604318
2026-05-15,ITA US 10/16/26 C240 Equity,2026-05-22,8.55,6.45,5.514629512512759,6.45,5.514629512512759,6.3889511832694925,5.726342353101071,7.199052298380401,6.7109666,8.144199544228949,5.762976157640758,3.7687216026943218,6.413537642690745
2026-05-15,ITA US 12/18/26 C240 Equity,2026-05-22,12.05,10.25,9.29855751535887,10.25,9.29855751535887,11.723435099909342,10.492673634463673,10.108563106236767,9.73544,10.481160458062579,9.673139137984542,7.580678012343361,10.3466532233219
2026-05-15,ITA US 01/15/27 C235 Equity,2026-05-22,15.45,12.5,11.591272394626015,12.5,11.591272394626015,13.41661220792853,12.454945495105049,12.21173043417609,11.534826,11.989786852642284,11.410442155652476,10.964338337344548,12.472656442784793
2026-05-15,ITA US 10/16/26 C250 Equity,2026-05-22,6.15,3.7,3.3195324665281785,3.7,3.3195324665281785,4.222475565589479,3.210795248334403,4.79605815770627,4.268655,5.092000699391257,3.056506645818036,3.0194779280337447,3.8037767393410693
2026-05-15,ITA US 10/16/26 C235 Equity,2026-05-22,10.4,7.6,6.886368631769949,7.6,6.886368631769949,7.472283445048874,6.888956542019954,8.055443516726159,7.107366,8.040600180715048,7.486841489412204,4.640631162876815,7.4730826509329775
2026-05-15,ITA US 01/15/27 C245 Equity,2026-05-22,11.6,9.399999999999999,8.57025632763832,9.399999999999999,8.57025632763832,10.434627624457537,9.495932357588767,9.755060535827543,8.300674,10.111819685908161,8.352398788051799,7.297510644992835,9.468008456400348
2026-05-15,ITA US 12/18/26 C235 Equity,2026-05-22,14.1,11.75,10.652456466017474,11.75,10.652456466017474,12.384952719955812,11.461568370057977,11.566340238783583,11.2491045,11.751287445897676,10.198906729207469,8.736450183228953,11.730229989768421
2026-05-15,ITA US 01/15/27 C240 Equity,2026-05-22,13.35,10.85,9.987976201188076,10.85,9.987976201188076,12.064010915721141,10.917578374814664,10.40554961970281,9.974398,10.468743852541065,9.669104973114276,8.55761789275686,10.866038734952646
2026-05-15,ITA US 12/18/26 C250 Equity,2026-05-22,8.9,6.6,5.924815724421256,6.6,5.924815724421256,6.727886752351004,6.104543484362086,8.355047217934636,6.509693,8.015724242364376,5.4281646304011115,4.81732789699625,6.6438187327773015
2026-05-15,ITA US 10/16/26 C255 Equity,2026-05-22,4.65,3.0,2.4096946712766796,3.0,2.4096946712766796,2.7555853147629605,2.1826869243474807,4.118398120827506,3.5462863,4.310063084195545,2.6716964589697216,1.3164086280108207,3.176332522606871
2026-05-15,ITA US 01/15/27 C250 Equity,2026-05-22,10.05,8.2,7.550483567980329,8.2,7.550483567980329,9.46265556774836,8.47746808214481,8.725803419117959,7.173811,8.455393193792688,6.809434321232553,5.604119369809148,8.337848951530752
2026-05-15,ITA US 07/17/26 C250 Equity,2026-05-22,1.5499999999999998,0.875,0.7799906302561044,0.875,0.7799906302561044,1.0050456309991986,-0.39197886547025007,2.1305103510621803,2.1084392,1.4710192804280322,1.1444535085303364,2.1864497314824014,0.986965618526165
2026-05-15,ITA US 12/18/26 C230 Equity,2026-05-22,16.2,13.4,12.349256167678531,13.4,12.349256167678531,13.678559743939509,13.01918181307617,12.867635967921887,12.857653,12.806411071349398,13.393848062211843,11.555488228726954,13.331027757438791
2026-05-15,ITA US 07/17/26 C230 Equity,2026-05-22,6.050000000000001,3.95,3.4743850806906607,3.95,3.4743850806906607,3.4915215006852236,3.2767614986729257,4.796380400567735,4.0262165,4.816038734227312,3.8862307543693717,5.372310694403781,3.7467444560156586
2026-05-15,ITA US 01/15/27 C230 Equity,2026-05-22,17.55,14.35,13.399171154496765,14.35,13.399171154496765,14.969247636692263,14.09412859199732,13.699077091777117,13.05757,13.400841011025829,13.406597439999729,12.406033721009582,14.260119409420273
2026-05-15,ITA US 12/18/26 C245 Equity,2026-05-22,10.4,8.15,7.463169382299069,8.15,7.463169382299069,8.997417952184387,8.18051498429997,8.859671046066453,7.6650867,9.134830504934582,7.606652026227017,5.537008286578303,8.222104890632389
2026-05-15,ITA US 10/16/26 C230 Equity,2026-05-22,12.8,9.149999999999999,8.575981955070326,9.149999999999999,8.575981955070326,8.700363737975602,8.30078129745663,9.634924106471852,9.155215,10.309058604501962,8.949437361504005,6.7783474463264515,8.962239417758727
2026-05-15,ITA US 10/16/26 C245 Equity,2026-05-22,7.35,4.65,4.101240116161079,4.65,4.101240116161079,4.427724812143548,3.8582746110748385,5.2071640024831645,4.4927893,6.453499764859595,4.308491421466538,2.8299606943617297,4.643247265371536
2026-05-18,ITA US 10/16/26 C245 Equity,2026-05-26,8.8,6.0,5.681774255490202,6.0,5.681774255490202,6.873411956355781,7.828771079522082,6.55401153539854,6.0296283,5.745355141336695,6.865719257006469,4.920527687269615,7.278107615988779
2026-05-18,ITA US 12/18/26 C235 Equity,2026-05-26,16.35,12.05,11.213666107657119,12.05,11.213666107657119,13.918049345446033,14.276345555132954,15.288615380722328,12.884604,14.96331414258672,13.310857098918627,11.501696449727092,13.354202742633783
2026-05-18,ITA US 10/16/26 C230 Equity,2026-05-26,15.0,10.2,9.78930759490072,10.2,9.78930759490072,11.11893088111551,12.040393061163948,13.842038760308805,12.063291,12.809123157376174,11.966242705525017,9.813181984125233,11.369949393582015
2026-05-18,ITA US 07/17/26 C230 Equity,2026-05-26,8.2,4.85,4.437649578301565,4.85,4.437649578301565,5.370218044963153,6.739990559232702,5.619674206431556,4.3421583,5.4345972806849785,6.406092956532311,7.236247526244629,5.927687907732224
2026-05-18,ITA US 10/16/26 C240 Equity,2026-05-26,10.55,6.75,6.404584386713706,6.75,6.404584386713706,7.709115198690683,8.86570957201436,10.042923147869974,7.0020146,8.144360080027027,7.5047077729969605,5.317282261658031,8.025824613729114
2026-05-18,ITA US 12/18/26 C250 Equity,2026-05-26,10.75,7.3,6.603780702742349,7.3,6.603780702742349,9.11701052025124,9.804838544424465,10.579446251165981,7.7019033,8.620652355206792,8.650111730944143,8.081064248201463,8.703729953418577
2026-05-18,ITA US 07/17/26 C250 Equity,2026-05-26,3.0999999999999996,1.625,1.3412165560504827,1.625,1.3412165560504827,3.955333061377461,4.838389563660348,1.9983088612123638,2.558137,1.3723937458037943,2.957538273436912,4.6020034855665894,3.1603581810955346
2026-05-18,ITA US 10/16/26 C250 Equity,2026-05-26,7.25,4.65,4.357986676213217,4.65,4.357986676213217,5.543847809569003,6.652442544618547,5.545876040290028,4.1495776,4.9491960186142085,5.244240066361213,5.052280998406317,5.983780392661333
2026-05-18,ITA US 01/15/27 C230 Equity,2026-05-26,20.1,15.0,14.461728544068201,15.0,14.461728544068201,16.724761804258733,17.04308708455092,17.683439446686506,16.419146,17.608898555221764,15.727765154969731,15.008621684115333,16.22280132111397
2026-05-18,ITA US 10/16/26 C235 Equity,2026-05-26,12.65,8.399999999999999,8.086952977439319,8.399999999999999,8.086952977439319,9.44283443272012,10.334247812071236,11.851183494044966,7.838814,9.215925913142641,9.486460431519264,6.624753753887845,9.607705835168437
2026-05-18,ITA US 12/18/26 C230 Equity,2026-05-26,18.3,14.05,13.307258454079378,14.05,13.307258454079378,15.515308319910773,16.003087479040175,16.507964304108707,14.9403515,17.10384157102844,15.159101425050538,13.89227467354773,15.301025750722886
2026-05-18,ITA US 01/15/27 C240 Equity,2026-05-26,15.65,11.4,10.84763544905241,11.4,10.84763544905241,13.84292736738421,14.07004142707484,14.855967669132383,12.141478,14.016639930787369,11.996309060937463,11.320101687210563,12.742586429115986
2026-05-18,ITA US 10/16/26 C255 Equity,2026-05-26,6.05,3.5250000000000004,3.27257125511128,3.5250000000000004,3.27257125511128,3.6281167524637734,5.416489898594481,4.821867188587986,3.2107165,3.380709023708777,3.1910109401432223,2.5302049470778054,4.923034499896163
2026-05-18,ITA US 01/15/27 C235 Equity,2026-05-26,17.55,13.15,12.318016986068848,13.15,12.318016986068848,14.957799573818146,15.220391002697776,16.072801211671997,14.292835,15.696267688303003,14.143185132365145,13.162386675143903,14.413283872608176
2026-05-18,ITA US 01/15/27 C245 Equity,2026-05-26,13.35,9.75,9.198783882701605,9.75,9.198783882701605,12.229406739875625,12.719464152366584,13.577168748649104,10.358797,11.965097579927827,10.425700555126424,9.80219288337203,11.182233858310369
2026-05-18,ITA US 12/18/26 C245 Equity,2026-05-26,11.899999999999999,8.7,8.035188052413217,8.7,8.035188052413217,10.841015468673183,11.29193313424232,12.357217018218844,9.648683,11.939381765983867,10.09435403185434,8.010588849782696,10.09266460453302
2026-05-18,ITA US 01/15/27 C250 Equity,2026-05-26,11.8,8.6,8.037499214823448,8.6,8.037499214823448,11.313649439836423,11.607587196183186,12.21285692466207,9.512696,8.968206008247291,9.851830350698604,8.077538960710896,10.085030273728195
2026-05-18,ITA US 12/18/26 C240 Equity,2026-05-26,13.8,10.399999999999999,9.859896315487756,10.399999999999999,9.859896315487756,12.844531485708409,13.087453199340624,13.736495029845207,11.15694,12.588584918952796,11.702673641366307,10.409045168215545,11.759889308304174
2026-05-19,ITA US 07/17/26 C250 Equity,2026-05-27,2.5250000000000004,1.6749999999999998,1.359085012031939,1.6749999999999998,1.359085012031939,5.53773222418248,4.528596554241542,2.068569454175571,2.040427,1.4830016415548006,1.8078963208977772,1.355613342457619,3.0060539548429723
2026-05-19,ITA US 12/18/26 C230 Equity,2026-05-27,19.35,13.2,12.250082115442844,13.2,12.250082115442844,14.371621301004193,14.158866586129442,14.473069448981123,15.136408,14.972626175802322,15.515836606080555,11.188987047569729,14.049943444586042
2026-05-19,ITA US 12/18/26 C240 Equity,2026-05-27,14.45,9.8,8.968040502266552,9.8,8.968040502266552,11.67041095398334,11.227837427697612,10.891332919611914,10.790992,12.167047658198525,10.944122475638066,6.894195537511756,10.780992146262866
2026-05-19,ITA US 10/16/26 C235 Equity,2026-05-27,13.05,7.800000000000001,7.224152431916555,7.800000000000001,7.224152431916555,8.909880159765622,8.845198352738855,9.07438357668177,8.835088,8.98918146754184,9.133632389064775,4.006218959622995,8.65348196724669
2026-05-19,ITA US 12/18/26 C235 Equity,2026-05-27,16.8,11.1,10.158148292195026,11.1,10.158148292195026,12.551227619328756,12.402965204263328,12.615753470965082,13.247435,13.603744946591984,12.699538381852987,8.072621790104114,12.009786777756755
2026-05-19,ITA US 12/18/26 C250 Equity,2026-05-27,10.649999999999999,6.9,6.19668395041014,6.9,6.19668395041014,8.088761731947862,8.187810592670083,8.748688481897217,7.340753,8.099573738319764,8.094103453900033,4.305432221580919,7.93962304462374
2026-05-19,ITA US 12/18/26 C245 Equity,2026-05-27,12.75,8.3,7.532826280985781,8.3,7.532826280985781,9.979057515051668,9.731646754908045,9.33786302577431,8.86826,10.045833004171024,9.73709906877218,4.527709478006965,9.3106041937851
2026-05-19,ITA US 10/16/26 C245 Equity,2026-05-27,9.45,5.75,5.334923461606892,5.75,5.334923461606892,7.714960710477662,7.106827617478477,5.942058869254845,6.760316,6.58423207153408,6.9801042348157925,3.2316694924990528,6.747694682910307
2026-05-19,ITA US 07/17/26 C230 Equity,2026-05-27,9.149999999999999,4.65,4.270891111726209,4.65,4.270891111726209,6.339578104273131,6.369006917845966,5.313204864084072,4.8991766,5.1199641671841025,5.995860652663044,6.582818075151465,5.485041417127246
2026-05-19,ITA US 01/15/27 C230 Equity,2026-05-27,20.549999999999997,14.4,13.713449706658249,14.4,13.713449706658249,16.024878714400174,15.526643225262287,15.809833468773466,15.957873,14.986446263228054,15.542896414030437,12.18621116060532,15.228304599388757
2026-05-19,ITA US 01/15/27 C240 Equity,2026-05-27,15.549999999999999,10.75,9.968128308077151,10.75,9.968128308077151,12.782430645032527,12.294042303394582,11.349588763278273,11.967219,12.083433676381594,11.584220614212757,7.7887826999432725,11.699506218791656
2026-05-19,ITA US 01/15/27 C250 Equity,2026-05-27,12.15,7.65,7.5563462661429766,7.65,7.5563462661429766,10.12287186803961,9.923735995135079,8.677651115998865,7.7701893,8.588687678904753,8.728420039264796,4.606786872396368,8.752235773034087
2026-05-19,ITA US 10/16/26 C230 Equity,2026-05-27,16.05,9.75,9.119861275503807,9.75,9.119861275503807,10.244205338895625,10.44825799384736,11.005325369854736,11.938854,11.654749916289111,11.155692971322065,6.745561998188716,10.537610521356587
2026-05-19,ITA US 10/16/26 C255 Equity,2026-05-27,6.6,3.75,3.339809022237667,3.75,3.339809022237667,4.196326922361665,4.327183912878745,4.591215475809844,3.654615,3.727090027076889,3.3780397081458418,1.370871197366018,4.773539998019228
2026-05-19,ITA US 01/15/27 C245 Equity,2026-05-27,13.75,9.4,8.64366199554402,9.4,8.64366199554402,11.59266773367371,11.301052867279946,10.656241037545334,10.43051,11.436626529513363,10.332036427338778,6.652193837425823,10.436818495456139
2026-05-19,ITA US 01/15/27 C235 Equity,2026-05-27,18.1,12.55,11.71919972364103,12.55,11.71919972364103,14.282686414202459,13.92041346423418,13.889692478686777,13.941073,14.06660730698358,13.614567370511127,11.03701943238364,13.456342775953676
2026-05-19,ITA US 10/16/26 C250 Equity,2026-05-27,8.5,5.0,4.553507186991861,5.0,4.553507186991861,6.795689315630561,6.522370104456376,5.581174233173665,5.0545564,5.097588202257568,5.0151084586900705,3.5211591394009614,6.054017823891966
2026-05-19,ITA US 10/16/26 C240 Equity,2026-05-27,11.100000000000001,6.300000000000001,5.776159893690308,6.300000000000001,5.776159893690308,7.117862090830165,7.228071597615523,6.458353642832116,6.973845,7.779850803062443,7.53126125279599,3.2165529290650148,7.1957525494735295
2026-05-20,ITA US 10/16/26 C235 Equity,2026-05-28,15.399999999999999,9.399999999999999,9.446898561779493,9.399999999999999,9.446898561779493,11.264728546975446,11.490893012766314,12.534863744798214,12.613121,13.210917125293781,11.44689984778446,5.286684814337498,10.857691924843062
2026-05-20,ITA US 10/16/26 C250 Equity,2026-05-28,9.25,5.25,5.166139780445243,5.25,5.166139780445243,8.210530323549284,8.214386154495035,6.287122148789546,6.8360467,6.412204130749131,6.933227611898701,4.14160410082356,6.998992165675547
2026-05-20,ITA US 10/16/26 C230 Equity,2026-05-28,18.25,11.0,11.161480935441288,11.0,11.161480935441288,12.64733291138114,13.12671177583137,14.086444816978076,14.2957535,14.767754061318916,13.571573186728346,7.826376902565245,12.427663510158036
2026-05-20,ITA US 01/15/27 C230 Equity,2026-05-28,23.15,16.4,16.152645980713906,16.4,16.152645980713906,18.91171826066574,18.356144549110198,19.002635282885457,18.632372,17.96888327349301,18.319161443641146,14.463740618854986,17.817588019637295
2026-05-20,ITA US 12/18/26 C250 Equity,2026-05-28,12.2,7.9,7.6513753374489974,7.9,7.6513753374489974,10.541937466133096,10.570998415902327,10.416219049467532,9.647225,10.749641012879897,9.855524426104003,5.285502080889378,9.550842924218639
2026-05-20,ITA US 12/18/26 C245 Equity,2026-05-28,14.3,9.4,9.059530343871339,9.4,9.059530343871339,12.326430920283515,12.176785800635963,12.420983048054172,12.680724,13.066038790775584,11.467660625885957,5.7248691034859025,11.0365578751724
2026-05-20,ITA US 01/15/27 C245 Equity,2026-05-28,15.6,10.35,9.82752254376654,10.35,9.82752254376654,12.989440714803992,12.928024441142064,12.721237827122762,12.925558,13.712188632510703,12.317472462851038,6.864187535217491,11.954159487025066
2026-05-20,ITA US 12/18/26 C235 Equity,2026-05-28,19.5,13.0,12.770328259371745,13.0,12.770328259371745,15.192940292466815,15.103384876049061,15.857310830713166,15.849087,15.465665364592969,15.263681613835484,9.437914041717312,14.4938687715975
2026-05-20,ITA US 01/15/27 C240 Equity,2026-05-28,17.95,12.35,12.073457707621467,12.35,12.073457707621467,15.045355810998673,14.548137334751793,15.041204269154749,14.882982,14.713733215300236,14.371679890539298,8.703757013627916,13.8612196341861
2026-05-20,ITA US 07/17/26 C230 Equity,2026-05-28,11.85,5.9,5.8027592355230615,5.9,5.8027592355230615,9.000058070294994,8.792892330967577,6.1987921611656684,6.82546,6.01065496248282,8.415775865610652,7.9951356275486045,7.327241247064122
2026-05-20,ITA US 10/16/26 C245 Equity,2026-05-28,11.1,6.4,6.4067645346580795,6.4,6.4067645346580795,9.549913498085232,9.307484558289508,7.752218074334634,7.9752903,7.338692707393538,8.11329600296471,4.7621831328292075,8.03978474422771
2026-05-20,ITA US 01/15/27 C250 Equity,2026-05-28,13.7,9.15,8.79154555870778,9.15,8.79154555870778,12.50680538868447,12.010177353185608,12.22044624639481,10.330257,13.474220685390646,11.077657182529718,5.778237548709482,10.824873648857995
2026-05-20,ITA US 12/18/26 C240 Equity,2026-05-28,16.6,11.1,10.566572293249669,11.1,10.566572293249669,13.757947204458683,13.565010864872624,14.154649955353973,14.043101,14.548373141893276,13.34901702676497,7.767539849675753,12.6810056544863
2026-05-20,ITA US 10/16/26 C240 Equity,2026-05-28,13.1,7.5,7.551610760768355,7.5,7.551610760768355,9.596431182336435,9.93529553157671,9.249562128810915,7.8832755,7.884428315693866,9.983423011051178,4.425955733060185,9.028152033199733
2026-05-20,ITA US 01/15/27 C235 Equity,2026-05-28,20.25,14.05,13.433827703069051,14.05,13.433827703069051,16.27043898148553,16.003812357855026,16.27833103903515,16.18732,16.01609652327286,15.94889020062371,11.68953965135045,15.529193243432735
2026-05-20,ITA US 07/17/26 C250 Equity,2026-05-28,3.55,1.875,1.6810044225687746,1.875,1.6810044225687746,7.380654348870209,6.336818785485983,2.17540323205662,3.3103907,2.6636311820395906,2.9575743212851577,1.903683418441417,3.8605550531051778
2026-05-20,ITA US 10/16/26 C255 Equity,2026-05-28,7.75,4.35,4.072355624217231,4.35,4.072355624217231,7.117455540644876,7.110056943015524,5.05149981470638,5.3760624,4.4710320965194255,5.0261438725642655,3.327421353676614,6.109006816593931
2026-05-20,ITA US 12/18/26 C230 Equity,2026-05-28,21.85,15.35,15.167508096569184,15.35,15.167508096569184,17.498185602379476,17.334770180731915,17.947354417047308,17.97392,17.37575453750962,17.9259700185603,13.36008570287145,16.83513967004002
2026-05-21,ITA US 01/15/27 C245 Equity,2026-05-29,15.6,10.350000000000001,9.741286005876999,10.350000000000001,9.741286005876999,13.06009404088308,11.788048851681019,10.999736586109146,10.401413,11.880340910314695,11.26179616805158,6.789780201689453,11.268599374263893
2026-05-21,ITA US 01/15/27 C230 Equity,2026-05-29,22.9,16.2,15.526159743817132,16.2,15.526159743817132,18.258564584516957,16.88804483445223,18.774274449772584,16.90348,16.387961348070196,18.066210973062084,13.24229978346127,16.9824806204828
2026-05-21,ITA US 10/16/26 C250 Equity,2026-05-29,9.0,5.35,4.977543194457596,5.35,4.977543194457596,7.972127571109584,6.8240298909447805,5.945259433752963,5.656709,5.512547817706406,5.668310300622007,2.5203589863545752,6.383600801998832
2026-05-21,ITA US 01/15/27 C235 Equity,2026-05-29,20.35,14.05,13.369625005364728,14.05,13.369625005364728,16.229302985159862,14.8946172276876,15.327368165125204,14.2288885,14.746288964459804,15.477518090996183,11.775018521917932,14.84582677306688
2026-05-21,ITA US 10/16/26 C255 Equity,2026-05-29,7.7,4.325,4.097031383774781,4.325,4.097031383774781,6.910376128821838,5.938947534735408,4.5570925514254,3.9782774,4.027726304059194,3.853735989322354,1.723135024652096,5.421618314355852
2026-05-21,ITA US 01/15/27 C240 Equity,2026-05-29,17.95,12.05,11.408955183135122,12.05,11.408955183135122,15.21973444973299,13.552928817896536,13.126781390478815,12.787183,13.208080864116779,13.173529374724058,8.982235123295624,12.952329671262081
2026-05-21,ITA US 12/18/26 C235 Equity,2026-05-29,19.0,12.8,12.292493852100437,12.8,12.292493852100437,15.405044693466806,13.953236393918912,14.509039418585388,14.029107,14.37177614602525,14.133525384858356,9.126286646112852,13.654480564718298
2026-05-21,ITA US 10/16/26 C240 Equity,2026-05-29,12.6,7.8,7.5722225762963005,7.8,7.5722225762963005,9.94731239729491,8.69922704353819,9.016370328515004,7.8258986,8.721452407489165,8.765971373868805,4.008371499788034,8.629023864879798
2026-05-21,ITA US 12/18/26 C245 Equity,2026-05-29,14.2,9.3,8.739265137819514,9.3,8.739265137819514,12.151914969358991,10.859079312550069,10.60119526973864,9.799526,11.261457525482047,10.553817630950402,4.859378765261361,10.264547177783982
2026-05-21,ITA US 07/17/26 C230 Equity,2026-05-29,11.45,5.7,5.2269443671304305,5.7,5.2269443671304305,8.310422607294566,7.188192716667431,5.943159114264959,5.2199564,5.21063805995302,7.434689079213705,8.398516891081398,6.458531075244605
2026-05-21,ITA US 10/16/26 C245 Equity,2026-05-29,10.65,6.25,6.02597306082413,6.25,6.02597306082413,9.295817622766979,8.151783632698885,6.296304797333899,5.9468985,7.106100870373548,6.761723305606864,3.8125866958377492,7.234674899826604
2026-05-21,ITA US 07/17/26 C250 Equity,2026-05-29,3.2,1.75,1.4371564913207964,1.75,1.4371564913207964,5.983217866144145,3.7971267107662268,2.1119567008703646,2.538126,2.521559016467204,2.954492909572487,2.0236620286651235,2.88535861853343
2026-05-21,ITA US 10/16/26 C230 Equity,2026-05-29,17.9,11.0,10.804572336154438,11.0,10.804572336154438,12.224368833216408,11.669249775909272,12.584922555211536,12.400524,12.54440399171974,12.555201987292946,7.1102547416023825,11.753200330644619
2026-05-21,ITA US 01/15/27 C250 Equity,2026-05-29,13.85,9.2,8.598422596166241,9.2,8.598422596166241,12.412795849088878,10.794400084341078,10.411867115120138,9.047982,11.021529626164883,9.831592540889591,4.774660551062796,10.18523276644742
2026-05-21,ITA US 12/18/26 C250 Equity,2026-05-29,12.1,7.85,7.227455289528625,7.85,7.227455289528625,10.827129387257962,9.607671200501695,9.140364942166805,8.286603,8.9248737541123,8.969628284623607,4.869783701424808,8.87004711625772
2026-05-21,ITA US 12/18/26 C230 Equity,2026-05-29,21.7,15.15,14.645621082954948,15.15,14.645621082954948,17.48783633821597,16.167567941609622,17.24130381957959,15.773748,15.202174136631427,16.85213530345023,13.448760929186815,15.997832995622161
2026-05-21,ITA US 10/16/26 C235 Equity,2026-05-29,15.25,9.5,9.18154521970042,9.5,9.18154521970042,11.878807196422198,10.666211925810192,10.648790142639601,10.639364,11.352384185423544,10.39217215768114,4.881179529163186,10.345106304848231
2026-05-21,ITA US 12/18/26 C240 Equity,2026-05-29,16.450000000000003,10.95,10.353416523597962,10.95,10.353416523597962,13.404023503642271,12.180556257353278,11.99673409248997,11.172656,12.55266545675715,12.118857120640756,7.3878929174230485,11.83798833407934
2026-05-22,ITA US 12/18/26 C230 Equity,2026-06-01,19.15,16.2,15.564767247269828,16.2,15.564767247269828,16.480356869479007,16.265481773835408,18.935932940911275,18.401957,15.998527023911562,17.280415355239693,13.372889642974505,16.715661496767417
2026-05-22,ITA US 12/18/26 C245 Equity,2026-06-01,12.3,10.4,9.788211847845865,10.4,9.788211847845865,11.571552908694933,11.16147556866795,12.72714609030058,11.798971,12.051456676696311,11.448557329213193,5.062487835857455,11.052055553494448
2026-05-22,ITA US 01/15/27 C230 Equity,2026-06-01,20.5,17.55,16.928218309611427,17.55,16.928218309611427,17.778908462909946,17.391337347623054,19.346199488460034,18.80305,16.24749424705805,18.559110759730338,14.874254025918487,18.025230206067558
2026-05-22,ITA US 01/15/27 C240 Equity,2026-06-01,15.75,13.35,12.727157333618875,13.35,12.727157333618875,14.3512297245914,13.801020315087653,15.625828571467363,14.617271,13.592776603243733,14.021569024920863,8.6753242775,13.921178596565511
2026-05-22,ITA US 10/16/26 C230 Equity,2026-06-01,15.6,12.8,12.451890072045627,12.8,12.451890072045627,12.483165674376794,12.6975022036619,15.479325554144966,15.75341,13.276057512757022,13.429246761275015,8.164105584021387,13.268414289146788
2026-05-22,ITA US 07/17/26 C230 Equity,2026-06-01,8.85,6.050000000000001,5.614744701223658,6.050000000000001,5.614744701223658,5.516101754375795,6.144540506730075,6.247027563472914,7.383385,5.753109131386395,7.336089605607906,6.632587538269764,6.400140036235436
2026-05-22,ITA US 01/15/27 C235 Equity,2026-06-01,17.950000000000003,15.45,14.826415860872318,15.45,14.826415860872318,16.376546443562013,15.807445647523567,17.63153201000471,16.772865,15.044494762402381,16.67370678285745,12.337498637155647,15.97360017650486
2026-05-22,ITA US 07/17/26 C250 Equity,2026-06-01,2.325,1.5499999999999998,1.2542070747514977,1.5499999999999998,1.2542070747514977,3.496010123270043,2.5972576206182083,2.129671810235563,2.9242122,2.1795813659903147,2.7191757256842717,2.406095418610686,2.297362794346486
2026-05-22,ITA US 12/18/26 C240 Equity,2026-06-01,13.8,12.05,11.431889048881239,12.05,11.431889048881239,13.080781883914458,12.648240316479386,14.4388005138511,13.296772,12.967729780368495,12.935566283703729,7.172417388627295,12.631085472336096
2026-05-22,ITA US 10/16/26 C245 Equity,2026-06-01,9.1,7.35,7.00770549819601,7.35,7.00770549819601,8.104093313664508,8.197614746598969,8.977347596479143,7.443756,7.663407518582715,7.949342308493412,3.196911395997568,8.026711065974279
2026-05-22,ITA US 10/16/26 C240 Equity,2026-06-01,10.8,8.55,8.220288712924114,8.55,8.220288712924114,9.661723726693495,9.322283379616216,10.682888613373382,9.886282,10.012084626818378,9.339642106949354,4.0669979336061814,9.149023672191046
2026-05-22,ITA US 10/16/26 C250 Equity,2026-06-01,7.35,6.15,5.922797497709062,6.15,5.922797497709062,7.32459470916565,6.991166869053188,6.1893040869694955,7.176812,6.69995148203445,6.128604003468455,2.302760863141701,6.814163571266886
2026-05-22,ITA US 01/15/27 C250 Equity,2026-06-01,11.600000000000001,10.05,9.426039003566574,10.05,9.426039003566574,12.031296307810276,11.28170432310296,12.569949605210434,11.385959,12.234720020831508,10.463709893861257,5.166501853018962,10.722493365862572
2026-05-22,ITA US 12/18/26 C250 Equity,2026-06-01,10.850000000000001,8.9,8.484746433207887,8.9,8.484746433207887,10.239574939161951,10.021893240866959,11.695307611380002,10.743863,11.793660254923932,9.832009564762666,5.882474714619782,9.552292402850776
2026-05-22,ITA US 10/16/26 C255 Equity,2026-06-01,6.5,4.65,4.347334182981122,4.65,4.347334182981122,5.6715257341851055,5.5705627264757,4.954597536684683,5.2074614,6.0378486329604675,4.655231858620461,1.2899616605701565,5.405953361300382
2026-05-22,ITA US 12/18/26 C235 Equity,2026-06-01,16.35,14.1,13.469066975639496,14.1,13.469066975639496,14.82977642275656,14.351859164614106,16.49905303629772,15.6326885,14.335581417007477,14.98546573365256,9.449257125212661,14.648224033274573
2026-05-22,ITA US 10/16/26 C235 Equity,2026-06-01,12.850000000000001,10.4,10.068239994380633,10.4,10.068239994380633,10.90284346925936,10.856107558539618,12.753879738302903,12.326276,12.137980221880424,11.128673280157958,5.244702737928231,10.93934284000246
2026-05-22,ITA US 01/15/27 C245 Equity,2026-06-01,13.85,11.6,10.965286893373396,11.6,10.965286893373396,12.929355090863432,12.41064575392263,14.121431002572146,12.88957,12.6156188826707,11.601553774588753,6.755103094272819,12.230768587194593
2026-05-26,ITA US 07/17/26 C250 Equity,2026-06-02,1.95,3.0999999999999996,1.8605067443992638,3.0999999999999996,1.8605067443992638,5.932518610222711,4.737617784769913,3.758155022516856,3.8995855,3.27722573770598,4.301564101369058,6.529639345660957,3.7121150053877554
2026-05-26,ITA US 10/16/26 C250 Equity,2026-06-02,6.95,7.25,6.818679176536912,7.25,6.818679176536912,10.42772018736633,8.81741820671714,8.445016154431602,7.5302277,7.449040910646689,8.3593420483292,4.295046928066952,7.918194904053077
2026-05-26,ITA US 10/16/26 C235 Equity,2026-06-02,12.0,12.65,12.39039694878289,12.65,12.39039694878289,14.405529397812803,13.14730842524127,13.117844978704559,14.487591,14.199886172755836,13.221442528716395,7.39573067491227,13.092097169414933
2026-05-26,ITA US 07/17/26 C230 Equity,2026-06-02,7.5,8.2,7.763090228359375,8.2,7.763090228359375,9.05787662270414,8.77480957941738,9.360550343790983,8.943407,8.308037431374286,9.564598301522786,8.98942509284654,8.443181521871004
2026-05-26,ITA US 12/18/26 C230 Equity,2026-06-02,17.95,18.3,17.85218164341032,18.3,17.85218164341032,19.10615504051803,17.99552107567722,18.187921479769738,19.088804,18.362567902489012,19.3424480346127,14.23726754988989,18.666685222790797
2026-05-26,ITA US 12/18/26 C235 Equity,2026-06-02,15.7,16.35,15.494571954357463,16.35,15.494571954357463,17.94140960137882,16.36738515710052,16.89451054303605,18.054365,16.724909249898495,17.43589846167358,11.376702816094346,16.79764226773796
2026-05-26,ITA US 12/18/26 C240 Equity,2026-06-02,13.95,13.8,13.255059626198955,13.8,13.255059626198955,15.838430304378491,14.436974485420611,13.61907155957342,14.726625,14.85151603368112,14.60418037018157,8.58167481029514,14.311449181918903
2026-05-26,ITA US 12/18/26 C245 Equity,2026-06-02,11.75,11.899999999999999,12.129101922556666,11.899999999999999,12.129101922556666,15.091714144857043,13.496868571192252,12.08143189433563,13.459994,13.363223272019011,12.20855259580598,6.792274464955254,12.51172149358639
2026-05-26,ITA US 10/16/26 C230 Equity,2026-06-02,14.5,15.0,14.765554054036716,15.0,14.765554054036716,16.154709464169848,15.096256098174113,15.46328160234564,17.186104,16.17811937414375,15.142438225712686,10.340020891364883,15.400295245891794
2026-05-26,ITA US 01/15/27 C250 Equity,2026-06-02,11.35,11.8,11.221786255582908,11.8,11.221786255582908,14.825341975746586,13.045383671567508,12.015751616497395,13.378971,13.872560932224129,11.836791972873693,5.906349123748489,12.425744023126743
2026-05-26,ITA US 10/16/26 C240 Equity,2026-06-02,10.4,10.55,10.08322315947814,10.55,10.08322315947814,12.536623486496058,11.263758993003286,10.785876295368729,11.8102865,12.133662883866656,11.347597913102899,5.649979353337324,11.051025441722977
2026-05-26,ITA US 01/15/27 C245 Equity,2026-06-02,13.3,13.35,12.753483271103928,13.35,12.753483271103928,15.946645982023561,14.157395447333233,13.358075405343287,14.1748085,13.693553869114197,13.902562212896658,7.818849757173377,13.889071510916224
2026-05-26,ITA US 01/15/27 C240 Equity,2026-06-02,15.15,15.65,14.711943700295873,15.65,14.711943700295873,17.783106771196593,15.734114463033821,15.895260840950394,16.525942,15.848489671618037,15.825440612945824,10.206999973942326,16.08149245808524
2026-05-26,ITA US 01/15/27 C230 Equity,2026-06-02,19.35,20.1,19.52704559037769,20.1,19.52704559037769,21.393747177991223,19.80787091903401,19.272080598806344,20.088213,20.187871889419533,20.559707533284943,16.628630584848477,20.466733588424148
2026-05-26,ITA US 12/18/26 C250 Equity,2026-06-02,9.8,10.75,10.283123934346618,10.75,10.283123934346618,13.64930212616617,11.874067275190315,10.861723169180683,13.175175,11.931370130509464,11.725937044609521,7.7158970682238195,11.344297506930756
2026-05-26,ITA US 01/15/27 C235 Equity,2026-06-02,17.15,17.55,16.8138218391874,17.55,16.8138218391874,19.18781722669251,17.636957334065585,17.54527678726509,18.52081,17.90790607873086,17.58662419218845,13.373080614523513,17.990235367128424
2026-05-26,ITA US 10/16/26 C245 Equity,2026-06-02,8.6,8.8,8.27498805076095,8.8,8.27498805076095,11.297278382519902,9.933835604093296,10.073217847905294,9.559791,11.31106027451248,10.017979928717823,4.363550267432968,9.393423573694104
2026-05-26,ITA US 10/16/26 C255 Equity,2026-06-02,6.35,6.05,5.567479245247985,6.05,5.567479245247985,8.721116628532805,7.46079537970654,6.088629079393915,6.1244197,6.11524112690611,6.869987662232288,2.557883061087782,6.738610549853707
2026-05-27,ITA US 10/16/26 C245 Equity,2026-06-03,7.550000000000001,9.45,9.096469979267182,9.45,9.096469979267182,10.589965637550346,9.49288327476313,8.064337492946457,8.387623,8.485293837981464,8.413073417064304,2.9285366073919965,9.279614898348166
2026-05-27,ITA US 01/15/27 C245 Equity,2026-06-03,11.8,13.75,13.18485862224509,13.75,13.18485862224509,15.122177532893776,13.59895483017379,10.454139932708754,11.225846,10.997177399330985,11.817173140664277,6.794563838126505,13.547877784502791
2026-05-27,ITA US 07/17/26 C230 Equity,2026-06-03,6.45,9.149999999999999,8.726608262651473,9.149999999999999,8.726608262651473,9.181706076680793,8.625373674217403,7.4818408836781165,7.6744432,7.0493546464840895,8.764333915285032,8.487176645575328,8.668721963560088
2026-05-27,ITA US 12/18/26 C230 Equity,2026-06-03,16.6,19.35,18.86057354742827,19.35,18.86057354742827,19.294243751387572,17.831377969452255,16.44356680032166,16.515032,18.44416693140436,18.20876680546607,13.736361868029466,18.946506767365033
2026-05-27,ITA US 12/18/26 C240 Equity,2026-06-03,12.3,14.45,13.978117776637767,14.45,13.978117776637767,15.03708334866343,13.845911614392126,10.70131581382818,12.1967535,11.491072596454357,12.544083843446426,7.318950193199477,14.187439828390358
2026-05-27,ITA US 10/16/26 C240 Equity,2026-06-03,9.2,11.100000000000001,10.752928537537857,11.100000000000001,10.752928537537857,11.816568712159583,10.787104413198405,8.608614408407007,9.559242,8.643394292997625,9.68347397337148,4.267553382012132,10.854221612086878
2026-05-27,ITA US 07/17/26 C250 Equity,2026-06-03,1.5,2.5250000000000004,2.1669600781137017,2.5250000000000004,2.1669600781137017,3.8970774627203255,3.11304205699912,2.418734524586143,3.565383,2.3640007915693517,2.859932853792392,2.5755165986936297,2.341162212437627
2026-05-27,ITA US 10/16/26 C255 Equity,2026-06-03,5.25,6.6,6.261256034022639,6.6,6.261256034022639,8.27878588498414,7.069572490794742,6.350478064375851,5.730926,5.680429990153568,4.869656840179113,1.2841743132177499,6.558619465827617
2026-05-27,ITA US 01/15/27 C240 Equity,2026-06-03,13.649999999999999,15.549999999999999,15.26546225269242,15.549999999999999,15.26546225269242,16.704998327422874,15.397935023987754,11.822069675019623,13.332233,13.752221301297014,14.407872659292936,9.542994262619574,15.31445216236051
2026-05-27,ITA US 10/16/26 C235 Equity,2026-06-03,10.8,13.05,12.575209201159025,13.05,12.575209201159025,13.232675293069537,12.267959396078362,10.035845485402728,11.355093,10.660810751933276,11.956159864072898,5.9964697379057945,12.742448235499223
2026-05-27,ITA US 10/16/26 C250 Equity,2026-06-03,5.75,8.5,8.190836962700377,8.5,8.190836962700377,10.202252266898494,8.749620399237912,7.087509571676888,6.410446,7.354526618219514,7.154235173450304,2.494093661372288,8.376932375372906
2026-05-27,ITA US 12/18/26 C245 Equity,2026-06-03,10.7,12.75,12.269460489131129,12.75,12.269460489131129,14.753917040873889,12.953347308392125,10.060788084160736,10.877895,10.536141295623633,11.359455339772712,5.8445330350462985,12.612425825187602
2026-05-27,ITA US 12/18/26 C250 Equity,2026-06-03,9.15,10.649999999999999,10.80712843834873,10.649999999999999,10.80712843834873,12.694151135553664,11.114456649590041,8.727115910943851,8.627352,8.831463327221297,9.536274988206735,5.075182013207778,10.53496348745589
2026-05-27,ITA US 12/18/26 C235 Equity,2026-06-03,14.1,16.8,16.32120060481282,16.8,16.32120060481282,17.27492890258225,16.194936918813315,14.34615008391015,14.180806,15.634126338796404,16.089182256769732,11.118620919979167,16.495879983415616
2026-05-27,ITA US 01/15/27 C250 Equity,2026-06-03,10.399999999999999,12.15,11.626679016514867,12.15,11.626679016514867,14.136191152412845,12.51362311523747,9.808655359209641,9.863491,10.906416990620649,10.421007260800106,4.697853884444985,12.043027822577024
2026-05-27,ITA US 10/16/26 C230 Equity,2026-06-03,12.3,16.05,15.779791488282001,16.05,15.779791488282001,16.423048224705312,14.927692505813404,13.32041460173415,13.631513,14.098155861073439,14.398806167500416,10.327195080786385,15.64158529099792
2026-05-27,ITA US 01/15/27 C235 Equity,2026-06-03,14.95,18.1,17.82964853351304,18.1,17.82964853351304,18.575352234566513,17.476040608180703,15.406076521364838,15.869153,16.448925938784008,16.58429629729328,13.46801708628581,17.816650469595363
2026-05-27,ITA US 01/15/27 C230 Equity,2026-06-03,17.799999999999997,20.549999999999997,20.293215245653403,20.549999999999997,20.293215245653403,21.01827231964684,19.427774041104122,17.21932123537362,16.843288,18.858600679120748,18.633986872724208,15.695346778732848,20.16845902325787
2026-05-28,ITA US 12/18/26 C240 Equity,2026-06-04,14.6,16.6,16.444785154018692,16.6,16.444785154018692,16.21857477736532,15.418378310045016,16.542871263001786,15.529194,15.740907886220333,15.93018296291509,12.831802077224818,15.640034379692889
2026-05-28,ITA US 07/17/26 C250 Equity,2026-06-04,2.6,3.55,3.163954020194357,3.55,3.163954020194357,4.8248942928428225,4.07036642520271,3.057943179947496,2.174184,2.1220584106393763,3.111288746943531,6.334869319406975,2.6395701048684814
2026-05-28,ITA US 12/18/26 C235 Equity,2026-06-04,17.0,19.5,19.263039040590318,19.5,19.263039040590318,18.807487523928103,17.518179966038293,18.32191648436421,16.490374,19.433238344763563,18.563529442462684,14.776389540782596,18.42958053725449
2026-05-28,ITA US 10/16/26 C245 Equity,2026-06-04,9.0,11.1,11.156107585592279,11.1,11.156107585592279,11.67700679666271,10.892984030024891,9.968539353885223,9.004548,10.469714444357638,10.128361773449043,6.902250164721112,10.245390894020934
2026-05-28,ITA US 01/15/27 C245 Equity,2026-06-04,13.7,15.6,15.15706352878848,15.6,15.15706352878848,15.722993108491718,14.766705494486866,14.678802320027483,13.193675,14.795791161542502,13.90452625401597,11.630906628967765,14.66804917901303
2026-05-28,ITA US 01/15/27 C240 Equity,2026-06-04,15.95,17.95,17.33450249894863,17.95,17.33450249894863,17.715900145914357,16.70417998109626,17.17411634614893,15.910813,18.083968162246386,16.711189642623822,14.482166609071967,16.919814363558228
2026-05-28,ITA US 10/16/26 C255 Equity,2026-06-04,6.550000000000001,7.75,7.572420749779375,7.75,7.572420749779375,9.089099939412643,8.172765561709426,8.245993186643574,4.8158355,8.508515916422976,6.9931823075546875,3.5838160953105542,7.018811760077144
2026-05-28,ITA US 10/16/26 C230 Equity,2026-06-04,15.75,18.25,18.459744740345855,18.25,18.459744740345855,17.883726510815958,16.64308104195632,17.43611676306235,16.185461,17.976781352506396,16.477454767973715,12.749742645185624,16.830754246635422
2026-05-28,ITA US 10/16/26 C235 Equity,2026-06-04,13.6,15.399999999999999,15.56585753401123,15.399999999999999,15.56585753401123,14.88234657564459,13.929822854672432,14.358635667038175,14.2967615,14.560880848798838,13.835687634138598,10.120546807642372,14.31281926579825
2026-05-28,ITA US 12/18/26 C230 Equity,2026-06-04,19.4,21.85,21.67579064984705,21.85,21.67579064984705,21.049777413747904,19.791862840516085,19.301086823849513,17.919529,20.698910226095354,20.593962910185763,16.760720463970646,20.41998656701182
2026-05-28,ITA US 10/16/26 C240 Equity,2026-06-04,10.85,13.1,13.207101272117077,13.1,13.207101272117077,12.951023421759984,12.28502094003551,11.954629372791189,11.965521,12.145903301400596,12.30347869296018,8.484058853336835,12.149618575513728
2026-05-28,ITA US 07/17/26 C230 Equity,2026-06-04,9.3,11.85,11.523247362954592,11.85,11.523247362954592,11.920533058754415,11.005953396407161,7.198094108188789,8.348247,9.049756415145495,8.809614833346249,9.674308569456812,10.383186995102054
2026-05-28,ITA US 12/18/26 C245 Equity,2026-06-04,12.5,14.3,14.11599576798072,14.3,14.11599576798072,14.803270557552363,13.87026029165548,12.646683102035436,11.640694,13.014243362596176,12.964045426887193,9.901943361467762,13.381254957676298
2026-05-28,ITA US 10/16/26 C250 Equity,2026-06-04,7.699999999999999,9.25,9.265574354963922,9.25,9.265574354963922,10.534036830422767,9.260704434856903,9.255286526291416,7.5403223,8.92752633189307,8.605864990981,6.0111987016136865,8.444687771350406
2026-05-28,ITA US 01/15/27 C230 Equity,2026-06-04,20.85,23.15,22.795190797403848,23.15,22.795190797403848,22.529576218614206,21.112350879927156,19.79835559483302,19.390047,21.40718140410437,21.092994602008417,17.770273112979073,21.706336190674133
2026-05-28,ITA US 01/15/27 C250 Equity,2026-06-04,12.05,13.7,13.316285392887597,13.7,13.316285392887597,14.572889874635527,13.414837828936585,12.342958649155696,11.085039,12.401110677872332,12.381767467887189,8.330420742706348,12.833962621597538
2026-05-28,ITA US 12/18/26 C250 Equity,2026-06-04,10.75,12.2,11.987042581466385,12.2,11.987042581466385,13.70400023381914,12.393285630081573,11.19536816424321,10.431804,12.405045264283851,11.729259730922987,9.653594507406641,11.37441938810924
2026-05-28,ITA US 01/15/27 C235 Equity,2026-06-04,18.3,20.25,20.046864188854737,20.25,20.046864188854737,20.064873550676317,18.804721744094234,18.84135530317561,16.967566,19.48796890751458,18.769250664084677,17.879500358313322,19.178452368170934
2026-05-29,ITA US 12/18/26 C245 Equity,2026-06-05,12.100000000000001,14.2,14.04861896079002,14.2,14.04861896079002,13.565196952855391,12.862060625106622,12.803500955876824,9.832568,12.565065197351128,12.633937888992165,10.803203451703439,13.124036755473627
2026-05-29,ITA US 12/18/26 C235 Equity,2026-06-05,16.15,19.0,18.973207420294614,19.0,18.973207420294614,18.329868422500837,17.119020221620477,18.195971198138636,15.851478,17.66226848024836,18.144458665622306,16.481678210407058,17.829126251285334
2026-05-29,ITA US 10/16/26 C245 Equity,2026-06-05,9.0,10.65,10.672490858879,10.65,10.672490858879,10.407880805480286,9.618756875779148,9.886010519528213,7.649272,9.522985472228273,9.072037867451282,8.011643030580435,9.597254044538692
2026-05-29,ITA US 01/15/27 C235 Equity,2026-06-05,17.5,20.35,20.405812112201847,20.35,20.405812112201847,19.351867160889178,18.430723340992138,19.22467021834633,16.586031,18.71158238987011,17.736349023886266,18.54527329172145,19.113980801526548
2026-05-29,ITA US 12/18/26 C250 Equity,2026-06-05,10.9,12.1,11.99789257309375,12.1,11.99789257309375,11.57866472238841,11.0045292493133,11.286842580343114,8.470285,11.553792812605515,10.01793943744584,10.072663520773599,11.07664860915327
2026-05-29,ITA US 10/16/26 C250 Equity,2026-06-05,7.4,9.0,9.042975340179947,9.0,9.042975340179947,9.509754609886787,8.357786324491993,9.426030498838822,6.4713373,8.815932156663614,7.830101896474026,6.8088798066278375,8.011802943709919
2026-05-29,ITA US 01/15/27 C245 Equity,2026-06-05,13.3,15.6,15.100605242691975,15.6,15.100605242691975,15.062539348311802,14.234628964048227,15.18280949907731,11.589357,14.534957272395836,13.926884608635932,12.834018136856688,14.466778107437472
2026-05-29,ITA US 01/15/27 C240 Equity,2026-06-05,15.5,17.95,17.781826215837476,17.95,17.781826215837476,16.486544687890227,16.021570110991455,17.368185708529644,15.126632,16.553824863914432,16.486734879002785,15.075611345204022,16.782952217486994
2026-05-29,ITA US 07/17/26 C250 Equity,2026-06-05,1.925,3.2,3.048565045406036,3.2,3.048565045406036,4.106061601575739,3.1617209624474434,3.1397538537335095,2.8071356,2.268429009586925,2.9202500449822146,7.319672814870474,2.137050290616501
2026-05-29,ITA US 12/18/26 C240 Equity,2026-06-05,13.899999999999999,16.450000000000003,16.480888491258188,16.450000000000003,16.480888491258188,15.466991064253495,14.717988968278082,16.417672150983183,13.972597,15.66498150508383,15.581461810797952,13.797949078310896,15.306765311220154
2026-05-29,ITA US 10/16/26 C240 Equity,2026-06-05,11.15,12.6,12.829233505283357,12.6,12.829233505283357,12.169066363758127,11.599263993801856,11.358964149739663,10.120075,11.730524869636744,10.755689039756493,10.00160106529637,11.499557103470222
2026-05-29,ITA US 10/16/26 C255 Equity,2026-06-05,6.2,7.7,7.79667640329372,7.7,7.79667640329372,8.092650496913198,6.916887199991608,7.882844666363946,5.36965,7.8255523484315,6.157063404030619,4.958607067094626,6.70880940671587
2026-05-29,ITA US 10/16/26 C230 Equity,2026-06-05,14.8,17.9,18.151613534980395,17.9,18.151613534980395,16.654541704655614,15.77773706762843,17.303488006415083,15.355304,17.050584305249785,15.69027243421828,14.105763840654147,16.328199832768107
2026-05-29,ITA US 10/16/26 C235 Equity,2026-06-05,12.5,15.25,15.627427352652488,15.25,15.627427352652488,15.055497973746172,14.086888381771155,14.934975953834234,12.681621,14.643840505963347,13.971853931325386,13.19312958275909,14.069236479910742
2026-05-29,ITA US 12/18/26 C230 Equity,2026-06-05,18.35,21.7,21.840409086041852,21.7,21.840409086041852,20.28706566994044,19.30229865517412,19.960635618817495,17.926512,19.493230791654074,20.181278792840153,18.3423523828364,20.10953438801759
2026-05-29,ITA US 01/15/27 C230 Equity,2026-06-05,19.7,22.9,22.935553242729682,22.9,22.935553242729682,21.244012385072566,20.418983061213634,20.84922192620737,18.851955,19.925790889430644,20.9903693715009,19.050304900974602,21.29368071695611
2026-05-29,ITA US 01/15/27 C250 Equity,2026-06-05,11.5,13.85,13.730033604977212,13.85,13.730033604977212,13.659945791781112,12.413259968205823,12.534417132447707,9.733729,11.626097182741782,11.299754962437326,9.858619785762306,12.761282532255025
2026-05-29,ITA US 07/17/26 C230 Equity,2026-06-05,7.6,11.45,11.539051045422575,11.45,11.539051045422575,10.68578956555691,10.280752232657516,7.164071623227489,7.3102517,7.7680723555706885,7.726310918240759,10.909355565544356,9.857451364509219
2026-06-01,ITA US 10/16/26 C230 Equity,2026-06-08,13.8,15.6,14.735335156649796,15.6,14.735335156649796,13.681494257763882,13.231540004112079,14.502440611352737,16.260822,15.505804404450688,14.173637916522486,11.371417396417005,13.986388150104727
2026-06-01,ITA US 10/16/26 C250 Equity,2026-06-08,7.199999999999999,7.35,6.671061873167752,7.35,6.671061873167752,7.399793283973885,6.2632414419863665,7.222886198355105,7.853865,8.585562544354309,6.214187912058846,4.656158116392627,5.948785185185067
2026-06-01,ITA US 01/15/27 C250 Equity,2026-06-08,11.15,11.600000000000001,11.425840118390346,11.600000000000001,11.425840118390346,12.583272502128015,11.006822229407444,9.680498768085124,11.477936,11.472275227244365,9.726149694772557,7.063298027099325,10.200466380091855
2026-06-01,ITA US 07/17/26 C250 Equity,2026-06-08,1.5499999999999998,2.325,1.6034452324406456,2.325,1.6034452324406456,2.4623617407353997,1.0881472840961806,2.0904798535021363,5.1031637,4.301752543877378,2.8367899932407,5.046572795417314,0.8584987169071652
2026-06-01,ITA US 01/15/27 C235 Equity,2026-06-08,16.4,17.950000000000003,16.88036788747725,17.950000000000003,16.88036788747725,16.227049004279475,15.582373405302187,16.64350106442093,18.139404,16.990241088709865,15.776874435174134,13.446597447747127,16.371386470339203
2026-06-01,ITA US 10/16/26 C240 Equity,2026-06-08,9.649999999999999,10.8,10.027707138187484,10.8,10.027707138187484,9.89758898513966,9.233335284364188,9.0702827774396,10.710462,10.30432090126361,9.526411567866557,6.818591247742752,9.289145905776426
2026-06-01,ITA US 01/15/27 C245 Equity,2026-06-08,12.55,13.85,12.868729619815541,13.85,12.868729619815541,12.907260587123147,12.016434577118346,11.658410450422828,13.223034,14.677485933190667,12.400702538708098,9.012097787174277,12.343964596542197
2026-06-01,ITA US 12/18/26 C230 Equity,2026-06-08,17.45,19.15,18.146732206356607,19.15,18.146732206356607,17.293974701148077,16.642301026174177,17.6807929067873,19.434074,18.89315409119657,17.73764802793174,15.090702557520956,17.550312052208767
2026-06-01,ITA US 01/15/27 C230 Equity,2026-06-08,18.5,20.5,19.37810747065363,20.5,19.37810747065363,18.39982262959972,17.741415302154547,18.458536455901175,20.177643,19.462655761414087,18.19472314829506,16.04823017111832,18.860127011221834
2026-06-01,ITA US 12/18/26 C240 Equity,2026-06-08,13.15,13.8,13.745982743380354,13.8,13.745982743380354,13.809535027652885,12.959049751905441,11.667493943320467,13.801557,14.738025167734467,13.498031642506513,10.420655607541526,12.316386971046638
2026-06-01,ITA US 12/18/26 C250 Equity,2026-06-08,9.0,10.850000000000001,10.140888537171001,10.850000000000001,10.140888537171001,10.617234369182825,9.358739448240271,9.23206861357804,10.878253,10.71161394809,9.486111540427679,6.874912492999636,9.40942232292011
2026-06-01,ITA US 01/15/27 C240 Equity,2026-06-08,14.4,15.75,14.731889537707378,15.75,14.731889537707378,14.843952817985798,13.778816629439707,14.585096292399411,15.831721,15.036960494104141,14.671691611114426,10.091302092501232,14.20554805080568
2026-06-01,ITA US 10/16/26 C235 Equity,2026-06-08,11.85,12.850000000000001,12.083609201229217,12.850000000000001,12.083609201229217,11.37902212232451,11.016746082386996,10.873287400328385,13.553192,14.199646237213772,11.575574803554709,8.342946495082273,11.317400313466567
2026-06-01,ITA US 10/16/26 C245 Equity,2026-06-08,8.15,9.1,8.368300567543296,9.1,8.368300567543296,8.725747024977958,7.699559525037296,8.525340545943118,9.040433,10.272883274614129,8.002116539488082,5.748134283957642,7.636775926814304
2026-06-01,ITA US 10/16/26 C255 Equity,2026-06-08,5.75,6.5,5.848980876078258,6.5,5.848980876078258,7.420573196217673,5.675186503809784,6.65966930810878,7.0250626,7.720602879087852,4.673341384347433,3.3336741116278756,5.202364732755179
2026-06-01,ITA US 07/17/26 C230 Equity,2026-06-08,6.55,8.85,7.921968614734395,8.85,7.921968614734395,8.396683881689373,8.005536914971982,8.407340071641883,9.648258,9.835197302233468,7.20354497248231,8.522459837636486,7.2551411888969675
2026-06-01,ITA US 12/18/26 C235 Equity,2026-06-08,15.25,16.35,15.308283519147508,16.35,15.308283519147508,15.014600081913681,14.390528153560094,15.530489242146317,16.69931,16.98909129533801,15.17397879804454,11.859766237793833,14.805817494346527
2026-06-01,ITA US 12/18/26 C245 Equity,2026-06-08,11.25,12.3,11.395200200561677,12.3,11.395200200561677,11.736910245143779,10.684166984779399,10.361326413034748,12.2389555,12.588002374226605,11.881039541511752,7.33893555394361,10.815180513390445
2026-06-02,ITA US 12/18/26 C250 Equity,2026-06-09,10.9,9.8,8.9701839081134,9.8,8.9701839081134,8.733387331998227,8.149363699825521,9.426157370009298,7.102569,9.273164139970907,8.023224690308481,6.4454190296656755,8.07954152118752
2026-06-02,ITA US 10/16/26 C235 Equity,2026-06-09,12.7,12.0,11.307050448223844,12.0,11.307050448223844,9.369223391976963,9.603590506957552,10.747134340041697,9.999524,11.18140524737603,9.547456597556517,7.572981274022224,10.129739361493122
2026-06-02,ITA US 12/18/26 C230 Equity,2026-06-09,18.85,17.95,16.946946039281176,17.95,16.946946039281176,14.930405972664238,15.34408772637679,17.506603081753852,16.01212,15.949506788935482,16.53953866536991,14.72801712182849,16.119403194119602
2026-06-02,ITA US 12/18/26 C235 Equity,2026-06-09,16.05,15.7,14.618800749674664,15.7,14.618800749674664,12.935514842852118,13.148300738159739,15.581313505514547,13.719039,14.804155989218529,15.093009464688425,11.115887755469764,13.872918119331391
2026-06-02,ITA US 01/15/27 C240 Equity,2026-06-09,15.2,15.15,14.108862116412782,15.15,14.108862116412782,13.470067442330532,13.055573525432791,13.963670423186322,13.356892,14.1512161691346,13.14115426357154,10.32885384926545,13.385210389446968
2026-06-02,ITA US 10/16/26 C230 Equity,2026-06-09,14.9,14.5,13.745983593091674,14.5,13.745983593091674,11.565447630682954,12.046577714377836,12.988166672770182,12.800182,13.79022474261186,12.429268155527073,10.576904155643579,12.658939075796404
2026-06-02,ITA US 07/17/26 C250 Equity,2026-06-09,1.9,1.95,1.4742015625001796,1.95,1.4742015625001796,1.042715800918117,0.6899765107998483,1.762130047721813,1.9030524,1.3517829287314769,2.2575014964718267,4.549945000796594,0.2436103377202017
2026-06-02,ITA US 01/15/27 C235 Equity,2026-06-09,17.4,17.15,16.109948105983495,17.15,16.109948105983495,14.826956464542725,14.740597915863281,16.862824230995976,15.212901,15.22606810390851,15.230848128310905,13.470892956910802,15.324282220681411
2026-06-02,ITA US 10/16/26 C250 Equity,2026-06-09,7.35,6.95,6.474494406467383,6.95,6.474494406467383,5.1302263471992955,4.924665659394684,7.380572806646959,5.1350217,6.093753160408419,5.677301147179186,4.472363969619311,5.223292253458608
2026-06-02,ITA US 01/15/27 C230 Equity,2026-06-09,19.9,19.35,18.255603054077007,19.35,18.255603054077007,16.358209809553568,16.516864010354713,18.486242634937526,17.171883,18.286987345817135,17.60195235291753,15.239267686646928,17.44716853139045
2026-06-02,ITA US 10/16/26 C240 Equity,2026-06-09,10.600000000000001,10.4,9.729706321179028,10.4,9.729706321179028,8.529282760912889,8.536746627254074,9.53575467676868,7.6657467,9.293516174353233,8.70190001463071,6.12304310838187,8.651839020514657
2026-06-02,ITA US 10/16/26 C255 Equity,2026-06-09,6.1,6.35,5.910260297901054,6.35,5.910260297901054,6.027442854408156,5.361442611056905,4.598346848976311,4.6100016,5.067573976904758,4.150707338115625,3.079483010237054,4.827422058114036
2026-06-02,ITA US 12/18/26 C240 Equity,2026-06-09,13.85,13.95,12.974297159127511,13.95,12.974297159127511,12.290421147240906,11.859950088819659,12.24328791409127,11.454387,12.351505343538173,11.678924188168683,9.379262836601129,12.205948322078248
2026-06-02,ITA US 01/15/27 C250 Equity,2026-06-09,11.55,11.35,10.433298191590408,11.35,10.433298191590408,10.716809583606102,9.930430952084446,10.117913781571232,8.675585,10.42796640865414,9.02350354391669,5.600886063182532,9.710755901330874
2026-06-02,ITA US 10/16/26 C245 Equity,2026-06-09,8.65,8.6,7.974959653625897,8.6,7.974959653625897,7.304434263821849,7.12383744677838,8.92438702223878,6.764253,7.312261527400567,7.316154811879898,4.890049253393737,6.929429035917139
2026-06-02,ITA US 07/17/26 C230 Equity,2026-06-09,8.1,7.5,6.780656582217473,7.5,6.780656582217473,5.40066598142694,6.094032046879078,7.480419572050065,5.710159,5.7700886878617395,6.366544423636714,8.33923882137378,5.600988158438417
2026-06-02,ITA US 12/18/26 C245 Equity,2026-06-09,12.0,11.75,10.797895157162932,11.75,10.797895157162932,10.506602875706594,10.260698209705186,10.625937352376704,9.473242,11.029678385929413,9.611073485876666,6.503340026105819,10.064104443288532
2026-06-02,ITA US 01/15/27 C245 Equity,2026-06-09,13.7,13.3,12.322117517083699,13.3,12.322117517083699,12.109618185413243,11.626592572025917,11.87264294498508,11.124377,11.922462134429471,11.117764577907646,8.514031114639486,11.61435406513598
2026-06-03,ITA US 10/16/26 C255 Equity,2026-06-10,5.35,5.25,4.767114781798684,5.25,4.767114781798684,5.4453731704149,5.139315513957925,4.01697432131821,4.8402095,3.636997690506193,3.650067541285763,1.8298631138546424,4.263961880267003
2026-06-03,ITA US 10/16/26 C240 Equity,2026-06-10,9.4,9.2,8.59707871260774,9.2,8.59707871260774,8.343911673519155,8.398109684282563,8.899946626098322,7.5468326,9.126999924199017,7.619128487467712,4.814936399773318,7.927756195424052
2026-06-03,ITA US 07/17/26 C230 Equity,2026-06-10,6.6,6.45,5.604070663440957,6.45,5.604070663440957,4.874428765634358,5.8751201828479935,5.776318871668555,5.8737144,5.844588408461992,4.768443871949588,6.983737981293144,5.049136623067344
2026-06-03,ITA US 12/18/26 C230 Equity,2026-06-10,16.55,16.6,15.328483347729426,16.6,15.328483347729426,13.64660464971341,14.52674204328509,16.620582791886893,16.172668,14.798962148010295,15.591578677127316,12.270055554113593,15.22262045054863
2026-06-03,ITA US 12/18/26 C240 Equity,2026-06-10,12.55,12.3,11.268240085462008,12.3,11.268240085462008,10.755570720089029,11.07108156197302,10.818673904050394,10.380186,11.720013271616985,10.688524564739009,7.3672597437974705,11.049525263154027
2026-06-03,ITA US 01/15/27 C245 Equity,2026-06-10,12.2,11.8,10.932776537228321,11.8,10.932776537228321,10.743667009150991,10.916144464062137,10.470899830157203,9.773595,10.83905767744104,9.236745268288045,7.078718188569935,10.59707522784817
2026-06-03,ITA US 01/15/27 C235 Equity,2026-06-10,15.8,14.95,14.578412922192758,14.95,14.578412922192758,13.239263510022543,13.704092441605416,13.875270875054618,14.223845,14.66043385428498,13.81656258399829,11.221159575228814,13.536354565486057
2026-06-03,ITA US 07/17/26 C250 Equity,2026-06-10,1.225,1.5,1.5201761956345377,1.5,1.5201761956345377,2.8349405437367956,2.4669836148073863,1.7483534385312438,2.7276146,1.607732137945735,1.7676986826212637,4.115252838259947,0.44848114995473165
2026-06-03,ITA US 10/16/26 C230 Equity,2026-06-10,13.45,12.3,12.226662565491727,12.3,12.226662565491727,9.699169546658876,10.527283342061049,10.762063768371673,11.704078,11.49494979068717,10.93687184064014,8.382228806134872,10.822338737811535
2026-06-03,ITA US 10/16/26 C245 Equity,2026-06-10,7.7,7.550000000000001,7.043827712695451,7.550000000000001,7.043827712695451,6.567741879323519,6.697005581419799,7.4331846936511035,5.9994526,6.82022488343929,6.273124000518635,3.9607694328560172,6.355576215571304
2026-06-03,ITA US 10/16/26 C235 Equity,2026-06-10,11.2,10.8,10.152916211508085,10.8,10.152916211508085,8.855985376785613,9.327639484492547,9.515233742160696,9.19541,9.228481295361275,9.053859481195737,6.086365570570274,9.447876068185508
2026-06-03,ITA US 10/16/26 C250 Equity,2026-06-10,6.65,5.75,6.314190425445908,5.75,6.314190425445908,5.847535419379856,5.725566945246085,4.051829209995657,5.0502977,4.594984552186576,4.637622051633318,3.5797871552512244,4.616143257411772
2026-06-03,ITA US 12/18/26 C250 Equity,2026-06-10,9.65,9.15,8.265693086122132,9.15,8.265693086122132,7.762211851559984,7.9781626190623935,8.97286722135844,7.3378305,9.621663105158632,8.1265631984764,5.455250779778996,7.958758791250897
2026-06-03,ITA US 12/18/26 C245 Equity,2026-06-10,11.0,10.7,9.791425183772827,10.7,9.791425183772827,9.094783209004692,9.424031839326645,9.475442226149639,8.5748825,9.770863625386905,9.024822762333677,5.571545886489465,9.466233099342018
2026-06-03,ITA US 01/15/27 C250 Equity,2026-06-10,10.9,10.399999999999999,9.455382266735969,10.399999999999999,9.455382266735969,9.371474608565615,9.419828332779241,9.403630000162414,7.6118073,9.168650177398277,8.69725920692403,4.740171361781867,9.218716499189311
2026-06-03,ITA US 12/18/26 C235 Equity,2026-06-10,14.600000000000001,14.1,13.024272467184808,14.1,13.024272467184808,11.872285159608058,12.508914442496446,12.630716778508871,12.485058,13.48370585199207,12.623873872456343,8.905171784297869,12.767672293552145
2026-06-03,ITA US 01/15/27 C240 Equity,2026-06-10,13.899999999999999,13.649999999999999,12.67073919649658,13.649999999999999,12.67073919649658,12.283320060531683,12.441761857829214,12.117944245863711,11.626728,12.21265724590126,12.219895398385056,8.403150570846208,12.38090893648166
2026-06-03,ITA US 01/15/27 C230 Equity,2026-06-10,17.85,17.799999999999997,16.593366904378676,17.799999999999997,16.593366904378676,14.924339453348317,15.627512964673585,17.068580792618455,16.488909,16.139970071277162,15.953609675194066,12.367096446952788,16.3860118132371
2026-06-04,ITA US 10/16/26 C245 Equity,2026-06-11,11.05,9.0,8.632418443982651,9.0,8.632418443982651,8.289458865597163,8.597804910569332,8.875439361576934,6.5094686,10.260403617285776,8.372573594197075,7.006018725798665,7.649508617042576
2026-06-04,ITA US 10/16/26 C255 Equity,2026-06-11,7.8500000000000005,6.550000000000001,6.1196490223855635,6.550000000000001,6.1196490223855635,5.926639818080551,6.068304999415277,7.188034640034326,4.941042,5.916136706939771,5.19304823636781,3.5247762233202846,5.2728880236722135
2026-06-04,ITA US 01/15/27 C250 Equity,2026-06-11,14.05,12.05,11.497124756348152,12.05,11.497124756348152,11.26653723624084,11.327137261615388,10.735482967786417,10.264307,12.49320337089341,10.329363476619637,8.492867943058076,10.700507605515584
2026-06-04,ITA US 01/15/27 C235 Equity,2026-06-11,20.549999999999997,18.3,17.850056775698516,18.3,17.850056775698516,15.91913506782545,16.108246760811006,17.64898765682026,17.395014,16.642624252327916,15.957618117443168,15.822258636632213,16.769879507583553
2026-06-04,ITA US 12/18/26 C245 Equity,2026-06-11,14.600000000000001,12.5,11.826662323987295,12.5,11.826662323987295,11.178514328211806,11.389226200339447,10.925485396052741,11.643151,12.46098253411574,11.337663855806635,9.064893226485205,11.099126832735017
2026-06-04,ITA US 01/15/27 C245 Equity,2026-06-11,15.85,13.7,13.214703000776417,13.7,13.214703000776417,12.335114353014916,12.51343033682452,12.04752439590252,12.041377,12.780850082214759,11.896346938664022,10.470542094054668,12.272366305159146
2026-06-04,ITA US 10/16/26 C240 Equity,2026-06-11,13.05,10.85,10.49959409006001,10.85,10.49959409006001,9.32449084926408,9.781220179024467,9.613091264389539,9.360152,10.99138095810967,9.922803908858205,7.5388714160894015,9.426564362707488
2026-06-04,ITA US 01/15/27 C240 Equity,2026-06-11,18.200000000000003,15.95,15.336654093836998,15.95,15.336654093836998,14.319958067282386,14.509694420087099,15.415050298504772,14.528283,13.42830041172086,13.481410563116212,12.449668182369162,14.48080735158889
2026-06-04,ITA US 12/18/26 C235 Equity,2026-06-11,19.4,17.0,16.46645737663278,17.0,16.46645737663278,14.388203719084633,14.891264827707126,16.888632131109595,16.4211,15.601032857570644,15.558026313813242,12.662641089379317,15.456684991845954
2026-06-04,ITA US 12/18/26 C250 Equity,2026-06-11,12.7,10.75,10.031961578092394,10.75,10.031961578092394,9.59969887120932,9.910831629637485,9.59485865656216,9.7817335,11.498381445738394,9.585982864948537,8.109799155685241,9.397048528302253
2026-06-04,ITA US 07/17/26 C230 Equity,2026-06-11,11.25,9.3,8.73845694931034,9.3,8.73845694931034,8.879890384206119,8.923635824504576,8.44994952474343,7.645802,8.139879362741432,7.672708108037733,9.221474722503729,7.661478840722415
2026-06-04,ITA US 10/16/26 C235 Equity,2026-06-11,15.5,13.6,13.244333093540483,13.6,13.244333093540483,11.789734341122134,12.036255710633295,11.972192792866506,12.287924,12.615885315745043,12.240193688458008,10.186533087711593,12.076663126033203
2026-06-04,ITA US 07/17/26 C250 Equity,2026-06-11,3.0,2.6,2.158909559825553,2.6,2.158909559825553,4.932210210465186,4.283557954826584,2.0306361387269507,2.6737037,2.532366233749981,2.4416909772736,6.286717829996855,1.457672963448319
2026-06-04,ITA US 12/18/26 C230 Equity,2026-06-11,21.9,19.4,18.871001326100213,19.4,18.871001326100213,16.54810334956634,16.71938237861691,18.403085078610644,17.597542,19.359002016500266,18.81920024626775,14.811811461773765,17.68932151167109
2026-06-04,ITA US 10/16/26 C250 Equity,2026-06-11,9.100000000000001,7.699999999999999,7.354807597823763,7.699999999999999,7.354807597823763,7.802340375333087,7.352593482166937,7.472278805303711,5.0049086,6.585063295235921,6.829310913508208,6.5498346029741406,6.420934137760486
2026-06-04,ITA US 01/15/27 C230 Equity,2026-06-11,23.35,20.85,20.41154132157921,20.85,20.41154132157921,18.386388847818672,18.309026841481757,19.1272162175234,17.659712,19.8723758574922,18.928501254384365,16.63218372326572,19.15029596671685
2026-06-04,ITA US 12/18/26 C240 Equity,2026-06-11,16.85,14.6,13.8710524517901,14.6,13.8710524517901,12.48569059709739,12.921699789746157,12.8067625230455,13.047036,13.795354487976418,12.625574235481622,11.101664484598805,13.127418766822593
2026-06-04,ITA US 10/16/26 C230 Equity,2026-06-11,18.4,15.75,15.417869365406517,15.75,15.417869365406517,14.104179046201729,13.859840695018729,15.250899563379024,15.005412,13.757461800442515,14.566154962814084,12.808628219305817,14.10570229789148
2026-06-05,ITA US 07/17/26 C250 Equity,2026-06-12,2.425,1.925,1.6330972797508863,1.925,1.6330972797508863,4.722230505350984,2.8351535721680943,1.9235956825553493,3.430575,1.923002364335784,3.100896809639563,3.0646689067073116,1.6777888643508017
2026-06-05,ITA US 12/18/26 C245 Equity,2026-06-12,14.3,12.100000000000001,11.414713336738005,12.100000000000001,11.414713336738005,12.622088233725773,11.534506376561353,11.23702568739468,10.644248,12.47784365631333,10.914474489014808,4.75507457565825,11.731186443068966
2026-06-05,ITA US 07/17/26 C230 Equity,2026-06-12,9.65,7.6,7.344190158927231,7.6,7.344190158927231,8.221013685930973,7.906105247731878,7.422827590484837,7.1068945,6.118633867989593,7.339273068428767,6.663599411181689,7.117952754523402
2026-06-05,ITA US 12/18/26 C250 Equity,2026-06-12,12.35,10.9,10.187521851483849,10.9,10.187521851483849,11.685961263424348,10.509994771675066,9.843696850226404,9.575885,10.61043939241601,9.830159801900011,4.175794902642242,10.60604457904252
2026-06-05,ITA US 10/16/26 C235 Equity,2026-06-12,14.850000000000001,12.5,11.727280267732558,12.5,11.727280267732558,12.211630560623444,11.391786043553271,11.289984839249566,12.391538,12.097771612205472,11.297853437759592,6.176741851501685,12.026322275729463
2026-06-05,ITA US 10/16/26 C230 Equity,2026-06-12,17.4,14.8,14.355353591346761,14.8,14.355353591346761,13.588864106833924,13.326527823218793,14.325520488416696,14.135567,15.041050694464849,13.630622080643747,8.87340920135414,14.26022544059855
2026-06-05,ITA US 01/15/27 C240 Equity,2026-06-12,17.5,15.5,14.770502305955281,15.5,14.770502305955281,15.813117365855963,14.76725830179425,15.182531605294047,14.900509,14.452004415939145,14.968472663252186,9.250518998064164,15.106238954761466
2026-06-05,ITA US 01/15/27 C230 Equity,2026-06-12,22.15,19.7,18.893761459317385,19.7,18.893761459317385,18.877680684797657,18.275162620421547,19.480498912453577,18.87292,18.458343768785483,18.261667615948834,16.264478210599474,19.202158862621655
2026-06-05,ITA US 01/15/27 C250 Equity,2026-06-12,13.350000000000001,11.5,10.861201164199915,11.5,10.861201164199915,12.718655197312515,11.464337031143799,10.370514770220897,10.296482,11.335225440990099,9.952307031964217,4.266610452418625,11.213663988228827
2026-06-05,ITA US 01/15/27 C235 Equity,2026-06-12,19.8,17.5,16.597156907624502,17.5,16.597156907624502,17.338582558706555,16.422881394050485,17.74687345950659,17.1071,16.484752235719316,15.986104415048928,13.626405828707055,17.057863997571975
2026-06-05,ITA US 12/18/26 C235 Equity,2026-06-12,18.45,16.15,15.446078296326673,16.15,15.446078296326673,15.942053158162622,15.089569379868438,16.791897461483824,15.776256,15.893060951881921,15.5285512740985,10.008225993640817,15.700402760630864
2026-06-05,ITA US 10/16/26 C250 Equity,2026-06-12,9.25,7.4,6.950354056102548,7.4,6.950354056102548,8.820685534933709,7.562846142806263,7.49575707330913,6.513879,6.954187405057617,6.633788128591795,1.6568035271852222,7.147749788259048
2026-06-05,ITA US 01/15/27 C245 Equity,2026-06-12,15.3,13.3,12.64611979510453,13.3,12.64611979510453,14.15951554168089,12.943443210840197,12.457886168138904,12.162405,12.940026329716023,11.814515807177155,7.12883058641968,12.953215261623331
2026-06-05,ITA US 12/18/26 C230 Equity,2026-06-12,21.05,18.35,17.548421427580305,18.35,17.548421427580305,17.24363732129735,16.75557703467361,18.549364898803184,17.931677,17.366075575113065,16.98442351841457,13.84044726854691,17.8291999251874
2026-06-05,ITA US 10/16/26 C240 Equity,2026-06-12,12.75,11.15,9.600804558197403,11.15,9.600804558197403,11.081212852352715,10.099390486508511,9.835080103357658,10.259449,10.08228201751602,9.743316750698344,3.682103563742785,10.72982352610421
2026-06-05,ITA US 10/16/26 C255 Equity,2026-06-12,7.699999999999999,6.2,5.7736966849476,6.2,5.7736966849476,7.944518523540378,6.553841094292366,4.618409831006569,5.930156,5.360608573331736,5.308155672929042,0.7452920741385415,6.029180558043947
2026-06-05,ITA US 10/16/26 C245 Equity,2026-06-12,10.75,9.0,8.53799354073044,9.0,8.53799354073044,9.596208991620825,8.75147967593052,8.896973954256918,8.221181,9.441359557698556,8.25427356079323,2.9879735033666415,8.67500475023447
2026-06-05,ITA US 12/18/26 C240 Equity,2026-06-12,16.3,13.899999999999999,13.183314934530966,13.899999999999999,13.183314934530966,13.853663509067939,12.972140277467012,12.96516826393963,12.43696,13.308553062497799,13.281036281209195,7.672020293143335,13.465035847050272
2026-06-08,ITA US 10/16/26 C240 Equity,2026-06-15,14.350000000000001,9.649999999999999,8.915511505932704,9.649999999999999,8.915511505932704,9.07692924600491,9.031834560676582,9.522267239147908,10.762658,10.607529137267564,9.623378920415004,5.993834836753177,8.8977795352612
2026-06-08,ITA US 10/16/26 C250 Equity,2026-06-15,10.0,7.199999999999999,6.542709774956595,7.199999999999999,6.542709774956595,8.177946622025981,7.138463347811209,7.575783763699282,8.149476,8.244284949317018,7.181013979321124,4.476746426329747,6.644240780233346
2026-06-08,ITA US 07/17/26 C230 Equity,2026-06-15,12.15,6.55,5.72824912271776,6.55,5.72824912271776,6.98223521525565,6.771088547943135,7.334521034186856,8.84438,8.09146060242758,6.771361177779015,7.995155314580581,5.689792622910769
2026-06-08,ITA US 07/17/26 C250 Equity,2026-06-15,2.925,1.5499999999999998,1.1285998388283007,1.5499999999999998,1.1285998388283007,3.661804526495523,2.0802542382042937,1.8145254808894928,5.396554,3.132875101185364,4.179621542013274,4.701487117745524,0.9704107765066712
2026-06-08,ITA US 12/18/26 C230 Equity,2026-06-15,23.1,17.45,16.314817138678155,17.45,16.314817138678155,15.834450978377223,15.688235324590384,17.668727023962372,19.015316,17.301177440908052,17.65668344832443,14.394675482302882,16.587732553672694
2026-06-08,ITA US 01/15/27 C250 Equity,2026-06-15,15.0,11.15,10.057278829899191,11.15,10.057278829899191,11.479401609874088,10.438640756271539,10.115921364165645,12.530104,11.00372423828825,10.764198713984538,6.878984628831306,10.484453753714316
2026-06-08,ITA US 12/18/26 C235 Equity,2026-06-15,20.700000000000003,15.25,14.279464231921704,15.25,14.279464231921704,14.78796268039886,14.153979164534645,15.317536201658328,16.510708,16.047414356130815,16.499295012006726,11.025433504071426,14.462157869697162
2026-06-08,ITA US 10/16/26 C255 Equity,2026-06-15,7.8,5.75,5.132136250491369,5.75,5.132136250491369,6.790648987502656,5.70091905045733,4.248509189242478,7.511738,4.6489352871449245,5.690135131094621,3.005999583628246,5.237501065689544
2026-06-08,ITA US 01/15/27 C230 Equity,2026-06-15,24.5,18.5,17.266608031586873,18.5,17.266608031586873,16.79512024257003,16.690748310654527,18.553257702894346,19.807997,18.174887679905158,18.486894849248575,15.579678412004991,17.61919533954694
2026-06-08,ITA US 12/18/26 C245 Equity,2026-06-15,15.25,11.25,10.44911644793651,11.25,10.44911644793651,11.719883023795603,10.895068123466896,10.315996623477812,12.729151,12.014964247477062,11.31042138566136,7.295303813043519,10.59410584590227
2026-06-08,ITA US 12/18/26 C250 Equity,2026-06-15,12.75,9.0,8.197707599585742,9.0,8.197707599585742,9.188850526172578,8.371328891555144,9.199729707542648,10.439045,10.224237938695232,10.227843948363965,6.889442051142719,8.31802808695228
2026-06-08,ITA US 01/15/27 C240 Equity,2026-06-15,19.65,14.4,13.271093233972866,14.4,13.271093233972866,14.381425348764223,13.635347874099855,13.496706235901714,15.514636,15.102135102783407,14.18698245192771,11.038409746070357,13.679993755029301
2026-06-08,ITA US 10/16/26 C235 Equity,2026-06-15,16.549999999999997,11.85,11.04587598066084,11.85,11.04587598066084,11.469620434938822,10.923379077839874,10.997871147972115,13.487194,12.37305567510579,11.299891384663393,7.740227746589445,11.023480053623855
2026-06-08,ITA US 10/16/26 C230 Equity,2026-06-15,19.4,13.8,13.201637900458929,13.8,13.201637900458929,13.031813403717361,12.735742497078608,12.895313317886243,15.884841,13.48796725790519,14.509563511379838,10.45101914495889,12.952290537771345
2026-06-08,ITA US 01/15/27 C235 Equity,2026-06-15,22.1,16.4,15.39134723291428,16.4,15.39134723291428,15.546218002039769,15.14080306988877,16.644513563521105,17.902216,15.632851854211646,16.41176600944484,13.8569352670448,15.593706485081272
2026-06-08,ITA US 10/16/26 C245 Equity,2026-06-15,11.850000000000001,8.15,7.4204994309645445,8.15,7.4204994309645445,8.769452533479559,7.851826231659246,8.48443259062389,9.102768,8.94294990785019,8.371433672685827,5.121695707467895,7.511695797845579
2026-06-08,ITA US 12/18/26 C240 Equity,2026-06-15,18.049999999999997,13.15,12.098907036414843,13.15,12.098907036414843,13.017541186843363,12.326825603732418,12.37462142247262,14.823252,13.561336254107212,13.50908006070373,9.592530663166219,12.425851607762064
2026-06-08,ITA US 01/15/27 C245 Equity,2026-06-15,17.15,12.55,11.684387872138736,12.55,11.684387872138736,12.86535422042472,12.046574316191194,11.556354010124473,14.17073,13.13701434174322,12.289528496151409,9.155084441488041,11.873785106636683
2026-06-09,ITA US 01/15/27 C245 Equity,2026-06-16,17.7,13.7,12.886064716880794,13.7,12.886064716880794,13.611855953539365,12.93569649671192,11.492802247501212,11.914889,11.240528560776925,11.439864394566555,8.217618910400187,12.616781462887966
2026-06-09,ITA US 12/18/26 C235 Equity,2026-06-16,21.4,16.05,15.737561241178692,16.05,15.737561241178692,14.837230003930653,14.548636654438344,13.744040985640783,14.619843,14.912947767767944,14.522546126028962,9.512247842766712,14.815014526672218
2026-06-09,ITA US 01/15/27 C250 Equity,2026-06-16,15.65,11.55,11.08362017546065,11.55,11.08362017546065,11.815740769797893,11.080229366023515,9.381907928111236,10.328999,9.944362235893944,9.2116597180045,5.565334621826752,10.48553950319981
2026-06-09,ITA US 10/16/26 C230 Equity,2026-06-16,20.6,14.9,14.901775394117454,14.9,14.901775394117454,14.208671059664471,13.697340971791938,12.50939388931523,14.218606,12.887081113231487,12.443099974611473,8.920651865477907,13.616962473700323
2026-06-09,ITA US 10/16/26 C235 Equity,2026-06-16,17.4,12.7,12.282087140252294,12.7,12.282087140252294,11.6970358094351,11.439188337683003,10.621020831672341,11.993933,10.494217583482575,10.679852414753674,5.6919669184137245,11.498970401532114
2026-06-09,ITA US 10/16/26 C245 Equity,2026-06-16,12.65,8.65,8.776617448904148,8.65,8.776617448904148,8.91851885692472,8.343183823084694,6.79949467936269,8.123864,7.362168116865557,7.507502042779081,2.622070538460472,7.558031850029707
2026-06-09,ITA US 12/18/26 C230 Equity,2026-06-16,24.35,18.85,18.28584702897021,18.85,18.28584702897021,17.331914482100345,16.835964026195505,16.5702298647326,17.686314,17.98911919318046,17.55756175510575,13.208082964789146,17.558474488930226
2026-06-09,ITA US 01/15/27 C240 Equity,2026-06-16,20.1,15.2,14.783861516447098,15.2,14.783861516447098,14.278902689301148,13.852400721450191,12.79346072628532,13.6917715,13.492232502217039,13.776783004283532,8.57356137686415,13.992367535719445
2026-06-09,ITA US 01/15/27 C230 Equity,2026-06-16,25.9,19.9,19.602061533702564,19.9,19.602061533702564,18.152631911364857,17.670689705612062,17.047652828779793,18.169834,19.521995174069804,17.63850403005925,13.94364685907193,18.540905697053656
2026-06-09,ITA US 07/17/26 C230 Equity,2026-06-16,13.600000000000001,8.1,7.790338733999726,8.1,7.790338733999726,8.072029276298032,7.950929834667054,6.256200088598078,8.140071,7.1901003710962605,6.59375711125356,4.362161684950742,6.793361627682295
2026-06-09,ITA US 10/16/26 C250 Equity,2026-06-16,10.350000000000001,7.35,7.425465095801919,7.35,7.425465095801919,8.605397305927482,7.696995888190479,5.942323239104746,6.470653,5.88370634003881,6.037858214747649,2.3231130377686364,6.3715077181406015
2026-06-09,ITA US 01/15/27 C235 Equity,2026-06-16,22.7,17.4,17.169185524716898,17.4,17.169185524716898,16.043665058187994,15.760082748451048,14.92393230117121,16.203283,16.810967462544873,15.610601680561146,11.93203285178431,16.15143491779849
2026-06-09,ITA US 12/18/26 C245 Equity,2026-06-16,16.25,12.0,11.59874046287963,12.0,11.59874046287963,11.763344576185595,11.16545751697177,9.92313912388055,10.483703,10.534508954942405,9.842417776773402,5.2750499814544085,10.885995796414075
2026-06-09,ITA US 07/17/26 C250 Equity,2026-06-16,3.4499999999999997,1.9,1.5851327002266644,1.9,1.5851327002266644,3.6763348656532138,2.64913977916261,1.690442653579973,2.6711454,1.6434861333054245,2.2769139552320503,1.1219528091607396,0.9048862660893636
2026-06-09,ITA US 10/16/26 C240 Equity,2026-06-16,14.95,10.600000000000001,10.326494852859597,10.600000000000001,10.326494852859597,10.183190115185491,9.806972118887582,8.229256833851132,9.400329,9.419818850171453,9.076939207465674,3.7610708043032393,9.433892021297211
2026-06-09,ITA US 10/16/26 C255 Equity,2026-06-16,9.0,6.1,6.084553864194717,6.1,6.084553864194717,7.186225737034194,6.36808831711638,4.370972116079632,5.705094,4.090239808359811,4.461909441645455,0.9325568581929506,5.180231920362093
2026-06-09,ITA US 12/18/26 C240 Equity,2026-06-16,18.75,13.85,13.64175403068207,13.85,13.64175403068207,13.00919082915157,12.67613578769721,11.500907465435773,12.196657,12.517631811374685,11.927389078847998,7.14809349075793,12.664795156930504
2026-06-09,ITA US 12/18/26 C250 Equity,2026-06-16,14.100000000000001,10.9,9.755976293896792,10.9,9.755976293896792,10.101457301570882,9.143560742420128,8.77985284132226,9.529245,9.85535629304169,9.564596718897494,5.376816885299714,9.69671324639885
2026-06-10,ITA US 12/18/26 C240 Equity,2026-06-17,20.7,12.55,11.678302140246386,12.55,11.678302140246386,12.142767992878323,11.651463884249647,10.54118030881841,11.441114,10.989516096062268,10.451918682799873,6.028180945421619,11.703927713211826
2026-06-10,ITA US 07/17/26 C230 Equity,2026-06-17,15.65,6.6,5.689004042532485,6.6,5.689004042532485,8.468480623308672,7.8082219771146395,6.629182106722748,7.779765,6.548029473628087,4.517540082189811,5.215170557098119,5.767723658404234
2026-06-10,ITA US 01/15/27 C240 Equity,2026-06-17,22.2,13.899999999999999,12.834649849917176,13.899999999999999,12.834649849917176,13.201382406918086,12.63649368261558,11.713689606511062,11.732304,11.903300842442846,11.942623041299052,6.731281824260375,12.995857038567015
2026-06-10,ITA US 01/15/27 C235 Equity,2026-06-17,24.75,15.8,14.621409391810264,15.8,14.621409391810264,14.569908306215233,14.163496524510862,14.702485107159523,14.726986,14.126661253997378,14.428375300319171,9.715424987335513,14.837932847139117
2026-06-10,ITA US 01/15/27 C245 Equity,2026-06-17,19.55,12.2,11.089835722909035,12.2,11.089835722909035,11.575104286804677,11.241774849022907,10.318626476074751,10.728744,10.987852510166695,10.042407158729313,4.771892243975659,11.3568105580648
2026-06-10,ITA US 10/16/26 C240 Equity,2026-06-17,16.799999999999997,9.4,8.693480056973092,9.4,8.693480056973092,9.158358943886116,8.552692952498251,8.293002329077577,8.164228,8.71132840814858,7.509157167065051,3.117874292737611,8.53558715785783
2026-06-10,ITA US 10/16/26 C255 Equity,2026-06-17,10.15,5.35,4.821532216344796,5.35,4.821532216344796,6.0238359488638205,5.0420282723110805,4.134601489302563,5.3194327,3.715552591801559,3.643550676285077,0.41966809076692085,4.710224792645893
2026-06-10,ITA US 10/16/26 C250 Equity,2026-06-17,12.25,6.65,6.0412699681689315,6.65,6.0412699681689315,7.239424681810241,6.22173547927323,6.55978398698225,6.033959,6.417218617802364,4.6180493549371295,0.8020385754616415,5.950833176910593
2026-06-10,ITA US 10/16/26 C230 Equity,2026-06-17,22.9,13.45,12.620584364793926,13.45,12.620584364793926,12.190787651243696,12.223289652207633,11.51878728451292,12.300329,12.19731087470146,11.603604632300383,7.447803640032655,12.522279121588163
2026-06-10,ITA US 10/16/26 C235 Equity,2026-06-17,20.0,11.2,10.749590409555324,11.2,10.749590409555324,10.834281727222574,10.485596566220813,9.130560077028282,9.895282,9.884655889880346,8.852181103664286,5.394808769571293,10.28351276183081
2026-06-10,ITA US 07/17/26 C250 Equity,2026-06-17,4.7,1.225,0.8167560570837301,1.225,0.8167560570837301,2.853922026721616,1.336381962885195,1.7027850194327296,3.5345263,1.6815235654399037,2.3469789350692682,1.2855137746299687,0.5409617637703255
2026-06-10,ITA US 12/18/26 C245 Equity,2026-06-17,18.25,11.0,10.088875889303822,11.0,10.088875889303822,10.772885714656013,10.156540699462063,9.199658085894397,9.329619,9.466852788024951,8.988512777290552,3.723386676520169,10.189714064285798
2026-06-10,ITA US 01/15/27 C230 Equity,2026-06-17,27.85,17.85,16.549612959791332,17.85,16.549612959791332,16.046430022919118,15.965491854464151,16.95540772488299,16.398148,16.649301394614163,16.005508334866647,11.992512714896687,16.831068765951933
2026-06-10,ITA US 12/18/26 C230 Equity,2026-06-17,26.4,16.55,15.43570217648655,16.55,15.43570217648655,14.646768499020087,14.880018926508942,15.856753793075894,15.556361,15.972215823767492,15.198231203224648,11.724673893916343,15.576579881555729
2026-06-10,ITA US 01/15/27 C250 Equity,2026-06-17,16.95,10.9,9.851290809760748,10.9,9.851290809760748,10.608621242509766,9.748055437847196,9.17502750357243,8.712818,9.310871947664786,8.833490771716306,3.076587733217479,10.076501680373239
2026-06-10,ITA US 10/16/26 C245 Equity,2026-06-17,14.5,7.7,7.202492323726973,7.7,7.202492323726973,8.412414607428484,7.539122443791784,6.864604009421554,6.409223,7.584682240253132,6.16061420110931,2.0677811812041536,6.966862738934356
2026-06-10,ITA US 12/18/26 C235 Equity,2026-06-17,23.4,14.600000000000001,13.555400996943735,14.600000000000001,13.555400996943735,13.452058289017632,13.091037391651637,12.277071781980325,12.654421,12.612804201919602,12.944473909496574,7.565950054477376,13.656187179301437
2026-06-10,ITA US 12/18/26 C250 Equity,2026-06-17,16.0,9.65,8.6820271093714,9.65,8.6820271093714,9.421395919517089,8.788608874657932,8.681217537103587,8.476747,9.359658755765794,8.113747094123362,2.9037232058546727,8.862370235564748
2026-06-11,ITA US 10/16/26 C230 Equity,2026-06-18,19.95,18.4,18.6045881564837,18.4,18.6045881564837,16.871106160668887,16.07930949512453,15.978892759919198,16.70039,15.751422913237406,14.567506956372737,11.915614870614002,16.068349387492475
2026-06-11,ITA US 01/15/27 C240 Equity,2026-06-18,20.15,18.200000000000003,18.426328111703086,18.200000000000003,18.426328111703086,16.624410896537558,16.19994642503523,15.738990278720562,17.401184,16.74207569737506,15.720380929556145,14.570708386109711,16.282809022383063
2026-06-11,ITA US 10/16/26 C240 Equity,2026-06-18,14.6,13.05,13.236698477424449,13.05,13.236698477424449,12.127607490695544,11.730612467100087,10.998369527276264,13.514154,11.07253467971609,12.391966007637459,10.12459278037591,11.20256200570878
2026-06-11,ITA US 01/15/27 C230 Equity,2026-06-18,25.2,23.35,23.750372129188325,23.35,23.750372129188325,20.80666173214483,20.082007209940947,19.5005029698486,20.678633,19.497921972590373,20.09373759489656,14.928835596157843,20.89769884630662
2026-06-11,ITA US 12/18/26 C235 Equity,2026-06-18,21.1,19.4,19.533803699861636,19.4,19.533803699861636,17.64525191565079,16.76836353397467,16.569576353574313,18.140722,17.328623632348286,17.457072384805866,15.087341877133275,17.378642105763358
2026-06-11,ITA US 12/18/26 C230 Equity,2026-06-18,23.8,21.9,22.193159456037684,21.9,22.193159456037684,19.47881685175653,18.839683786703695,17.65704430209474,19.81629,18.399301040201838,19.366810704113888,14.022658040279207,19.47284515429015
2026-06-11,ITA US 10/16/26 C235 Equity,2026-06-18,17.450000000000003,15.5,15.899203911491915,15.5,15.899203911491915,14.75891628367664,13.76899999231295,12.690183854579724,15.490066,13.28513236811784,14.128246399286859,11.791626579211766,13.554878734148136
2026-06-11,ITA US 12/18/26 C240 Equity,2026-06-18,18.4,16.85,16.92948691565915,16.85,16.92948691565915,14.95761009882373,14.708340072157096,14.401421656563418,16.776773,15.182541968248454,14.968356232802023,13.307218294738,14.963580015285677
2026-06-11,ITA US 10/16/26 C250 Equity,2026-06-18,10.65,9.100000000000001,9.175730051505552,9.100000000000001,9.175730051505552,9.073738716593443,8.608142530109134,7.0774928283064735,9.3054,8.398263692604733,8.326143874054246,6.917496790880259,7.391409636606741
2026-06-11,ITA US 10/16/26 C255 Equity,2026-06-18,9.0,7.8500000000000005,7.727568648681592,7.8500000000000005,7.727568648681592,8.079843921357842,7.653567046400368,6.107029800309397,8.224455,6.824093110194636,6.985889510582661,5.4988984284033755,6.216038853296803
2026-06-11,ITA US 12/18/26 C245 Equity,2026-06-18,16.55,14.600000000000001,14.618751093307418,14.600000000000001,14.618751093307418,13.559713036776031,13.162165789491066,11.950945112818125,14.387067,13.539163779292156,12.933888859693777,10.429310806148653,12.78256837549068
2026-06-11,ITA US 01/15/27 C245 Equity,2026-06-18,17.85,15.85,16.00976426193148,15.85,16.00976426193148,14.42408491783592,14.111501958647766,13.119369610034965,15.826537,14.856643965572438,14.414272513189298,11.702227613124572,13.992685253529467
2026-06-11,ITA US 10/16/26 C245 Equity,2026-06-18,12.65,11.05,11.167525819403352,11.05,11.167525819403352,10.546078378093544,10.19659270913283,8.40354605710244,10.532713,9.251987818394982,9.866897782627001,8.032386264880605,9.27810359821531
2026-06-11,ITA US 01/15/27 C235 Equity,2026-06-18,22.55,20.549999999999997,20.83636645341433,20.549999999999997,20.83636645341433,18.52959628430617,17.776689513751887,17.297062236844482,19.277191,18.96914689349318,18.213734255441985,16.857783025050313,18.494712558676362
2026-06-11,ITA US 01/15/27 C250 Equity,2026-06-18,15.85,14.05,13.926637852779573,14.05,13.926637852779573,13.618699943785213,12.902209381105411,11.591958502777949,14.427343,13.439353538216206,13.124446373019543,10.538020704733134,12.279305546599451
2026-06-11,ITA US 12/18/26 C250 Equity,2026-06-18,14.25,12.7,12.650092025314283,12.7,12.650092025314283,12.057976592660639,11.611928495219573,10.934557582673724,13.605055,12.097016771209963,11.735489321506263,9.550326039853267,10.948120195295598
2026-06-12,ITA US 10/16/26 C240 Equity,2026-06-22,12.75,12.75,12.298829369252395,12.75,12.298829369252395,13.51421165349749,11.527854603891731,11.471099898287497,11.504401,11.427118430788692,10.3404539866215,11.791921734553615,11.233251635642848
2026-06-12,ITA US 10/16/26 C255 Equity,2026-06-22,7.45,7.699999999999999,7.159857994622131,7.699999999999999,7.159857994622131,9.580377696030206,7.170364780042522,7.675382620073952,7.2263136,8.067249838586982,5.96517989704903,6.851940486793977,6.370447718155528
2026-06-12,ITA US 12/18/26 C235 Equity,2026-06-22,18.95,18.45,17.872919221712536,18.45,17.872919221712536,18.07481479225631,16.365597550911556,17.74048283132239,17.476793,15.898326355963052,17.384116051528984,18.053469948732307,16.87907269852758
2026-06-12,ITA US 12/18/26 C250 Equity,2026-06-22,12.45,12.35,11.559922290700214,12.35,11.559922290700214,13.213403147531832,10.950027482483303,11.070025249097371,11.4317255,11.812415981995565,10.61728874667481,11.80870562987013,10.900838404976705
2026-06-12,ITA US 10/16/26 C250 Equity,2026-06-22,9.1,9.25,8.694039180466342,9.25,8.694039180466342,10.916414933928198,8.544923044662514,9.153616889069438,8.996795,9.370929461799316,7.517691790576876,8.971149119442204,7.847193342690151
2026-06-12,ITA US 10/16/26 C230 Equity,2026-06-22,18.05,17.4,16.982629897250675,17.4,16.982629897250675,17.29688330013513,15.347731836197609,16.8462934959756,16.5726,15.650589796687173,15.940553601512619,15.849428433484604,15.531823245691829
2026-06-12,ITA US 10/16/26 C235 Equity,2026-06-22,14.95,14.850000000000001,14.414545512191465,14.850000000000001,14.414545512191465,14.98683078648364,13.22105567074337,13.417757681428842,13.22297,13.110745247625008,13.037209838611314,14.424551155157506,13.299400815051179
2026-06-12,ITA US 12/18/26 C240 Equity,2026-06-22,16.75,16.3,15.5961549820754,16.3,15.5961549820754,16.447063971200976,14.4847349148187,15.873348030060344,15.385699,13.761421745893957,15.313402304056286,16.008890093109912,14.772017386696746
2026-06-12,ITA US 01/15/27 C250 Equity,2026-06-22,14.1,13.350000000000001,12.662890392726444,13.350000000000001,12.662890392726444,14.41740258102068,12.226143928121143,11.927111533470505,11.672322,11.95588454113906,12.386904219329116,11.585830825221953,11.912680675004282
2026-06-12,ITA US 10/16/26 C245 Equity,2026-06-22,10.8,10.75,10.29424208265998,10.75,10.29424208265998,11.913789489921646,9.753596142404952,9.636414092994913,10.04849,9.746415536894833,8.744924462752657,10.547033725194288,9.296917701543531
2026-06-12,ITA US 12/18/26 C230 Equity,2026-06-22,21.4,21.05,20.34854501626336,21.05,20.34854501626336,20.44377936522813,18.386141661488978,19.308833356931448,19.647654,19.1706113300516,19.415380542907023,19.06701968109713,19.155066321400497
2026-06-12,ITA US 01/15/27 C245 Equity,2026-06-22,15.75,15.3,14.67818081155213,15.3,14.67818081155213,15.99791463769241,13.83413152067944,14.14386673493339,13.633176,13.719060567177973,14.319909962906886,14.520557421017726,13.808217226798726
2026-06-12,ITA US 01/15/27 C240 Equity,2026-06-22,18.05,17.5,16.738177541925833,17.5,16.738177541925833,17.47448515140003,15.529384770863265,16.681723267266335,16.305683,15.157309681957079,15.762048703864554,16.25270951215599,15.952719044342508
2026-06-15,ITA US 10/16/26 C235 Equity,2026-06-23,14.9,16.549999999999997,15.419608420406798,16.549999999999997,15.419608420406798,14.393113163143498,13.59796852551788,10.940469968115542,11.590866,11.682578850672927,13.160581862970975,12.191640343270999,14.271060294660117
2026-06-15,ITA US 10/16/26 C240 Equity,2026-06-23,12.45,14.350000000000001,13.451033589079223,14.350000000000001,13.451033589079223,12.464173749722642,11.844842564605791,9.265271974834633,9.855537,11.158882637957774,10.550435669158796,9.833595879319962,12.29344998764384
2026-06-15,ITA US 10/16/26 C245 Equity,2026-06-23,10.25,11.850000000000001,10.78300005079104,11.850000000000001,10.78300005079104,10.452553678558374,9.725011865349334,8.25575193602463,9.132086,9.58017267471904,8.850438195545106,8.706773910328666,9.839069933141156
2026-06-15,ITA US 01/15/27 C250 Equity,2026-06-23,14.15,15.0,13.782876277788876,15.0,13.782876277788876,13.536245354464015,12.860805844863263,9.981699592914314,11.883264,12.131349981673301,11.222001332269791,11.148270248231926,13.024568873791477
2026-06-15,ITA US 12/18/26 C250 Equity,2026-06-23,11.75,12.75,12.157152856385947,12.75,12.157152856385947,11.180789181261385,10.66424412517244,8.985918866948559,9.44619,10.471924508599807,9.941870000373108,9.414647234149207,10.716482769933782
2026-06-15,ITA US 12/18/26 C235 Equity,2026-06-23,18.950000000000003,20.700000000000003,19.282291772546774,20.700000000000003,19.282291772546774,17.912352494411792,16.91984080335298,14.419431196870187,14.684312,16.96006610849154,16.5605301582408,14.81436212307726,18.365511615898548
2026-06-15,ITA US 01/15/27 C245 Equity,2026-06-23,16.05,17.15,15.905591412271994,17.15,15.905591412271994,14.944487646496224,14.214029609992686,11.489665723906521,12.675985,13.10223739913592,12.897749354652538,12.832314425284379,15.07152751811158
2026-06-15,ITA US 10/16/26 C230 Equity,2026-06-23,17.5,19.4,18.469674493755175,19.4,18.469674493755175,17.141677195562647,16.434138721278227,13.487034488435109,13.962422,15.396587169648459,15.379658044318719,14.939492256468911,16.744334607348893
2026-06-15,ITA US 12/18/26 C240 Equity,2026-06-23,16.2,18.049999999999997,16.791034662241074,18.049999999999997,16.791034662241074,15.518857801343696,15.137794929048908,12.573555733000529,12.790127,14.169097308483352,14.49068620707074,14.480201154710803,15.99724799267695
2026-06-15,ITA US 10/16/26 C255 Equity,2026-06-23,7.05,7.8,6.907782090278549,7.8,6.907782090278549,7.084242705222982,6.2186195438460015,5.832117416968064,5.2285166,6.402177575711503,6.1949045283117545,5.736225679210996,5.868994007706458
2026-06-15,ITA US 12/18/26 C230 Equity,2026-06-23,21.6,23.1,21.696540350681015,23.1,21.696540350681015,19.538216469745425,18.95122598130599,18.281724574819496,16.950848,18.824897037130725,18.78365807048918,16.362828201928757,20.391269882858925
2026-06-15,ITA US 10/16/26 C250 Equity,2026-06-23,8.5,10.0,9.149991574608205,10.0,9.149991574608205,9.233174228689386,8.347780566113013,7.329876619410152,8.169816,7.732534929186703,8.065279541100944,6.835962520232089,8.04375219922378
2026-06-15,ITA US 01/15/27 C240 Equity,2026-06-23,18.25,19.65,18.46413161065541,19.65,18.46413161065541,17.25529115367048,16.682202460002188,13.927073164062733,14.324009,15.988865521669984,15.480886881879147,16.097238980433602,17.54750573736158
2026-06-16,ITA US 01/15/27 C240 Equity,2026-06-24,18.15,20.1,19.30560117878653,20.1,19.30560117878653,15.226671756137199,15.318853719430694,14.65869646536109,13.792696,13.728789016634748,14.27849656826383,11.196313227902873,16.75054822982398
2026-06-16,ITA US 12/18/26 C245 Equity,2026-06-24,14.75,16.25,15.43538120666642,16.25,15.43538120666642,12.491652726508844,11.9692845018018,11.133589126089577,10.142425,10.725363562519604,11.308546778771248,7.131507651290059,12.939543716295669
2026-06-16,ITA US 12/18/26 C235 Equity,2026-06-24,19.15,21.4,20.32644056255392,21.4,20.32644056255392,16.428697152373175,16.027281324180397,15.224159649895268,14.411772,15.710009981000189,15.73457800524625,11.008223698604718,17.66503718683378
2026-06-16,ITA US 01/15/27 C235 Equity,2026-06-24,20.65,22.7,21.792571362062994,22.7,21.792571362062994,17.71335996578793,17.341033502731495,18.012471449634223,14.925428,17.77538489186244,16.78660660177876,13.346157743263042,18.96237781293327
2026-06-16,ITA US 10/16/26 C230 Equity,2026-06-24,18.200000000000003,20.6,20.068296722578793,20.6,20.068296722578793,15.112797021357462,15.249077445190256,14.743776992306996,13.453732,14.231698846322574,13.88049332168969,9.318061742181825,16.528462393146018
2026-06-16,ITA US 12/18/26 C230 Equity,2026-06-24,21.85,24.35,23.603653498926388,24.35,23.603653498926388,18.455371768512517,18.361732900080284,19.610042581931463,17.556223,18.549372395221276,17.903032925490784,13.69618831010295,20.21727295253109
2026-06-16,ITA US 10/16/26 C245 Equity,2026-06-24,10.45,12.65,12.046951405002,12.65,12.046951405002,8.812198250029851,8.599820270522592,8.799697107405697,8.225545,9.481424103344464,8.237027647352587,4.787986831035598,9.301701098640173
2026-06-16,ITA US 10/16/26 C240 Equity,2026-06-24,13.15,14.95,14.367764591662223,14.95,14.367764591662223,11.036954153245311,10.918722045276883,9.984643858347214,10.275153,10.912082114215954,9.867824830561199,7.017143651441797,11.63228542701996
2026-06-16,ITA US 10/16/26 C250 Equity,2026-06-24,9.2,10.350000000000001,9.79998102810307,10.350000000000001,9.79998102810307,7.20206960378147,6.7775979263705945,7.454945206480141,7.364577,8.441695717750898,6.901630253020098,3.500341629618647,7.097526503037702
2026-06-16,ITA US 10/16/26 C235 Equity,2026-06-24,15.1,17.4,16.63723734696819,17.4,16.63723734696819,12.329642531002722,12.287988175782765,12.02485738036624,10.852432,11.914372389734215,11.476998465723863,7.542273821566029,13.659947945914025
2026-06-16,ITA US 12/18/26 C250 Equity,2026-06-24,12.6,14.100000000000001,13.401227894630651,14.100000000000001,13.401227894630651,10.818977292113146,10.260085538396595,9.371750789102938,9.375747,10.349449244020322,9.827204886320807,5.510500652486927,10.822917932888643
2026-06-16,ITA US 01/15/27 C230 Equity,2026-06-24,23.45,25.9,25.15057052393469,25.9,25.15057052393469,20.10202679659675,19.625803281868777,19.865171384856396,17.80511,19.18862342782923,18.79051787865303,14.843936489636015,21.728358117092494
2026-06-16,ITA US 12/18/26 C240 Equity,2026-06-24,16.85,18.75,17.940885988496063,18.75,17.940885988496063,13.5224231538727,13.648905708984278,13.672963023041845,12.564187,13.230826257370786,14.006514741351834,10.289788582449958,15.366700971977876
2026-06-16,ITA US 01/15/27 C250 Equity,2026-06-24,14.0,15.65,14.834225611283088,15.65,14.834225611283088,12.162133085977619,11.800584600410131,10.56717976913243,10.583919,10.82281453688652,11.234678653604256,7.296258881025967,12.42182969450649
2026-06-16,ITA US 10/16/26 C255 Equity,2026-06-24,7.550000000000001,9.0,8.348865419113052,9.0,8.348865419113052,6.0514558843939845,5.433994382129521,6.4272524317689745,6.412879,6.3494909260654,5.86022602817997,2.6036125880458485,5.7244304230497605
2026-06-16,ITA US 01/15/27 C245 Equity,2026-06-24,16.0,17.7,16.91026189928667,17.7,16.91026189928667,13.557572613005606,13.192196072733116,12.39687817654041,11.308579,12.390102241175468,12.855131381212662,8.751942814089817,14.37114032597674
2026-06-17,ITA US 01/15/27 C250 Equity,2026-06-25,15.25,16.95,15.799010844228672,16.95,15.799010844228672,10.728029752174528,11.608008738922779,14.446859594251563,11.910272,13.852939562220179,12.764590851800532,8.905258682282192,13.185147075288173
2026-06-17,ITA US 01/15/27 C245 Equity,2026-06-25,17.4,19.55,18.463416160880104,19.55,18.463416160880104,13.084948567570105,14.075953535392262,16.451023503121405,14.516207,15.918935458317458,15.64947393473155,12.366421314504075,15.781983667181843
2026-06-17,ITA US 12/18/26 C235 Equity,2026-06-25,21.6,23.4,22.574929148700164,23.4,22.574929148700164,15.8272124480205,16.74050697632018,19.453499091607988,17.514006,19.68530735084592,18.293287038412917,12.810452531963607,18.975373411184655
2026-06-17,ITA US 10/16/26 C250 Equity,2026-06-25,10.2,12.25,11.551499466335292,12.25,11.551499466335292,7.003340114449359,7.86339926142782,10.052128410285267,8.390584,11.05761406245082,8.657291457893027,5.886457596584636,8.565848606692683
2026-06-17,ITA US 12/18/26 C245 Equity,2026-06-25,16.25,18.25,17.164513822277947,18.25,17.164513822277947,11.459503354893387,12.492376986137879,15.55714842137895,12.609242,14.861550566323428,13.73004379412343,9.973903633992201,14.458510418404131
2026-06-17,ITA US 01/15/27 C235 Equity,2026-06-25,22.5,24.75,23.8114957154664,24.75,23.8114957154664,17.348489138321042,18.270172914333635,19.92811699114822,18.206501,19.570810778002123,19.54183465192493,15.183076533155798,20.34275132741421
2026-06-17,ITA US 12/18/26 C240 Equity,2026-06-25,18.65,20.7,19.695001518053147,20.7,19.695001518053147,14.014535851711612,14.537375447604898,16.743208599213244,14.872899,16.49046441241457,16.136337020768774,12.49771071573014,16.67712262950464
2026-06-17,ITA US 01/15/27 C230 Equity,2026-06-25,25.85,27.85,26.688885190209287,27.85,26.688885190209287,20.16109594021506,20.83858640265212,22.539046399468667,19.87363,22.278605171523303,22.081389679047298,17.108664838972178,23.086296881243477
2026-06-17,ITA US 12/18/26 C230 Equity,2026-06-25,24.55,26.4,25.27614175607933,26.4,25.27614175607933,18.27617204493279,19.21924478964168,20.191354430332463,18.897917,20.595679163234486,20.61673930182496,15.25544554774142,21.617876701820112
2026-06-17,ITA US 10/16/26 C255 Equity,2026-06-25,8.55,10.15,9.486693253174534,10.15,9.486693253174534,5.909987505336803,6.538108742319814,8.71774533634072,7.4639745,9.213840673567098,7.057505077752815,3.6583536315483824,6.547038703844892
2026-06-17,ITA US 10/16/26 C245 Equity,2026-06-25,12.55,14.5,13.779678862069494,14.5,13.779678862069494,8.773666151659434,9.776328649716188,11.52089000099915,10.159613,11.839777459022569,9.783480862707911,7.289728193124329,10.77083553738985
2026-06-17,ITA US 10/16/26 C240 Equity,2026-06-25,14.75,16.799999999999997,16.145403507107112,16.799999999999997,16.145403507107112,10.532963889216354,11.236981010087915,14.500363811294172,12.037789,13.778048256340922,13.215702113398322,8.509372153963447,12.799268589248385
2026-06-17,ITA US 10/16/26 C235 Equity,2026-06-25,17.5,20.0,19.232364130140503,20.0,19.232364130140503,13.100342080276842,13.93259424752026,16.476611966121464,15.442169,15.629873596247984,15.457519472784767,10.30939435424283,15.618886284993161
2026-06-17,ITA US 10/16/26 C230 Equity,2026-06-25,20.7,22.9,22.17326049526316,22.9,22.17326049526316,15.697775540069951,16.584198646069318,19.191488113762034,16.894548,19.124972085491386,17.441600940095704,11.644129905372846,18.149612589566715
2026-06-17,ITA US 01/15/27 C240 Equity,2026-06-25,20.0,22.2,21.137534107407195,22.2,21.137534107407195,15.51294920068294,16.10469628747011,17.703747963201483,15.775748,17.379530585320428,17.481949457286294,13.540566013233615,18.17607509481392
2026-06-17,ITA US 12/18/26 C250 Equity,2026-06-25,13.95,16.0,14.929537434468594,16.0,14.929537434468594,10.216183755626163,11.21471834915922,13.777423106340102,10.859046,11.892308256760808,11.99413706304859,8.590444421301989,12.30773843131883
