========================================================================
HORSE RACE -- ITA US (iShares Aerospace & Defense ETF)
Horizonte: 5 dias de negociacao (calendario exato)
GPR: 7 dias de atraso de disponibilidade
Configs: sem_indices | so_GPR | so_VIX | GPR_e_VIX
HP tuning: RandomizedSearch
========================================================================

[1/6] A carregar dados de opcoes...
    ITA US: 30 contratos | 1980 obs | 2025-11-20 -> 2026-06-25
    Com mid-quote valido (bid e ask): 1880 obs
    Calendario de trading: 148 datas

[2/6] A carregar GPR (Caldara & Iacoviello) com lag 7 dias...
    GPR: 15155 obs | componentes: ['gpr', 'gpr_ac', 'gpr_th', 'gpr_ma7', 'gpr_ma30', 'gpr_n10d', 'gpr_change', 'gpr_pct_change', 'gpr_ac_change', 'gpr_ac_pct_change', 'gpr_th_change', 'gpr_th_pct_change', 'gpr_ma_diff7', 'gpr_ma_diff30']
    GPR features (point-in-time, lag=7d): ['gpr_pit', 'gpr_ac_pit', 'gpr_th_pit', 'gpr_ma7_pit', 'gpr_ma30_pit', 'gpr_n10d_pit', 'gpr_change_pit', 'gpr_pct_change_pit', 'gpr_ac_change_pit', 'gpr_ac_pct_change_pit', 'gpr_th_change_pit', 'gpr_th_pct_change_pit', 'gpr_ma_diff7_pit', 'gpr_ma_diff30_pit']

[3/6] A ler taxa de juro sem risco...
    ita_risk_free.csv: 150 linhas, 2025-11-20 a 2026-06-29
    media 0.0360

[4/6] A ler VIX...
    ita_vix.csv: 151 linhas, 2025-11-20 a 2026-06-29
    media 0.1972 (decimal)

[5/6] A ler dividend yield...
    ita_dividend_yield.csv: 2173 linhas, 2018-01-02 a 2026-08-25
    media 0.0049

[6/6] A calcular features e target...
    1734 obs com target | 60 colunas
    A calcular CRR roll-down forecast (pode demorar ~1 min)...
    CRR: 1731 previsoes calculadas

  -- Analise de Liquidez (1734 obs totais) --
    Volume = 0      :   943 obs  ( 54.4%)
    Volume < 10     :  1547 obs  ( 89.2%)
    OI = 0          :    58 obs  (  3.3%)
    OI < 50         :   646 obs  ( 37.3%)
    Robusto (vol>0 & OI>0 & spread<50%):   724 obs  ( 41.8%)
    Principal (vol>0 & OI>0):   791 obs  ( 45.6%)
    Obs liquidas (vol>0 & OI>0): 791/1734

    Feature counts: sem_indices=22 | so_GPR=36 | so_VIX=23 | GPR_e_VIX=37

  -- Diagnostico de Multicolinearidade GPR vs VIX --
    Pearson(GPR, VIX): r = 0.4928 | VIF bivariado: 1.32

    Amostra comum (4 configs): 1678 obs | 2025-11-21 -> 2026-06-17
    Datas unicas: 142

========================================================================
  HORSE RACE: ITA US
========================================================================

  [sem_indices]  Baseline (sem indices externos)
  [sem_indices]  Treino: 1082 obs (2025-11-21 -> 2026-04-29) | 108 datas
  [sem_indices]  Purgadas na fronteira (alvo em periodo de teste): 90 obs
  [sem_indices]  Teste:  506 obs (2026-05-07 -> 2026-06-17) | 29 datas
  [sem_indices]  22 features
      [HP tuning: 20 fixas combinacoes x 3 folds purged]
      OLS                   (sem tuning) OK
      Ridge                 (20 comb.) OK
      RandomForest          (20 comb.) OK
      XGBoost               (20 comb.) OK
      LightGBM              (20 comb.) OK
      CatBoost              (20 comb.) OK
      MLP                   (20 comb.) OK
      ElasticNet (delta)    (20 comb.) OK

  Diebold-Mariano vs Naive (por data, h=5d, HLN 1997)
  Perda agregada por data: 29 datas no teste
  Correcao Holm-Bonferroni (familia=9 testes)
  DM_stat > 0 = modelo PIOR; < 0 = modelo MELHOR
  Modelo                          DM_stat  N_datas    p_bruto     p_holm  Sig(Holm)
  ----------------------------------------------------------------------------
  CRR binomial (roll-down)         1.1727       29     0.2508     1.0000  
  OLS                              0.9296       29     0.3605     1.0000  
  Ridge                            0.7024       29     0.4882     1.0000  
  RandomForest                     0.4819       29     0.6336     1.0000  
  XGBoost                          0.5770       29     0.5686     1.0000  
  LightGBM                         0.6476       29     0.5225     1.0000  
  CatBoost                         0.6482       29     0.5221     1.0000  
  MLP                              1.1584       29     0.2565     1.0000  
  ElasticNet (delta)               0.4772       29     0.6369     1.0000  

  Breakdown por Moneyness (RMSE):

  Grupo                            N     Naive  CRR binom        OLS      Ridge  RandomFor    XGBoost   LightGBM   CatBoost
  -------------------------------------------------------------------------------------------------------------------------
  ITM  (m > 1.05)                  3  [omitido: <5 obs]
  ATM  (0.95 <= m <= 1.05)       236    3.2276     3.3615     4.3657     4.1440     3.8453     3.9197     4.0868     4.0180
  OTM  (m < 0.95)                267    2.9699     3.2973     3.5599     3.3092     3.1190     3.1263     3.1275     3.1378

  Avaliacao em obs liquidas (volume>0): 193 obs
    OLS                             RMSE=3.6265  Theil=1.2782
    Ridge                           RMSE=3.2832  Theil=1.1571
    RandomForest                    RMSE=3.1700  Theil=1.1172
    XGBoost                         RMSE=3.1642  Theil=1.1152
    LightGBM                        RMSE=3.2702  Theil=1.1526
    CatBoost                        RMSE=3.3403  Theil=1.1773
    MLP                             RMSE=3.8225  Theil=1.3472
    ElasticNet (delta)              RMSE=3.1124  Theil=1.0970

==========================================================================================
  ITA | sem_indices  [Baseline (sem indices externos)]  [5d]
==========================================================================================
  #    Modelo                               RMSE        MAE         R2   Theil_U
  ----------------------------------------------------------------------------------------
  1    Naive (Random Walk)                3.0882     2.4540     0.6598    1.0000  <-- MELHOR
  2    CRR binomial (roll-down)           3.3187     2.5348     0.6071    1.0746
  3    ElasticNet (delta)                 3.4353     2.7146     0.5790    1.1124
  4    RandomForest                       3.4715     2.6281     0.5701    1.1241
  5    XGBoost                            3.5240     2.7378     0.5570    1.1411
  6    CatBoost                           3.5819     2.8509     0.5423    1.1599
  7    LightGBM                           3.6169     2.8265     0.5333    1.1712
  8    Ridge                              3.7246     2.9358     0.5051    1.2061
  9    OLS                                3.9572     3.2349     0.4413    1.2814
  10   MLP                                4.0372     3.1593     0.4185    1.3073
==========================================================================================

  [so_GPR]  GPR apenas
  [so_GPR]  Treino: 1082 obs (2025-11-21 -> 2026-04-29) | 108 datas
  [so_GPR]  Purgadas na fronteira (alvo em periodo de teste): 90 obs
  [so_GPR]  Teste:  506 obs (2026-05-07 -> 2026-06-17) | 29 datas
  [so_GPR]  36 features
      [HP tuning: 20 fixas combinacoes x 3 folds purged]
      OLS                   (sem tuning) OK
      Ridge                 (20 comb.) OK
      RandomForest          (20 comb.) OK
      XGBoost               (20 comb.) OK
      LightGBM              (20 comb.) OK
      CatBoost              (20 comb.) OK
      MLP                   (20 comb.) OK
      ElasticNet (delta)    (20 comb.) OK

  Diebold-Mariano vs Naive (por data, h=5d, HLN 1997)
  Perda agregada por data: 29 datas no teste
  Correcao Holm-Bonferroni (familia=9 testes)
  DM_stat > 0 = modelo PIOR; < 0 = modelo MELHOR
  Modelo                          DM_stat  N_datas    p_bruto     p_holm  Sig(Holm)
  ----------------------------------------------------------------------------
  CRR binomial (roll-down)         1.1727       29     0.2508     1.0000  
  OLS                              0.6066       29     0.5490     1.0000  
  Ridge                            0.3743       29     0.7110     1.0000  
  RandomForest                     0.4447       29     0.6600     1.0000  
  XGBoost                          0.3331       29     0.7416     1.0000  
  LightGBM                         0.3819       29     0.7054     1.0000  
  CatBoost                         0.6154       29     0.5433     1.0000  
  MLP                              2.3050       29     0.0288     0.2592  
  ElasticNet (delta)               0.0896       29     0.9293     1.0000  

  Breakdown por Moneyness (RMSE):

  Grupo                            N     Naive  CRR binom        OLS      Ridge  RandomFor    XGBoost   LightGBM   CatBoost
  -------------------------------------------------------------------------------------------------------------------------
  ITM  (m > 1.05)                  3  [omitido: <5 obs]
  ATM  (0.95 <= m <= 1.05)       236    3.2276     3.3615     3.6642     3.5703     3.6618     3.4937     3.6292     3.7537
  OTM  (m < 0.95)                267    2.9699     3.2973     3.2501     3.0038     3.1332     2.9698     2.9970     3.0660

  Avaliacao em obs liquidas (volume>0): 193 obs
    OLS                             RMSE=3.4331  Theil=1.2100
    Ridge                           RMSE=3.1031  Theil=1.0937
    RandomForest                    RMSE=3.1474  Theil=1.1093
    XGBoost                         RMSE=2.9937  Theil=1.0551
    LightGBM                        RMSE=3.1065  Theil=1.0949
    CatBoost                        RMSE=3.1358  Theil=1.1052
    MLP                             RMSE=5.0714  Theil=1.7874
    ElasticNet (delta)              RMSE=2.8995  Theil=1.0219

==========================================================================================
  ITA | so_GPR  [GPR apenas]  [5d]
==========================================================================================
  #    Modelo                               RMSE        MAE         R2   Theil_U
  ----------------------------------------------------------------------------------------
  1    Naive (Random Walk)                3.0882     2.4540     0.6598    1.0000  <-- MELHOR
  2    ElasticNet (delta)                 3.1285     2.5212     0.6508    1.0130
  3    XGBoost                            3.2342     2.5011     0.6268    1.0473
  4    Ridge                              3.2942     2.6612     0.6129    1.0667
  5    LightGBM                           3.3166     2.5119     0.6076    1.0739
  6    CRR binomial (roll-down)           3.3187     2.5348     0.6071    1.0746
  7    RandomForest                       3.3907     2.5290     0.5899    1.0979
  8    CatBoost                           3.4186     2.7439     0.5831    1.1070
  9    OLS                                3.4644     2.8411     0.5718    1.1218
  10   MLP                                5.6921     4.7417    -0.1559    1.8432
==========================================================================================

  [so_VIX]  VIX apenas
  [so_VIX]  Treino: 1082 obs (2025-11-21 -> 2026-04-29) | 108 datas
  [so_VIX]  Purgadas na fronteira (alvo em periodo de teste): 90 obs
  [so_VIX]  Teste:  506 obs (2026-05-07 -> 2026-06-17) | 29 datas
  [so_VIX]  23 features
      [HP tuning: 20 fixas combinacoes x 3 folds purged]
      OLS                   (sem tuning) OK
      Ridge                 (20 comb.) OK
      RandomForest          (20 comb.) OK
      XGBoost               (20 comb.) OK
      LightGBM              (20 comb.) OK
      CatBoost              (20 comb.) OK
      MLP                   (20 comb.) OK
      ElasticNet (delta)    (20 comb.) OK

  Diebold-Mariano vs Naive (por data, h=5d, HLN 1997)
  Perda agregada por data: 29 datas no teste
  Correcao Holm-Bonferroni (familia=9 testes)
  DM_stat > 0 = modelo PIOR; < 0 = modelo MELHOR
  Modelo                          DM_stat  N_datas    p_bruto     p_holm  Sig(Holm)
  ----------------------------------------------------------------------------
  CRR binomial (roll-down)         1.1727       29     0.2508     1.0000  
  OLS                              1.0371       29     0.3086     1.0000  
  Ridge                            0.8015       29     0.4296     1.0000  
  RandomForest                     0.4751       29     0.6384     1.0000  
  XGBoost                          0.6613       29     0.5138     1.0000  
  LightGBM                         0.6549       29     0.5179     1.0000  
  CatBoost                         0.9366       29     0.3570     1.0000  
  MLP                              1.5766       29     0.1261     1.0000  
  ElasticNet (delta)               0.5405       29     0.5931     1.0000  

  Breakdown por Moneyness (RMSE):

  Grupo                            N     Naive  CRR binom        OLS      Ridge  RandomFor    XGBoost   LightGBM   CatBoost
  -------------------------------------------------------------------------------------------------------------------------
  ITM  (m > 1.05)                  3  [omitido: <5 obs]
  ATM  (0.95 <= m <= 1.05)       236    3.2276     3.3615     4.6810     4.3452     3.8340     3.9725     3.9936     4.3343
  OTM  (m < 0.95)                267    2.9699     3.2973     3.8567     3.4470     3.1177     3.1687     3.1836     3.5571

  Avaliacao em obs liquidas (volume>0): 193 obs
    OLS                             RMSE=3.9066  Theil=1.3769
    Ridge                           RMSE=3.4460  Theil=1.2145
    RandomForest                    RMSE=3.1623  Theil=1.1145
    XGBoost                         RMSE=3.2341  Theil=1.1398
    LightGBM                        RMSE=3.2471  Theil=1.1444
    CatBoost                        RMSE=3.5243  Theil=1.2421
    MLP                             RMSE=4.4615  Theil=1.5724
    ElasticNet (delta)              RMSE=3.1919  Theil=1.1250

==========================================================================================
  ITA | so_VIX  [VIX apenas]  [5d]
==========================================================================================
  #    Modelo                               RMSE        MAE         R2   Theil_U
  ----------------------------------------------------------------------------------------
  1    Naive (Random Walk)                3.0882     2.4540     0.6598    1.0000  <-- MELHOR
  2    CRR binomial (roll-down)           3.3187     2.5348     0.6071    1.0746
  3    RandomForest                       3.4640     2.6202     0.5719    1.1217
  4    ElasticNet (delta)                 3.5110     2.7807     0.5602    1.1369
  5    XGBoost                            3.5731     2.8004     0.5445    1.1570
  6    LightGBM                           3.5900     2.8041     0.5402    1.1625
  7    Ridge                              3.8961     3.0681     0.4585    1.2616
  8    CatBoost                           3.9457     3.0971     0.4446    1.2777
  9    OLS                                4.2647     3.4814     0.3512    1.3810
  10   MLP                                4.6444     3.7217     0.2305    1.5039
==========================================================================================

  [GPR_e_VIX]  GPR + VIX
  [GPR_e_VIX]  Treino: 1082 obs (2025-11-21 -> 2026-04-29) | 108 datas
  [GPR_e_VIX]  Purgadas na fronteira (alvo em periodo de teste): 90 obs
  [GPR_e_VIX]  Teste:  506 obs (2026-05-07 -> 2026-06-17) | 29 datas
  [GPR_e_VIX]  37 features
      [HP tuning: 20 fixas combinacoes x 3 folds purged]
      OLS                   (sem tuning) OK
      Ridge                 (20 comb.) OK
      RandomForest          C:\Users\tiago\AppData\Roaming\Python\Python314\site-packages\sklearn\utils\parallel.py:144: UserWarning: `sklearn.utils.parallel.delayed` should be used with `sklearn.utils.parallel.Parallel` to make it possible to propagate the scikit-learn configuration of the current thread to the joblib workers.
  warnings.warn(
C:\Users\tiago\AppData\Roaming\Python\Python314\site-packages\sklearn\utils\parallel.py:144: UserWarning: `sklearn.utils.parallel.delayed` should be used with `sklearn.utils.parallel.Parallel` to make it possible to propagate the scikit-learn configuration of the current thread to the joblib workers.
  warnings.warn(
C:\Users\tiago\AppData\Roaming\Python\Python314\site-packages\sklearn\utils\parallel.py:144: UserWarning: `sklearn.utils.parallel.delayed` should be used with `sklearn.utils.parallel.Parallel` to make it possible to propagate the scikit-learn configuration of the current thread to the joblib workers.
  warnings.warn(
C:\Users\tiago\AppData\Roaming\Python\Python314\site-packages\sklearn\utils\parallel.py:144: UserWarning: `sklearn.utils.parallel.delayed` should be used with `sklearn.utils.parallel.Parallel` to make it possible to propagate the scikit-learn configuration of the current thread to the joblib workers.
  warnings.warn(
C:\Users\tiago\AppData\Roaming\Python\Python314\site-packages\sklearn\utils\parallel.py:144: UserWarning: `sklearn.utils.parallel.delayed` should be used with `sklearn.utils.parallel.Parallel` to make it possible to propagate the scikit-learn configuration of the current thread to the joblib workers.
  warnings.warn(
C:\Users\tiago\AppData\Roaming\Python\Python314\site-packages\sklearn\utils\parallel.py:144: UserWarning: `sklearn.utils.parallel.delayed` should be used with `sklearn.utils.parallel.Parallel` to make it possible to propagate the scikit-learn configuration of the current thread to the joblib workers.
  warnings.warn(
C:\Users\tiago\AppData\Roaming\Python\Python314\site-packages\sklearn\utils\parallel.py:144: UserWarning: `sklearn.utils.parallel.delayed` should be used with `sklearn.utils.parallel.Parallel` to make it possible to propagate the scikit-learn configuration of the current thread to the joblib workers.
  warnings.warn(
C:\Users\tiago\AppData\Roaming\Python\Python314\site-packages\sklearn\utils\parallel.py:144: UserWarning: `sklearn.utils.parallel.delayed` should be used with `sklearn.utils.parallel.Parallel` to make it possible to propagate the scikit-learn configuration of the current thread to the joblib workers.
  warnings.warn(
C:\Users\tiago\AppData\Roaming\Python\Python314\site-packages\sklearn\utils\parallel.py:144: UserWarning: `sklearn.utils.parallel.delayed` should be used with `sklearn.utils.parallel.Parallel` to make it possible to propagate the scikit-learn configuration of the current thread to the joblib workers.
  warnings.warn(
C:\Users\tiago\AppData\Roaming\Python\Python314\site-packages\sklearn\utils\parallel.py:144: UserWarning: `sklearn.utils.parallel.delayed` should be used with `sklearn.utils.parallel.Parallel` to make it possible to propagate the scikit-learn configuration of the current thread to the joblib workers.
  warnings.warn(
C:\Users\tiago\AppData\Roaming\Python\Python314\site-packages\sklearn\utils\parallel.py:144: UserWarning: `sklearn.utils.parallel.delayed` should be used with `sklearn.utils.parallel.Parallel` to make it possible to propagate the scikit-learn configuration of the current thread to the joblib workers.
  warnings.warn(
C:\Users\tiago\AppData\Roaming\Python\Python314\site-packages\sklearn\utils\parallel.py:144: UserWarning: `sklearn.utils.parallel.delayed` should be used with `sklearn.utils.parallel.Parallel` to make it possible to propagate the scikit-learn configuration of the current thread to the joblib workers.
  warnings.warn(
C:\Users\tiago\AppData\Roaming\Python\Python314\site-packages\sklearn\utils\parallel.py:144: UserWarning: `sklearn.utils.parallel.delayed` should be used with `sklearn.utils.parallel.Parallel` to make it possible to propagate the scikit-learn configuration of the current thread to the joblib workers.
  warnings.warn(
C:\Users\tiago\AppData\Roaming\Python\Python314\site-packages\sklearn\utils\parallel.py:144: UserWarning: `sklearn.utils.parallel.delayed` should be used with `sklearn.utils.parallel.Parallel` to make it possible to propagate the scikit-learn configuration of the current thread to the joblib workers.
  warnings.warn(
C:\Users\tiago\AppData\Roaming\Python\Python314\site-packages\sklearn\utils\parallel.py:144: UserWarning: `sklearn.utils.parallel.delayed` should be used with `sklearn.utils.parallel.Parallel` to make it possible to propagate the scikit-learn configuration of the current thread to the joblib workers.
  warnings.warn(
C:\Users\tiago\AppData\Roaming\Python\Python314\site-packages\sklearn\utils\parallel.py:144: UserWarning: `sklearn.utils.parallel.delayed` should be used with `sklearn.utils.parallel.Parallel` to make it possible to propagate the scikit-learn configuration of the current thread to the joblib workers.
  warnings.warn(
C:\Users\tiago\AppData\Roaming\Python\Python314\site-packages\sklearn\utils\parallel.py:144: UserWarning: `sklearn.utils.parallel.delayed` should be used with `sklearn.utils.parallel.Parallel` to make it possible to propagate the scikit-learn configuration of the current thread to the joblib workers.
  warnings.warn(
C:\Users\tiago\AppData\Roaming\Python\Python314\site-packages\sklearn\utils\parallel.py:144: UserWarning: `sklearn.utils.parallel.delayed` should be used with `sklearn.utils.parallel.Parallel` to make it possible to propagate the scikit-learn configuration of the current thread to the joblib workers.
  warnings.warn(
C:\Users\tiago\AppData\Roaming\Python\Python314\site-packages\sklearn\utils\parallel.py:144: UserWarning: `sklearn.utils.parallel.delayed` should be used with `sklearn.utils.parallel.Parallel` to make it possible to propagate the scikit-learn configuration of the current thread to the joblib workers.
  warnings.warn(
C:\Users\tiago\AppData\Roaming\Python\Python314\site-packages\sklearn\utils\parallel.py:144: UserWarning: `sklearn.utils.parallel.delayed` should be used with `sklearn.utils.parallel.Parallel` to make it possible to propagate the scikit-learn configuration of the current thread to the joblib workers.
  warnings.warn(
C:\Users\tiago\AppData\Roaming\Python\Python314\site-packages\sklearn\utils\parallel.py:144: UserWarning: `sklearn.utils.parallel.delayed` should be used with `sklearn.utils.parallel.Parallel` to make it possible to propagate the scikit-learn configuration of the current thread to the joblib workers.
  warnings.warn(
C:\Users\tiago\AppData\Roaming\Python\Python314\site-packages\sklearn\utils\parallel.py:144: UserWarning: `sklearn.utils.parallel.delayed` should be used with `sklearn.utils.parallel.Parallel` to make it possible to propagate the scikit-learn configuration of the current thread to the joblib workers.
  warnings.warn(
C:\Users\tiago\AppData\Roaming\Python\Python314\site-packages\sklearn\utils\parallel.py:144: UserWarning: `sklearn.utils.parallel.delayed` should be used with `sklearn.utils.parallel.Parallel` to make it possible to propagate the scikit-learn configuration of the current thread to the joblib workers.
  warnings.warn(
C:\Users\tiago\AppData\Roaming\Python\Python314\site-packages\sklearn\utils\parallel.py:144: UserWarning: `sklearn.utils.parallel.delayed` should be used with `sklearn.utils.parallel.Parallel` to make it possible to propagate the scikit-learn configuration of the current thread to the joblib workers.
  warnings.warn(
C:\Users\tiago\AppData\Roaming\Python\Python314\site-packages\sklearn\utils\parallel.py:144: UserWarning: `sklearn.utils.parallel.delayed` should be used with `sklearn.utils.parallel.Parallel` to make it possible to propagate the scikit-learn configuration of the current thread to the joblib workers.
  warnings.warn(
C:\Users\tiago\AppData\Roaming\Python\Python314\site-packages\sklearn\utils\parallel.py:144: UserWarning: `sklearn.utils.parallel.delayed` should be used with `sklearn.utils.parallel.Parallel` to make it possible to propagate the scikit-learn configuration of the current thread to the joblib workers.
  warnings.warn(
C:\Users\tiago\AppData\Roaming\Python\Python314\site-packages\sklearn\utils\parallel.py:144: UserWarning: `sklearn.utils.parallel.delayed` should be used with `sklearn.utils.parallel.Parallel` to make it possible to propagate the scikit-learn configuration of the current thread to the joblib workers.
  warnings.warn(
C:\Users\tiago\AppData\Roaming\Python\Python314\site-packages\sklearn\utils\parallel.py:144: UserWarning: `sklearn.utils.parallel.delayed` should be used with `sklearn.utils.parallel.Parallel` to make it possible to propagate the scikit-learn configuration of the current thread to the joblib workers.
  warnings.warn(
C:\Users\tiago\AppData\Roaming\Python\Python314\site-packages\sklearn\utils\parallel.py:144: UserWarning: `sklearn.utils.parallel.delayed` should be used with `sklearn.utils.parallel.Parallel` to make it possible to propagate the scikit-learn configuration of the current thread to the joblib workers.
  warnings.warn(
C:\Users\tiago\AppData\Roaming\Python\Python314\site-packages\sklearn\utils\parallel.py:144: UserWarning: `sklearn.utils.parallel.delayed` should be used with `sklearn.utils.parallel.Parallel` to make it possible to propagate the scikit-learn configuration of the current thread to the joblib workers.
  warnings.warn(
C:\Users\tiago\AppData\Roaming\Python\Python314\site-packages\sklearn\utils\parallel.py:144: UserWarning: `sklearn.utils.parallel.delayed` should be used with `sklearn.utils.parallel.Parallel` to make it possible to propagate the scikit-learn configuration of the current thread to the joblib workers.
  warnings.warn(
C:\Users\tiago\AppData\Roaming\Python\Python314\site-packages\sklearn\utils\parallel.py:144: UserWarning: `sklearn.utils.parallel.delayed` should be used with `sklearn.utils.parallel.Parallel` to make it possible to propagate the scikit-learn configuration of the current thread to the joblib workers.
  warnings.warn(
C:\Users\tiago\AppData\Roaming\Python\Python314\site-packages\sklearn\utils\parallel.py:144: UserWarning: `sklearn.utils.parallel.delayed` should be used with `sklearn.utils.parallel.Parallel` to make it possible to propagate the scikit-learn configuration of the current thread to the joblib workers.
  warnings.warn(
C:\Users\tiago\AppData\Roaming\Python\Python314\site-packages\sklearn\utils\parallel.py:144: UserWarning: `sklearn.utils.parallel.delayed` should be used with `sklearn.utils.parallel.Parallel` to make it possible to propagate the scikit-learn configuration of the current thread to the joblib workers.
  warnings.warn(
C:\Users\tiago\AppData\Roaming\Python\Python314\site-packages\sklearn\utils\parallel.py:144: UserWarning: `sklearn.utils.parallel.delayed` should be used with `sklearn.utils.parallel.Parallel` to make it possible to propagate the scikit-learn configuration of the current thread to the joblib workers.
  warnings.warn(
C:\Users\tiago\AppData\Roaming\Python\Python314\site-packages\sklearn\utils\parallel.py:144: UserWarning: `sklearn.utils.parallel.delayed` should be used with `sklearn.utils.parallel.Parallel` to make it possible to propagate the scikit-learn configuration of the current thread to the joblib workers.
  warnings.warn(
C:\Users\tiago\AppData\Roaming\Python\Python314\site-packages\sklearn\utils\parallel.py:144: UserWarning: `sklearn.utils.parallel.delayed` should be used with `sklearn.utils.parallel.Parallel` to make it possible to propagate the scikit-learn configuration of the current thread to the joblib workers.
  warnings.warn(
C:\Users\tiago\AppData\Roaming\Python\Python314\site-packages\sklearn\utils\parallel.py:144: UserWarning: `sklearn.utils.parallel.delayed` should be used with `sklearn.utils.parallel.Parallel` to make it possible to propagate the scikit-learn configuration of the current thread to the joblib workers.
  warnings.warn(
C:\Users\tiago\AppData\Roaming\Python\Python314\site-packages\sklearn\utils\parallel.py:144: UserWarning: `sklearn.utils.parallel.delayed` should be used with `sklearn.utils.parallel.Parallel` to make it possible to propagate the scikit-learn configuration of the current thread to the joblib workers.
  warnings.warn(
C:\Users\tiago\AppData\Roaming\Python\Python314\site-packages\sklearn\utils\parallel.py:144: UserWarning: `sklearn.utils.parallel.delayed` should be used with `sklearn.utils.parallel.Parallel` to make it possible to propagate the scikit-learn configuration of the current thread to the joblib workers.
  warnings.warn(
C:\Users\tiago\AppData\Roaming\Python\Python314\site-packages\sklearn\utils\parallel.py:144: UserWarning: `sklearn.utils.parallel.delayed` should be used with `sklearn.utils.parallel.Parallel` to make it possible to propagate the scikit-learn configuration of the current thread to the joblib workers.
  warnings.warn(
C:\Users\tiago\AppData\Roaming\Python\Python314\site-packages\sklearn\utils\parallel.py:144: UserWarning: `sklearn.utils.parallel.delayed` should be used with `sklearn.utils.parallel.Parallel` to make it possible to propagate the scikit-learn configuration of the current thread to the joblib workers.
  warnings.warn(
C:\Users\tiago\AppData\Roaming\Python\Python314\site-packages\sklearn\utils\parallel.py:144: UserWarning: `sklearn.utils.parallel.delayed` should be used with `sklearn.utils.parallel.Parallel` to make it possible to propagate the scikit-learn configuration of the current thread to the joblib workers.
  warnings.warn(
C:\Users\tiago\AppData\Roaming\Python\Python314\site-packages\sklearn\utils\parallel.py:144: UserWarning: `sklearn.utils.parallel.delayed` should be used with `sklearn.utils.parallel.Parallel` to make it possible to propagate the scikit-learn configuration of the current thread to the joblib workers.
  warnings.warn(
C:\Users\tiago\AppData\Roaming\Python\Python314\site-packages\sklearn\utils\parallel.py:144: UserWarning: `sklearn.utils.parallel.delayed` should be used with `sklearn.utils.parallel.Parallel` to make it possible to propagate the scikit-learn configuration of the current thread to the joblib workers.
  warnings.warn(
C:\Users\tiago\AppData\Roaming\Python\Python314\site-packages\sklearn\utils\parallel.py:144: UserWarning: `sklearn.utils.parallel.delayed` should be used with `sklearn.utils.parallel.Parallel` to make it possible to propagate the scikit-learn configuration of the current thread to the joblib workers.
  warnings.warn(
C:\Users\tiago\AppData\Roaming\Python\Python314\site-packages\sklearn\utils\parallel.py:144: UserWarning: `sklearn.utils.parallel.delayed` should be used with `sklearn.utils.parallel.Parallel` to make it possible to propagate the scikit-learn configuration of the current thread to the joblib workers.
  warnings.warn(
C:\Users\tiago\AppData\Roaming\Python\Python314\site-packages\sklearn\utils\parallel.py:144: UserWarning: `sklearn.utils.parallel.delayed` should be used with `sklearn.utils.parallel.Parallel` to make it possible to propagate the scikit-learn configuration of the current thread to the joblib workers.
  warnings.warn(
C:\Users\tiago\AppData\Roaming\Python\Python314\site-packages\sklearn\utils\parallel.py:144: UserWarning: `sklearn.utils.parallel.delayed` should be used with `sklearn.utils.parallel.Parallel` to make it possible to propagate the scikit-learn configuration of the current thread to the joblib workers.
  warnings.warn(
C:\Users\tiago\AppData\Roaming\Python\Python314\site-packages\sklearn\utils\parallel.py:144: UserWarning: `sklearn.utils.parallel.delayed` should be used with `sklearn.utils.parallel.Parallel` to make it possible to propagate the scikit-learn configuration of the current thread to the joblib workers.
  warnings.warn(
C:\Users\tiago\AppData\Roaming\Python\Python314\site-packages\sklearn\utils\parallel.py:144: UserWarning: `sklearn.utils.parallel.delayed` should be used with `sklearn.utils.parallel.Parallel` to make it possible to propagate the scikit-learn configuration of the current thread to the joblib workers.
  warnings.warn(
C:\Users\tiago\AppData\Roaming\Python\Python314\site-packages\sklearn\utils\parallel.py:144: UserWarning: `sklearn.utils.parallel.delayed` should be used with `sklearn.utils.parallel.Parallel` to make it possible to propagate the scikit-learn configuration of the current thread to the joblib workers.
  warnings.warn(
C:\Users\tiago\AppData\Roaming\Python\Python314\site-packages\sklearn\utils\parallel.py:144: UserWarning: `sklearn.utils.parallel.delayed` should be used with `sklearn.utils.parallel.Parallel` to make it possible to propagate the scikit-learn configuration of the current thread to the joblib workers.
  warnings.warn(
C:\Users\tiago\AppData\Roaming\Python\Python314\site-packages\sklearn\utils\parallel.py:144: UserWarning: `sklearn.utils.parallel.delayed` should be used with `sklearn.utils.parallel.Parallel` to make it possible to propagate the scikit-learn configuration of the current thread to the joblib workers.
  warnings.warn(
C:\Users\tiago\AppData\Roaming\Python\Python314\site-packages\sklearn\utils\parallel.py:144: UserWarning: `sklearn.utils.parallel.delayed` should be used with `sklearn.utils.parallel.Parallel` to make it possible to propagate the scikit-learn configuration of the current thread to the joblib workers.
  warnings.warn(
C:\Users\tiago\AppData\Roaming\Python\Python314\site-packages\sklearn\utils\parallel.py:144: UserWarning: `sklearn.utils.parallel.delayed` should be used with `sklearn.utils.parallel.Parallel` to make it possible to propagate the scikit-learn configuration of the current thread to the joblib workers.
  warnings.warn(
C:\Users\tiago\AppData\Roaming\Python\Python314\site-packages\sklearn\utils\parallel.py:144: UserWarning: `sklearn.utils.parallel.delayed` should be used with `sklearn.utils.parallel.Parallel` to make it possible to propagate the scikit-learn configuration of the current thread to the joblib workers.
  warnings.warn(
C:\Users\tiago\AppData\Roaming\Python\Python314\site-packages\sklearn\utils\parallel.py:144: UserWarning: `sklearn.utils.parallel.delayed` should be used with `sklearn.utils.parallel.Parallel` to make it possible to propagate the scikit-learn configuration of the current thread to the joblib workers.
  warnings.warn(
C:\Users\tiago\AppData\Roaming\Python\Python314\site-packages\sklearn\utils\parallel.py:144: UserWarning: `sklearn.utils.parallel.delayed` should be used with `sklearn.utils.parallel.Parallel` to make it possible to propagate the scikit-learn configuration of the current thread to the joblib workers.
  warnings.warn(
C:\Users\tiago\AppData\Roaming\Python\Python314\site-packages\sklearn\utils\parallel.py:144: UserWarning: `sklearn.utils.parallel.delayed` should be used with `sklearn.utils.parallel.Parallel` to make it possible to propagate the scikit-learn configuration of the current thread to the joblib workers.
  warnings.warn(
C:\Users\tiago\AppData\Roaming\Python\Python314\site-packages\sklearn\utils\parallel.py:144: UserWarning: `sklearn.utils.parallel.delayed` should be used with `sklearn.utils.parallel.Parallel` to make it possible to propagate the scikit-learn configuration of the current thread to the joblib workers.
  warnings.warn(
C:\Users\tiago\AppData\Roaming\Python\Python314\site-packages\sklearn\utils\parallel.py:144: UserWarning: `sklearn.utils.parallel.delayed` should be used with `sklearn.utils.parallel.Parallel` to make it possible to propagate the scikit-learn configuration of the current thread to the joblib workers.
  warnings.warn(
C:\Users\tiago\AppData\Roaming\Python\Python314\site-packages\sklearn\utils\parallel.py:144: UserWarning: `sklearn.utils.parallel.delayed` should be used with `sklearn.utils.parallel.Parallel` to make it possible to propagate the scikit-learn configuration of the current thread to the joblib workers.
  warnings.warn(
C:\Users\tiago\AppData\Roaming\Python\Python314\site-packages\sklearn\utils\parallel.py:144: UserWarning: `sklearn.utils.parallel.delayed` should be used with `sklearn.utils.parallel.Parallel` to make it possible to propagate the scikit-learn configuration of the current thread to the joblib workers.
  warnings.warn(
C:\Users\tiago\AppData\Roaming\Python\Python314\site-packages\sklearn\utils\parallel.py:144: UserWarning: `sklearn.utils.parallel.delayed` should be used with `sklearn.utils.parallel.Parallel` to make it possible to propagate the scikit-learn configuration of the current thread to the joblib workers.
  warnings.warn(
C:\Users\tiago\AppData\Roaming\Python\Python314\site-packages\sklearn\utils\parallel.py:144: UserWarning: `sklearn.utils.parallel.delayed` should be used with `sklearn.utils.parallel.Parallel` to make it possible to propagate the scikit-learn configuration of the current thread to the joblib workers.
  warnings.warn(
C:\Users\tiago\AppData\Roaming\Python\Python314\site-packages\sklearn\utils\parallel.py:144: UserWarning: `sklearn.utils.parallel.delayed` should be used with `sklearn.utils.parallel.Parallel` to make it possible to propagate the scikit-learn configuration of the current thread to the joblib workers.
  warnings.warn(
C:\Users\tiago\AppData\Roaming\Python\Python314\site-packages\sklearn\utils\parallel.py:144: UserWarning: `sklearn.utils.parallel.delayed` should be used with `sklearn.utils.parallel.Parallel` to make it possible to propagate the scikit-learn configuration of the current thread to the joblib workers.
  warnings.warn(
C:\Users\tiago\AppData\Roaming\Python\Python314\site-packages\sklearn\utils\parallel.py:144: UserWarning: `sklearn.utils.parallel.delayed` should be used with `sklearn.utils.parallel.Parallel` to make it possible to propagate the scikit-learn configuration of the current thread to the joblib workers.
  warnings.warn(
C:\Users\tiago\AppData\Roaming\Python\Python314\site-packages\sklearn\utils\parallel.py:144: UserWarning: `sklearn.utils.parallel.delayed` should be used with `sklearn.utils.parallel.Parallel` to make it possible to propagate the scikit-learn configuration of the current thread to the joblib workers.
  warnings.warn(
C:\Users\tiago\AppData\Roaming\Python\Python314\site-packages\sklearn\utils\parallel.py:144: UserWarning: `sklearn.utils.parallel.delayed` should be used with `sklearn.utils.parallel.Parallel` to make it possible to propagate the scikit-learn configuration of the current thread to the joblib workers.
  warnings.warn(
C:\Users\tiago\AppData\Roaming\Python\Python314\site-packages\sklearn\utils\parallel.py:144: UserWarning: `sklearn.utils.parallel.delayed` should be used with `sklearn.utils.parallel.Parallel` to make it possible to propagate the scikit-learn configuration of the current thread to the joblib workers.
  warnings.warn(
C:\Users\tiago\AppData\Roaming\Python\Python314\site-packages\sklearn\utils\parallel.py:144: UserWarning: `sklearn.utils.parallel.delayed` should be used with `sklearn.utils.parallel.Parallel` to make it possible to propagate the scikit-learn configuration of the current thread to the joblib workers.
  warnings.warn(
C:\Users\tiago\AppData\Roaming\Python\Python314\site-packages\sklearn\utils\parallel.py:144: UserWarning: `sklearn.utils.parallel.delayed` should be used with `sklearn.utils.parallel.Parallel` to make it possible to propagate the scikit-learn configuration of the current thread to the joblib workers.
  warnings.warn(
C:\Users\tiago\AppData\Roaming\Python\Python314\site-packages\sklearn\utils\parallel.py:144: UserWarning: `sklearn.utils.parallel.delayed` should be used with `sklearn.utils.parallel.Parallel` to make it possible to propagate the scikit-learn configuration of the current thread to the joblib workers.
  warnings.warn(
C:\Users\tiago\AppData\Roaming\Python\Python314\site-packages\sklearn\utils\parallel.py:144: UserWarning: `sklearn.utils.parallel.delayed` should be used with `sklearn.utils.parallel.Parallel` to make it possible to propagate the scikit-learn configuration of the current thread to the joblib workers.
  warnings.warn(
C:\Users\tiago\AppData\Roaming\Python\Python314\site-packages\sklearn\utils\parallel.py:144: UserWarning: `sklearn.utils.parallel.delayed` should be used with `sklearn.utils.parallel.Parallel` to make it possible to propagate the scikit-learn configuration of the current thread to the joblib workers.
  warnings.warn(
C:\Users\tiago\AppData\Roaming\Python\Python314\site-packages\sklearn\utils\parallel.py:144: UserWarning: `sklearn.utils.parallel.delayed` should be used with `sklearn.utils.parallel.Parallel` to make it possible to propagate the scikit-learn configuration of the current thread to the joblib workers.
  warnings.warn(
C:\Users\tiago\AppData\Roaming\Python\Python314\site-packages\sklearn\utils\parallel.py:144: UserWarning: `sklearn.utils.parallel.delayed` should be used with `sklearn.utils.parallel.Parallel` to make it possible to propagate the scikit-learn configuration of the current thread to the joblib workers.
  warnings.warn(
C:\Users\tiago\AppData\Roaming\Python\Python314\site-packages\sklearn\utils\parallel.py:144: UserWarning: `sklearn.utils.parallel.delayed` should be used with `sklearn.utils.parallel.Parallel` to make it possible to propagate the scikit-learn configuration of the current thread to the joblib workers.
  warnings.warn(
C:\Users\tiago\AppData\Roaming\Python\Python314\site-packages\sklearn\utils\parallel.py:144: UserWarning: `sklearn.utils.parallel.delayed` should be used with `sklearn.utils.parallel.Parallel` to make it possible to propagate the scikit-learn configuration of the current thread to the joblib workers.
  warnings.warn(
C:\Users\tiago\AppData\Roaming\Python\Python314\site-packages\sklearn\utils\parallel.py:144: UserWarning: `sklearn.utils.parallel.delayed` should be used with `sklearn.utils.parallel.Parallel` to make it possible to propagate the scikit-learn configuration of the current thread to the joblib workers.
  warnings.warn(
C:\Users\tiago\AppData\Roaming\Python\Python314\site-packages\sklearn\utils\parallel.py:144: UserWarning: `sklearn.utils.parallel.delayed` should be used with `sklearn.utils.parallel.Parallel` to make it possible to propagate the scikit-learn configuration of the current thread to the joblib workers.
  warnings.warn(
C:\Users\tiago\AppData\Roaming\Python\Python314\site-packages\sklearn\utils\parallel.py:144: UserWarning: `sklearn.utils.parallel.delayed` should be used with `sklearn.utils.parallel.Parallel` to make it possible to propagate the scikit-learn configuration of the current thread to the joblib workers.
  warnings.warn(
C:\Users\tiago\AppData\Roaming\Python\Python314\site-packages\sklearn\utils\parallel.py:144: UserWarning: `sklearn.utils.parallel.delayed` should be used with `sklearn.utils.parallel.Parallel` to make it possible to propagate the scikit-learn configuration of the current thread to the joblib workers.
  warnings.warn(
C:\Users\tiago\AppData\Roaming\Python\Python314\site-packages\sklearn\utils\parallel.py:144: UserWarning: `sklearn.utils.parallel.delayed` should be used with `sklearn.utils.parallel.Parallel` to make it possible to propagate the scikit-learn configuration of the current thread to the joblib workers.
  warnings.warn(
C:\Users\tiago\AppData\Roaming\Python\Python314\site-packages\sklearn\utils\parallel.py:144: UserWarning: `sklearn.utils.parallel.delayed` should be used with `sklearn.utils.parallel.Parallel` to make it possible to propagate the scikit-learn configuration of the current thread to the joblib workers.
  warnings.warn(
C:\Users\tiago\AppData\Roaming\Python\Python314\site-packages\sklearn\utils\parallel.py:144: UserWarning: `sklearn.utils.parallel.delayed` should be used with `sklearn.utils.parallel.Parallel` to make it possible to propagate the scikit-learn configuration of the current thread to the joblib workers.
  warnings.warn(
C:\Users\tiago\AppData\Roaming\Python\Python314\site-packages\sklearn\utils\parallel.py:144: UserWarning: `sklearn.utils.parallel.delayed` should be used with `sklearn.utils.parallel.Parallel` to make it possible to propagate the scikit-learn configuration of the current thread to the joblib workers.
  warnings.warn(
C:\Users\tiago\AppData\Roaming\Python\Python314\site-packages\sklearn\utils\parallel.py:144: UserWarning: `sklearn.utils.parallel.delayed` should be used with `sklearn.utils.parallel.Parallel` to make it possible to propagate the scikit-learn configuration of the current thread to the joblib workers.
  warnings.warn(
C:\Users\tiago\AppData\Roaming\Python\Python314\site-packages\sklearn\utils\parallel.py:144: UserWarning: `sklearn.utils.parallel.delayed` should be used with `sklearn.utils.parallel.Parallel` to make it possible to propagate the scikit-learn configuration of the current thread to the joblib workers.
  warnings.warn(
C:\Users\tiago\AppData\Roaming\Python\Python314\site-packages\sklearn\utils\parallel.py:144: UserWarning: `sklearn.utils.parallel.delayed` should be used with `sklearn.utils.parallel.Parallel` to make it possible to propagate the scikit-learn configuration of the current thread to the joblib workers.
  warnings.warn(
C:\Users\tiago\AppData\Roaming\Python\Python314\site-packages\sklearn\utils\parallel.py:144: UserWarning: `sklearn.utils.parallel.delayed` should be used with `sklearn.utils.parallel.Parallel` to make it possible to propagate the scikit-learn configuration of the current thread to the joblib workers.
  warnings.warn(
C:\Users\tiago\AppData\Roaming\Python\Python314\site-packages\sklearn\utils\parallel.py:144: UserWarning: `sklearn.utils.parallel.delayed` should be used with `sklearn.utils.parallel.Parallel` to make it possible to propagate the scikit-learn configuration of the current thread to the joblib workers.
  warnings.warn(
C:\Users\tiago\AppData\Roaming\Python\Python314\site-packages\sklearn\utils\parallel.py:144: UserWarning: `sklearn.utils.parallel.delayed` should be used with `sklearn.utils.parallel.Parallel` to make it possible to propagate the scikit-learn configuration of the current thread to the joblib workers.
  warnings.warn(
C:\Users\tiago\AppData\Roaming\Python\Python314\site-packages\sklearn\utils\parallel.py:144: UserWarning: `sklearn.utils.parallel.delayed` should be used with `sklearn.utils.parallel.Parallel` to make it possible to propagate the scikit-learn configuration of the current thread to the joblib workers.
  warnings.warn(
C:\Users\tiago\AppData\Roaming\Python\Python314\site-packages\sklearn\utils\parallel.py:144: UserWarning: `sklearn.utils.parallel.delayed` should be used with `sklearn.utils.parallel.Parallel` to make it possible to propagate the scikit-learn configuration of the current thread to the joblib workers.
  warnings.warn(
C:\Users\tiago\AppData\Roaming\Python\Python314\site-packages\sklearn\utils\parallel.py:144: UserWarning: `sklearn.utils.parallel.delayed` should be used with `sklearn.utils.parallel.Parallel` to make it possible to propagate the scikit-learn configuration of the current thread to the joblib workers.
  warnings.warn(
C:\Users\tiago\AppData\Roaming\Python\Python314\site-packages\sklearn\utils\parallel.py:144: UserWarning: `sklearn.utils.parallel.delayed` should be used with `sklearn.utils.parallel.Parallel` to make it possible to propagate the scikit-learn configuration of the current thread to the joblib workers.
  warnings.warn(
C:\Users\tiago\AppData\Roaming\Python\Python314\site-packages\sklearn\utils\parallel.py:144: UserWarning: `sklearn.utils.parallel.delayed` should be used with `sklearn.utils.parallel.Parallel` to make it possible to propagate the scikit-learn configuration of the current thread to the joblib workers.
  warnings.warn(
C:\Users\tiago\AppData\Roaming\Python\Python314\site-packages\sklearn\utils\parallel.py:144: UserWarning: `sklearn.utils.parallel.delayed` should be used with `sklearn.utils.parallel.Parallel` to make it possible to propagate the scikit-learn configuration of the current thread to the joblib workers.
  warnings.warn(
C:\Users\tiago\AppData\Roaming\Python\Python314\site-packages\sklearn\utils\parallel.py:144: UserWarning: `sklearn.utils.parallel.delayed` should be used with `sklearn.utils.parallel.Parallel` to make it possible to propagate the scikit-learn configuration of the current thread to the joblib workers.
  warnings.warn(
C:\Users\tiago\AppData\Roaming\Python\Python314\site-packages\sklearn\utils\parallel.py:144: UserWarning: `sklearn.utils.parallel.delayed` should be used with `sklearn.utils.parallel.Parallel` to make it possible to propagate the scikit-learn configuration of the current thread to the joblib workers.
  warnings.warn(
C:\Users\tiago\AppData\Roaming\Python\Python314\site-packages\sklearn\utils\parallel.py:144: UserWarning: `sklearn.utils.parallel.delayed` should be used with `sklearn.utils.parallel.Parallel` to make it possible to propagate the scikit-learn configuration of the current thread to the joblib workers.
  warnings.warn(
C:\Users\tiago\AppData\Roaming\Python\Python314\site-packages\sklearn\utils\parallel.py:144: UserWarning: `sklearn.utils.parallel.delayed` should be used with `sklearn.utils.parallel.Parallel` to make it possible to propagate the scikit-learn configuration of the current thread to the joblib workers.
  warnings.warn(
C:\Users\tiago\AppData\Roaming\Python\Python314\site-packages\sklearn\utils\parallel.py:144: UserWarning: `sklearn.utils.parallel.delayed` should be used with `sklearn.utils.parallel.Parallel` to make it possible to propagate the scikit-learn configuration of the current thread to the joblib workers.
  warnings.warn(
C:\Users\tiago\AppData\Roaming\Python\Python314\site-packages\sklearn\utils\parallel.py:144: UserWarning: `sklearn.utils.parallel.delayed` should be used with `sklearn.utils.parallel.Parallel` to make it possible to propagate the scikit-learn configuration of the current thread to the joblib workers.
  warnings.warn(
C:\Users\tiago\AppData\Roaming\Python\Python314\site-packages\sklearn\utils\parallel.py:144: UserWarning: `sklearn.utils.parallel.delayed` should be used with `sklearn.utils.parallel.Parallel` to make it possible to propagate the scikit-learn configuration of the current thread to the joblib workers.
  warnings.warn(
C:\Users\tiago\AppData\Roaming\Python\Python314\site-packages\sklearn\utils\parallel.py:144: UserWarning: `sklearn.utils.parallel.delayed` should be used with `sklearn.utils.parallel.Parallel` to make it possible to propagate the scikit-learn configuration of the current thread to the joblib workers.
  warnings.warn(
C:\Users\tiago\AppData\Roaming\Python\Python314\site-packages\sklearn\utils\parallel.py:144: UserWarning: `sklearn.utils.parallel.delayed` should be used with `sklearn.utils.parallel.Parallel` to make it possible to propagate the scikit-learn configuration of the current thread to the joblib workers.
  warnings.warn(
C:\Users\tiago\AppData\Roaming\Python\Python314\site-packages\sklearn\utils\parallel.py:144: UserWarning: `sklearn.utils.parallel.delayed` should be used with `sklearn.utils.parallel.Parallel` to make it possible to propagate the scikit-learn configuration of the current thread to the joblib workers.
  warnings.warn(
C:\Users\tiago\AppData\Roaming\Python\Python314\site-packages\sklearn\utils\parallel.py:144: UserWarning: `sklearn.utils.parallel.delayed` should be used with `sklearn.utils.parallel.Parallel` to make it possible to propagate the scikit-learn configuration of the current thread to the joblib workers.
  warnings.warn(
C:\Users\tiago\AppData\Roaming\Python\Python314\site-packages\sklearn\utils\parallel.py:144: UserWarning: `sklearn.utils.parallel.delayed` should be used with `sklearn.utils.parallel.Parallel` to make it possible to propagate the scikit-learn configuration of the current thread to the joblib workers.
  warnings.warn(
C:\Users\tiago\AppData\Roaming\Python\Python314\site-packages\sklearn\utils\parallel.py:144: UserWarning: `sklearn.utils.parallel.delayed` should be used with `sklearn.utils.parallel.Parallel` to make it possible to propagate the scikit-learn configuration of the current thread to the joblib workers.
  warnings.warn(
C:\Users\tiago\AppData\Roaming\Python\Python314\site-packages\sklearn\utils\parallel.py:144: UserWarning: `sklearn.utils.parallel.delayed` should be used with `sklearn.utils.parallel.Parallel` to make it possible to propagate the scikit-learn configuration of the current thread to the joblib workers.
  warnings.warn(
C:\Users\tiago\AppData\Roaming\Python\Python314\site-packages\sklearn\utils\parallel.py:144: UserWarning: `sklearn.utils.parallel.delayed` should be used with `sklearn.utils.parallel.Parallel` to make it possible to propagate the scikit-learn configuration of the current thread to the joblib workers.
  warnings.warn(
C:\Users\tiago\AppData\Roaming\Python\Python314\site-packages\sklearn\utils\parallel.py:144: UserWarning: `sklearn.utils.parallel.delayed` should be used with `sklearn.utils.parallel.Parallel` to make it possible to propagate the scikit-learn configuration of the current thread to the joblib workers.
  warnings.warn(
C:\Users\tiago\AppData\Roaming\Python\Python314\site-packages\sklearn\utils\parallel.py:144: UserWarning: `sklearn.utils.parallel.delayed` should be used with `sklearn.utils.parallel.Parallel` to make it possible to propagate the scikit-learn configuration of the current thread to the joblib workers.
  warnings.warn(
C:\Users\tiago\AppData\Roaming\Python\Python314\site-packages\sklearn\utils\parallel.py:144: UserWarning: `sklearn.utils.parallel.delayed` should be used with `sklearn.utils.parallel.Parallel` to make it possible to propagate the scikit-learn configuration of the current thread to the joblib workers.
  warnings.warn(
C:\Users\tiago\AppData\Roaming\Python\Python314\site-packages\sklearn\utils\parallel.py:144: UserWarning: `sklearn.utils.parallel.delayed` should be used with `sklearn.utils.parallel.Parallel` to make it possible to propagate the scikit-learn configuration of the current thread to the joblib workers.
  warnings.warn(
C:\Users\tiago\AppData\Roaming\Python\Python314\site-packages\sklearn\utils\parallel.py:144: UserWarning: `sklearn.utils.parallel.delayed` should be used with `sklearn.utils.parallel.Parallel` to make it possible to propagate the scikit-learn configuration of the current thread to the joblib workers.
  warnings.warn(
C:\Users\tiago\AppData\Roaming\Python\Python314\site-packages\sklearn\utils\parallel.py:144: UserWarning: `sklearn.utils.parallel.delayed` should be used with `sklearn.utils.parallel.Parallel` to make it possible to propagate the scikit-learn configuration of the current thread to the joblib workers.
  warnings.warn(
C:\Users\tiago\AppData\Roaming\Python\Python314\site-packages\sklearn\utils\parallel.py:144: UserWarning: `sklearn.utils.parallel.delayed` should be used with `sklearn.utils.parallel.Parallel` to make it possible to propagate the scikit-learn configuration of the current thread to the joblib workers.
  warnings.warn(
C:\Users\tiago\AppData\Roaming\Python\Python314\site-packages\sklearn\utils\parallel.py:144: UserWarning: `sklearn.utils.parallel.delayed` should be used with `sklearn.utils.parallel.Parallel` to make it possible to propagate the scikit-learn configuration of the current thread to the joblib workers.
  warnings.warn(
C:\Users\tiago\AppData\Roaming\Python\Python314\site-packages\sklearn\utils\parallel.py:144: UserWarning: `sklearn.utils.parallel.delayed` should be used with `sklearn.utils.parallel.Parallel` to make it possible to propagate the scikit-learn configuration of the current thread to the joblib workers.
  warnings.warn(
C:\Users\tiago\AppData\Roaming\Python\Python314\site-packages\sklearn\utils\parallel.py:144: UserWarning: `sklearn.utils.parallel.delayed` should be used with `sklearn.utils.parallel.Parallel` to make it possible to propagate the scikit-learn configuration of the current thread to the joblib workers.
  warnings.warn(
C:\Users\tiago\AppData\Roaming\Python\Python314\site-packages\sklearn\utils\parallel.py:144: UserWarning: `sklearn.utils.parallel.delayed` should be used with `sklearn.utils.parallel.Parallel` to make it possible to propagate the scikit-learn configuration of the current thread to the joblib workers.
  warnings.warn(
C:\Users\tiago\AppData\Roaming\Python\Python314\site-packages\sklearn\utils\parallel.py:144: UserWarning: `sklearn.utils.parallel.delayed` should be used with `sklearn.utils.parallel.Parallel` to make it possible to propagate the scikit-learn configuration of the current thread to the joblib workers.
  warnings.warn(
C:\Users\tiago\AppData\Roaming\Python\Python314\site-packages\sklearn\utils\parallel.py:144: UserWarning: `sklearn.utils.parallel.delayed` should be used with `sklearn.utils.parallel.Parallel` to make it possible to propagate the scikit-learn configuration of the current thread to the joblib workers.
  warnings.warn(
C:\Users\tiago\AppData\Roaming\Python\Python314\site-packages\sklearn\utils\parallel.py:144: UserWarning: `sklearn.utils.parallel.delayed` should be used with `sklearn.utils.parallel.Parallel` to make it possible to propagate the scikit-learn configuration of the current thread to the joblib workers.
  warnings.warn(
C:\Users\tiago\AppData\Roaming\Python\Python314\site-packages\sklearn\utils\parallel.py:144: UserWarning: `sklearn.utils.parallel.delayed` should be used with `sklearn.utils.parallel.Parallel` to make it possible to propagate the scikit-learn configuration of the current thread to the joblib workers.
  warnings.warn(
C:\Users\tiago\AppData\Roaming\Python\Python314\site-packages\sklearn\utils\parallel.py:144: UserWarning: `sklearn.utils.parallel.delayed` should be used with `sklearn.utils.parallel.Parallel` to make it possible to propagate the scikit-learn configuration of the current thread to the joblib workers.
  warnings.warn(
C:\Users\tiago\AppData\Roaming\Python\Python314\site-packages\sklearn\utils\parallel.py:144: UserWarning: `sklearn.utils.parallel.delayed` should be used with `sklearn.utils.parallel.Parallel` to make it possible to propagate the scikit-learn configuration of the current thread to the joblib workers.
  warnings.warn(
C:\Users\tiago\AppData\Roaming\Python\Python314\site-packages\sklearn\utils\parallel.py:144: UserWarning: `sklearn.utils.parallel.delayed` should be used with `sklearn.utils.parallel.Parallel` to make it possible to propagate the scikit-learn configuration of the current thread to the joblib workers.
  warnings.warn(
C:\Users\tiago\AppData\Roaming\Python\Python314\site-packages\sklearn\utils\parallel.py:144: UserWarning: `sklearn.utils.parallel.delayed` should be used with `sklearn.utils.parallel.Parallel` to make it possible to propagate the scikit-learn configuration of the current thread to the joblib workers.
  warnings.warn(
C:\Users\tiago\AppData\Roaming\Python\Python314\site-packages\sklearn\utils\parallel.py:144: UserWarning: `sklearn.utils.parallel.delayed` should be used with `sklearn.utils.parallel.Parallel` to make it possible to propagate the scikit-learn configuration of the current thread to the joblib workers.
  warnings.warn(
C:\Users\tiago\AppData\Roaming\Python\Python314\site-packages\sklearn\utils\parallel.py:144: UserWarning: `sklearn.utils.parallel.delayed` should be used with `sklearn.utils.parallel.Parallel` to make it possible to propagate the scikit-learn configuration of the current thread to the joblib workers.
  warnings.warn(
C:\Users\tiago\AppData\Roaming\Python\Python314\site-packages\sklearn\utils\parallel.py:144: UserWarning: `sklearn.utils.parallel.delayed` should be used with `sklearn.utils.parallel.Parallel` to make it possible to propagate the scikit-learn configuration of the current thread to the joblib workers.
  warnings.warn(
C:\Users\tiago\AppData\Roaming\Python\Python314\site-packages\sklearn\utils\parallel.py:144: UserWarning: `sklearn.utils.parallel.delayed` should be used with `sklearn.utils.parallel.Parallel` to make it possible to propagate the scikit-learn configuration of the current thread to the joblib workers.
  warnings.warn(
C:\Users\tiago\AppData\Roaming\Python\Python314\site-packages\sklearn\utils\parallel.py:144: UserWarning: `sklearn.utils.parallel.delayed` should be used with `sklearn.utils.parallel.Parallel` to make it possible to propagate the scikit-learn configuration of the current thread to the joblib workers.
  warnings.warn(
C:\Users\tiago\AppData\Roaming\Python\Python314\site-packages\sklearn\utils\parallel.py:144: UserWarning: `sklearn.utils.parallel.delayed` should be used with `sklearn.utils.parallel.Parallel` to make it possible to propagate the scikit-learn configuration of the current thread to the joblib workers.
  warnings.warn(
C:\Users\tiago\AppData\Roaming\Python\Python314\site-packages\sklearn\utils\parallel.py:144: UserWarning: `sklearn.utils.parallel.delayed` should be used with `sklearn.utils.parallel.Parallel` to make it possible to propagate the scikit-learn configuration of the current thread to the joblib workers.
  warnings.warn(
C:\Users\tiago\AppData\Roaming\Python\Python314\site-packages\sklearn\utils\parallel.py:144: UserWarning: `sklearn.utils.parallel.delayed` should be used with `sklearn.utils.parallel.Parallel` to make it possible to propagate the scikit-learn configuration of the current thread to the joblib workers.
  warnings.warn(
C:\Users\tiago\AppData\Roaming\Python\Python314\site-packages\sklearn\utils\parallel.py:144: UserWarning: `sklearn.utils.parallel.delayed` should be used with `sklearn.utils.parallel.Parallel` to make it possible to propagate the scikit-learn configuration of the current thread to the joblib workers.
  warnings.warn(
C:\Users\tiago\AppData\Roaming\Python\Python314\site-packages\sklearn\utils\parallel.py:144: UserWarning: `sklearn.utils.parallel.delayed` should be used with `sklearn.utils.parallel.Parallel` to make it possible to propagate the scikit-learn configuration of the current thread to the joblib workers.
  warnings.warn(
C:\Users\tiago\AppData\Roaming\Python\Python314\site-packages\sklearn\utils\parallel.py:144: UserWarning: `sklearn.utils.parallel.delayed` should be used with `sklearn.utils.parallel.Parallel` to make it possible to propagate the scikit-learn configuration of the current thread to the joblib workers.
  warnings.warn(
C:\Users\tiago\AppData\Roaming\Python\Python314\site-packages\sklearn\utils\parallel.py:144: UserWarning: `sklearn.utils.parallel.delayed` should be used with `sklearn.utils.parallel.Parallel` to make it possible to propagate the scikit-learn configuration of the current thread to the joblib workers.
  warnings.warn(
C:\Users\tiago\AppData\Roaming\Python\Python314\site-packages\sklearn\utils\parallel.py:144: UserWarning: `sklearn.utils.parallel.delayed` should be used with `sklearn.utils.parallel.Parallel` to make it possible to propagate the scikit-learn configuration of the current thread to the joblib workers.
  warnings.warn(
C:\Users\tiago\AppData\Roaming\Python\Python314\site-packages\sklearn\utils\parallel.py:144: UserWarning: `sklearn.utils.parallel.delayed` should be used with `sklearn.utils.parallel.Parallel` to make it possible to propagate the scikit-learn configuration of the current thread to the joblib workers.
  warnings.warn(
C:\Users\tiago\AppData\Roaming\Python\Python314\site-packages\sklearn\utils\parallel.py:144: UserWarning: `sklearn.utils.parallel.delayed` should be used with `sklearn.utils.parallel.Parallel` to make it possible to propagate the scikit-learn configuration of the current thread to the joblib workers.
  warnings.warn(
C:\Users\tiago\AppData\Roaming\Python\Python314\site-packages\sklearn\utils\parallel.py:144: UserWarning: `sklearn.utils.parallel.delayed` should be used with `sklearn.utils.parallel.Parallel` to make it possible to propagate the scikit-learn configuration of the current thread to the joblib workers.
  warnings.warn(
C:\Users\tiago\AppData\Roaming\Python\Python314\site-packages\sklearn\utils\parallel.py:144: UserWarning: `sklearn.utils.parallel.delayed` should be used with `sklearn.utils.parallel.Parallel` to make it possible to propagate the scikit-learn configuration of the current thread to the joblib workers.
  warnings.warn(
C:\Users\tiago\AppData\Roaming\Python\Python314\site-packages\sklearn\utils\parallel.py:144: UserWarning: `sklearn.utils.parallel.delayed` should be used with `sklearn.utils.parallel.Parallel` to make it possible to propagate the scikit-learn configuration of the current thread to the joblib workers.
  warnings.warn(
C:\Users\tiago\AppData\Roaming\Python\Python314\site-packages\sklearn\utils\parallel.py:144: UserWarning: `sklearn.utils.parallel.delayed` should be used with `sklearn.utils.parallel.Parallel` to make it possible to propagate the scikit-learn configuration of the current thread to the joblib workers.
  warnings.warn(
C:\Users\tiago\AppData\Roaming\Python\Python314\site-packages\sklearn\utils\parallel.py:144: UserWarning: `sklearn.utils.parallel.delayed` should be used with `sklearn.utils.parallel.Parallel` to make it possible to propagate the scikit-learn configuration of the current thread to the joblib workers.
  warnings.warn(
C:\Users\tiago\AppData\Roaming\Python\Python314\site-packages\sklearn\utils\parallel.py:144: UserWarning: `sklearn.utils.parallel.delayed` should be used with `sklearn.utils.parallel.Parallel` to make it possible to propagate the scikit-learn configuration of the current thread to the joblib workers.
  warnings.warn(
C:\Users\tiago\AppData\Roaming\Python\Python314\site-packages\sklearn\utils\parallel.py:144: UserWarning: `sklearn.utils.parallel.delayed` should be used with `sklearn.utils.parallel.Parallel` to make it possible to propagate the scikit-learn configuration of the current thread to the joblib workers.
  warnings.warn(
C:\Users\tiago\AppData\Roaming\Python\Python314\site-packages\sklearn\utils\parallel.py:144: UserWarning: `sklearn.utils.parallel.delayed` should be used with `sklearn.utils.parallel.Parallel` to make it possible to propagate the scikit-learn configuration of the current thread to the joblib workers.
  warnings.warn(
C:\Users\tiago\AppData\Roaming\Python\Python314\site-packages\sklearn\utils\parallel.py:144: UserWarning: `sklearn.utils.parallel.delayed` should be used with `sklearn.utils.parallel.Parallel` to make it possible to propagate the scikit-learn configuration of the current thread to the joblib workers.
  warnings.warn(
C:\Users\tiago\AppData\Roaming\Python\Python314\site-packages\sklearn\utils\parallel.py:144: UserWarning: `sklearn.utils.parallel.delayed` should be used with `sklearn.utils.parallel.Parallel` to make it possible to propagate the scikit-learn configuration of the current thread to the joblib workers.
  warnings.warn(
C:\Users\tiago\AppData\Roaming\Python\Python314\site-packages\sklearn\utils\parallel.py:144: UserWarning: `sklearn.utils.parallel.delayed` should be used with `sklearn.utils.parallel.Parallel` to make it possible to propagate the scikit-learn configuration of the current thread to the joblib workers.
  warnings.warn(
C:\Users\tiago\AppData\Roaming\Python\Python314\site-packages\sklearn\utils\parallel.py:144: UserWarning: `sklearn.utils.parallel.delayed` should be used with `sklearn.utils.parallel.Parallel` to make it possible to propagate the scikit-learn configuration of the current thread to the joblib workers.
  warnings.warn(
C:\Users\tiago\AppData\Roaming\Python\Python314\site-packages\sklearn\utils\parallel.py:144: UserWarning: `sklearn.utils.parallel.delayed` should be used with `sklearn.utils.parallel.Parallel` to make it possible to propagate the scikit-learn configuration of the current thread to the joblib workers.
  warnings.warn(
C:\Users\tiago\AppData\Roaming\Python\Python314\site-packages\sklearn\utils\parallel.py:144: UserWarning: `sklearn.utils.parallel.delayed` should be used with `sklearn.utils.parallel.Parallel` to make it possible to propagate the scikit-learn configuration of the current thread to the joblib workers.
  warnings.warn(
C:\Users\tiago\AppData\Roaming\Python\Python314\site-packages\sklearn\utils\parallel.py:144: UserWarning: `sklearn.utils.parallel.delayed` should be used with `sklearn.utils.parallel.Parallel` to make it possible to propagate the scikit-learn configuration of the current thread to the joblib workers.
  warnings.warn(
C:\Users\tiago\AppData\Roaming\Python\Python314\site-packages\sklearn\utils\parallel.py:144: UserWarning: `sklearn.utils.parallel.delayed` should be used with `sklearn.utils.parallel.Parallel` to make it possible to propagate the scikit-learn configuration of the current thread to the joblib workers.
  warnings.warn(
C:\Users\tiago\AppData\Roaming\Python\Python314\site-packages\sklearn\utils\parallel.py:144: UserWarning: `sklearn.utils.parallel.delayed` should be used with `sklearn.utils.parallel.Parallel` to make it possible to propagate the scikit-learn configuration of the current thread to the joblib workers.
  warnings.warn(
C:\Users\tiago\AppData\Roaming\Python\Python314\site-packages\sklearn\utils\parallel.py:144: UserWarning: `sklearn.utils.parallel.delayed` should be used with `sklearn.utils.parallel.Parallel` to make it possible to propagate the scikit-learn configuration of the current thread to the joblib workers.
  warnings.warn(
C:\Users\tiago\AppData\Roaming\Python\Python314\site-packages\sklearn\utils\parallel.py:144: UserWarning: `sklearn.utils.parallel.delayed` should be used with `sklearn.utils.parallel.Parallel` to make it possible to propagate the scikit-learn configuration of the current thread to the joblib workers.
  warnings.warn(
C:\Users\tiago\AppData\Roaming\Python\Python314\site-packages\sklearn\utils\parallel.py:144: UserWarning: `sklearn.utils.parallel.delayed` should be used with `sklearn.utils.parallel.Parallel` to make it possible to propagate the scikit-learn configuration of the current thread to the joblib workers.
  warnings.warn(
C:\Users\tiago\AppData\Roaming\Python\Python314\site-packages\sklearn\utils\parallel.py:144: UserWarning: `sklearn.utils.parallel.delayed` should be used with `sklearn.utils.parallel.Parallel` to make it possible to propagate the scikit-learn configuration of the current thread to the joblib workers.
  warnings.warn(
C:\Users\tiago\AppData\Roaming\Python\Python314\site-packages\sklearn\utils\parallel.py:144: UserWarning: `sklearn.utils.parallel.delayed` should be used with `sklearn.utils.parallel.Parallel` to make it possible to propagate the scikit-learn configuration of the current thread to the joblib workers.
  warnings.warn(
C:\Users\tiago\AppData\Roaming\Python\Python314\site-packages\sklearn\utils\parallel.py:144: UserWarning: `sklearn.utils.parallel.delayed` should be used with `sklearn.utils.parallel.Parallel` to make it possible to propagate the scikit-learn configuration of the current thread to the joblib workers.
  warnings.warn(
C:\Users\tiago\AppData\Roaming\Python\Python314\site-packages\sklearn\utils\parallel.py:144: UserWarning: `sklearn.utils.parallel.delayed` should be used with `sklearn.utils.parallel.Parallel` to make it possible to propagate the scikit-learn configuration of the current thread to the joblib workers.
  warnings.warn(
C:\Users\tiago\AppData\Roaming\Python\Python314\site-packages\sklearn\utils\parallel.py:144: UserWarning: `sklearn.utils.parallel.delayed` should be used with `sklearn.utils.parallel.Parallel` to make it possible to propagate the scikit-learn configuration of the current thread to the joblib workers.
  warnings.warn(
C:\Users\tiago\AppData\Roaming\Python\Python314\site-packages\sklearn\utils\parallel.py:144: UserWarning: `sklearn.utils.parallel.delayed` should be used with `sklearn.utils.parallel.Parallel` to make it possible to propagate the scikit-learn configuration of the current thread to the joblib workers.
  warnings.warn(
C:\Users\tiago\AppData\Roaming\Python\Python314\site-packages\sklearn\utils\parallel.py:144: UserWarning: `sklearn.utils.parallel.delayed` should be used with `sklearn.utils.parallel.Parallel` to make it possible to propagate the scikit-learn configuration of the current thread to the joblib workers.
  warnings.warn(
C:\Users\tiago\AppData\Roaming\Python\Python314\site-packages\sklearn\utils\parallel.py:144: UserWarning: `sklearn.utils.parallel.delayed` should be used with `sklearn.utils.parallel.Parallel` to make it possible to propagate the scikit-learn configuration of the current thread to the joblib workers.
  warnings.warn(
C:\Users\tiago\AppData\Roaming\Python\Python314\site-packages\sklearn\utils\parallel.py:144: UserWarning: `sklearn.utils.parallel.delayed` should be used with `sklearn.utils.parallel.Parallel` to make it possible to propagate the scikit-learn configuration of the current thread to the joblib workers.
  warnings.warn(
C:\Users\tiago\AppData\Roaming\Python\Python314\site-packages\sklearn\utils\parallel.py:144: UserWarning: `sklearn.utils.parallel.delayed` should be used with `sklearn.utils.parallel.Parallel` to make it possible to propagate the scikit-learn configuration of the current thread to the joblib workers.
  warnings.warn(
C:\Users\tiago\AppData\Roaming\Python\Python314\site-packages\sklearn\utils\parallel.py:144: UserWarning: `sklearn.utils.parallel.delayed` should be used with `sklearn.utils.parallel.Parallel` to make it possible to propagate the scikit-learn configuration of the current thread to the joblib workers.
  warnings.warn(
C:\Users\tiago\AppData\Roaming\Python\Python314\site-packages\sklearn\utils\parallel.py:144: UserWarning: `sklearn.utils.parallel.delayed` should be used with `sklearn.utils.parallel.Parallel` to make it possible to propagate the scikit-learn configuration of the current thread to the joblib workers.
  warnings.warn(
C:\Users\tiago\AppData\Roaming\Python\Python314\site-packages\sklearn\utils\parallel.py:144: UserWarning: `sklearn.utils.parallel.delayed` should be used with `sklearn.utils.parallel.Parallel` to make it possible to propagate the scikit-learn configuration of the current thread to the joblib workers.
  warnings.warn(
C:\Users\tiago\AppData\Roaming\Python\Python314\site-packages\sklearn\utils\parallel.py:144: UserWarning: `sklearn.utils.parallel.delayed` should be used with `sklearn.utils.parallel.Parallel` to make it possible to propagate the scikit-learn configuration of the current thread to the joblib workers.
  warnings.warn(
C:\Users\tiago\AppData\Roaming\Python\Python314\site-packages\sklearn\utils\parallel.py:144: UserWarning: `sklearn.utils.parallel.delayed` should be used with `sklearn.utils.parallel.Parallel` to make it possible to propagate the scikit-learn configuration of the current thread to the joblib workers.
  warnings.warn(
C:\Users\tiago\AppData\Roaming\Python\Python314\site-packages\sklearn\utils\parallel.py:144: UserWarning: `sklearn.utils.parallel.delayed` should be used with `sklearn.utils.parallel.Parallel` to make it possible to propagate the scikit-learn configuration of the current thread to the joblib workers.
  warnings.warn(
C:\Users\tiago\AppData\Roaming\Python\Python314\site-packages\sklearn\utils\parallel.py:144: UserWarning: `sklearn.utils.parallel.delayed` should be used with `sklearn.utils.parallel.Parallel` to make it possible to propagate the scikit-learn configuration of the current thread to the joblib workers.
  warnings.warn(
C:\Users\tiago\AppData\Roaming\Python\Python314\site-packages\sklearn\utils\parallel.py:144: UserWarning: `sklearn.utils.parallel.delayed` should be used with `sklearn.utils.parallel.Parallel` to make it possible to propagate the scikit-learn configuration of the current thread to the joblib workers.
  warnings.warn(
C:\Users\tiago\AppData\Roaming\Python\Python314\site-packages\sklearn\utils\parallel.py:144: UserWarning: `sklearn.utils.parallel.delayed` should be used with `sklearn.utils.parallel.Parallel` to make it possible to propagate the scikit-learn configuration of the current thread to the joblib workers.
  warnings.warn(
C:\Users\tiago\AppData\Roaming\Python\Python314\site-packages\sklearn\utils\parallel.py:144: UserWarning: `sklearn.utils.parallel.delayed` should be used with `sklearn.utils.parallel.Parallel` to make it possible to propagate the scikit-learn configuration of the current thread to the joblib workers.
  warnings.warn(
C:\Users\tiago\AppData\Roaming\Python\Python314\site-packages\sklearn\utils\parallel.py:144: UserWarning: `sklearn.utils.parallel.delayed` should be used with `sklearn.utils.parallel.Parallel` to make it possible to propagate the scikit-learn configuration of the current thread to the joblib workers.
  warnings.warn(
C:\Users\tiago\AppData\Roaming\Python\Python314\site-packages\sklearn\utils\parallel.py:144: UserWarning: `sklearn.utils.parallel.delayed` should be used with `sklearn.utils.parallel.Parallel` to make it possible to propagate the scikit-learn configuration of the current thread to the joblib workers.
  warnings.warn(
C:\Users\tiago\AppData\Roaming\Python\Python314\site-packages\sklearn\utils\parallel.py:144: UserWarning: `sklearn.utils.parallel.delayed` should be used with `sklearn.utils.parallel.Parallel` to make it possible to propagate the scikit-learn configuration of the current thread to the joblib workers.
  warnings.warn(
C:\Users\tiago\AppData\Roaming\Python\Python314\site-packages\sklearn\utils\parallel.py:144: UserWarning: `sklearn.utils.parallel.delayed` should be used with `sklearn.utils.parallel.Parallel` to make it possible to propagate the scikit-learn configuration of the current thread to the joblib workers.
  warnings.warn(
C:\Users\tiago\AppData\Roaming\Python\Python314\site-packages\sklearn\utils\parallel.py:144: UserWarning: `sklearn.utils.parallel.delayed` should be used with `sklearn.utils.parallel.Parallel` to make it possible to propagate the scikit-learn configuration of the current thread to the joblib workers.
  warnings.warn(
C:\Users\tiago\AppData\Roaming\Python\Python314\site-packages\sklearn\utils\parallel.py:144: UserWarning: `sklearn.utils.parallel.delayed` should be used with `sklearn.utils.parallel.Parallel` to make it possible to propagate the scikit-learn configuration of the current thread to the joblib workers.
  warnings.warn(
C:\Users\tiago\AppData\Roaming\Python\Python314\site-packages\sklearn\utils\parallel.py:144: UserWarning: `sklearn.utils.parallel.delayed` should be used with `sklearn.utils.parallel.Parallel` to make it possible to propagate the scikit-learn configuration of the current thread to the joblib workers.
  warnings.warn(
C:\Users\tiago\AppData\Roaming\Python\Python314\site-packages\sklearn\utils\parallel.py:144: UserWarning: `sklearn.utils.parallel.delayed` should be used with `sklearn.utils.parallel.Parallel` to make it possible to propagate the scikit-learn configuration of the current thread to the joblib workers.
  warnings.warn(
C:\Users\tiago\AppData\Roaming\Python\Python314\site-packages\sklearn\utils\parallel.py:144: UserWarning: `sklearn.utils.parallel.delayed` should be used with `sklearn.utils.parallel.Parallel` to make it possible to propagate the scikit-learn configuration of the current thread to the joblib workers.
  warnings.warn(
C:\Users\tiago\AppData\Roaming\Python\Python314\site-packages\sklearn\utils\parallel.py:144: UserWarning: `sklearn.utils.parallel.delayed` should be used with `sklearn.utils.parallel.Parallel` to make it possible to propagate the scikit-learn configuration of the current thread to the joblib workers.
  warnings.warn(
C:\Users\tiago\AppData\Roaming\Python\Python314\site-packages\sklearn\utils\parallel.py:144: UserWarning: `sklearn.utils.parallel.delayed` should be used with `sklearn.utils.parallel.Parallel` to make it possible to propagate the scikit-learn configuration of the current thread to the joblib workers.
  warnings.warn(
C:\Users\tiago\AppData\Roaming\Python\Python314\site-packages\sklearn\utils\parallel.py:144: UserWarning: `sklearn.utils.parallel.delayed` should be used with `sklearn.utils.parallel.Parallel` to make it possible to propagate the scikit-learn configuration of the current thread to the joblib workers.
  warnings.warn(
C:\Users\tiago\AppData\Roaming\Python\Python314\site-packages\sklearn\utils\parallel.py:144: UserWarning: `sklearn.utils.parallel.delayed` should be used with `sklearn.utils.parallel.Parallel` to make it possible to propagate the scikit-learn configuration of the current thread to the joblib workers.
  warnings.warn(
C:\Users\tiago\AppData\Roaming\Python\Python314\site-packages\sklearn\utils\parallel.py:144: UserWarning: `sklearn.utils.parallel.delayed` should be used with `sklearn.utils.parallel.Parallel` to make it possible to propagate the scikit-learn configuration of the current thread to the joblib workers.
  warnings.warn(
C:\Users\tiago\AppData\Roaming\Python\Python314\site-packages\sklearn\utils\parallel.py:144: UserWarning: `sklearn.utils.parallel.delayed` should be used with `sklearn.utils.parallel.Parallel` to make it possible to propagate the scikit-learn configuration of the current thread to the joblib workers.
  warnings.warn(
C:\Users\tiago\AppData\Roaming\Python\Python314\site-packages\sklearn\utils\parallel.py:144: UserWarning: `sklearn.utils.parallel.delayed` should be used with `sklearn.utils.parallel.Parallel` to make it possible to propagate the scikit-learn configuration of the current thread to the joblib workers.
  warnings.warn(
C:\Users\tiago\AppData\Roaming\Python\Python314\site-packages\sklearn\utils\parallel.py:144: UserWarning: `sklearn.utils.parallel.delayed` should be used with `sklearn.utils.parallel.Parallel` to make it possible to propagate the scikit-learn configuration of the current thread to the joblib workers.
  warnings.warn(
C:\Users\tiago\AppData\Roaming\Python\Python314\site-packages\sklearn\utils\parallel.py:144: UserWarning: `sklearn.utils.parallel.delayed` should be used with `sklearn.utils.parallel.Parallel` to make it possible to propagate the scikit-learn configuration of the current thread to the joblib workers.
  warnings.warn(
C:\Users\tiago\AppData\Roaming\Python\Python314\site-packages\sklearn\utils\parallel.py:144: UserWarning: `sklearn.utils.parallel.delayed` should be used with `sklearn.utils.parallel.Parallel` to make it possible to propagate the scikit-learn configuration of the current thread to the joblib workers.
  warnings.warn(
C:\Users\tiago\AppData\Roaming\Python\Python314\site-packages\sklearn\utils\parallel.py:144: UserWarning: `sklearn.utils.parallel.delayed` should be used with `sklearn.utils.parallel.Parallel` to make it possible to propagate the scikit-learn configuration of the current thread to the joblib workers.
  warnings.warn(
C:\Users\tiago\AppData\Roaming\Python\Python314\site-packages\sklearn\utils\parallel.py:144: UserWarning: `sklearn.utils.parallel.delayed` should be used with `sklearn.utils.parallel.Parallel` to make it possible to propagate the scikit-learn configuration of the current thread to the joblib workers.
  warnings.warn(
C:\Users\tiago\AppData\Roaming\Python\Python314\site-packages\sklearn\utils\parallel.py:144: UserWarning: `sklearn.utils.parallel.delayed` should be used with `sklearn.utils.parallel.Parallel` to make it possible to propagate the scikit-learn configuration of the current thread to the joblib workers.
  warnings.warn(
C:\Users\tiago\AppData\Roaming\Python\Python314\site-packages\sklearn\utils\parallel.py:144: UserWarning: `sklearn.utils.parallel.delayed` should be used with `sklearn.utils.parallel.Parallel` to make it possible to propagate the scikit-learn configuration of the current thread to the joblib workers.
  warnings.warn(
C:\Users\tiago\AppData\Roaming\Python\Python314\site-packages\sklearn\utils\parallel.py:144: UserWarning: `sklearn.utils.parallel.delayed` should be used with `sklearn.utils.parallel.Parallel` to make it possible to propagate the scikit-learn configuration of the current thread to the joblib workers.
  warnings.warn(
C:\Users\tiago\AppData\Roaming\Python\Python314\site-packages\sklearn\utils\parallel.py:144: UserWarning: `sklearn.utils.parallel.delayed` should be used with `sklearn.utils.parallel.Parallel` to make it possible to propagate the scikit-learn configuration of the current thread to the joblib workers.
  warnings.warn(
C:\Users\tiago\AppData\Roaming\Python\Python314\site-packages\sklearn\utils\parallel.py:144: UserWarning: `sklearn.utils.parallel.delayed` should be used with `sklearn.utils.parallel.Parallel` to make it possible to propagate the scikit-learn configuration of the current thread to the joblib workers.
  warnings.warn(
C:\Users\tiago\AppData\Roaming\Python\Python314\site-packages\sklearn\utils\parallel.py:144: UserWarning: `sklearn.utils.parallel.delayed` should be used with `sklearn.utils.parallel.Parallel` to make it possible to propagate the scikit-learn configuration of the current thread to the joblib workers.
  warnings.warn(
C:\Users\tiago\AppData\Roaming\Python\Python314\site-packages\sklearn\utils\parallel.py:144: UserWarning: `sklearn.utils.parallel.delayed` should be used with `sklearn.utils.parallel.Parallel` to make it possible to propagate the scikit-learn configuration of the current thread to the joblib workers.
  warnings.warn(
C:\Users\tiago\AppData\Roaming\Python\Python314\site-packages\sklearn\utils\parallel.py:144: UserWarning: `sklearn.utils.parallel.delayed` should be used with `sklearn.utils.parallel.Parallel` to make it possible to propagate the scikit-learn configuration of the current thread to the joblib workers.
  warnings.warn(
C:\Users\tiago\AppData\Roaming\Python\Python314\site-packages\sklearn\utils\parallel.py:144: UserWarning: `sklearn.utils.parallel.delayed` should be used with `sklearn.utils.parallel.Parallel` to make it possible to propagate the scikit-learn configuration of the current thread to the joblib workers.
  warnings.warn(
C:\Users\tiago\AppData\Roaming\Python\Python314\site-packages\sklearn\utils\parallel.py:144: UserWarning: `sklearn.utils.parallel.delayed` should be used with `sklearn.utils.parallel.Parallel` to make it possible to propagate the scikit-learn configuration of the current thread to the joblib workers.
  warnings.warn(
C:\Users\tiago\AppData\Roaming\Python\Python314\site-packages\sklearn\utils\parallel.py:144: UserWarning: `sklearn.utils.parallel.delayed` should be used with `sklearn.utils.parallel.Parallel` to make it possible to propagate the scikit-learn configuration of the current thread to the joblib workers.
  warnings.warn(
C:\Users\tiago\AppData\Roaming\Python\Python314\site-packages\sklearn\utils\parallel.py:144: UserWarning: `sklearn.utils.parallel.delayed` should be used with `sklearn.utils.parallel.Parallel` to make it possible to propagate the scikit-learn configuration of the current thread to the joblib workers.
  warnings.warn(
C:\Users\tiago\AppData\Roaming\Python\Python314\site-packages\sklearn\utils\parallel.py:144: UserWarning: `sklearn.utils.parallel.delayed` should be used with `sklearn.utils.parallel.Parallel` to make it possible to propagate the scikit-learn configuration of the current thread to the joblib workers.
  warnings.warn(
C:\Users\tiago\AppData\Roaming\Python\Python314\site-packages\sklearn\utils\parallel.py:144: UserWarning: `sklearn.utils.parallel.delayed` should be used with `sklearn.utils.parallel.Parallel` to make it possible to propagate the scikit-learn configuration of the current thread to the joblib workers.
  warnings.warn(
C:\Users\tiago\AppData\Roaming\Python\Python314\site-packages\sklearn\utils\parallel.py:144: UserWarning: `sklearn.utils.parallel.delayed` should be used with `sklearn.utils.parallel.Parallel` to make it possible to propagate the scikit-learn configuration of the current thread to the joblib workers.
  warnings.warn(
C:\Users\tiago\AppData\Roaming\Python\Python314\site-packages\sklearn\utils\parallel.py:144: UserWarning: `sklearn.utils.parallel.delayed` should be used with `sklearn.utils.parallel.Parallel` to make it possible to propagate the scikit-learn configuration of the current thread to the joblib workers.
  warnings.warn(
C:\Users\tiago\AppData\Roaming\Python\Python314\site-packages\sklearn\utils\parallel.py:144: UserWarning: `sklearn.utils.parallel.delayed` should be used with `sklearn.utils.parallel.Parallel` to make it possible to propagate the scikit-learn configuration of the current thread to the joblib workers.
  warnings.warn(
C:\Users\tiago\AppData\Roaming\Python\Python314\site-packages\sklearn\utils\parallel.py:144: UserWarning: `sklearn.utils.parallel.delayed` should be used with `sklearn.utils.parallel.Parallel` to make it possible to propagate the scikit-learn configuration of the current thread to the joblib workers.
  warnings.warn(
C:\Users\tiago\AppData\Roaming\Python\Python314\site-packages\sklearn\utils\parallel.py:144: UserWarning: `sklearn.utils.parallel.delayed` should be used with `sklearn.utils.parallel.Parallel` to make it possible to propagate the scikit-learn configuration of the current thread to the joblib workers.
  warnings.warn(
C:\Users\tiago\AppData\Roaming\Python\Python314\site-packages\sklearn\utils\parallel.py:144: UserWarning: `sklearn.utils.parallel.delayed` should be used with `sklearn.utils.parallel.Parallel` to make it possible to propagate the scikit-learn configuration of the current thread to the joblib workers.
  warnings.warn(
C:\Users\tiago\AppData\Roaming\Python\Python314\site-packages\sklearn\utils\parallel.py:144: UserWarning: `sklearn.utils.parallel.delayed` should be used with `sklearn.utils.parallel.Parallel` to make it possible to propagate the scikit-learn configuration of the current thread to the joblib workers.
  warnings.warn(
C:\Users\tiago\AppData\Roaming\Python\Python314\site-packages\sklearn\utils\parallel.py:144: UserWarning: `sklearn.utils.parallel.delayed` should be used with `sklearn.utils.parallel.Parallel` to make it possible to propagate the scikit-learn configuration of the current thread to the joblib workers.
  warnings.warn(
C:\Users\tiago\AppData\Roaming\Python\Python314\site-packages\sklearn\utils\parallel.py:144: UserWarning: `sklearn.utils.parallel.delayed` should be used with `sklearn.utils.parallel.Parallel` to make it possible to propagate the scikit-learn configuration of the current thread to the joblib workers.
  warnings.warn(
C:\Users\tiago\AppData\Roaming\Python\Python314\site-packages\sklearn\utils\parallel.py:144: UserWarning: `sklearn.utils.parallel.delayed` should be used with `sklearn.utils.parallel.Parallel` to make it possible to propagate the scikit-learn configuration of the current thread to the joblib workers.
  warnings.warn(
C:\Users\tiago\AppData\Roaming\Python\Python314\site-packages\sklearn\utils\parallel.py:144: UserWarning: `sklearn.utils.parallel.delayed` should be used with `sklearn.utils.parallel.Parallel` to make it possible to propagate the scikit-learn configuration of the current thread to the joblib workers.
  warnings.warn(
C:\Users\tiago\AppData\Roaming\Python\Python314\site-packages\sklearn\utils\parallel.py:144: UserWarning: `sklearn.utils.parallel.delayed` should be used with `sklearn.utils.parallel.Parallel` to make it possible to propagate the scikit-learn configuration of the current thread to the joblib workers.
  warnings.warn(
C:\Users\tiago\AppData\Roaming\Python\Python314\site-packages\sklearn\utils\parallel.py:144: UserWarning: `sklearn.utils.parallel.delayed` should be used with `sklearn.utils.parallel.Parallel` to make it possible to propagate the scikit-learn configuration of the current thread to the joblib workers.
  warnings.warn(
C:\Users\tiago\AppData\Roaming\Python\Python314\site-packages\sklearn\utils\parallel.py:144: UserWarning: `sklearn.utils.parallel.delayed` should be used with `sklearn.utils.parallel.Parallel` to make it possible to propagate the scikit-learn configuration of the current thread to the joblib workers.
  warnings.warn(
C:\Users\tiago\AppData\Roaming\Python\Python314\site-packages\sklearn\utils\parallel.py:144: UserWarning: `sklearn.utils.parallel.delayed` should be used with `sklearn.utils.parallel.Parallel` to make it possible to propagate the scikit-learn configuration of the current thread to the joblib workers.
  warnings.warn(
C:\Users\tiago\AppData\Roaming\Python\Python314\site-packages\sklearn\utils\parallel.py:144: UserWarning: `sklearn.utils.parallel.delayed` should be used with `sklearn.utils.parallel.Parallel` to make it possible to propagate the scikit-learn configuration of the current thread to the joblib workers.
  warnings.warn(
C:\Users\tiago\AppData\Roaming\Python\Python314\site-packages\sklearn\utils\parallel.py:144: UserWarning: `sklearn.utils.parallel.delayed` should be used with `sklearn.utils.parallel.Parallel` to make it possible to propagate the scikit-learn configuration of the current thread to the joblib workers.
  warnings.warn(
C:\Users\tiago\AppData\Roaming\Python\Python314\site-packages\sklearn\utils\parallel.py:144: UserWarning: `sklearn.utils.parallel.delayed` should be used with `sklearn.utils.parallel.Parallel` to make it possible to propagate the scikit-learn configuration of the current thread to the joblib workers.
  warnings.warn(
C:\Users\tiago\AppData\Roaming\Python\Python314\site-packages\sklearn\utils\parallel.py:144: UserWarning: `sklearn.utils.parallel.delayed` should be used with `sklearn.utils.parallel.Parallel` to make it possible to propagate the scikit-learn configuration of the current thread to the joblib workers.
  warnings.warn(
C:\Users\tiago\AppData\Roaming\Python\Python314\site-packages\sklearn\utils\parallel.py:144: UserWarning: `sklearn.utils.parallel.delayed` should be used with `sklearn.utils.parallel.Parallel` to make it possible to propagate the scikit-learn configuration of the current thread to the joblib workers.
  warnings.warn(
C:\Users\tiago\AppData\Roaming\Python\Python314\site-packages\sklearn\utils\parallel.py:144: UserWarning: `sklearn.utils.parallel.delayed` should be used with `sklearn.utils.parallel.Parallel` to make it possible to propagate the scikit-learn configuration of the current thread to the joblib workers.
  warnings.warn(
C:\Users\tiago\AppData\Roaming\Python\Python314\site-packages\sklearn\utils\parallel.py:144: UserWarning: `sklearn.utils.parallel.delayed` should be used with `sklearn.utils.parallel.Parallel` to make it possible to propagate the scikit-learn configuration of the current thread to the joblib workers.
  warnings.warn(
C:\Users\tiago\AppData\Roaming\Python\Python314\site-packages\sklearn\utils\parallel.py:144: UserWarning: `sklearn.utils.parallel.delayed` should be used with `sklearn.utils.parallel.Parallel` to make it possible to propagate the scikit-learn configuration of the current thread to the joblib workers.
  warnings.warn(
C:\Users\tiago\AppData\Roaming\Python\Python314\site-packages\sklearn\utils\parallel.py:144: UserWarning: `sklearn.utils.parallel.delayed` should be used with `sklearn.utils.parallel.Parallel` to make it possible to propagate the scikit-learn configuration of the current thread to the joblib workers.
  warnings.warn(
C:\Users\tiago\AppData\Roaming\Python\Python314\site-packages\sklearn\utils\parallel.py:144: UserWarning: `sklearn.utils.parallel.delayed` should be used with `sklearn.utils.parallel.Parallel` to make it possible to propagate the scikit-learn configuration of the current thread to the joblib workers.
  warnings.warn(
C:\Users\tiago\AppData\Roaming\Python\Python314\site-packages\sklearn\utils\parallel.py:144: UserWarning: `sklearn.utils.parallel.delayed` should be used with `sklearn.utils.parallel.Parallel` to make it possible to propagate the scikit-learn configuration of the current thread to the joblib workers.
  warnings.warn(
C:\Users\tiago\AppData\Roaming\Python\Python314\site-packages\sklearn\utils\parallel.py:144: UserWarning: `sklearn.utils.parallel.delayed` should be used with `sklearn.utils.parallel.Parallel` to make it possible to propagate the scikit-learn configuration of the current thread to the joblib workers.
  warnings.warn(
C:\Users\tiago\AppData\Roaming\Python\Python314\site-packages\sklearn\utils\parallel.py:144: UserWarning: `sklearn.utils.parallel.delayed` should be used with `sklearn.utils.parallel.Parallel` to make it possible to propagate the scikit-learn configuration of the current thread to the joblib workers.
  warnings.warn(
C:\Users\tiago\AppData\Roaming\Python\Python314\site-packages\sklearn\utils\parallel.py:144: UserWarning: `sklearn.utils.parallel.delayed` should be used with `sklearn.utils.parallel.Parallel` to make it possible to propagate the scikit-learn configuration of the current thread to the joblib workers.
  warnings.warn(
C:\Users\tiago\AppData\Roaming\Python\Python314\site-packages\sklearn\utils\parallel.py:144: UserWarning: `sklearn.utils.parallel.delayed` should be used with `sklearn.utils.parallel.Parallel` to make it possible to propagate the scikit-learn configuration of the current thread to the joblib workers.
  warnings.warn(
C:\Users\tiago\AppData\Roaming\Python\Python314\site-packages\sklearn\utils\parallel.py:144: UserWarning: `sklearn.utils.parallel.delayed` should be used with `sklearn.utils.parallel.Parallel` to make it possible to propagate the scikit-learn configuration of the current thread to the joblib workers.
  warnings.warn(
C:\Users\tiago\AppData\Roaming\Python\Python314\site-packages\sklearn\utils\parallel.py:144: UserWarning: `sklearn.utils.parallel.delayed` should be used with `sklearn.utils.parallel.Parallel` to make it possible to propagate the scikit-learn configuration of the current thread to the joblib workers.
  warnings.warn(
C:\Users\tiago\AppData\Roaming\Python\Python314\site-packages\sklearn\utils\parallel.py:144: UserWarning: `sklearn.utils.parallel.delayed` should be used with `sklearn.utils.parallel.Parallel` to make it possible to propagate the scikit-learn configuration of the current thread to the joblib workers.
  warnings.warn(
C:\Users\tiago\AppData\Roaming\Python\Python314\site-packages\sklearn\utils\parallel.py:144: UserWarning: `sklearn.utils.parallel.delayed` should be used with `sklearn.utils.parallel.Parallel` to make it possible to propagate the scikit-learn configuration of the current thread to the joblib workers.
  warnings.warn(
C:\Users\tiago\AppData\Roaming\Python\Python314\site-packages\sklearn\utils\parallel.py:144: UserWarning: `sklearn.utils.parallel.delayed` should be used with `sklearn.utils.parallel.Parallel` to make it possible to propagate the scikit-learn configuration of the current thread to the joblib workers.
  warnings.warn(
C:\Users\tiago\AppData\Roaming\Python\Python314\site-packages\sklearn\utils\parallel.py:144: UserWarning: `sklearn.utils.parallel.delayed` should be used with `sklearn.utils.parallel.Parallel` to make it possible to propagate the scikit-learn configuration of the current thread to the joblib workers.
  warnings.warn(
C:\Users\tiago\AppData\Roaming\Python\Python314\site-packages\sklearn\utils\parallel.py:144: UserWarning: `sklearn.utils.parallel.delayed` should be used with `sklearn.utils.parallel.Parallel` to make it possible to propagate the scikit-learn configuration of the current thread to the joblib workers.
  warnings.warn(
C:\Users\tiago\AppData\Roaming\Python\Python314\site-packages\sklearn\utils\parallel.py:144: UserWarning: `sklearn.utils.parallel.delayed` should be used with `sklearn.utils.parallel.Parallel` to make it possible to propagate the scikit-learn configuration of the current thread to the joblib workers.
  warnings.warn(
C:\Users\tiago\AppData\Roaming\Python\Python314\site-packages\sklearn\utils\parallel.py:144: UserWarning: `sklearn.utils.parallel.delayed` should be used with `sklearn.utils.parallel.Parallel` to make it possible to propagate the scikit-learn configuration of the current thread to the joblib workers.
  warnings.warn(
C:\Users\tiago\AppData\Roaming\Python\Python314\site-packages\sklearn\utils\parallel.py:144: UserWarning: `sklearn.utils.parallel.delayed` should be used with `sklearn.utils.parallel.Parallel` to make it possible to propagate the scikit-learn configuration of the current thread to the joblib workers.
  warnings.warn(
C:\Users\tiago\AppData\Roaming\Python\Python314\site-packages\sklearn\utils\parallel.py:144: UserWarning: `sklearn.utils.parallel.delayed` should be used with `sklearn.utils.parallel.Parallel` to make it possible to propagate the scikit-learn configuration of the current thread to the joblib workers.
  warnings.warn(
C:\Users\tiago\AppData\Roaming\Python\Python314\site-packages\sklearn\utils\parallel.py:144: UserWarning: `sklearn.utils.parallel.delayed` should be used with `sklearn.utils.parallel.Parallel` to make it possible to propagate the scikit-learn configuration of the current thread to the joblib workers.
  warnings.warn(
C:\Users\tiago\AppData\Roaming\Python\Python314\site-packages\sklearn\utils\parallel.py:144: UserWarning: `sklearn.utils.parallel.delayed` should be used with `sklearn.utils.parallel.Parallel` to make it possible to propagate the scikit-learn configuration of the current thread to the joblib workers.
  warnings.warn(
C:\Users\tiago\AppData\Roaming\Python\Python314\site-packages\sklearn\utils\parallel.py:144: UserWarning: `sklearn.utils.parallel.delayed` should be used with `sklearn.utils.parallel.Parallel` to make it possible to propagate the scikit-learn configuration of the current thread to the joblib workers.
  warnings.warn(
C:\Users\tiago\AppData\Roaming\Python\Python314\site-packages\sklearn\utils\parallel.py:144: UserWarning: `sklearn.utils.parallel.delayed` should be used with `sklearn.utils.parallel.Parallel` to make it possible to propagate the scikit-learn configuration of the current thread to the joblib workers.
  warnings.warn(
C:\Users\tiago\AppData\Roaming\Python\Python314\site-packages\sklearn\utils\parallel.py:144: UserWarning: `sklearn.utils.parallel.delayed` should be used with `sklearn.utils.parallel.Parallel` to make it possible to propagate the scikit-learn configuration of the current thread to the joblib workers.
  warnings.warn(
C:\Users\tiago\AppData\Roaming\Python\Python314\site-packages\sklearn\utils\parallel.py:144: UserWarning: `sklearn.utils.parallel.delayed` should be used with `sklearn.utils.parallel.Parallel` to make it possible to propagate the scikit-learn configuration of the current thread to the joblib workers.
  warnings.warn(
C:\Users\tiago\AppData\Roaming\Python\Python314\site-packages\sklearn\utils\parallel.py:144: UserWarning: `sklearn.utils.parallel.delayed` should be used with `sklearn.utils.parallel.Parallel` to make it possible to propagate the scikit-learn configuration of the current thread to the joblib workers.
  warnings.warn(
C:\Users\tiago\AppData\Roaming\Python\Python314\site-packages\sklearn\utils\parallel.py:144: UserWarning: `sklearn.utils.parallel.delayed` should be used with `sklearn.utils.parallel.Parallel` to make it possible to propagate the scikit-learn configuration of the current thread to the joblib workers.
  warnings.warn(
C:\Users\tiago\AppData\Roaming\Python\Python314\site-packages\sklearn\utils\parallel.py:144: UserWarning: `sklearn.utils.parallel.delayed` should be used with `sklearn.utils.parallel.Parallel` to make it possible to propagate the scikit-learn configuration of the current thread to the joblib workers.
  warnings.warn(
C:\Users\tiago\AppData\Roaming\Python\Python314\site-packages\sklearn\utils\parallel.py:144: UserWarning: `sklearn.utils.parallel.delayed` should be used with `sklearn.utils.parallel.Parallel` to make it possible to propagate the scikit-learn configuration of the current thread to the joblib workers.
  warnings.warn(
C:\Users\tiago\AppData\Roaming\Python\Python314\site-packages\sklearn\utils\parallel.py:144: UserWarning: `sklearn.utils.parallel.delayed` should be used with `sklearn.utils.parallel.Parallel` to make it possible to propagate the scikit-learn configuration of the current thread to the joblib workers.
  warnings.warn(
C:\Users\tiago\AppData\Roaming\Python\Python314\site-packages\sklearn\utils\parallel.py:144: UserWarning: `sklearn.utils.parallel.delayed` should be used with `sklearn.utils.parallel.Parallel` to make it possible to propagate the scikit-learn configuration of the current thread to the joblib workers.
  warnings.warn(
C:\Users\tiago\AppData\Roaming\Python\Python314\site-packages\sklearn\utils\parallel.py:144: UserWarning: `sklearn.utils.parallel.delayed` should be used with `sklearn.utils.parallel.Parallel` to make it possible to propagate the scikit-learn configuration of the current thread to the joblib workers.
  warnings.warn(
C:\Users\tiago\AppData\Roaming\Python\Python314\site-packages\sklearn\utils\parallel.py:144: UserWarning: `sklearn.utils.parallel.delayed` should be used with `sklearn.utils.parallel.Parallel` to make it possible to propagate the scikit-learn configuration of the current thread to the joblib workers.
  warnings.warn(
C:\Users\tiago\AppData\Roaming\Python\Python314\site-packages\sklearn\utils\parallel.py:144: UserWarning: `sklearn.utils.parallel.delayed` should be used with `sklearn.utils.parallel.Parallel` to make it possible to propagate the scikit-learn configuration of the current thread to the joblib workers.
  warnings.warn(
C:\Users\tiago\AppData\Roaming\Python\Python314\site-packages\sklearn\utils\parallel.py:144: UserWarning: `sklearn.utils.parallel.delayed` should be used with `sklearn.utils.parallel.Parallel` to make it possible to propagate the scikit-learn configuration of the current thread to the joblib workers.
  warnings.warn(
C:\Users\tiago\AppData\Roaming\Python\Python314\site-packages\sklearn\utils\parallel.py:144: UserWarning: `sklearn.utils.parallel.delayed` should be used with `sklearn.utils.parallel.Parallel` to make it possible to propagate the scikit-learn configuration of the current thread to the joblib workers.
  warnings.warn(
C:\Users\tiago\AppData\Roaming\Python\Python314\site-packages\sklearn\utils\parallel.py:144: UserWarning: `sklearn.utils.parallel.delayed` should be used with `sklearn.utils.parallel.Parallel` to make it possible to propagate the scikit-learn configuration of the current thread to the joblib workers.
  warnings.warn(
C:\Users\tiago\AppData\Roaming\Python\Python314\site-packages\sklearn\utils\parallel.py:144: UserWarning: `sklearn.utils.parallel.delayed` should be used with `sklearn.utils.parallel.Parallel` to make it possible to propagate the scikit-learn configuration of the current thread to the joblib workers.
  warnings.warn(
C:\Users\tiago\AppData\Roaming\Python\Python314\site-packages\sklearn\utils\parallel.py:144: UserWarning: `sklearn.utils.parallel.delayed` should be used with `sklearn.utils.parallel.Parallel` to make it possible to propagate the scikit-learn configuration of the current thread to the joblib workers.
  warnings.warn(
C:\Users\tiago\AppData\Roaming\Python\Python314\site-packages\sklearn\utils\parallel.py:144: UserWarning: `sklearn.utils.parallel.delayed` should be used with `sklearn.utils.parallel.Parallel` to make it possible to propagate the scikit-learn configuration of the current thread to the joblib workers.
  warnings.warn(
C:\Users\tiago\AppData\Roaming\Python\Python314\site-packages\sklearn\utils\parallel.py:144: UserWarning: `sklearn.utils.parallel.delayed` should be used with `sklearn.utils.parallel.Parallel` to make it possible to propagate the scikit-learn configuration of the current thread to the joblib workers.
  warnings.warn(
C:\Users\tiago\AppData\Roaming\Python\Python314\site-packages\sklearn\utils\parallel.py:144: UserWarning: `sklearn.utils.parallel.delayed` should be used with `sklearn.utils.parallel.Parallel` to make it possible to propagate the scikit-learn configuration of the current thread to the joblib workers.
  warnings.warn(
C:\Users\tiago\AppData\Roaming\Python\Python314\site-packages\sklearn\utils\parallel.py:144: UserWarning: `sklearn.utils.parallel.delayed` should be used with `sklearn.utils.parallel.Parallel` to make it possible to propagate the scikit-learn configuration of the current thread to the joblib workers.
  warnings.warn(
C:\Users\tiago\AppData\Roaming\Python\Python314\site-packages\sklearn\utils\parallel.py:144: UserWarning: `sklearn.utils.parallel.delayed` should be used with `sklearn.utils.parallel.Parallel` to make it possible to propagate the scikit-learn configuration of the current thread to the joblib workers.
  warnings.warn(
C:\Users\tiago\AppData\Roaming\Python\Python314\site-packages\sklearn\utils\parallel.py:144: UserWarning: `sklearn.utils.parallel.delayed` should be used with `sklearn.utils.parallel.Parallel` to make it possible to propagate the scikit-learn configuration of the current thread to the joblib workers.
  warnings.warn(
C:\Users\tiago\AppData\Roaming\Python\Python314\site-packages\sklearn\utils\parallel.py:144: UserWarning: `sklearn.utils.parallel.delayed` should be used with `sklearn.utils.parallel.Parallel` to make it possible to propagate the scikit-learn configuration of the current thread to the joblib workers.
  warnings.warn(
C:\Users\tiago\AppData\Roaming\Python\Python314\site-packages\sklearn\utils\parallel.py:144: UserWarning: `sklearn.utils.parallel.delayed` should be used with `sklearn.utils.parallel.Parallel` to make it possible to propagate the scikit-learn configuration of the current thread to the joblib workers.
  warnings.warn(
C:\Users\tiago\AppData\Roaming\Python\Python314\site-packages\sklearn\utils\parallel.py:144: UserWarning: `sklearn.utils.parallel.delayed` should be used with `sklearn.utils.parallel.Parallel` to make it possible to propagate the scikit-learn configuration of the current thread to the joblib workers.
  warnings.warn(
C:\Users\tiago\AppData\Roaming\Python\Python314\site-packages\sklearn\utils\parallel.py:144: UserWarning: `sklearn.utils.parallel.delayed` should be used with `sklearn.utils.parallel.Parallel` to make it possible to propagate the scikit-learn configuration of the current thread to the joblib workers.
  warnings.warn(
C:\Users\tiago\AppData\Roaming\Python\Python314\site-packages\sklearn\utils\parallel.py:144: UserWarning: `sklearn.utils.parallel.delayed` should be used with `sklearn.utils.parallel.Parallel` to make it possible to propagate the scikit-learn configuration of the current thread to the joblib workers.
  warnings.warn(
C:\Users\tiago\AppData\Roaming\Python\Python314\site-packages\sklearn\utils\parallel.py:144: UserWarning: `sklearn.utils.parallel.delayed` should be used with `sklearn.utils.parallel.Parallel` to make it possible to propagate the scikit-learn configuration of the current thread to the joblib workers.
  warnings.warn(
C:\Users\tiago\AppData\Roaming\Python\Python314\site-packages\sklearn\utils\parallel.py:144: UserWarning: `sklearn.utils.parallel.delayed` should be used with `sklearn.utils.parallel.Parallel` to make it possible to propagate the scikit-learn configuration of the current thread to the joblib workers.
  warnings.warn(
C:\Users\tiago\AppData\Roaming\Python\Python314\site-packages\sklearn\utils\parallel.py:144: UserWarning: `sklearn.utils.parallel.delayed` should be used with `sklearn.utils.parallel.Parallel` to make it possible to propagate the scikit-learn configuration of the current thread to the joblib workers.
  warnings.warn(
C:\Users\tiago\AppData\Roaming\Python\Python314\site-packages\sklearn\utils\parallel.py:144: UserWarning: `sklearn.utils.parallel.delayed` should be used with `sklearn.utils.parallel.Parallel` to make it possible to propagate the scikit-learn configuration of the current thread to the joblib workers.
  warnings.warn(
C:\Users\tiago\AppData\Roaming\Python\Python314\site-packages\sklearn\utils\parallel.py:144: UserWarning: `sklearn.utils.parallel.delayed` should be used with `sklearn.utils.parallel.Parallel` to make it possible to propagate the scikit-learn configuration of the current thread to the joblib workers.
  warnings.warn(
C:\Users\tiago\AppData\Roaming\Python\Python314\site-packages\sklearn\utils\parallel.py:144: UserWarning: `sklearn.utils.parallel.delayed` should be used with `sklearn.utils.parallel.Parallel` to make it possible to propagate the scikit-learn configuration of the current thread to the joblib workers.
  warnings.warn(
C:\Users\tiago\AppData\Roaming\Python\Python314\site-packages\sklearn\utils\parallel.py:144: UserWarning: `sklearn.utils.parallel.delayed` should be used with `sklearn.utils.parallel.Parallel` to make it possible to propagate the scikit-learn configuration of the current thread to the joblib workers.
  warnings.warn(
C:\Users\tiago\AppData\Roaming\Python\Python314\site-packages\sklearn\utils\parallel.py:144: UserWarning: `sklearn.utils.parallel.delayed` should be used with `sklearn.utils.parallel.Parallel` to make it possible to propagate the scikit-learn configuration of the current thread to the joblib workers.
  warnings.warn(
C:\Users\tiago\AppData\Roaming\Python\Python314\site-packages\sklearn\utils\parallel.py:144: UserWarning: `sklearn.utils.parallel.delayed` should be used with `sklearn.utils.parallel.Parallel` to make it possible to propagate the scikit-learn configuration of the current thread to the joblib workers.
  warnings.warn(
C:\Users\tiago\AppData\Roaming\Python\Python314\site-packages\sklearn\utils\parallel.py:144: UserWarning: `sklearn.utils.parallel.delayed` should be used with `sklearn.utils.parallel.Parallel` to make it possible to propagate the scikit-learn configuration of the current thread to the joblib workers.
  warnings.warn(
C:\Users\tiago\AppData\Roaming\Python\Python314\site-packages\sklearn\utils\parallel.py:144: UserWarning: `sklearn.utils.parallel.delayed` should be used with `sklearn.utils.parallel.Parallel` to make it possible to propagate the scikit-learn configuration of the current thread to the joblib workers.
  warnings.warn(
C:\Users\tiago\AppData\Roaming\Python\Python314\site-packages\sklearn\utils\parallel.py:144: UserWarning: `sklearn.utils.parallel.delayed` should be used with `sklearn.utils.parallel.Parallel` to make it possible to propagate the scikit-learn configuration of the current thread to the joblib workers.
  warnings.warn(
C:\Users\tiago\AppData\Roaming\Python\Python314\site-packages\sklearn\utils\parallel.py:144: UserWarning: `sklearn.utils.parallel.delayed` should be used with `sklearn.utils.parallel.Parallel` to make it possible to propagate the scikit-learn configuration of the current thread to the joblib workers.
  warnings.warn(
C:\Users\tiago\AppData\Roaming\Python\Python314\site-packages\sklearn\utils\parallel.py:144: UserWarning: `sklearn.utils.parallel.delayed` should be used with `sklearn.utils.parallel.Parallel` to make it possible to propagate the scikit-learn configuration of the current thread to the joblib workers.
  warnings.warn(
C:\Users\tiago\AppData\Roaming\Python\Python314\site-packages\sklearn\utils\parallel.py:144: UserWarning: `sklearn.utils.parallel.delayed` should be used with `sklearn.utils.parallel.Parallel` to make it possible to propagate the scikit-learn configuration of the current thread to the joblib workers.
  warnings.warn(
C:\Users\tiago\AppData\Roaming\Python\Python314\site-packages\sklearn\utils\parallel.py:144: UserWarning: `sklearn.utils.parallel.delayed` should be used with `sklearn.utils.parallel.Parallel` to make it possible to propagate the scikit-learn configuration of the current thread to the joblib workers.
  warnings.warn(
C:\Users\tiago\AppData\Roaming\Python\Python314\site-packages\sklearn\utils\parallel.py:144: UserWarning: `sklearn.utils.parallel.delayed` should be used with `sklearn.utils.parallel.Parallel` to make it possible to propagate the scikit-learn configuration of the current thread to the joblib workers.
  warnings.warn(
C:\Users\tiago\AppData\Roaming\Python\Python314\site-packages\sklearn\utils\parallel.py:144: UserWarning: `sklearn.utils.parallel.delayed` should be used with `sklearn.utils.parallel.Parallel` to make it possible to propagate the scikit-learn configuration of the current thread to the joblib workers.
  warnings.warn(
C:\Users\tiago\AppData\Roaming\Python\Python314\site-packages\sklearn\utils\parallel.py:144: UserWarning: `sklearn.utils.parallel.delayed` should be used with `sklearn.utils.parallel.Parallel` to make it possible to propagate the scikit-learn configuration of the current thread to the joblib workers.
  warnings.warn(
C:\Users\tiago\AppData\Roaming\Python\Python314\site-packages\sklearn\utils\parallel.py:144: UserWarning: `sklearn.utils.parallel.delayed` should be used with `sklearn.utils.parallel.Parallel` to make it possible to propagate the scikit-learn configuration of the current thread to the joblib workers.
  warnings.warn(
C:\Users\tiago\AppData\Roaming\Python\Python314\site-packages\sklearn\utils\parallel.py:144: UserWarning: `sklearn.utils.parallel.delayed` should be used with `sklearn.utils.parallel.Parallel` to make it possible to propagate the scikit-learn configuration of the current thread to the joblib workers.
  warnings.warn(
C:\Users\tiago\AppData\Roaming\Python\Python314\site-packages\sklearn\utils\parallel.py:144: UserWarning: `sklearn.utils.parallel.delayed` should be used with `sklearn.utils.parallel.Parallel` to make it possible to propagate the scikit-learn configuration of the current thread to the joblib workers.
  warnings.warn(
C:\Users\tiago\AppData\Roaming\Python\Python314\site-packages\sklearn\utils\parallel.py:144: UserWarning: `sklearn.utils.parallel.delayed` should be used with `sklearn.utils.parallel.Parallel` to make it possible to propagate the scikit-learn configuration of the current thread to the joblib workers.
  warnings.warn(
C:\Users\tiago\AppData\Roaming\Python\Python314\site-packages\sklearn\utils\parallel.py:144: UserWarning: `sklearn.utils.parallel.delayed` should be used with `sklearn.utils.parallel.Parallel` to make it possible to propagate the scikit-learn configuration of the current thread to the joblib workers.
  warnings.warn(
C:\Users\tiago\AppData\Roaming\Python\Python314\site-packages\sklearn\utils\parallel.py:144: UserWarning: `sklearn.utils.parallel.delayed` should be used with `sklearn.utils.parallel.Parallel` to make it possible to propagate the scikit-learn configuration of the current thread to the joblib workers.
  warnings.warn(
C:\Users\tiago\AppData\Roaming\Python\Python314\site-packages\sklearn\utils\parallel.py:144: UserWarning: `sklearn.utils.parallel.delayed` should be used with `sklearn.utils.parallel.Parallel` to make it possible to propagate the scikit-learn configuration of the current thread to the joblib workers.
  warnings.warn(
C:\Users\tiago\AppData\Roaming\Python\Python314\site-packages\sklearn\utils\parallel.py:144: UserWarning: `sklearn.utils.parallel.delayed` should be used with `sklearn.utils.parallel.Parallel` to make it possible to propagate the scikit-learn configuration of the current thread to the joblib workers.
  warnings.warn(
C:\Users\tiago\AppData\Roaming\Python\Python314\site-packages\sklearn\utils\parallel.py:144: UserWarning: `sklearn.utils.parallel.delayed` should be used with `sklearn.utils.parallel.Parallel` to make it possible to propagate the scikit-learn configuration of the current thread to the joblib workers.
  warnings.warn(
C:\Users\tiago\AppData\Roaming\Python\Python314\site-packages\sklearn\utils\parallel.py:144: UserWarning: `sklearn.utils.parallel.delayed` should be used with `sklearn.utils.parallel.Parallel` to make it possible to propagate the scikit-learn configuration of the current thread to the joblib workers.
  warnings.warn(
C:\Users\tiago\AppData\Roaming\Python\Python314\site-packages\sklearn\utils\parallel.py:144: UserWarning: `sklearn.utils.parallel.delayed` should be used with `sklearn.utils.parallel.Parallel` to make it possible to propagate the scikit-learn configuration of the current thread to the joblib workers.
  warnings.warn(
C:\Users\tiago\AppData\Roaming\Python\Python314\site-packages\sklearn\utils\parallel.py:144: UserWarning: `sklearn.utils.parallel.delayed` should be used with `sklearn.utils.parallel.Parallel` to make it possible to propagate the scikit-learn configuration of the current thread to the joblib workers.
  warnings.warn(
C:\Users\tiago\AppData\Roaming\Python\Python314\site-packages\sklearn\utils\parallel.py:144: UserWarning: `sklearn.utils.parallel.delayed` should be used with `sklearn.utils.parallel.Parallel` to make it possible to propagate the scikit-learn configuration of the current thread to the joblib workers.
  warnings.warn(
(20 comb.) OK
      XGBoost               (20 comb.) OK
      LightGBM              (20 comb.) OK
      CatBoost              (20 comb.) OK
      MLP                   (20 comb.) OK
      ElasticNet (delta)    (20 comb.) OK

  Diebold-Mariano vs Naive (por data, h=5d, HLN 1997)
  Perda agregada por data: 29 datas no teste
  Correcao Holm-Bonferroni (familia=9 testes)
  DM_stat > 0 = modelo PIOR; < 0 = modelo MELHOR
  Modelo                          DM_stat  N_datas    p_bruto     p_holm  Sig(Holm)
  ----------------------------------------------------------------------------
  CRR binomial (roll-down)         1.1727       29     0.2508     1.0000  
  OLS                              0.6857       29     0.4985     1.0000  
  Ridge                            0.4205       29     0.6773     1.0000  
  RandomForest                     0.4830       29     0.6329     1.0000  
  XGBoost                          0.7721       29     0.4465     1.0000  
  LightGBM                         0.6462       29     0.5234     1.0000  
  CatBoost                         0.6502       29     0.5209     1.0000  
  MLP                              2.4761       29     0.0196     0.1763  
  ElasticNet (delta)               0.2971       29     0.7686     1.0000  

  Breakdown por Moneyness (RMSE):

  Grupo                            N     Naive  CRR binom        OLS      Ridge  RandomFor    XGBoost   LightGBM   CatBoost
  -------------------------------------------------------------------------------------------------------------------------
  ITM  (m > 1.05)                  3  [omitido: <5 obs]
  ATM  (0.95 <= m <= 1.05)       236    3.2276     3.3615     3.7619     3.6584     3.6860     3.6721     3.6352     3.7654
  OTM  (m < 0.95)                267    2.9699     3.2973     3.1146     2.9346     3.1439     3.2077     3.1218     3.2490

  Avaliacao em obs liquidas (volume>0): 193 obs
    OLS                             RMSE=3.3414  Theil=1.1776
    Ridge                           RMSE=2.9988  Theil=1.0569
    RandomForest                    RMSE=3.1514  Theil=1.1107
    XGBoost                         RMSE=3.1422  Theil=1.1075
    LightGBM                        RMSE=3.1109  Theil=1.0964
    CatBoost                        RMSE=3.1479  Theil=1.1095
    MLP                             RMSE=5.1086  Theil=1.8005
    ElasticNet (delta)              RMSE=2.9336  Theil=1.0339

==========================================================================================
  ITA | GPR_e_VIX  [GPR + VIX]  [5d]
==========================================================================================
  #    Modelo                               RMSE        MAE         R2   Theil_U
  ----------------------------------------------------------------------------------------
  1    Naive (Random Walk)                3.0882     2.4540     0.6598    1.0000  <-- MELHOR
  2    ElasticNet (delta)                 3.2192     2.5840     0.6303    1.0424
  3    Ridge                              3.3054     2.6574     0.6102    1.0703
  4    CRR binomial (roll-down)           3.3187     2.5348     0.6071    1.0746
  5    LightGBM                           3.3759     2.6524     0.5934    1.0932
  6    RandomForest                       3.4069     2.5600     0.5859    1.1032
  7    XGBoost                            3.4462     2.7114     0.5763    1.1159
  8    OLS                                3.4512     2.8793     0.5751    1.1175
  9    CatBoost                           3.5028     2.7365     0.5623    1.1343
  10   MLP                                5.8338     4.8521    -0.2141    1.8890
==========================================================================================

  [saved] dataset_ITA_common.csv (1678 obs)

========================================================================
  IMPACTO DO GPR — GPR+VIX combinado vs baseline
  Delta RMSE = RMSE(sem GPR) - RMSE(com GPR)   [+ = GPR ajuda]
========================================================================
  Modelo                          com GPR    sem GPR    Delta   Delta%
  --------------------------------------------------------------------
  OLS                              3.4512     3.9572 + 0.5061 + 14.66%
  Ridge                            3.3054     3.7246 + 0.4191 + 12.68%
  LightGBM                         3.3759     3.6169 + 0.2410 +  7.14%
  ElasticNet (delta)               3.2192     3.4353 + 0.2161 +  6.71%
  CatBoost                         3.5028     3.5819 + 0.0790 +  2.26%
  XGBoost                          3.4462     3.5240 + 0.0778 +  2.26%
  RandomForest                     3.4069     3.4715 + 0.0646 +  1.90%
  Naive (Random Walk)              3.0882     3.0882 + 0.0000 +  0.00%
  CRR binomial (roll-down)         3.3187     3.3187 + 0.0000 +  0.00%
  MLP                              5.8338     4.0372 -1.7966 -30.80%
========================================================================

========================================================================
  IMPACTO DO GPR — GPR marginal (GPR_e_VIX vs so_VIX)
  Delta RMSE = RMSE(sem GPR) - RMSE(com GPR)   [+ = GPR ajuda]
========================================================================
  Modelo                          com GPR    sem GPR    Delta   Delta%
  --------------------------------------------------------------------
  OLS                              3.4512     4.2647 + 0.8135 + 23.57%
  Ridge                            3.3054     3.8961 + 0.5907 + 17.87%
  CatBoost                         3.5028     3.9457 + 0.4429 + 12.64%
  ElasticNet (delta)               3.2192     3.5110 + 0.2917 +  9.06%
  LightGBM                         3.3759     3.5900 + 0.2141 +  6.34%
  XGBoost                          3.4462     3.5731 + 0.1269 +  3.68%
  RandomForest                     3.4069     3.4640 + 0.0571 +  1.68%
  Naive (Random Walk)              3.0882     3.0882 + 0.0000 +  0.00%
  CRR binomial (roll-down)         3.3187     3.3187 + 0.0000 +  0.00%
  MLP                              5.8338     4.6444 -1.1894 -20.39%
========================================================================

========================================================================
  IMPACTO DO GPR — VIX marginal (GPR_e_VIX vs so_GPR)
  Delta RMSE = RMSE(sem GPR) - RMSE(com GPR)   [+ = GPR ajuda]
========================================================================
  Modelo                          com GPR    sem GPR    Delta   Delta%
  --------------------------------------------------------------------
  OLS                              3.4512     3.4644 + 0.0133 +  0.38%
  Naive (Random Walk)              3.0882     3.0882 + 0.0000 +  0.00%
  CRR binomial (roll-down)         3.3187     3.3187 + 0.0000 +  0.00%
  Ridge                            3.3054     3.2942 -0.0113  -0.34%
  RandomForest                     3.4069     3.3907 -0.0162  -0.48%
  LightGBM                         3.3759     3.3166 -0.0593  -1.76%
  CatBoost                         3.5028     3.4186 -0.0842  -2.40%
  ElasticNet (delta)               3.2192     3.1285 -0.0908  -2.82%
  MLP                              5.8338     5.6921 -0.1417  -2.43%
  XGBoost                          3.4462     3.2342 -0.2120  -6.15%
========================================================================

============================================================================================================================
  Comparacao so_GPR vs so_VIX vs GPR_e_VIX
============================================================================================================================
                                              GPR                           VIX                         GPR+VIX           
  Modelo                              RMSE       MAE        R2      RMSE       MAE        R2      RMSE       MAE        R2
  --------------------------------------------------------------------------------------------------------------------------
  Naive (Random Walk)               3.0882    2.4540    0.6598    3.0882    2.4540    0.6598    3.0882    2.4540    0.6598
  ElasticNet (delta)                3.1285    2.5212    0.6508    3.5110    2.7807    0.5602    3.2192    2.5840    0.6303
  XGBoost                           3.2342    2.5011    0.6268    3.5731    2.8004    0.5445    3.4462    2.7114    0.5763
  Ridge                             3.2942    2.6612    0.6129    3.8961    3.0681    0.4585    3.3054    2.6574    0.6102
  LightGBM                          3.3166    2.5119    0.6076    3.5900    2.8041    0.5402    3.3759    2.6524    0.5934
  CRR binomial (roll-down)          3.3187    2.5348    0.6071    3.3187    2.5348    0.6071    3.3187    2.5348    0.6071
  RandomForest                      3.3907    2.5290    0.5899    3.4640    2.6202    0.5719    3.4069    2.5600    0.5859
  CatBoost                          3.4186    2.7439    0.5831    3.9457    3.0971    0.4446    3.5028    2.7365    0.5623
  OLS                               3.4644    2.8411    0.5718    4.2647    3.4814    0.3512    3.4512    2.8793    0.5751
  MLP                               5.6921    4.7417   -0.1559    4.6444    3.7217    0.2305    5.8338    4.8521   -0.2141
============================================================================================================================

==============================================================================
  TESTE CENTRAL — DM por data: GPR marginal controlando para VIX (pergunta de investigacao)
  A = GPR_e_VIX | B = so_VIX | DM_stat < 0 favorece A (com GPR)
==============================================================================
  Modelo                          DM_stat  N_datas    p_bruto     p_holm  Sig
  --------------------------------------------------------------------------
  OLS                             -0.8707       29     0.3913     1.0000  
  Ridge                           -0.9791       29     0.3359     1.0000  
  RandomForest                    -0.1470       29     0.8842     1.0000  
  XGBoost                         -0.4195       29     0.6780     1.0000  
  LightGBM                        -0.5624       29     0.5783     1.0000  
  CatBoost                        -1.1218       29     0.2715     1.0000  
  MLP                              2.4281       29     0.0219     0.1748  
  ElasticNet (delta)              -0.7725       29     0.4463     1.0000  
==============================================================================

==============================================================================
  TESTE CENTRAL — DM por data: GPR vs baseline sem indices
  A = so_GPR | B = sem_indices | DM_stat < 0 favorece A (com GPR)
==============================================================================
  Modelo                          DM_stat  N_datas    p_bruto     p_holm  Sig
  --------------------------------------------------------------------------
  OLS                             -0.5526       29     0.5849     1.0000  
  Ridge                           -0.6434       29     0.5252     1.0000  
  RandomForest                    -0.2459       29     0.8075     1.0000  
  XGBoost                         -0.6642       29     0.5120     1.0000  
  LightGBM                        -0.7162       29     0.4798     1.0000  
  CatBoost                        -0.6429       29     0.5255     1.0000  
  MLP                              2.8957       29     0.0073     0.0581  *
  ElasticNet (delta)              -0.6592       29     0.5151     1.0000  
==============================================================================

  [saved] versions.txt + sample_flow.csv (reproducao)

========================================================================
  SUMARIO FINAL — MELHOR MODELO POR CONFIGURACAO
========================================================================
  Config           N feat Melhor modelo                        RMSE         R2
  --------------------------------------------------------------------------
  sem_indices          22 Naive (Random Walk)                3.0882     0.6598
  so_GPR               36 Naive (Random Walk)                3.0882     0.6598
  so_VIX               23 Naive (Random Walk)                3.0882     0.6598
  GPR_e_VIX            37 Naive (Random Walk)                3.0882     0.6598
========================================================================

  [OK] Execucao sem erros ou avisos.

[OK] Outputs guardados em: C:\Users\tiago\Desktop\codigo\output_horse_race
