========================================================================
HORSE RACE -- ITA US (iShares Aerospace & Defense ETF)
Horizonte: 5 dias de negociacao (calendario exato)
GPR: 7 dias de atraso de disponibilidade
Configs: sem_indices | so_GPR | so_VIX | GPR_e_VIX
HP tuning: RandomizedSearch
========================================================================

[1/6] A carregar dados de opcoes...
    ITA US: 30 contratos | 1980 obs | 2025-11-20 -> 2026-06-25
    Com mid-quote valido (bid e ask): 1880 obs
    Calendario de trading: 148 datas

[2/6] A carregar GPR (Caldara & Iacoviello) com lag 7 dias...
    GPR: 15155 obs | componentes: ['gpr', 'gpr_ac', 'gpr_th', 'gpr_ma7', 'gpr_ma30', 'gpr_n10d', 'gpr_change', 'gpr_pct_change', 'gpr_ac_change', 'gpr_ac_pct_change', 'gpr_th_change', 'gpr_th_pct_change', 'gpr_ma_diff7', 'gpr_ma_diff30']
    GPR features (point-in-time, lag=7d): ['gpr_pit', 'gpr_ac_pit', 'gpr_th_pit', 'gpr_ma7_pit', 'gpr_ma30_pit', 'gpr_n10d_pit', 'gpr_change_pit', 'gpr_pct_change_pit', 'gpr_ac_change_pit', 'gpr_ac_pct_change_pit', 'gpr_th_change_pit', 'gpr_th_pct_change_pit', 'gpr_ma_diff7_pit', 'gpr_ma_diff30_pit']

[3/6] A ler taxa de juro sem risco...
    ita_risk_free.csv: 150 linhas, 2025-11-20 a 2026-06-29
    media 0.0360

[4/6] A ler VIX...
    ita_vix.csv: 151 linhas, 2025-11-20 a 2026-06-29
    media 0.1972 (decimal)

[5/6] A ler dividend yield...
    ita_dividend_yield.csv: 2173 linhas, 2018-01-02 a 2026-08-25
    media 0.0049

[6/6] A calcular features e target...
    1734 obs com target | 60 colunas
    A calcular CRR roll-down forecast (pode demorar ~1 min)...
    CRR: 1731 previsoes calculadas

  -- Analise de Liquidez (1734 obs totais) --
    Volume = 0      :   943 obs  ( 54.4%)
    Volume < 10     :  1547 obs  ( 89.2%)
    OI = 0          :    58 obs  (  3.3%)
    OI < 50         :   646 obs  ( 37.3%)
    Robusto (vol>0 & OI>0 & spread<50%):   724 obs  ( 41.8%)
    Principal (vol>0 & OI>0):   791 obs  ( 45.6%)
    Obs liquidas (vol>0 & OI>0): 791/1734

    Feature counts: sem_indices=22 | so_GPR=36 | so_VIX=23 | GPR_e_VIX=37

  -- Diagnostico de Multicolinearidade GPR vs VIX --
    Pearson(GPR, VIX): r = 0.4928 | VIF bivariado: 1.32

    Amostra comum (4 configs): 1678 obs | 2025-11-21 -> 2026-06-17
    Datas unicas: 142

========================================================================
  HORSE RACE: ITA US
========================================================================

  [sem_indices]  Baseline (sem indices externos)
  [sem_indices]  Treino: 1082 obs (2025-11-21 -> 2026-04-29) | 108 datas
  [sem_indices]  Purgadas na fronteira (alvo em periodo de teste): 90 obs
  [sem_indices]  Teste:  506 obs (2026-05-07 -> 2026-06-17) | 29 datas
  [sem_indices]  22 features
      [HP tuning: 20 x n_hiperparametros combinacoes x 3 folds purged]
      OLS                   (sem tuning) OK
      Ridge                 (20 comb.) OK
      RandomForest          (60 comb.) OK
      XGBoost               (120 comb.) OK
      LightGBM              (120 comb.) OK
      CatBoost              (60 comb.) OK
      MLP                   (60 comb.) OK
      ElasticNet (delta)    (40 comb.) OK

  Diebold-Mariano vs Naive (por data, h=5d, HLN 1997)
  Perda agregada por data: 29 datas no teste
  Correcao Holm-Bonferroni (familia=9 testes)
  DM_stat > 0 = modelo PIOR; < 0 = modelo MELHOR
  Modelo                          DM_stat  N_datas    p_bruto     p_holm  Sig(Holm)
  ----------------------------------------------------------------------------
  CRR binomial (roll-down)         1.1727       29     0.2508     1.0000  
  OLS                              0.9296       29     0.3605     1.0000  
  Ridge                            0.7024       29     0.4882     1.0000  
  RandomForest                     0.6362       29     0.5298     1.0000  
  XGBoost                          0.5636       29     0.5775     1.0000  
  LightGBM                         0.6476       29     0.5225     1.0000  
  CatBoost                         0.8475       29     0.4039     1.0000  
  MLP                              1.1584       29     0.2565     1.0000  
  ElasticNet (delta)               0.4772       29     0.6369     1.0000  

  Breakdown por Moneyness (RMSE):

  Grupo                            N     Naive  CRR binom        OLS      Ridge  RandomFor    XGBoost   LightGBM   CatBoost
  -------------------------------------------------------------------------------------------------------------------------
  ITM  (m > 1.05)                  3  [omitido: <5 obs]
  ATM  (0.95 <= m <= 1.05)       236    3.2276     3.3615     4.3657     4.1440     3.7229     3.8462     4.0868     4.2425
  OTM  (m < 0.95)                267    2.9699     3.2973     3.5599     3.3092     3.1482     3.0492     3.1275     3.3399

  Avaliacao em obs liquidas (volume>0): 193 obs
    OLS                             RMSE=3.6265  Theil=1.2782
    Ridge                           RMSE=3.2832  Theil=1.1571
    RandomForest                    RMSE=3.1069  Theil=1.0950
    XGBoost                         RMSE=3.1722  Theil=1.1180
    LightGBM                        RMSE=3.2702  Theil=1.1526
    CatBoost                        RMSE=3.4602  Theil=1.2195
    MLP                             RMSE=3.8225  Theil=1.3472
    ElasticNet (delta)              RMSE=3.1124  Theil=1.0970

==========================================================================================
  ITA | sem_indices  [Baseline (sem indices externos)]  [5d]
==========================================================================================
  #    Modelo                               RMSE        MAE         R2   Theil_U
  ----------------------------------------------------------------------------------------
  1    Naive (Random Walk)                3.0882     2.4540     0.6598    1.0000  <-- MELHOR
  2    CRR binomial (roll-down)           3.3187     2.5348     0.6071    1.0746
  3    RandomForest                       3.4208     2.5541     0.5825    1.1077
  4    ElasticNet (delta)                 3.4353     2.7146     0.5790    1.1124
  5    XGBoost                            3.4644     2.7266     0.5718    1.1218
  6    LightGBM                           3.6169     2.8265     0.5333    1.1712
  7    Ridge                              3.7246     2.9358     0.5051    1.2061
  8    CatBoost                           3.7953     3.0979     0.4861    1.2290
  9    OLS                                3.9572     3.2349     0.4413    1.2814
  10   MLP                                4.0372     3.1593     0.4185    1.3073
==========================================================================================

  [so_GPR]  GPR apenas
  [so_GPR]  Treino: 1082 obs (2025-11-21 -> 2026-04-29) | 108 datas
  [so_GPR]  Purgadas na fronteira (alvo em periodo de teste): 90 obs
  [so_GPR]  Teste:  506 obs (2026-05-07 -> 2026-06-17) | 29 datas
  [so_GPR]  36 features
      [HP tuning: 20 x n_hiperparametros combinacoes x 3 folds purged]
      OLS                   (sem tuning) OK
      Ridge                 (20 comb.) OK
      RandomForest          (60 comb.) OK
      XGBoost               (120 comb.) OK
      LightGBM              (120 comb.) OK
      CatBoost              (60 comb.) OK
      MLP                   (60 comb.) OK
      ElasticNet (delta)    (40 comb.) OK

  Diebold-Mariano vs Naive (por data, h=5d, HLN 1997)
  Perda agregada por data: 29 datas no teste
  Correcao Holm-Bonferroni (familia=9 testes)
  DM_stat > 0 = modelo PIOR; < 0 = modelo MELHOR
  Modelo                          DM_stat  N_datas    p_bruto     p_holm  Sig(Holm)
  ----------------------------------------------------------------------------
  CRR binomial (roll-down)         1.1727       29     0.2508     1.0000  
  OLS                              0.6066       29     0.5490     1.0000  
  Ridge                            0.3743       29     0.7110     1.0000  
  RandomForest                     0.4491       29     0.6568     1.0000  
  XGBoost                          0.4058       29     0.6879     1.0000  
  LightGBM                         0.3819       29     0.7054     1.0000  
  CatBoost                         0.8062       29     0.4269     1.0000  
  MLP                              2.5265       29     0.0175     0.1571  
  ElasticNet (delta)               0.0747       29     0.9410     1.0000  

  Breakdown por Moneyness (RMSE):

  Grupo                            N     Naive  CRR binom        OLS      Ridge  RandomFor    XGBoost   LightGBM   CatBoost
  -------------------------------------------------------------------------------------------------------------------------
  ITM  (m > 1.05)                  3  [omitido: <5 obs]
  ATM  (0.95 <= m <= 1.05)       236    3.2276     3.3615     3.6642     3.5703     3.6615     3.7232     3.6292     3.9253
  OTM  (m < 0.95)                267    2.9699     3.2973     3.2501     3.0038     3.1442     3.0157     2.9970     3.2404

  Avaliacao em obs liquidas (volume>0): 193 obs
    OLS                             RMSE=3.4331  Theil=1.2100
    Ridge                           RMSE=3.1031  Theil=1.0937
    RandomForest                    RMSE=3.1477  Theil=1.1094
    XGBoost                         RMSE=3.1893  Theil=1.1240
    LightGBM                        RMSE=3.1065  Theil=1.0949
    CatBoost                        RMSE=3.2884  Theil=1.1590
    MLP                             RMSE=3.8037  Theil=1.3406
    ElasticNet (delta)              RMSE=2.8995  Theil=1.0219

==========================================================================================
  ITA | so_GPR  [GPR apenas]  [5d]
==========================================================================================
  #    Modelo                               RMSE        MAE         R2   Theil_U
  ----------------------------------------------------------------------------------------
  1    Naive (Random Walk)                3.0882     2.4540     0.6598    1.0000  <-- MELHOR
  2    ElasticNet (delta)                 3.1218     2.5225     0.6523    1.0109
  3    Ridge                              3.2942     2.6612     0.6129    1.0667
  4    LightGBM                           3.3166     2.5119     0.6076    1.0739
  5    CRR binomial (roll-down)           3.3187     2.5348     0.6071    1.0746
  6    XGBoost                            3.3761     2.5320     0.5934    1.0932
  7    RandomForest                       3.3958     2.5273     0.5886    1.0996
  8    OLS                                3.4644     2.8411     0.5718    1.1218
  9    CatBoost                           3.5915     2.8709     0.5398    1.1630
  10   MLP                                4.2762     3.3432     0.3477    1.3847
==========================================================================================

  [so_VIX]  VIX apenas
  [so_VIX]  Treino: 1082 obs (2025-11-21 -> 2026-04-29) | 108 datas
  [so_VIX]  Purgadas na fronteira (alvo em periodo de teste): 90 obs
  [so_VIX]  Teste:  506 obs (2026-05-07 -> 2026-06-17) | 29 datas
  [so_VIX]  23 features
      [HP tuning: 20 x n_hiperparametros combinacoes x 3 folds purged]
      OLS                   (sem tuning) OK
      Ridge                 (20 comb.) OK
      RandomForest          C:\Users\tiago\AppData\Roaming\Python\Python314\site-packages\sklearn\utils\parallel.py:144: UserWarning: `sklearn.utils.parallel.delayed` should be used with `sklearn.utils.parallel.Parallel` to make it possible to propagate the scikit-learn configuration of the current thread to the joblib workers.
  warnings.warn(
C:\Users\tiago\AppData\Roaming\Python\Python314\site-packages\sklearn\utils\parallel.py:144: UserWarning: `sklearn.utils.parallel.delayed` should be used with `sklearn.utils.parallel.Parallel` to make it possible to propagate the scikit-learn configuration of the current thread to the joblib workers.
  warnings.warn(
C:\Users\tiago\AppData\Roaming\Python\Python314\site-packages\sklearn\utils\parallel.py:144: UserWarning: `sklearn.utils.parallel.delayed` should be used with `sklearn.utils.parallel.Parallel` to make it possible to propagate the scikit-learn configuration of the current thread to the joblib workers.
  warnings.warn(
C:\Users\tiago\AppData\Roaming\Python\Python314\site-packages\sklearn\utils\parallel.py:144: UserWarning: `sklearn.utils.parallel.delayed` should be used with `sklearn.utils.parallel.Parallel` to make it possible to propagate the scikit-learn configuration of the current thread to the joblib workers.
  warnings.warn(
C:\Users\tiago\AppData\Roaming\Python\Python314\site-packages\sklearn\utils\parallel.py:144: UserWarning: `sklearn.utils.parallel.delayed` should be used with `sklearn.utils.parallel.Parallel` to make it possible to propagate the scikit-learn configuration of the current thread to the joblib workers.
  warnings.warn(
C:\Users\tiago\AppData\Roaming\Python\Python314\site-packages\sklearn\utils\parallel.py:144: UserWarning: `sklearn.utils.parallel.delayed` should be used with `sklearn.utils.parallel.Parallel` to make it possible to propagate the scikit-learn configuration of the current thread to the joblib workers.
  warnings.warn(
C:\Users\tiago\AppData\Roaming\Python\Python314\site-packages\sklearn\utils\parallel.py:144: UserWarning: `sklearn.utils.parallel.delayed` should be used with `sklearn.utils.parallel.Parallel` to make it possible to propagate the scikit-learn configuration of the current thread to the joblib workers.
  warnings.warn(
C:\Users\tiago\AppData\Roaming\Python\Python314\site-packages\sklearn\utils\parallel.py:144: UserWarning: `sklearn.utils.parallel.delayed` should be used with `sklearn.utils.parallel.Parallel` to make it possible to propagate the scikit-learn configuration of the current thread to the joblib workers.
  warnings.warn(
C:\Users\tiago\AppData\Roaming\Python\Python314\site-packages\sklearn\utils\parallel.py:144: UserWarning: `sklearn.utils.parallel.delayed` should be used with `sklearn.utils.parallel.Parallel` to make it possible to propagate the scikit-learn configuration of the current thread to the joblib workers.
  warnings.warn(
C:\Users\tiago\AppData\Roaming\Python\Python314\site-packages\sklearn\utils\parallel.py:144: UserWarning: `sklearn.utils.parallel.delayed` should be used with `sklearn.utils.parallel.Parallel` to make it possible to propagate the scikit-learn configuration of the current thread to the joblib workers.
  warnings.warn(
C:\Users\tiago\AppData\Roaming\Python\Python314\site-packages\sklearn\utils\parallel.py:144: UserWarning: `sklearn.utils.parallel.delayed` should be used with `sklearn.utils.parallel.Parallel` to make it possible to propagate the scikit-learn configuration of the current thread to the joblib workers.
  warnings.warn(
C:\Users\tiago\AppData\Roaming\Python\Python314\site-packages\sklearn\utils\parallel.py:144: UserWarning: `sklearn.utils.parallel.delayed` should be used with `sklearn.utils.parallel.Parallel` to make it possible to propagate the scikit-learn configuration of the current thread to the joblib workers.
  warnings.warn(
C:\Users\tiago\AppData\Roaming\Python\Python314\site-packages\sklearn\utils\parallel.py:144: UserWarning: `sklearn.utils.parallel.delayed` should be used with `sklearn.utils.parallel.Parallel` to make it possible to propagate the scikit-learn configuration of the current thread to the joblib workers.
  warnings.warn(
C:\Users\tiago\AppData\Roaming\Python\Python314\site-packages\sklearn\utils\parallel.py:144: UserWarning: `sklearn.utils.parallel.delayed` should be used with `sklearn.utils.parallel.Parallel` to make it possible to propagate the scikit-learn configuration of the current thread to the joblib workers.
  warnings.warn(
C:\Users\tiago\AppData\Roaming\Python\Python314\site-packages\sklearn\utils\parallel.py:144: UserWarning: `sklearn.utils.parallel.delayed` should be used with `sklearn.utils.parallel.Parallel` to make it possible to propagate the scikit-learn configuration of the current thread to the joblib workers.
  warnings.warn(
C:\Users\tiago\AppData\Roaming\Python\Python314\site-packages\sklearn\utils\parallel.py:144: UserWarning: `sklearn.utils.parallel.delayed` should be used with `sklearn.utils.parallel.Parallel` to make it possible to propagate the scikit-learn configuration of the current thread to the joblib workers.
  warnings.warn(
C:\Users\tiago\AppData\Roaming\Python\Python314\site-packages\sklearn\utils\parallel.py:144: UserWarning: `sklearn.utils.parallel.delayed` should be used with `sklearn.utils.parallel.Parallel` to make it possible to propagate the scikit-learn configuration of the current thread to the joblib workers.
  warnings.warn(
C:\Users\tiago\AppData\Roaming\Python\Python314\site-packages\sklearn\utils\parallel.py:144: UserWarning: `sklearn.utils.parallel.delayed` should be used with `sklearn.utils.parallel.Parallel` to make it possible to propagate the scikit-learn configuration of the current thread to the joblib workers.
  warnings.warn(
C:\Users\tiago\AppData\Roaming\Python\Python314\site-packages\sklearn\utils\parallel.py:144: UserWarning: `sklearn.utils.parallel.delayed` should be used with `sklearn.utils.parallel.Parallel` to make it possible to propagate the scikit-learn configuration of the current thread to the joblib workers.
  warnings.warn(
C:\Users\tiago\AppData\Roaming\Python\Python314\site-packages\sklearn\utils\parallel.py:144: UserWarning: `sklearn.utils.parallel.delayed` should be used with `sklearn.utils.parallel.Parallel` to make it possible to propagate the scikit-learn configuration of the current thread to the joblib workers.
  warnings.warn(
C:\Users\tiago\AppData\Roaming\Python\Python314\site-packages\sklearn\utils\parallel.py:144: UserWarning: `sklearn.utils.parallel.delayed` should be used with `sklearn.utils.parallel.Parallel` to make it possible to propagate the scikit-learn configuration of the current thread to the joblib workers.
  warnings.warn(
C:\Users\tiago\AppData\Roaming\Python\Python314\site-packages\sklearn\utils\parallel.py:144: UserWarning: `sklearn.utils.parallel.delayed` should be used with `sklearn.utils.parallel.Parallel` to make it possible to propagate the scikit-learn configuration of the current thread to the joblib workers.
  warnings.warn(
C:\Users\tiago\AppData\Roaming\Python\Python314\site-packages\sklearn\utils\parallel.py:144: UserWarning: `sklearn.utils.parallel.delayed` should be used with `sklearn.utils.parallel.Parallel` to make it possible to propagate the scikit-learn configuration of the current thread to the joblib workers.
  warnings.warn(
C:\Users\tiago\AppData\Roaming\Python\Python314\site-packages\sklearn\utils\parallel.py:144: UserWarning: `sklearn.utils.parallel.delayed` should be used with `sklearn.utils.parallel.Parallel` to make it possible to propagate the scikit-learn configuration of the current thread to the joblib workers.
  warnings.warn(
C:\Users\tiago\AppData\Roaming\Python\Python314\site-packages\sklearn\utils\parallel.py:144: UserWarning: `sklearn.utils.parallel.delayed` should be used with `sklearn.utils.parallel.Parallel` to make it possible to propagate the scikit-learn configuration of the current thread to the joblib workers.
  warnings.warn(
C:\Users\tiago\AppData\Roaming\Python\Python314\site-packages\sklearn\utils\parallel.py:144: UserWarning: `sklearn.utils.parallel.delayed` should be used with `sklearn.utils.parallel.Parallel` to make it possible to propagate the scikit-learn configuration of the current thread to the joblib workers.
  warnings.warn(
C:\Users\tiago\AppData\Roaming\Python\Python314\site-packages\sklearn\utils\parallel.py:144: UserWarning: `sklearn.utils.parallel.delayed` should be used with `sklearn.utils.parallel.Parallel` to make it possible to propagate the scikit-learn configuration of the current thread to the joblib workers.
  warnings.warn(
C:\Users\tiago\AppData\Roaming\Python\Python314\site-packages\sklearn\utils\parallel.py:144: UserWarning: `sklearn.utils.parallel.delayed` should be used with `sklearn.utils.parallel.Parallel` to make it possible to propagate the scikit-learn configuration of the current thread to the joblib workers.
  warnings.warn(
C:\Users\tiago\AppData\Roaming\Python\Python314\site-packages\sklearn\utils\parallel.py:144: UserWarning: `sklearn.utils.parallel.delayed` should be used with `sklearn.utils.parallel.Parallel` to make it possible to propagate the scikit-learn configuration of the current thread to the joblib workers.
  warnings.warn(
C:\Users\tiago\AppData\Roaming\Python\Python314\site-packages\sklearn\utils\parallel.py:144: UserWarning: `sklearn.utils.parallel.delayed` should be used with `sklearn.utils.parallel.Parallel` to make it possible to propagate the scikit-learn configuration of the current thread to the joblib workers.
  warnings.warn(
C:\Users\tiago\AppData\Roaming\Python\Python314\site-packages\sklearn\utils\parallel.py:144: UserWarning: `sklearn.utils.parallel.delayed` should be used with `sklearn.utils.parallel.Parallel` to make it possible to propagate the scikit-learn configuration of the current thread to the joblib workers.
  warnings.warn(
C:\Users\tiago\AppData\Roaming\Python\Python314\site-packages\sklearn\utils\parallel.py:144: UserWarning: `sklearn.utils.parallel.delayed` should be used with `sklearn.utils.parallel.Parallel` to make it possible to propagate the scikit-learn configuration of the current thread to the joblib workers.
  warnings.warn(
C:\Users\tiago\AppData\Roaming\Python\Python314\site-packages\sklearn\utils\parallel.py:144: UserWarning: `sklearn.utils.parallel.delayed` should be used with `sklearn.utils.parallel.Parallel` to make it possible to propagate the scikit-learn configuration of the current thread to the joblib workers.
  warnings.warn(
C:\Users\tiago\AppData\Roaming\Python\Python314\site-packages\sklearn\utils\parallel.py:144: UserWarning: `sklearn.utils.parallel.delayed` should be used with `sklearn.utils.parallel.Parallel` to make it possible to propagate the scikit-learn configuration of the current thread to the joblib workers.
  warnings.warn(
C:\Users\tiago\AppData\Roaming\Python\Python314\site-packages\sklearn\utils\parallel.py:144: UserWarning: `sklearn.utils.parallel.delayed` should be used with `sklearn.utils.parallel.Parallel` to make it possible to propagate the scikit-learn configuration of the current thread to the joblib workers.
  warnings.warn(
C:\Users\tiago\AppData\Roaming\Python\Python314\site-packages\sklearn\utils\parallel.py:144: UserWarning: `sklearn.utils.parallel.delayed` should be used with `sklearn.utils.parallel.Parallel` to make it possible to propagate the scikit-learn configuration of the current thread to the joblib workers.
  warnings.warn(
C:\Users\tiago\AppData\Roaming\Python\Python314\site-packages\sklearn\utils\parallel.py:144: UserWarning: `sklearn.utils.parallel.delayed` should be used with `sklearn.utils.parallel.Parallel` to make it possible to propagate the scikit-learn configuration of the current thread to the joblib workers.
  warnings.warn(
C:\Users\tiago\AppData\Roaming\Python\Python314\site-packages\sklearn\utils\parallel.py:144: UserWarning: `sklearn.utils.parallel.delayed` should be used with `sklearn.utils.parallel.Parallel` to make it possible to propagate the scikit-learn configuration of the current thread to the joblib workers.
  warnings.warn(
C:\Users\tiago\AppData\Roaming\Python\Python314\site-packages\sklearn\utils\parallel.py:144: UserWarning: `sklearn.utils.parallel.delayed` should be used with `sklearn.utils.parallel.Parallel` to make it possible to propagate the scikit-learn configuration of the current thread to the joblib workers.
  warnings.warn(
C:\Users\tiago\AppData\Roaming\Python\Python314\site-packages\sklearn\utils\parallel.py:144: UserWarning: `sklearn.utils.parallel.delayed` should be used with `sklearn.utils.parallel.Parallel` to make it possible to propagate the scikit-learn configuration of the current thread to the joblib workers.
  warnings.warn(
C:\Users\tiago\AppData\Roaming\Python\Python314\site-packages\sklearn\utils\parallel.py:144: UserWarning: `sklearn.utils.parallel.delayed` should be used with `sklearn.utils.parallel.Parallel` to make it possible to propagate the scikit-learn configuration of the current thread to the joblib workers.
  warnings.warn(
C:\Users\tiago\AppData\Roaming\Python\Python314\site-packages\sklearn\utils\parallel.py:144: UserWarning: `sklearn.utils.parallel.delayed` should be used with `sklearn.utils.parallel.Parallel` to make it possible to propagate the scikit-learn configuration of the current thread to the joblib workers.
  warnings.warn(
C:\Users\tiago\AppData\Roaming\Python\Python314\site-packages\sklearn\utils\parallel.py:144: UserWarning: `sklearn.utils.parallel.delayed` should be used with `sklearn.utils.parallel.Parallel` to make it possible to propagate the scikit-learn configuration of the current thread to the joblib workers.
  warnings.warn(
C:\Users\tiago\AppData\Roaming\Python\Python314\site-packages\sklearn\utils\parallel.py:144: UserWarning: `sklearn.utils.parallel.delayed` should be used with `sklearn.utils.parallel.Parallel` to make it possible to propagate the scikit-learn configuration of the current thread to the joblib workers.
  warnings.warn(
C:\Users\tiago\AppData\Roaming\Python\Python314\site-packages\sklearn\utils\parallel.py:144: UserWarning: `sklearn.utils.parallel.delayed` should be used with `sklearn.utils.parallel.Parallel` to make it possible to propagate the scikit-learn configuration of the current thread to the joblib workers.
  warnings.warn(
C:\Users\tiago\AppData\Roaming\Python\Python314\site-packages\sklearn\utils\parallel.py:144: UserWarning: `sklearn.utils.parallel.delayed` should be used with `sklearn.utils.parallel.Parallel` to make it possible to propagate the scikit-learn configuration of the current thread to the joblib workers.
  warnings.warn(
C:\Users\tiago\AppData\Roaming\Python\Python314\site-packages\sklearn\utils\parallel.py:144: UserWarning: `sklearn.utils.parallel.delayed` should be used with `sklearn.utils.parallel.Parallel` to make it possible to propagate the scikit-learn configuration of the current thread to the joblib workers.
  warnings.warn(
C:\Users\tiago\AppData\Roaming\Python\Python314\site-packages\sklearn\utils\parallel.py:144: UserWarning: `sklearn.utils.parallel.delayed` should be used with `sklearn.utils.parallel.Parallel` to make it possible to propagate the scikit-learn configuration of the current thread to the joblib workers.
  warnings.warn(
C:\Users\tiago\AppData\Roaming\Python\Python314\site-packages\sklearn\utils\parallel.py:144: UserWarning: `sklearn.utils.parallel.delayed` should be used with `sklearn.utils.parallel.Parallel` to make it possible to propagate the scikit-learn configuration of the current thread to the joblib workers.
  warnings.warn(
C:\Users\tiago\AppData\Roaming\Python\Python314\site-packages\sklearn\utils\parallel.py:144: UserWarning: `sklearn.utils.parallel.delayed` should be used with `sklearn.utils.parallel.Parallel` to make it possible to propagate the scikit-learn configuration of the current thread to the joblib workers.
  warnings.warn(
C:\Users\tiago\AppData\Roaming\Python\Python314\site-packages\sklearn\utils\parallel.py:144: UserWarning: `sklearn.utils.parallel.delayed` should be used with `sklearn.utils.parallel.Parallel` to make it possible to propagate the scikit-learn configuration of the current thread to the joblib workers.
  warnings.warn(
C:\Users\tiago\AppData\Roaming\Python\Python314\site-packages\sklearn\utils\parallel.py:144: UserWarning: `sklearn.utils.parallel.delayed` should be used with `sklearn.utils.parallel.Parallel` to make it possible to propagate the scikit-learn configuration of the current thread to the joblib workers.
  warnings.warn(
C:\Users\tiago\AppData\Roaming\Python\Python314\site-packages\sklearn\utils\parallel.py:144: UserWarning: `sklearn.utils.parallel.delayed` should be used with `sklearn.utils.parallel.Parallel` to make it possible to propagate the scikit-learn configuration of the current thread to the joblib workers.
  warnings.warn(
C:\Users\tiago\AppData\Roaming\Python\Python314\site-packages\sklearn\utils\parallel.py:144: UserWarning: `sklearn.utils.parallel.delayed` should be used with `sklearn.utils.parallel.Parallel` to make it possible to propagate the scikit-learn configuration of the current thread to the joblib workers.
  warnings.warn(
C:\Users\tiago\AppData\Roaming\Python\Python314\site-packages\sklearn\utils\parallel.py:144: UserWarning: `sklearn.utils.parallel.delayed` should be used with `sklearn.utils.parallel.Parallel` to make it possible to propagate the scikit-learn configuration of the current thread to the joblib workers.
  warnings.warn(
C:\Users\tiago\AppData\Roaming\Python\Python314\site-packages\sklearn\utils\parallel.py:144: UserWarning: `sklearn.utils.parallel.delayed` should be used with `sklearn.utils.parallel.Parallel` to make it possible to propagate the scikit-learn configuration of the current thread to the joblib workers.
  warnings.warn(
C:\Users\tiago\AppData\Roaming\Python\Python314\site-packages\sklearn\utils\parallel.py:144: UserWarning: `sklearn.utils.parallel.delayed` should be used with `sklearn.utils.parallel.Parallel` to make it possible to propagate the scikit-learn configuration of the current thread to the joblib workers.
  warnings.warn(
C:\Users\tiago\AppData\Roaming\Python\Python314\site-packages\sklearn\utils\parallel.py:144: UserWarning: `sklearn.utils.parallel.delayed` should be used with `sklearn.utils.parallel.Parallel` to make it possible to propagate the scikit-learn configuration of the current thread to the joblib workers.
  warnings.warn(
C:\Users\tiago\AppData\Roaming\Python\Python314\site-packages\sklearn\utils\parallel.py:144: UserWarning: `sklearn.utils.parallel.delayed` should be used with `sklearn.utils.parallel.Parallel` to make it possible to propagate the scikit-learn configuration of the current thread to the joblib workers.
  warnings.warn(
C:\Users\tiago\AppData\Roaming\Python\Python314\site-packages\sklearn\utils\parallel.py:144: UserWarning: `sklearn.utils.parallel.delayed` should be used with `sklearn.utils.parallel.Parallel` to make it possible to propagate the scikit-learn configuration of the current thread to the joblib workers.
  warnings.warn(
C:\Users\tiago\AppData\Roaming\Python\Python314\site-packages\sklearn\utils\parallel.py:144: UserWarning: `sklearn.utils.parallel.delayed` should be used with `sklearn.utils.parallel.Parallel` to make it possible to propagate the scikit-learn configuration of the current thread to the joblib workers.
  warnings.warn(
C:\Users\tiago\AppData\Roaming\Python\Python314\site-packages\sklearn\utils\parallel.py:144: UserWarning: `sklearn.utils.parallel.delayed` should be used with `sklearn.utils.parallel.Parallel` to make it possible to propagate the scikit-learn configuration of the current thread to the joblib workers.
  warnings.warn(
C:\Users\tiago\AppData\Roaming\Python\Python314\site-packages\sklearn\utils\parallel.py:144: UserWarning: `sklearn.utils.parallel.delayed` should be used with `sklearn.utils.parallel.Parallel` to make it possible to propagate the scikit-learn configuration of the current thread to the joblib workers.
  warnings.warn(
C:\Users\tiago\AppData\Roaming\Python\Python314\site-packages\sklearn\utils\parallel.py:144: UserWarning: `sklearn.utils.parallel.delayed` should be used with `sklearn.utils.parallel.Parallel` to make it possible to propagate the scikit-learn configuration of the current thread to the joblib workers.
  warnings.warn(
C:\Users\tiago\AppData\Roaming\Python\Python314\site-packages\sklearn\utils\parallel.py:144: UserWarning: `sklearn.utils.parallel.delayed` should be used with `sklearn.utils.parallel.Parallel` to make it possible to propagate the scikit-learn configuration of the current thread to the joblib workers.
  warnings.warn(
C:\Users\tiago\AppData\Roaming\Python\Python314\site-packages\sklearn\utils\parallel.py:144: UserWarning: `sklearn.utils.parallel.delayed` should be used with `sklearn.utils.parallel.Parallel` to make it possible to propagate the scikit-learn configuration of the current thread to the joblib workers.
  warnings.warn(
C:\Users\tiago\AppData\Roaming\Python\Python314\site-packages\sklearn\utils\parallel.py:144: UserWarning: `sklearn.utils.parallel.delayed` should be used with `sklearn.utils.parallel.Parallel` to make it possible to propagate the scikit-learn configuration of the current thread to the joblib workers.
  warnings.warn(
C:\Users\tiago\AppData\Roaming\Python\Python314\site-packages\sklearn\utils\parallel.py:144: UserWarning: `sklearn.utils.parallel.delayed` should be used with `sklearn.utils.parallel.Parallel` to make it possible to propagate the scikit-learn configuration of the current thread to the joblib workers.
  warnings.warn(
C:\Users\tiago\AppData\Roaming\Python\Python314\site-packages\sklearn\utils\parallel.py:144: UserWarning: `sklearn.utils.parallel.delayed` should be used with `sklearn.utils.parallel.Parallel` to make it possible to propagate the scikit-learn configuration of the current thread to the joblib workers.
  warnings.warn(
C:\Users\tiago\AppData\Roaming\Python\Python314\site-packages\sklearn\utils\parallel.py:144: UserWarning: `sklearn.utils.parallel.delayed` should be used with `sklearn.utils.parallel.Parallel` to make it possible to propagate the scikit-learn configuration of the current thread to the joblib workers.
  warnings.warn(
C:\Users\tiago\AppData\Roaming\Python\Python314\site-packages\sklearn\utils\parallel.py:144: UserWarning: `sklearn.utils.parallel.delayed` should be used with `sklearn.utils.parallel.Parallel` to make it possible to propagate the scikit-learn configuration of the current thread to the joblib workers.
  warnings.warn(
C:\Users\tiago\AppData\Roaming\Python\Python314\site-packages\sklearn\utils\parallel.py:144: UserWarning: `sklearn.utils.parallel.delayed` should be used with `sklearn.utils.parallel.Parallel` to make it possible to propagate the scikit-learn configuration of the current thread to the joblib workers.
  warnings.warn(
C:\Users\tiago\AppData\Roaming\Python\Python314\site-packages\sklearn\utils\parallel.py:144: UserWarning: `sklearn.utils.parallel.delayed` should be used with `sklearn.utils.parallel.Parallel` to make it possible to propagate the scikit-learn configuration of the current thread to the joblib workers.
  warnings.warn(
C:\Users\tiago\AppData\Roaming\Python\Python314\site-packages\sklearn\utils\parallel.py:144: UserWarning: `sklearn.utils.parallel.delayed` should be used with `sklearn.utils.parallel.Parallel` to make it possible to propagate the scikit-learn configuration of the current thread to the joblib workers.
  warnings.warn(
C:\Users\tiago\AppData\Roaming\Python\Python314\site-packages\sklearn\utils\parallel.py:144: UserWarning: `sklearn.utils.parallel.delayed` should be used with `sklearn.utils.parallel.Parallel` to make it possible to propagate the scikit-learn configuration of the current thread to the joblib workers.
  warnings.warn(
C:\Users\tiago\AppData\Roaming\Python\Python314\site-packages\sklearn\utils\parallel.py:144: UserWarning: `sklearn.utils.parallel.delayed` should be used with `sklearn.utils.parallel.Parallel` to make it possible to propagate the scikit-learn configuration of the current thread to the joblib workers.
  warnings.warn(
C:\Users\tiago\AppData\Roaming\Python\Python314\site-packages\sklearn\utils\parallel.py:144: UserWarning: `sklearn.utils.parallel.delayed` should be used with `sklearn.utils.parallel.Parallel` to make it possible to propagate the scikit-learn configuration of the current thread to the joblib workers.
  warnings.warn(
C:\Users\tiago\AppData\Roaming\Python\Python314\site-packages\sklearn\utils\parallel.py:144: UserWarning: `sklearn.utils.parallel.delayed` should be used with `sklearn.utils.parallel.Parallel` to make it possible to propagate the scikit-learn configuration of the current thread to the joblib workers.
  warnings.warn(
C:\Users\tiago\AppData\Roaming\Python\Python314\site-packages\sklearn\utils\parallel.py:144: UserWarning: `sklearn.utils.parallel.delayed` should be used with `sklearn.utils.parallel.Parallel` to make it possible to propagate the scikit-learn configuration of the current thread to the joblib workers.
  warnings.warn(
C:\Users\tiago\AppData\Roaming\Python\Python314\site-packages\sklearn\utils\parallel.py:144: UserWarning: `sklearn.utils.parallel.delayed` should be used with `sklearn.utils.parallel.Parallel` to make it possible to propagate the scikit-learn configuration of the current thread to the joblib workers.
  warnings.warn(
C:\Users\tiago\AppData\Roaming\Python\Python314\site-packages\sklearn\utils\parallel.py:144: UserWarning: `sklearn.utils.parallel.delayed` should be used with `sklearn.utils.parallel.Parallel` to make it possible to propagate the scikit-learn configuration of the current thread to the joblib workers.
  warnings.warn(
C:\Users\tiago\AppData\Roaming\Python\Python314\site-packages\sklearn\utils\parallel.py:144: UserWarning: `sklearn.utils.parallel.delayed` should be used with `sklearn.utils.parallel.Parallel` to make it possible to propagate the scikit-learn configuration of the current thread to the joblib workers.
  warnings.warn(
C:\Users\tiago\AppData\Roaming\Python\Python314\site-packages\sklearn\utils\parallel.py:144: UserWarning: `sklearn.utils.parallel.delayed` should be used with `sklearn.utils.parallel.Parallel` to make it possible to propagate the scikit-learn configuration of the current thread to the joblib workers.
  warnings.warn(
C:\Users\tiago\AppData\Roaming\Python\Python314\site-packages\sklearn\utils\parallel.py:144: UserWarning: `sklearn.utils.parallel.delayed` should be used with `sklearn.utils.parallel.Parallel` to make it possible to propagate the scikit-learn configuration of the current thread to the joblib workers.
  warnings.warn(
C:\Users\tiago\AppData\Roaming\Python\Python314\site-packages\sklearn\utils\parallel.py:144: UserWarning: `sklearn.utils.parallel.delayed` should be used with `sklearn.utils.parallel.Parallel` to make it possible to propagate the scikit-learn configuration of the current thread to the joblib workers.
  warnings.warn(
C:\Users\tiago\AppData\Roaming\Python\Python314\site-packages\sklearn\utils\parallel.py:144: UserWarning: `sklearn.utils.parallel.delayed` should be used with `sklearn.utils.parallel.Parallel` to make it possible to propagate the scikit-learn configuration of the current thread to the joblib workers.
  warnings.warn(
C:\Users\tiago\AppData\Roaming\Python\Python314\site-packages\sklearn\utils\parallel.py:144: UserWarning: `sklearn.utils.parallel.delayed` should be used with `sklearn.utils.parallel.Parallel` to make it possible to propagate the scikit-learn configuration of the current thread to the joblib workers.
  warnings.warn(
C:\Users\tiago\AppData\Roaming\Python\Python314\site-packages\sklearn\utils\parallel.py:144: UserWarning: `sklearn.utils.parallel.delayed` should be used with `sklearn.utils.parallel.Parallel` to make it possible to propagate the scikit-learn configuration of the current thread to the joblib workers.
  warnings.warn(
C:\Users\tiago\AppData\Roaming\Python\Python314\site-packages\sklearn\utils\parallel.py:144: UserWarning: `sklearn.utils.parallel.delayed` should be used with `sklearn.utils.parallel.Parallel` to make it possible to propagate the scikit-learn configuration of the current thread to the joblib workers.
  warnings.warn(
C:\Users\tiago\AppData\Roaming\Python\Python314\site-packages\sklearn\utils\parallel.py:144: UserWarning: `sklearn.utils.parallel.delayed` should be used with `sklearn.utils.parallel.Parallel` to make it possible to propagate the scikit-learn configuration of the current thread to the joblib workers.
  warnings.warn(
C:\Users\tiago\AppData\Roaming\Python\Python314\site-packages\sklearn\utils\parallel.py:144: UserWarning: `sklearn.utils.parallel.delayed` should be used with `sklearn.utils.parallel.Parallel` to make it possible to propagate the scikit-learn configuration of the current thread to the joblib workers.
  warnings.warn(
C:\Users\tiago\AppData\Roaming\Python\Python314\site-packages\sklearn\utils\parallel.py:144: UserWarning: `sklearn.utils.parallel.delayed` should be used with `sklearn.utils.parallel.Parallel` to make it possible to propagate the scikit-learn configuration of the current thread to the joblib workers.
  warnings.warn(
C:\Users\tiago\AppData\Roaming\Python\Python314\site-packages\sklearn\utils\parallel.py:144: UserWarning: `sklearn.utils.parallel.delayed` should be used with `sklearn.utils.parallel.Parallel` to make it possible to propagate the scikit-learn configuration of the current thread to the joblib workers.
  warnings.warn(
C:\Users\tiago\AppData\Roaming\Python\Python314\site-packages\sklearn\utils\parallel.py:144: UserWarning: `sklearn.utils.parallel.delayed` should be used with `sklearn.utils.parallel.Parallel` to make it possible to propagate the scikit-learn configuration of the current thread to the joblib workers.
  warnings.warn(
C:\Users\tiago\AppData\Roaming\Python\Python314\site-packages\sklearn\utils\parallel.py:144: UserWarning: `sklearn.utils.parallel.delayed` should be used with `sklearn.utils.parallel.Parallel` to make it possible to propagate the scikit-learn configuration of the current thread to the joblib workers.
  warnings.warn(
C:\Users\tiago\AppData\Roaming\Python\Python314\site-packages\sklearn\utils\parallel.py:144: UserWarning: `sklearn.utils.parallel.delayed` should be used with `sklearn.utils.parallel.Parallel` to make it possible to propagate the scikit-learn configuration of the current thread to the joblib workers.
  warnings.warn(
C:\Users\tiago\AppData\Roaming\Python\Python314\site-packages\sklearn\utils\parallel.py:144: UserWarning: `sklearn.utils.parallel.delayed` should be used with `sklearn.utils.parallel.Parallel` to make it possible to propagate the scikit-learn configuration of the current thread to the joblib workers.
  warnings.warn(
C:\Users\tiago\AppData\Roaming\Python\Python314\site-packages\sklearn\utils\parallel.py:144: UserWarning: `sklearn.utils.parallel.delayed` should be used with `sklearn.utils.parallel.Parallel` to make it possible to propagate the scikit-learn configuration of the current thread to the joblib workers.
  warnings.warn(
C:\Users\tiago\AppData\Roaming\Python\Python314\site-packages\sklearn\utils\parallel.py:144: UserWarning: `sklearn.utils.parallel.delayed` should be used with `sklearn.utils.parallel.Parallel` to make it possible to propagate the scikit-learn configuration of the current thread to the joblib workers.
  warnings.warn(
C:\Users\tiago\AppData\Roaming\Python\Python314\site-packages\sklearn\utils\parallel.py:144: UserWarning: `sklearn.utils.parallel.delayed` should be used with `sklearn.utils.parallel.Parallel` to make it possible to propagate the scikit-learn configuration of the current thread to the joblib workers.
  warnings.warn(
C:\Users\tiago\AppData\Roaming\Python\Python314\site-packages\sklearn\utils\parallel.py:144: UserWarning: `sklearn.utils.parallel.delayed` should be used with `sklearn.utils.parallel.Parallel` to make it possible to propagate the scikit-learn configuration of the current thread to the joblib workers.
  warnings.warn(
C:\Users\tiago\AppData\Roaming\Python\Python314\site-packages\sklearn\utils\parallel.py:144: UserWarning: `sklearn.utils.parallel.delayed` should be used with `sklearn.utils.parallel.Parallel` to make it possible to propagate the scikit-learn configuration of the current thread to the joblib workers.
  warnings.warn(
C:\Users\tiago\AppData\Roaming\Python\Python314\site-packages\sklearn\utils\parallel.py:144: UserWarning: `sklearn.utils.parallel.delayed` should be used with `sklearn.utils.parallel.Parallel` to make it possible to propagate the scikit-learn configuration of the current thread to the joblib workers.
  warnings.warn(
C:\Users\tiago\AppData\Roaming\Python\Python314\site-packages\sklearn\utils\parallel.py:144: UserWarning: `sklearn.utils.parallel.delayed` should be used with `sklearn.utils.parallel.Parallel` to make it possible to propagate the scikit-learn configuration of the current thread to the joblib workers.
  warnings.warn(
C:\Users\tiago\AppData\Roaming\Python\Python314\site-packages\sklearn\utils\parallel.py:144: UserWarning: `sklearn.utils.parallel.delayed` should be used with `sklearn.utils.parallel.Parallel` to make it possible to propagate the scikit-learn configuration of the current thread to the joblib workers.
  warnings.warn(
C:\Users\tiago\AppData\Roaming\Python\Python314\site-packages\sklearn\utils\parallel.py:144: UserWarning: `sklearn.utils.parallel.delayed` should be used with `sklearn.utils.parallel.Parallel` to make it possible to propagate the scikit-learn configuration of the current thread to the joblib workers.
  warnings.warn(
C:\Users\tiago\AppData\Roaming\Python\Python314\site-packages\sklearn\utils\parallel.py:144: UserWarning: `sklearn.utils.parallel.delayed` should be used with `sklearn.utils.parallel.Parallel` to make it possible to propagate the scikit-learn configuration of the current thread to the joblib workers.
  warnings.warn(
C:\Users\tiago\AppData\Roaming\Python\Python314\site-packages\sklearn\utils\parallel.py:144: UserWarning: `sklearn.utils.parallel.delayed` should be used with `sklearn.utils.parallel.Parallel` to make it possible to propagate the scikit-learn configuration of the current thread to the joblib workers.
  warnings.warn(
C:\Users\tiago\AppData\Roaming\Python\Python314\site-packages\sklearn\utils\parallel.py:144: UserWarning: `sklearn.utils.parallel.delayed` should be used with `sklearn.utils.parallel.Parallel` to make it possible to propagate the scikit-learn configuration of the current thread to the joblib workers.
  warnings.warn(
C:\Users\tiago\AppData\Roaming\Python\Python314\site-packages\sklearn\utils\parallel.py:144: UserWarning: `sklearn.utils.parallel.delayed` should be used with `sklearn.utils.parallel.Parallel` to make it possible to propagate the scikit-learn configuration of the current thread to the joblib workers.
  warnings.warn(
C:\Users\tiago\AppData\Roaming\Python\Python314\site-packages\sklearn\utils\parallel.py:144: UserWarning: `sklearn.utils.parallel.delayed` should be used with `sklearn.utils.parallel.Parallel` to make it possible to propagate the scikit-learn configuration of the current thread to the joblib workers.
  warnings.warn(
C:\Users\tiago\AppData\Roaming\Python\Python314\site-packages\sklearn\utils\parallel.py:144: UserWarning: `sklearn.utils.parallel.delayed` should be used with `sklearn.utils.parallel.Parallel` to make it possible to propagate the scikit-learn configuration of the current thread to the joblib workers.
  warnings.warn(
C:\Users\tiago\AppData\Roaming\Python\Python314\site-packages\sklearn\utils\parallel.py:144: UserWarning: `sklearn.utils.parallel.delayed` should be used with `sklearn.utils.parallel.Parallel` to make it possible to propagate the scikit-learn configuration of the current thread to the joblib workers.
  warnings.warn(
C:\Users\tiago\AppData\Roaming\Python\Python314\site-packages\sklearn\utils\parallel.py:144: UserWarning: `sklearn.utils.parallel.delayed` should be used with `sklearn.utils.parallel.Parallel` to make it possible to propagate the scikit-learn configuration of the current thread to the joblib workers.
  warnings.warn(
C:\Users\tiago\AppData\Roaming\Python\Python314\site-packages\sklearn\utils\parallel.py:144: UserWarning: `sklearn.utils.parallel.delayed` should be used with `sklearn.utils.parallel.Parallel` to make it possible to propagate the scikit-learn configuration of the current thread to the joblib workers.
  warnings.warn(
C:\Users\tiago\AppData\Roaming\Python\Python314\site-packages\sklearn\utils\parallel.py:144: UserWarning: `sklearn.utils.parallel.delayed` should be used with `sklearn.utils.parallel.Parallel` to make it possible to propagate the scikit-learn configuration of the current thread to the joblib workers.
  warnings.warn(
C:\Users\tiago\AppData\Roaming\Python\Python314\site-packages\sklearn\utils\parallel.py:144: UserWarning: `sklearn.utils.parallel.delayed` should be used with `sklearn.utils.parallel.Parallel` to make it possible to propagate the scikit-learn configuration of the current thread to the joblib workers.
  warnings.warn(
C:\Users\tiago\AppData\Roaming\Python\Python314\site-packages\sklearn\utils\parallel.py:144: UserWarning: `sklearn.utils.parallel.delayed` should be used with `sklearn.utils.parallel.Parallel` to make it possible to propagate the scikit-learn configuration of the current thread to the joblib workers.
  warnings.warn(
C:\Users\tiago\AppData\Roaming\Python\Python314\site-packages\sklearn\utils\parallel.py:144: UserWarning: `sklearn.utils.parallel.delayed` should be used with `sklearn.utils.parallel.Parallel` to make it possible to propagate the scikit-learn configuration of the current thread to the joblib workers.
  warnings.warn(
C:\Users\tiago\AppData\Roaming\Python\Python314\site-packages\sklearn\utils\parallel.py:144: UserWarning: `sklearn.utils.parallel.delayed` should be used with `sklearn.utils.parallel.Parallel` to make it possible to propagate the scikit-learn configuration of the current thread to the joblib workers.
  warnings.warn(
C:\Users\tiago\AppData\Roaming\Python\Python314\site-packages\sklearn\utils\parallel.py:144: UserWarning: `sklearn.utils.parallel.delayed` should be used with `sklearn.utils.parallel.Parallel` to make it possible to propagate the scikit-learn configuration of the current thread to the joblib workers.
  warnings.warn(
C:\Users\tiago\AppData\Roaming\Python\Python314\site-packages\sklearn\utils\parallel.py:144: UserWarning: `sklearn.utils.parallel.delayed` should be used with `sklearn.utils.parallel.Parallel` to make it possible to propagate the scikit-learn configuration of the current thread to the joblib workers.
  warnings.warn(
C:\Users\tiago\AppData\Roaming\Python\Python314\site-packages\sklearn\utils\parallel.py:144: UserWarning: `sklearn.utils.parallel.delayed` should be used with `sklearn.utils.parallel.Parallel` to make it possible to propagate the scikit-learn configuration of the current thread to the joblib workers.
  warnings.warn(
C:\Users\tiago\AppData\Roaming\Python\Python314\site-packages\sklearn\utils\parallel.py:144: UserWarning: `sklearn.utils.parallel.delayed` should be used with `sklearn.utils.parallel.Parallel` to make it possible to propagate the scikit-learn configuration of the current thread to the joblib workers.
  warnings.warn(
C:\Users\tiago\AppData\Roaming\Python\Python314\site-packages\sklearn\utils\parallel.py:144: UserWarning: `sklearn.utils.parallel.delayed` should be used with `sklearn.utils.parallel.Parallel` to make it possible to propagate the scikit-learn configuration of the current thread to the joblib workers.
  warnings.warn(
C:\Users\tiago\AppData\Roaming\Python\Python314\site-packages\sklearn\utils\parallel.py:144: UserWarning: `sklearn.utils.parallel.delayed` should be used with `sklearn.utils.parallel.Parallel` to make it possible to propagate the scikit-learn configuration of the current thread to the joblib workers.
  warnings.warn(
C:\Users\tiago\AppData\Roaming\Python\Python314\site-packages\sklearn\utils\parallel.py:144: UserWarning: `sklearn.utils.parallel.delayed` should be used with `sklearn.utils.parallel.Parallel` to make it possible to propagate the scikit-learn configuration of the current thread to the joblib workers.
  warnings.warn(
C:\Users\tiago\AppData\Roaming\Python\Python314\site-packages\sklearn\utils\parallel.py:144: UserWarning: `sklearn.utils.parallel.delayed` should be used with `sklearn.utils.parallel.Parallel` to make it possible to propagate the scikit-learn configuration of the current thread to the joblib workers.
  warnings.warn(
C:\Users\tiago\AppData\Roaming\Python\Python314\site-packages\sklearn\utils\parallel.py:144: UserWarning: `sklearn.utils.parallel.delayed` should be used with `sklearn.utils.parallel.Parallel` to make it possible to propagate the scikit-learn configuration of the current thread to the joblib workers.
  warnings.warn(
C:\Users\tiago\AppData\Roaming\Python\Python314\site-packages\sklearn\utils\parallel.py:144: UserWarning: `sklearn.utils.parallel.delayed` should be used with `sklearn.utils.parallel.Parallel` to make it possible to propagate the scikit-learn configuration of the current thread to the joblib workers.
  warnings.warn(
C:\Users\tiago\AppData\Roaming\Python\Python314\site-packages\sklearn\utils\parallel.py:144: UserWarning: `sklearn.utils.parallel.delayed` should be used with `sklearn.utils.parallel.Parallel` to make it possible to propagate the scikit-learn configuration of the current thread to the joblib workers.
  warnings.warn(
C:\Users\tiago\AppData\Roaming\Python\Python314\site-packages\sklearn\utils\parallel.py:144: UserWarning: `sklearn.utils.parallel.delayed` should be used with `sklearn.utils.parallel.Parallel` to make it possible to propagate the scikit-learn configuration of the current thread to the joblib workers.
  warnings.warn(
C:\Users\tiago\AppData\Roaming\Python\Python314\site-packages\sklearn\utils\parallel.py:144: UserWarning: `sklearn.utils.parallel.delayed` should be used with `sklearn.utils.parallel.Parallel` to make it possible to propagate the scikit-learn configuration of the current thread to the joblib workers.
  warnings.warn(
C:\Users\tiago\AppData\Roaming\Python\Python314\site-packages\sklearn\utils\parallel.py:144: UserWarning: `sklearn.utils.parallel.delayed` should be used with `sklearn.utils.parallel.Parallel` to make it possible to propagate the scikit-learn configuration of the current thread to the joblib workers.
  warnings.warn(
C:\Users\tiago\AppData\Roaming\Python\Python314\site-packages\sklearn\utils\parallel.py:144: UserWarning: `sklearn.utils.parallel.delayed` should be used with `sklearn.utils.parallel.Parallel` to make it possible to propagate the scikit-learn configuration of the current thread to the joblib workers.
  warnings.warn(
C:\Users\tiago\AppData\Roaming\Python\Python314\site-packages\sklearn\utils\parallel.py:144: UserWarning: `sklearn.utils.parallel.delayed` should be used with `sklearn.utils.parallel.Parallel` to make it possible to propagate the scikit-learn configuration of the current thread to the joblib workers.
  warnings.warn(
C:\Users\tiago\AppData\Roaming\Python\Python314\site-packages\sklearn\utils\parallel.py:144: UserWarning: `sklearn.utils.parallel.delayed` should be used with `sklearn.utils.parallel.Parallel` to make it possible to propagate the scikit-learn configuration of the current thread to the joblib workers.
  warnings.warn(
C:\Users\tiago\AppData\Roaming\Python\Python314\site-packages\sklearn\utils\parallel.py:144: UserWarning: `sklearn.utils.parallel.delayed` should be used with `sklearn.utils.parallel.Parallel` to make it possible to propagate the scikit-learn configuration of the current thread to the joblib workers.
  warnings.warn(
C:\Users\tiago\AppData\Roaming\Python\Python314\site-packages\sklearn\utils\parallel.py:144: UserWarning: `sklearn.utils.parallel.delayed` should be used with `sklearn.utils.parallel.Parallel` to make it possible to propagate the scikit-learn configuration of the current thread to the joblib workers.
  warnings.warn(
C:\Users\tiago\AppData\Roaming\Python\Python314\site-packages\sklearn\utils\parallel.py:144: UserWarning: `sklearn.utils.parallel.delayed` should be used with `sklearn.utils.parallel.Parallel` to make it possible to propagate the scikit-learn configuration of the current thread to the joblib workers.
  warnings.warn(
C:\Users\tiago\AppData\Roaming\Python\Python314\site-packages\sklearn\utils\parallel.py:144: UserWarning: `sklearn.utils.parallel.delayed` should be used with `sklearn.utils.parallel.Parallel` to make it possible to propagate the scikit-learn configuration of the current thread to the joblib workers.
  warnings.warn(
C:\Users\tiago\AppData\Roaming\Python\Python314\site-packages\sklearn\utils\parallel.py:144: UserWarning: `sklearn.utils.parallel.delayed` should be used with `sklearn.utils.parallel.Parallel` to make it possible to propagate the scikit-learn configuration of the current thread to the joblib workers.
  warnings.warn(
C:\Users\tiago\AppData\Roaming\Python\Python314\site-packages\sklearn\utils\parallel.py:144: UserWarning: `sklearn.utils.parallel.delayed` should be used with `sklearn.utils.parallel.Parallel` to make it possible to propagate the scikit-learn configuration of the current thread to the joblib workers.
  warnings.warn(
C:\Users\tiago\AppData\Roaming\Python\Python314\site-packages\sklearn\utils\parallel.py:144: UserWarning: `sklearn.utils.parallel.delayed` should be used with `sklearn.utils.parallel.Parallel` to make it possible to propagate the scikit-learn configuration of the current thread to the joblib workers.
  warnings.warn(
C:\Users\tiago\AppData\Roaming\Python\Python314\site-packages\sklearn\utils\parallel.py:144: UserWarning: `sklearn.utils.parallel.delayed` should be used with `sklearn.utils.parallel.Parallel` to make it possible to propagate the scikit-learn configuration of the current thread to the joblib workers.
  warnings.warn(
C:\Users\tiago\AppData\Roaming\Python\Python314\site-packages\sklearn\utils\parallel.py:144: UserWarning: `sklearn.utils.parallel.delayed` should be used with `sklearn.utils.parallel.Parallel` to make it possible to propagate the scikit-learn configuration of the current thread to the joblib workers.
  warnings.warn(
C:\Users\tiago\AppData\Roaming\Python\Python314\site-packages\sklearn\utils\parallel.py:144: UserWarning: `sklearn.utils.parallel.delayed` should be used with `sklearn.utils.parallel.Parallel` to make it possible to propagate the scikit-learn configuration of the current thread to the joblib workers.
  warnings.warn(
C:\Users\tiago\AppData\Roaming\Python\Python314\site-packages\sklearn\utils\parallel.py:144: UserWarning: `sklearn.utils.parallel.delayed` should be used with `sklearn.utils.parallel.Parallel` to make it possible to propagate the scikit-learn configuration of the current thread to the joblib workers.
  warnings.warn(
C:\Users\tiago\AppData\Roaming\Python\Python314\site-packages\sklearn\utils\parallel.py:144: UserWarning: `sklearn.utils.parallel.delayed` should be used with `sklearn.utils.parallel.Parallel` to make it possible to propagate the scikit-learn configuration of the current thread to the joblib workers.
  warnings.warn(
C:\Users\tiago\AppData\Roaming\Python\Python314\site-packages\sklearn\utils\parallel.py:144: UserWarning: `sklearn.utils.parallel.delayed` should be used with `sklearn.utils.parallel.Parallel` to make it possible to propagate the scikit-learn configuration of the current thread to the joblib workers.
  warnings.warn(
C:\Users\tiago\AppData\Roaming\Python\Python314\site-packages\sklearn\utils\parallel.py:144: UserWarning: `sklearn.utils.parallel.delayed` should be used with `sklearn.utils.parallel.Parallel` to make it possible to propagate the scikit-learn configuration of the current thread to the joblib workers.
  warnings.warn(
C:\Users\tiago\AppData\Roaming\Python\Python314\site-packages\sklearn\utils\parallel.py:144: UserWarning: `sklearn.utils.parallel.delayed` should be used with `sklearn.utils.parallel.Parallel` to make it possible to propagate the scikit-learn configuration of the current thread to the joblib workers.
  warnings.warn(
C:\Users\tiago\AppData\Roaming\Python\Python314\site-packages\sklearn\utils\parallel.py:144: UserWarning: `sklearn.utils.parallel.delayed` should be used with `sklearn.utils.parallel.Parallel` to make it possible to propagate the scikit-learn configuration of the current thread to the joblib workers.
  warnings.warn(
C:\Users\tiago\AppData\Roaming\Python\Python314\site-packages\sklearn\utils\parallel.py:144: UserWarning: `sklearn.utils.parallel.delayed` should be used with `sklearn.utils.parallel.Parallel` to make it possible to propagate the scikit-learn configuration of the current thread to the joblib workers.
  warnings.warn(
C:\Users\tiago\AppData\Roaming\Python\Python314\site-packages\sklearn\utils\parallel.py:144: UserWarning: `sklearn.utils.parallel.delayed` should be used with `sklearn.utils.parallel.Parallel` to make it possible to propagate the scikit-learn configuration of the current thread to the joblib workers.
  warnings.warn(
C:\Users\tiago\AppData\Roaming\Python\Python314\site-packages\sklearn\utils\parallel.py:144: UserWarning: `sklearn.utils.parallel.delayed` should be used with `sklearn.utils.parallel.Parallel` to make it possible to propagate the scikit-learn configuration of the current thread to the joblib workers.
  warnings.warn(
C:\Users\tiago\AppData\Roaming\Python\Python314\site-packages\sklearn\utils\parallel.py:144: UserWarning: `sklearn.utils.parallel.delayed` should be used with `sklearn.utils.parallel.Parallel` to make it possible to propagate the scikit-learn configuration of the current thread to the joblib workers.
  warnings.warn(
C:\Users\tiago\AppData\Roaming\Python\Python314\site-packages\sklearn\utils\parallel.py:144: UserWarning: `sklearn.utils.parallel.delayed` should be used with `sklearn.utils.parallel.Parallel` to make it possible to propagate the scikit-learn configuration of the current thread to the joblib workers.
  warnings.warn(
C:\Users\tiago\AppData\Roaming\Python\Python314\site-packages\sklearn\utils\parallel.py:144: UserWarning: `sklearn.utils.parallel.delayed` should be used with `sklearn.utils.parallel.Parallel` to make it possible to propagate the scikit-learn configuration of the current thread to the joblib workers.
  warnings.warn(
C:\Users\tiago\AppData\Roaming\Python\Python314\site-packages\sklearn\utils\parallel.py:144: UserWarning: `sklearn.utils.parallel.delayed` should be used with `sklearn.utils.parallel.Parallel` to make it possible to propagate the scikit-learn configuration of the current thread to the joblib workers.
  warnings.warn(
C:\Users\tiago\AppData\Roaming\Python\Python314\site-packages\sklearn\utils\parallel.py:144: UserWarning: `sklearn.utils.parallel.delayed` should be used with `sklearn.utils.parallel.Parallel` to make it possible to propagate the scikit-learn configuration of the current thread to the joblib workers.
  warnings.warn(
C:\Users\tiago\AppData\Roaming\Python\Python314\site-packages\sklearn\utils\parallel.py:144: UserWarning: `sklearn.utils.parallel.delayed` should be used with `sklearn.utils.parallel.Parallel` to make it possible to propagate the scikit-learn configuration of the current thread to the joblib workers.
  warnings.warn(
C:\Users\tiago\AppData\Roaming\Python\Python314\site-packages\sklearn\utils\parallel.py:144: UserWarning: `sklearn.utils.parallel.delayed` should be used with `sklearn.utils.parallel.Parallel` to make it possible to propagate the scikit-learn configuration of the current thread to the joblib workers.
  warnings.warn(
C:\Users\tiago\AppData\Roaming\Python\Python314\site-packages\sklearn\utils\parallel.py:144: UserWarning: `sklearn.utils.parallel.delayed` should be used with `sklearn.utils.parallel.Parallel` to make it possible to propagate the scikit-learn configuration of the current thread to the joblib workers.
  warnings.warn(
C:\Users\tiago\AppData\Roaming\Python\Python314\site-packages\sklearn\utils\parallel.py:144: UserWarning: `sklearn.utils.parallel.delayed` should be used with `sklearn.utils.parallel.Parallel` to make it possible to propagate the scikit-learn configuration of the current thread to the joblib workers.
  warnings.warn(
C:\Users\tiago\AppData\Roaming\Python\Python314\site-packages\sklearn\utils\parallel.py:144: UserWarning: `sklearn.utils.parallel.delayed` should be used with `sklearn.utils.parallel.Parallel` to make it possible to propagate the scikit-learn configuration of the current thread to the joblib workers.
  warnings.warn(
C:\Users\tiago\AppData\Roaming\Python\Python314\site-packages\sklearn\utils\parallel.py:144: UserWarning: `sklearn.utils.parallel.delayed` should be used with `sklearn.utils.parallel.Parallel` to make it possible to propagate the scikit-learn configuration of the current thread to the joblib workers.
  warnings.warn(
C:\Users\tiago\AppData\Roaming\Python\Python314\site-packages\sklearn\utils\parallel.py:144: UserWarning: `sklearn.utils.parallel.delayed` should be used with `sklearn.utils.parallel.Parallel` to make it possible to propagate the scikit-learn configuration of the current thread to the joblib workers.
  warnings.warn(
C:\Users\tiago\AppData\Roaming\Python\Python314\site-packages\sklearn\utils\parallel.py:144: UserWarning: `sklearn.utils.parallel.delayed` should be used with `sklearn.utils.parallel.Parallel` to make it possible to propagate the scikit-learn configuration of the current thread to the joblib workers.
  warnings.warn(
C:\Users\tiago\AppData\Roaming\Python\Python314\site-packages\sklearn\utils\parallel.py:144: UserWarning: `sklearn.utils.parallel.delayed` should be used with `sklearn.utils.parallel.Parallel` to make it possible to propagate the scikit-learn configuration of the current thread to the joblib workers.
  warnings.warn(
C:\Users\tiago\AppData\Roaming\Python\Python314\site-packages\sklearn\utils\parallel.py:144: UserWarning: `sklearn.utils.parallel.delayed` should be used with `sklearn.utils.parallel.Parallel` to make it possible to propagate the scikit-learn configuration of the current thread to the joblib workers.
  warnings.warn(
C:\Users\tiago\AppData\Roaming\Python\Python314\site-packages\sklearn\utils\parallel.py:144: UserWarning: `sklearn.utils.parallel.delayed` should be used with `sklearn.utils.parallel.Parallel` to make it possible to propagate the scikit-learn configuration of the current thread to the joblib workers.
  warnings.warn(
C:\Users\tiago\AppData\Roaming\Python\Python314\site-packages\sklearn\utils\parallel.py:144: UserWarning: `sklearn.utils.parallel.delayed` should be used with `sklearn.utils.parallel.Parallel` to make it possible to propagate the scikit-learn configuration of the current thread to the joblib workers.
  warnings.warn(
C:\Users\tiago\AppData\Roaming\Python\Python314\site-packages\sklearn\utils\parallel.py:144: UserWarning: `sklearn.utils.parallel.delayed` should be used with `sklearn.utils.parallel.Parallel` to make it possible to propagate the scikit-learn configuration of the current thread to the joblib workers.
  warnings.warn(
C:\Users\tiago\AppData\Roaming\Python\Python314\site-packages\sklearn\utils\parallel.py:144: UserWarning: `sklearn.utils.parallel.delayed` should be used with `sklearn.utils.parallel.Parallel` to make it possible to propagate the scikit-learn configuration of the current thread to the joblib workers.
  warnings.warn(
C:\Users\tiago\AppData\Roaming\Python\Python314\site-packages\sklearn\utils\parallel.py:144: UserWarning: `sklearn.utils.parallel.delayed` should be used with `sklearn.utils.parallel.Parallel` to make it possible to propagate the scikit-learn configuration of the current thread to the joblib workers.
  warnings.warn(
C:\Users\tiago\AppData\Roaming\Python\Python314\site-packages\sklearn\utils\parallel.py:144: UserWarning: `sklearn.utils.parallel.delayed` should be used with `sklearn.utils.parallel.Parallel` to make it possible to propagate the scikit-learn configuration of the current thread to the joblib workers.
  warnings.warn(
C:\Users\tiago\AppData\Roaming\Python\Python314\site-packages\sklearn\utils\parallel.py:144: UserWarning: `sklearn.utils.parallel.delayed` should be used with `sklearn.utils.parallel.Parallel` to make it possible to propagate the scikit-learn configuration of the current thread to the joblib workers.
  warnings.warn(
C:\Users\tiago\AppData\Roaming\Python\Python314\site-packages\sklearn\utils\parallel.py:144: UserWarning: `sklearn.utils.parallel.delayed` should be used with `sklearn.utils.parallel.Parallel` to make it possible to propagate the scikit-learn configuration of the current thread to the joblib workers.
  warnings.warn(
C:\Users\tiago\AppData\Roaming\Python\Python314\site-packages\sklearn\utils\parallel.py:144: UserWarning: `sklearn.utils.parallel.delayed` should be used with `sklearn.utils.parallel.Parallel` to make it possible to propagate the scikit-learn configuration of the current thread to the joblib workers.
  warnings.warn(
C:\Users\tiago\AppData\Roaming\Python\Python314\site-packages\sklearn\utils\parallel.py:144: UserWarning: `sklearn.utils.parallel.delayed` should be used with `sklearn.utils.parallel.Parallel` to make it possible to propagate the scikit-learn configuration of the current thread to the joblib workers.
  warnings.warn(
C:\Users\tiago\AppData\Roaming\Python\Python314\site-packages\sklearn\utils\parallel.py:144: UserWarning: `sklearn.utils.parallel.delayed` should be used with `sklearn.utils.parallel.Parallel` to make it possible to propagate the scikit-learn configuration of the current thread to the joblib workers.
  warnings.warn(
C:\Users\tiago\AppData\Roaming\Python\Python314\site-packages\sklearn\utils\parallel.py:144: UserWarning: `sklearn.utils.parallel.delayed` should be used with `sklearn.utils.parallel.Parallel` to make it possible to propagate the scikit-learn configuration of the current thread to the joblib workers.
  warnings.warn(
C:\Users\tiago\AppData\Roaming\Python\Python314\site-packages\sklearn\utils\parallel.py:144: UserWarning: `sklearn.utils.parallel.delayed` should be used with `sklearn.utils.parallel.Parallel` to make it possible to propagate the scikit-learn configuration of the current thread to the joblib workers.
  warnings.warn(
C:\Users\tiago\AppData\Roaming\Python\Python314\site-packages\sklearn\utils\parallel.py:144: UserWarning: `sklearn.utils.parallel.delayed` should be used with `sklearn.utils.parallel.Parallel` to make it possible to propagate the scikit-learn configuration of the current thread to the joblib workers.
  warnings.warn(
C:\Users\tiago\AppData\Roaming\Python\Python314\site-packages\sklearn\utils\parallel.py:144: UserWarning: `sklearn.utils.parallel.delayed` should be used with `sklearn.utils.parallel.Parallel` to make it possible to propagate the scikit-learn configuration of the current thread to the joblib workers.
  warnings.warn(
C:\Users\tiago\AppData\Roaming\Python\Python314\site-packages\sklearn\utils\parallel.py:144: UserWarning: `sklearn.utils.parallel.delayed` should be used with `sklearn.utils.parallel.Parallel` to make it possible to propagate the scikit-learn configuration of the current thread to the joblib workers.
  warnings.warn(
C:\Users\tiago\AppData\Roaming\Python\Python314\site-packages\sklearn\utils\parallel.py:144: UserWarning: `sklearn.utils.parallel.delayed` should be used with `sklearn.utils.parallel.Parallel` to make it possible to propagate the scikit-learn configuration of the current thread to the joblib workers.
  warnings.warn(
C:\Users\tiago\AppData\Roaming\Python\Python314\site-packages\sklearn\utils\parallel.py:144: UserWarning: `sklearn.utils.parallel.delayed` should be used with `sklearn.utils.parallel.Parallel` to make it possible to propagate the scikit-learn configuration of the current thread to the joblib workers.
  warnings.warn(
C:\Users\tiago\AppData\Roaming\Python\Python314\site-packages\sklearn\utils\parallel.py:144: UserWarning: `sklearn.utils.parallel.delayed` should be used with `sklearn.utils.parallel.Parallel` to make it possible to propagate the scikit-learn configuration of the current thread to the joblib workers.
  warnings.warn(
C:\Users\tiago\AppData\Roaming\Python\Python314\site-packages\sklearn\utils\parallel.py:144: UserWarning: `sklearn.utils.parallel.delayed` should be used with `sklearn.utils.parallel.Parallel` to make it possible to propagate the scikit-learn configuration of the current thread to the joblib workers.
  warnings.warn(
C:\Users\tiago\AppData\Roaming\Python\Python314\site-packages\sklearn\utils\parallel.py:144: UserWarning: `sklearn.utils.parallel.delayed` should be used with `sklearn.utils.parallel.Parallel` to make it possible to propagate the scikit-learn configuration of the current thread to the joblib workers.
  warnings.warn(
C:\Users\tiago\AppData\Roaming\Python\Python314\site-packages\sklearn\utils\parallel.py:144: UserWarning: `sklearn.utils.parallel.delayed` should be used with `sklearn.utils.parallel.Parallel` to make it possible to propagate the scikit-learn configuration of the current thread to the joblib workers.
  warnings.warn(
C:\Users\tiago\AppData\Roaming\Python\Python314\site-packages\sklearn\utils\parallel.py:144: UserWarning: `sklearn.utils.parallel.delayed` should be used with `sklearn.utils.parallel.Parallel` to make it possible to propagate the scikit-learn configuration of the current thread to the joblib workers.
  warnings.warn(
C:\Users\tiago\AppData\Roaming\Python\Python314\site-packages\sklearn\utils\parallel.py:144: UserWarning: `sklearn.utils.parallel.delayed` should be used with `sklearn.utils.parallel.Parallel` to make it possible to propagate the scikit-learn configuration of the current thread to the joblib workers.
  warnings.warn(
C:\Users\tiago\AppData\Roaming\Python\Python314\site-packages\sklearn\utils\parallel.py:144: UserWarning: `sklearn.utils.parallel.delayed` should be used with `sklearn.utils.parallel.Parallel` to make it possible to propagate the scikit-learn configuration of the current thread to the joblib workers.
  warnings.warn(
C:\Users\tiago\AppData\Roaming\Python\Python314\site-packages\sklearn\utils\parallel.py:144: UserWarning: `sklearn.utils.parallel.delayed` should be used with `sklearn.utils.parallel.Parallel` to make it possible to propagate the scikit-learn configuration of the current thread to the joblib workers.
  warnings.warn(
C:\Users\tiago\AppData\Roaming\Python\Python314\site-packages\sklearn\utils\parallel.py:144: UserWarning: `sklearn.utils.parallel.delayed` should be used with `sklearn.utils.parallel.Parallel` to make it possible to propagate the scikit-learn configuration of the current thread to the joblib workers.
  warnings.warn(
C:\Users\tiago\AppData\Roaming\Python\Python314\site-packages\sklearn\utils\parallel.py:144: UserWarning: `sklearn.utils.parallel.delayed` should be used with `sklearn.utils.parallel.Parallel` to make it possible to propagate the scikit-learn configuration of the current thread to the joblib workers.
  warnings.warn(
C:\Users\tiago\AppData\Roaming\Python\Python314\site-packages\sklearn\utils\parallel.py:144: UserWarning: `sklearn.utils.parallel.delayed` should be used with `sklearn.utils.parallel.Parallel` to make it possible to propagate the scikit-learn configuration of the current thread to the joblib workers.
  warnings.warn(
C:\Users\tiago\AppData\Roaming\Python\Python314\site-packages\sklearn\utils\parallel.py:144: UserWarning: `sklearn.utils.parallel.delayed` should be used with `sklearn.utils.parallel.Parallel` to make it possible to propagate the scikit-learn configuration of the current thread to the joblib workers.
  warnings.warn(
C:\Users\tiago\AppData\Roaming\Python\Python314\site-packages\sklearn\utils\parallel.py:144: UserWarning: `sklearn.utils.parallel.delayed` should be used with `sklearn.utils.parallel.Parallel` to make it possible to propagate the scikit-learn configuration of the current thread to the joblib workers.
  warnings.warn(
C:\Users\tiago\AppData\Roaming\Python\Python314\site-packages\sklearn\utils\parallel.py:144: UserWarning: `sklearn.utils.parallel.delayed` should be used with `sklearn.utils.parallel.Parallel` to make it possible to propagate the scikit-learn configuration of the current thread to the joblib workers.
  warnings.warn(
C:\Users\tiago\AppData\Roaming\Python\Python314\site-packages\sklearn\utils\parallel.py:144: UserWarning: `sklearn.utils.parallel.delayed` should be used with `sklearn.utils.parallel.Parallel` to make it possible to propagate the scikit-learn configuration of the current thread to the joblib workers.
  warnings.warn(
C:\Users\tiago\AppData\Roaming\Python\Python314\site-packages\sklearn\utils\parallel.py:144: UserWarning: `sklearn.utils.parallel.delayed` should be used with `sklearn.utils.parallel.Parallel` to make it possible to propagate the scikit-learn configuration of the current thread to the joblib workers.
  warnings.warn(
C:\Users\tiago\AppData\Roaming\Python\Python314\site-packages\sklearn\utils\parallel.py:144: UserWarning: `sklearn.utils.parallel.delayed` should be used with `sklearn.utils.parallel.Parallel` to make it possible to propagate the scikit-learn configuration of the current thread to the joblib workers.
  warnings.warn(
C:\Users\tiago\AppData\Roaming\Python\Python314\site-packages\sklearn\utils\parallel.py:144: UserWarning: `sklearn.utils.parallel.delayed` should be used with `sklearn.utils.parallel.Parallel` to make it possible to propagate the scikit-learn configuration of the current thread to the joblib workers.
  warnings.warn(
C:\Users\tiago\AppData\Roaming\Python\Python314\site-packages\sklearn\utils\parallel.py:144: UserWarning: `sklearn.utils.parallel.delayed` should be used with `sklearn.utils.parallel.Parallel` to make it possible to propagate the scikit-learn configuration of the current thread to the joblib workers.
  warnings.warn(
C:\Users\tiago\AppData\Roaming\Python\Python314\site-packages\sklearn\utils\parallel.py:144: UserWarning: `sklearn.utils.parallel.delayed` should be used with `sklearn.utils.parallel.Parallel` to make it possible to propagate the scikit-learn configuration of the current thread to the joblib workers.
  warnings.warn(
C:\Users\tiago\AppData\Roaming\Python\Python314\site-packages\sklearn\utils\parallel.py:144: UserWarning: `sklearn.utils.parallel.delayed` should be used with `sklearn.utils.parallel.Parallel` to make it possible to propagate the scikit-learn configuration of the current thread to the joblib workers.
  warnings.warn(
C:\Users\tiago\AppData\Roaming\Python\Python314\site-packages\sklearn\utils\parallel.py:144: UserWarning: `sklearn.utils.parallel.delayed` should be used with `sklearn.utils.parallel.Parallel` to make it possible to propagate the scikit-learn configuration of the current thread to the joblib workers.
  warnings.warn(
C:\Users\tiago\AppData\Roaming\Python\Python314\site-packages\sklearn\utils\parallel.py:144: UserWarning: `sklearn.utils.parallel.delayed` should be used with `sklearn.utils.parallel.Parallel` to make it possible to propagate the scikit-learn configuration of the current thread to the joblib workers.
  warnings.warn(
C:\Users\tiago\AppData\Roaming\Python\Python314\site-packages\sklearn\utils\parallel.py:144: UserWarning: `sklearn.utils.parallel.delayed` should be used with `sklearn.utils.parallel.Parallel` to make it possible to propagate the scikit-learn configuration of the current thread to the joblib workers.
  warnings.warn(
C:\Users\tiago\AppData\Roaming\Python\Python314\site-packages\sklearn\utils\parallel.py:144: UserWarning: `sklearn.utils.parallel.delayed` should be used with `sklearn.utils.parallel.Parallel` to make it possible to propagate the scikit-learn configuration of the current thread to the joblib workers.
  warnings.warn(
C:\Users\tiago\AppData\Roaming\Python\Python314\site-packages\sklearn\utils\parallel.py:144: UserWarning: `sklearn.utils.parallel.delayed` should be used with `sklearn.utils.parallel.Parallel` to make it possible to propagate the scikit-learn configuration of the current thread to the joblib workers.
  warnings.warn(
C:\Users\tiago\AppData\Roaming\Python\Python314\site-packages\sklearn\utils\parallel.py:144: UserWarning: `sklearn.utils.parallel.delayed` should be used with `sklearn.utils.parallel.Parallel` to make it possible to propagate the scikit-learn configuration of the current thread to the joblib workers.
  warnings.warn(
C:\Users\tiago\AppData\Roaming\Python\Python314\site-packages\sklearn\utils\parallel.py:144: UserWarning: `sklearn.utils.parallel.delayed` should be used with `sklearn.utils.parallel.Parallel` to make it possible to propagate the scikit-learn configuration of the current thread to the joblib workers.
  warnings.warn(
C:\Users\tiago\AppData\Roaming\Python\Python314\site-packages\sklearn\utils\parallel.py:144: UserWarning: `sklearn.utils.parallel.delayed` should be used with `sklearn.utils.parallel.Parallel` to make it possible to propagate the scikit-learn configuration of the current thread to the joblib workers.
  warnings.warn(
C:\Users\tiago\AppData\Roaming\Python\Python314\site-packages\sklearn\utils\parallel.py:144: UserWarning: `sklearn.utils.parallel.delayed` should be used with `sklearn.utils.parallel.Parallel` to make it possible to propagate the scikit-learn configuration of the current thread to the joblib workers.
  warnings.warn(
C:\Users\tiago\AppData\Roaming\Python\Python314\site-packages\sklearn\utils\parallel.py:144: UserWarning: `sklearn.utils.parallel.delayed` should be used with `sklearn.utils.parallel.Parallel` to make it possible to propagate the scikit-learn configuration of the current thread to the joblib workers.
  warnings.warn(
C:\Users\tiago\AppData\Roaming\Python\Python314\site-packages\sklearn\utils\parallel.py:144: UserWarning: `sklearn.utils.parallel.delayed` should be used with `sklearn.utils.parallel.Parallel` to make it possible to propagate the scikit-learn configuration of the current thread to the joblib workers.
  warnings.warn(
C:\Users\tiago\AppData\Roaming\Python\Python314\site-packages\sklearn\utils\parallel.py:144: UserWarning: `sklearn.utils.parallel.delayed` should be used with `sklearn.utils.parallel.Parallel` to make it possible to propagate the scikit-learn configuration of the current thread to the joblib workers.
  warnings.warn(
C:\Users\tiago\AppData\Roaming\Python\Python314\site-packages\sklearn\utils\parallel.py:144: UserWarning: `sklearn.utils.parallel.delayed` should be used with `sklearn.utils.parallel.Parallel` to make it possible to propagate the scikit-learn configuration of the current thread to the joblib workers.
  warnings.warn(
C:\Users\tiago\AppData\Roaming\Python\Python314\site-packages\sklearn\utils\parallel.py:144: UserWarning: `sklearn.utils.parallel.delayed` should be used with `sklearn.utils.parallel.Parallel` to make it possible to propagate the scikit-learn configuration of the current thread to the joblib workers.
  warnings.warn(
C:\Users\tiago\AppData\Roaming\Python\Python314\site-packages\sklearn\utils\parallel.py:144: UserWarning: `sklearn.utils.parallel.delayed` should be used with `sklearn.utils.parallel.Parallel` to make it possible to propagate the scikit-learn configuration of the current thread to the joblib workers.
  warnings.warn(
C:\Users\tiago\AppData\Roaming\Python\Python314\site-packages\sklearn\utils\parallel.py:144: UserWarning: `sklearn.utils.parallel.delayed` should be used with `sklearn.utils.parallel.Parallel` to make it possible to propagate the scikit-learn configuration of the current thread to the joblib workers.
  warnings.warn(
C:\Users\tiago\AppData\Roaming\Python\Python314\site-packages\sklearn\utils\parallel.py:144: UserWarning: `sklearn.utils.parallel.delayed` should be used with `sklearn.utils.parallel.Parallel` to make it possible to propagate the scikit-learn configuration of the current thread to the joblib workers.
  warnings.warn(
C:\Users\tiago\AppData\Roaming\Python\Python314\site-packages\sklearn\utils\parallel.py:144: UserWarning: `sklearn.utils.parallel.delayed` should be used with `sklearn.utils.parallel.Parallel` to make it possible to propagate the scikit-learn configuration of the current thread to the joblib workers.
  warnings.warn(
C:\Users\tiago\AppData\Roaming\Python\Python314\site-packages\sklearn\utils\parallel.py:144: UserWarning: `sklearn.utils.parallel.delayed` should be used with `sklearn.utils.parallel.Parallel` to make it possible to propagate the scikit-learn configuration of the current thread to the joblib workers.
  warnings.warn(
C:\Users\tiago\AppData\Roaming\Python\Python314\site-packages\sklearn\utils\parallel.py:144: UserWarning: `sklearn.utils.parallel.delayed` should be used with `sklearn.utils.parallel.Parallel` to make it possible to propagate the scikit-learn configuration of the current thread to the joblib workers.
  warnings.warn(
C:\Users\tiago\AppData\Roaming\Python\Python314\site-packages\sklearn\utils\parallel.py:144: UserWarning: `sklearn.utils.parallel.delayed` should be used with `sklearn.utils.parallel.Parallel` to make it possible to propagate the scikit-learn configuration of the current thread to the joblib workers.
  warnings.warn(
C:\Users\tiago\AppData\Roaming\Python\Python314\site-packages\sklearn\utils\parallel.py:144: UserWarning: `sklearn.utils.parallel.delayed` should be used with `sklearn.utils.parallel.Parallel` to make it possible to propagate the scikit-learn configuration of the current thread to the joblib workers.
  warnings.warn(
C:\Users\tiago\AppData\Roaming\Python\Python314\site-packages\sklearn\utils\parallel.py:144: UserWarning: `sklearn.utils.parallel.delayed` should be used with `sklearn.utils.parallel.Parallel` to make it possible to propagate the scikit-learn configuration of the current thread to the joblib workers.
  warnings.warn(
C:\Users\tiago\AppData\Roaming\Python\Python314\site-packages\sklearn\utils\parallel.py:144: UserWarning: `sklearn.utils.parallel.delayed` should be used with `sklearn.utils.parallel.Parallel` to make it possible to propagate the scikit-learn configuration of the current thread to the joblib workers.
  warnings.warn(
C:\Users\tiago\AppData\Roaming\Python\Python314\site-packages\sklearn\utils\parallel.py:144: UserWarning: `sklearn.utils.parallel.delayed` should be used with `sklearn.utils.parallel.Parallel` to make it possible to propagate the scikit-learn configuration of the current thread to the joblib workers.
  warnings.warn(
C:\Users\tiago\AppData\Roaming\Python\Python314\site-packages\sklearn\utils\parallel.py:144: UserWarning: `sklearn.utils.parallel.delayed` should be used with `sklearn.utils.parallel.Parallel` to make it possible to propagate the scikit-learn configuration of the current thread to the joblib workers.
  warnings.warn(
C:\Users\tiago\AppData\Roaming\Python\Python314\site-packages\sklearn\utils\parallel.py:144: UserWarning: `sklearn.utils.parallel.delayed` should be used with `sklearn.utils.parallel.Parallel` to make it possible to propagate the scikit-learn configuration of the current thread to the joblib workers.
  warnings.warn(
C:\Users\tiago\AppData\Roaming\Python\Python314\site-packages\sklearn\utils\parallel.py:144: UserWarning: `sklearn.utils.parallel.delayed` should be used with `sklearn.utils.parallel.Parallel` to make it possible to propagate the scikit-learn configuration of the current thread to the joblib workers.
  warnings.warn(
C:\Users\tiago\AppData\Roaming\Python\Python314\site-packages\sklearn\utils\parallel.py:144: UserWarning: `sklearn.utils.parallel.delayed` should be used with `sklearn.utils.parallel.Parallel` to make it possible to propagate the scikit-learn configuration of the current thread to the joblib workers.
  warnings.warn(
C:\Users\tiago\AppData\Roaming\Python\Python314\site-packages\sklearn\utils\parallel.py:144: UserWarning: `sklearn.utils.parallel.delayed` should be used with `sklearn.utils.parallel.Parallel` to make it possible to propagate the scikit-learn configuration of the current thread to the joblib workers.
  warnings.warn(
C:\Users\tiago\AppData\Roaming\Python\Python314\site-packages\sklearn\utils\parallel.py:144: UserWarning: `sklearn.utils.parallel.delayed` should be used with `sklearn.utils.parallel.Parallel` to make it possible to propagate the scikit-learn configuration of the current thread to the joblib workers.
  warnings.warn(
C:\Users\tiago\AppData\Roaming\Python\Python314\site-packages\sklearn\utils\parallel.py:144: UserWarning: `sklearn.utils.parallel.delayed` should be used with `sklearn.utils.parallel.Parallel` to make it possible to propagate the scikit-learn configuration of the current thread to the joblib workers.
  warnings.warn(
C:\Users\tiago\AppData\Roaming\Python\Python314\site-packages\sklearn\utils\parallel.py:144: UserWarning: `sklearn.utils.parallel.delayed` should be used with `sklearn.utils.parallel.Parallel` to make it possible to propagate the scikit-learn configuration of the current thread to the joblib workers.
  warnings.warn(
C:\Users\tiago\AppData\Roaming\Python\Python314\site-packages\sklearn\utils\parallel.py:144: UserWarning: `sklearn.utils.parallel.delayed` should be used with `sklearn.utils.parallel.Parallel` to make it possible to propagate the scikit-learn configuration of the current thread to the joblib workers.
  warnings.warn(
C:\Users\tiago\AppData\Roaming\Python\Python314\site-packages\sklearn\utils\parallel.py:144: UserWarning: `sklearn.utils.parallel.delayed` should be used with `sklearn.utils.parallel.Parallel` to make it possible to propagate the scikit-learn configuration of the current thread to the joblib workers.
  warnings.warn(
C:\Users\tiago\AppData\Roaming\Python\Python314\site-packages\sklearn\utils\parallel.py:144: UserWarning: `sklearn.utils.parallel.delayed` should be used with `sklearn.utils.parallel.Parallel` to make it possible to propagate the scikit-learn configuration of the current thread to the joblib workers.
  warnings.warn(
C:\Users\tiago\AppData\Roaming\Python\Python314\site-packages\sklearn\utils\parallel.py:144: UserWarning: `sklearn.utils.parallel.delayed` should be used with `sklearn.utils.parallel.Parallel` to make it possible to propagate the scikit-learn configuration of the current thread to the joblib workers.
  warnings.warn(
C:\Users\tiago\AppData\Roaming\Python\Python314\site-packages\sklearn\utils\parallel.py:144: UserWarning: `sklearn.utils.parallel.delayed` should be used with `sklearn.utils.parallel.Parallel` to make it possible to propagate the scikit-learn configuration of the current thread to the joblib workers.
  warnings.warn(
C:\Users\tiago\AppData\Roaming\Python\Python314\site-packages\sklearn\utils\parallel.py:144: UserWarning: `sklearn.utils.parallel.delayed` should be used with `sklearn.utils.parallel.Parallel` to make it possible to propagate the scikit-learn configuration of the current thread to the joblib workers.
  warnings.warn(
C:\Users\tiago\AppData\Roaming\Python\Python314\site-packages\sklearn\utils\parallel.py:144: UserWarning: `sklearn.utils.parallel.delayed` should be used with `sklearn.utils.parallel.Parallel` to make it possible to propagate the scikit-learn configuration of the current thread to the joblib workers.
  warnings.warn(
C:\Users\tiago\AppData\Roaming\Python\Python314\site-packages\sklearn\utils\parallel.py:144: UserWarning: `sklearn.utils.parallel.delayed` should be used with `sklearn.utils.parallel.Parallel` to make it possible to propagate the scikit-learn configuration of the current thread to the joblib workers.
  warnings.warn(
C:\Users\tiago\AppData\Roaming\Python\Python314\site-packages\sklearn\utils\parallel.py:144: UserWarning: `sklearn.utils.parallel.delayed` should be used with `sklearn.utils.parallel.Parallel` to make it possible to propagate the scikit-learn configuration of the current thread to the joblib workers.
  warnings.warn(
C:\Users\tiago\AppData\Roaming\Python\Python314\site-packages\sklearn\utils\parallel.py:144: UserWarning: `sklearn.utils.parallel.delayed` should be used with `sklearn.utils.parallel.Parallel` to make it possible to propagate the scikit-learn configuration of the current thread to the joblib workers.
  warnings.warn(
C:\Users\tiago\AppData\Roaming\Python\Python314\site-packages\sklearn\utils\parallel.py:144: UserWarning: `sklearn.utils.parallel.delayed` should be used with `sklearn.utils.parallel.Parallel` to make it possible to propagate the scikit-learn configuration of the current thread to the joblib workers.
  warnings.warn(
C:\Users\tiago\AppData\Roaming\Python\Python314\site-packages\sklearn\utils\parallel.py:144: UserWarning: `sklearn.utils.parallel.delayed` should be used with `sklearn.utils.parallel.Parallel` to make it possible to propagate the scikit-learn configuration of the current thread to the joblib workers.
  warnings.warn(
C:\Users\tiago\AppData\Roaming\Python\Python314\site-packages\sklearn\utils\parallel.py:144: UserWarning: `sklearn.utils.parallel.delayed` should be used with `sklearn.utils.parallel.Parallel` to make it possible to propagate the scikit-learn configuration of the current thread to the joblib workers.
  warnings.warn(
C:\Users\tiago\AppData\Roaming\Python\Python314\site-packages\sklearn\utils\parallel.py:144: UserWarning: `sklearn.utils.parallel.delayed` should be used with `sklearn.utils.parallel.Parallel` to make it possible to propagate the scikit-learn configuration of the current thread to the joblib workers.
  warnings.warn(
C:\Users\tiago\AppData\Roaming\Python\Python314\site-packages\sklearn\utils\parallel.py:144: UserWarning: `sklearn.utils.parallel.delayed` should be used with `sklearn.utils.parallel.Parallel` to make it possible to propagate the scikit-learn configuration of the current thread to the joblib workers.
  warnings.warn(
C:\Users\tiago\AppData\Roaming\Python\Python314\site-packages\sklearn\utils\parallel.py:144: UserWarning: `sklearn.utils.parallel.delayed` should be used with `sklearn.utils.parallel.Parallel` to make it possible to propagate the scikit-learn configuration of the current thread to the joblib workers.
  warnings.warn(
C:\Users\tiago\AppData\Roaming\Python\Python314\site-packages\sklearn\utils\parallel.py:144: UserWarning: `sklearn.utils.parallel.delayed` should be used with `sklearn.utils.parallel.Parallel` to make it possible to propagate the scikit-learn configuration of the current thread to the joblib workers.
  warnings.warn(
C:\Users\tiago\AppData\Roaming\Python\Python314\site-packages\sklearn\utils\parallel.py:144: UserWarning: `sklearn.utils.parallel.delayed` should be used with `sklearn.utils.parallel.Parallel` to make it possible to propagate the scikit-learn configuration of the current thread to the joblib workers.
  warnings.warn(
C:\Users\tiago\AppData\Roaming\Python\Python314\site-packages\sklearn\utils\parallel.py:144: UserWarning: `sklearn.utils.parallel.delayed` should be used with `sklearn.utils.parallel.Parallel` to make it possible to propagate the scikit-learn configuration of the current thread to the joblib workers.
  warnings.warn(
C:\Users\tiago\AppData\Roaming\Python\Python314\site-packages\sklearn\utils\parallel.py:144: UserWarning: `sklearn.utils.parallel.delayed` should be used with `sklearn.utils.parallel.Parallel` to make it possible to propagate the scikit-learn configuration of the current thread to the joblib workers.
  warnings.warn(
C:\Users\tiago\AppData\Roaming\Python\Python314\site-packages\sklearn\utils\parallel.py:144: UserWarning: `sklearn.utils.parallel.delayed` should be used with `sklearn.utils.parallel.Parallel` to make it possible to propagate the scikit-learn configuration of the current thread to the joblib workers.
  warnings.warn(
C:\Users\tiago\AppData\Roaming\Python\Python314\site-packages\sklearn\utils\parallel.py:144: UserWarning: `sklearn.utils.parallel.delayed` should be used with `sklearn.utils.parallel.Parallel` to make it possible to propagate the scikit-learn configuration of the current thread to the joblib workers.
  warnings.warn(
C:\Users\tiago\AppData\Roaming\Python\Python314\site-packages\sklearn\utils\parallel.py:144: UserWarning: `sklearn.utils.parallel.delayed` should be used with `sklearn.utils.parallel.Parallel` to make it possible to propagate the scikit-learn configuration of the current thread to the joblib workers.
  warnings.warn(
C:\Users\tiago\AppData\Roaming\Python\Python314\site-packages\sklearn\utils\parallel.py:144: UserWarning: `sklearn.utils.parallel.delayed` should be used with `sklearn.utils.parallel.Parallel` to make it possible to propagate the scikit-learn configuration of the current thread to the joblib workers.
  warnings.warn(
C:\Users\tiago\AppData\Roaming\Python\Python314\site-packages\sklearn\utils\parallel.py:144: UserWarning: `sklearn.utils.parallel.delayed` should be used with `sklearn.utils.parallel.Parallel` to make it possible to propagate the scikit-learn configuration of the current thread to the joblib workers.
  warnings.warn(
C:\Users\tiago\AppData\Roaming\Python\Python314\site-packages\sklearn\utils\parallel.py:144: UserWarning: `sklearn.utils.parallel.delayed` should be used with `sklearn.utils.parallel.Parallel` to make it possible to propagate the scikit-learn configuration of the current thread to the joblib workers.
  warnings.warn(
C:\Users\tiago\AppData\Roaming\Python\Python314\site-packages\sklearn\utils\parallel.py:144: UserWarning: `sklearn.utils.parallel.delayed` should be used with `sklearn.utils.parallel.Parallel` to make it possible to propagate the scikit-learn configuration of the current thread to the joblib workers.
  warnings.warn(
C:\Users\tiago\AppData\Roaming\Python\Python314\site-packages\sklearn\utils\parallel.py:144: UserWarning: `sklearn.utils.parallel.delayed` should be used with `sklearn.utils.parallel.Parallel` to make it possible to propagate the scikit-learn configuration of the current thread to the joblib workers.
  warnings.warn(
C:\Users\tiago\AppData\Roaming\Python\Python314\site-packages\sklearn\utils\parallel.py:144: UserWarning: `sklearn.utils.parallel.delayed` should be used with `sklearn.utils.parallel.Parallel` to make it possible to propagate the scikit-learn configuration of the current thread to the joblib workers.
  warnings.warn(
C:\Users\tiago\AppData\Roaming\Python\Python314\site-packages\sklearn\utils\parallel.py:144: UserWarning: `sklearn.utils.parallel.delayed` should be used with `sklearn.utils.parallel.Parallel` to make it possible to propagate the scikit-learn configuration of the current thread to the joblib workers.
  warnings.warn(
C:\Users\tiago\AppData\Roaming\Python\Python314\site-packages\sklearn\utils\parallel.py:144: UserWarning: `sklearn.utils.parallel.delayed` should be used with `sklearn.utils.parallel.Parallel` to make it possible to propagate the scikit-learn configuration of the current thread to the joblib workers.
  warnings.warn(
C:\Users\tiago\AppData\Roaming\Python\Python314\site-packages\sklearn\utils\parallel.py:144: UserWarning: `sklearn.utils.parallel.delayed` should be used with `sklearn.utils.parallel.Parallel` to make it possible to propagate the scikit-learn configuration of the current thread to the joblib workers.
  warnings.warn(
C:\Users\tiago\AppData\Roaming\Python\Python314\site-packages\sklearn\utils\parallel.py:144: UserWarning: `sklearn.utils.parallel.delayed` should be used with `sklearn.utils.parallel.Parallel` to make it possible to propagate the scikit-learn configuration of the current thread to the joblib workers.
  warnings.warn(
C:\Users\tiago\AppData\Roaming\Python\Python314\site-packages\sklearn\utils\parallel.py:144: UserWarning: `sklearn.utils.parallel.delayed` should be used with `sklearn.utils.parallel.Parallel` to make it possible to propagate the scikit-learn configuration of the current thread to the joblib workers.
  warnings.warn(
C:\Users\tiago\AppData\Roaming\Python\Python314\site-packages\sklearn\utils\parallel.py:144: UserWarning: `sklearn.utils.parallel.delayed` should be used with `sklearn.utils.parallel.Parallel` to make it possible to propagate the scikit-learn configuration of the current thread to the joblib workers.
  warnings.warn(
C:\Users\tiago\AppData\Roaming\Python\Python314\site-packages\sklearn\utils\parallel.py:144: UserWarning: `sklearn.utils.parallel.delayed` should be used with `sklearn.utils.parallel.Parallel` to make it possible to propagate the scikit-learn configuration of the current thread to the joblib workers.
  warnings.warn(
C:\Users\tiago\AppData\Roaming\Python\Python314\site-packages\sklearn\utils\parallel.py:144: UserWarning: `sklearn.utils.parallel.delayed` should be used with `sklearn.utils.parallel.Parallel` to make it possible to propagate the scikit-learn configuration of the current thread to the joblib workers.
  warnings.warn(
C:\Users\tiago\AppData\Roaming\Python\Python314\site-packages\sklearn\utils\parallel.py:144: UserWarning: `sklearn.utils.parallel.delayed` should be used with `sklearn.utils.parallel.Parallel` to make it possible to propagate the scikit-learn configuration of the current thread to the joblib workers.
  warnings.warn(
C:\Users\tiago\AppData\Roaming\Python\Python314\site-packages\sklearn\utils\parallel.py:144: UserWarning: `sklearn.utils.parallel.delayed` should be used with `sklearn.utils.parallel.Parallel` to make it possible to propagate the scikit-learn configuration of the current thread to the joblib workers.
  warnings.warn(
C:\Users\tiago\AppData\Roaming\Python\Python314\site-packages\sklearn\utils\parallel.py:144: UserWarning: `sklearn.utils.parallel.delayed` should be used with `sklearn.utils.parallel.Parallel` to make it possible to propagate the scikit-learn configuration of the current thread to the joblib workers.
  warnings.warn(
C:\Users\tiago\AppData\Roaming\Python\Python314\site-packages\sklearn\utils\parallel.py:144: UserWarning: `sklearn.utils.parallel.delayed` should be used with `sklearn.utils.parallel.Parallel` to make it possible to propagate the scikit-learn configuration of the current thread to the joblib workers.
  warnings.warn(
C:\Users\tiago\AppData\Roaming\Python\Python314\site-packages\sklearn\utils\parallel.py:144: UserWarning: `sklearn.utils.parallel.delayed` should be used with `sklearn.utils.parallel.Parallel` to make it possible to propagate the scikit-learn configuration of the current thread to the joblib workers.
  warnings.warn(
C:\Users\tiago\AppData\Roaming\Python\Python314\site-packages\sklearn\utils\parallel.py:144: UserWarning: `sklearn.utils.parallel.delayed` should be used with `sklearn.utils.parallel.Parallel` to make it possible to propagate the scikit-learn configuration of the current thread to the joblib workers.
  warnings.warn(
C:\Users\tiago\AppData\Roaming\Python\Python314\site-packages\sklearn\utils\parallel.py:144: UserWarning: `sklearn.utils.parallel.delayed` should be used with `sklearn.utils.parallel.Parallel` to make it possible to propagate the scikit-learn configuration of the current thread to the joblib workers.
  warnings.warn(
C:\Users\tiago\AppData\Roaming\Python\Python314\site-packages\sklearn\utils\parallel.py:144: UserWarning: `sklearn.utils.parallel.delayed` should be used with `sklearn.utils.parallel.Parallel` to make it possible to propagate the scikit-learn configuration of the current thread to the joblib workers.
  warnings.warn(
C:\Users\tiago\AppData\Roaming\Python\Python314\site-packages\sklearn\utils\parallel.py:144: UserWarning: `sklearn.utils.parallel.delayed` should be used with `sklearn.utils.parallel.Parallel` to make it possible to propagate the scikit-learn configuration of the current thread to the joblib workers.
  warnings.warn(
C:\Users\tiago\AppData\Roaming\Python\Python314\site-packages\sklearn\utils\parallel.py:144: UserWarning: `sklearn.utils.parallel.delayed` should be used with `sklearn.utils.parallel.Parallel` to make it possible to propagate the scikit-learn configuration of the current thread to the joblib workers.
  warnings.warn(
C:\Users\tiago\AppData\Roaming\Python\Python314\site-packages\sklearn\utils\parallel.py:144: UserWarning: `sklearn.utils.parallel.delayed` should be used with `sklearn.utils.parallel.Parallel` to make it possible to propagate the scikit-learn configuration of the current thread to the joblib workers.
  warnings.warn(
C:\Users\tiago\AppData\Roaming\Python\Python314\site-packages\sklearn\utils\parallel.py:144: UserWarning: `sklearn.utils.parallel.delayed` should be used with `sklearn.utils.parallel.Parallel` to make it possible to propagate the scikit-learn configuration of the current thread to the joblib workers.
  warnings.warn(
C:\Users\tiago\AppData\Roaming\Python\Python314\site-packages\sklearn\utils\parallel.py:144: UserWarning: `sklearn.utils.parallel.delayed` should be used with `sklearn.utils.parallel.Parallel` to make it possible to propagate the scikit-learn configuration of the current thread to the joblib workers.
  warnings.warn(
C:\Users\tiago\AppData\Roaming\Python\Python314\site-packages\sklearn\utils\parallel.py:144: UserWarning: `sklearn.utils.parallel.delayed` should be used with `sklearn.utils.parallel.Parallel` to make it possible to propagate the scikit-learn configuration of the current thread to the joblib workers.
  warnings.warn(
C:\Users\tiago\AppData\Roaming\Python\Python314\site-packages\sklearn\utils\parallel.py:144: UserWarning: `sklearn.utils.parallel.delayed` should be used with `sklearn.utils.parallel.Parallel` to make it possible to propagate the scikit-learn configuration of the current thread to the joblib workers.
  warnings.warn(
C:\Users\tiago\AppData\Roaming\Python\Python314\site-packages\sklearn\utils\parallel.py:144: UserWarning: `sklearn.utils.parallel.delayed` should be used with `sklearn.utils.parallel.Parallel` to make it possible to propagate the scikit-learn configuration of the current thread to the joblib workers.
  warnings.warn(
C:\Users\tiago\AppData\Roaming\Python\Python314\site-packages\sklearn\utils\parallel.py:144: UserWarning: `sklearn.utils.parallel.delayed` should be used with `sklearn.utils.parallel.Parallel` to make it possible to propagate the scikit-learn configuration of the current thread to the joblib workers.
  warnings.warn(
C:\Users\tiago\AppData\Roaming\Python\Python314\site-packages\sklearn\utils\parallel.py:144: UserWarning: `sklearn.utils.parallel.delayed` should be used with `sklearn.utils.parallel.Parallel` to make it possible to propagate the scikit-learn configuration of the current thread to the joblib workers.
  warnings.warn(
C:\Users\tiago\AppData\Roaming\Python\Python314\site-packages\sklearn\utils\parallel.py:144: UserWarning: `sklearn.utils.parallel.delayed` should be used with `sklearn.utils.parallel.Parallel` to make it possible to propagate the scikit-learn configuration of the current thread to the joblib workers.
  warnings.warn(
C:\Users\tiago\AppData\Roaming\Python\Python314\site-packages\sklearn\utils\parallel.py:144: UserWarning: `sklearn.utils.parallel.delayed` should be used with `sklearn.utils.parallel.Parallel` to make it possible to propagate the scikit-learn configuration of the current thread to the joblib workers.
  warnings.warn(
C:\Users\tiago\AppData\Roaming\Python\Python314\site-packages\sklearn\utils\parallel.py:144: UserWarning: `sklearn.utils.parallel.delayed` should be used with `sklearn.utils.parallel.Parallel` to make it possible to propagate the scikit-learn configuration of the current thread to the joblib workers.
  warnings.warn(
C:\Users\tiago\AppData\Roaming\Python\Python314\site-packages\sklearn\utils\parallel.py:144: UserWarning: `sklearn.utils.parallel.delayed` should be used with `sklearn.utils.parallel.Parallel` to make it possible to propagate the scikit-learn configuration of the current thread to the joblib workers.
  warnings.warn(
C:\Users\tiago\AppData\Roaming\Python\Python314\site-packages\sklearn\utils\parallel.py:144: UserWarning: `sklearn.utils.parallel.delayed` should be used with `sklearn.utils.parallel.Parallel` to make it possible to propagate the scikit-learn configuration of the current thread to the joblib workers.
  warnings.warn(
C:\Users\tiago\AppData\Roaming\Python\Python314\site-packages\sklearn\utils\parallel.py:144: UserWarning: `sklearn.utils.parallel.delayed` should be used with `sklearn.utils.parallel.Parallel` to make it possible to propagate the scikit-learn configuration of the current thread to the joblib workers.
  warnings.warn(
C:\Users\tiago\AppData\Roaming\Python\Python314\site-packages\sklearn\utils\parallel.py:144: UserWarning: `sklearn.utils.parallel.delayed` should be used with `sklearn.utils.parallel.Parallel` to make it possible to propagate the scikit-learn configuration of the current thread to the joblib workers.
  warnings.warn(
C:\Users\tiago\AppData\Roaming\Python\Python314\site-packages\sklearn\utils\parallel.py:144: UserWarning: `sklearn.utils.parallel.delayed` should be used with `sklearn.utils.parallel.Parallel` to make it possible to propagate the scikit-learn configuration of the current thread to the joblib workers.
  warnings.warn(
C:\Users\tiago\AppData\Roaming\Python\Python314\site-packages\sklearn\utils\parallel.py:144: UserWarning: `sklearn.utils.parallel.delayed` should be used with `sklearn.utils.parallel.Parallel` to make it possible to propagate the scikit-learn configuration of the current thread to the joblib workers.
  warnings.warn(
C:\Users\tiago\AppData\Roaming\Python\Python314\site-packages\sklearn\utils\parallel.py:144: UserWarning: `sklearn.utils.parallel.delayed` should be used with `sklearn.utils.parallel.Parallel` to make it possible to propagate the scikit-learn configuration of the current thread to the joblib workers.
  warnings.warn(
C:\Users\tiago\AppData\Roaming\Python\Python314\site-packages\sklearn\utils\parallel.py:144: UserWarning: `sklearn.utils.parallel.delayed` should be used with `sklearn.utils.parallel.Parallel` to make it possible to propagate the scikit-learn configuration of the current thread to the joblib workers.
  warnings.warn(
C:\Users\tiago\AppData\Roaming\Python\Python314\site-packages\sklearn\utils\parallel.py:144: UserWarning: `sklearn.utils.parallel.delayed` should be used with `sklearn.utils.parallel.Parallel` to make it possible to propagate the scikit-learn configuration of the current thread to the joblib workers.
  warnings.warn(
C:\Users\tiago\AppData\Roaming\Python\Python314\site-packages\sklearn\utils\parallel.py:144: UserWarning: `sklearn.utils.parallel.delayed` should be used with `sklearn.utils.parallel.Parallel` to make it possible to propagate the scikit-learn configuration of the current thread to the joblib workers.
  warnings.warn(
C:\Users\tiago\AppData\Roaming\Python\Python314\site-packages\sklearn\utils\parallel.py:144: UserWarning: `sklearn.utils.parallel.delayed` should be used with `sklearn.utils.parallel.Parallel` to make it possible to propagate the scikit-learn configuration of the current thread to the joblib workers.
  warnings.warn(
C:\Users\tiago\AppData\Roaming\Python\Python314\site-packages\sklearn\utils\parallel.py:144: UserWarning: `sklearn.utils.parallel.delayed` should be used with `sklearn.utils.parallel.Parallel` to make it possible to propagate the scikit-learn configuration of the current thread to the joblib workers.
  warnings.warn(
C:\Users\tiago\AppData\Roaming\Python\Python314\site-packages\sklearn\utils\parallel.py:144: UserWarning: `sklearn.utils.parallel.delayed` should be used with `sklearn.utils.parallel.Parallel` to make it possible to propagate the scikit-learn configuration of the current thread to the joblib workers.
  warnings.warn(
C:\Users\tiago\AppData\Roaming\Python\Python314\site-packages\sklearn\utils\parallel.py:144: UserWarning: `sklearn.utils.parallel.delayed` should be used with `sklearn.utils.parallel.Parallel` to make it possible to propagate the scikit-learn configuration of the current thread to the joblib workers.
  warnings.warn(
C:\Users\tiago\AppData\Roaming\Python\Python314\site-packages\sklearn\utils\parallel.py:144: UserWarning: `sklearn.utils.parallel.delayed` should be used with `sklearn.utils.parallel.Parallel` to make it possible to propagate the scikit-learn configuration of the current thread to the joblib workers.
  warnings.warn(
C:\Users\tiago\AppData\Roaming\Python\Python314\site-packages\sklearn\utils\parallel.py:144: UserWarning: `sklearn.utils.parallel.delayed` should be used with `sklearn.utils.parallel.Parallel` to make it possible to propagate the scikit-learn configuration of the current thread to the joblib workers.
  warnings.warn(
C:\Users\tiago\AppData\Roaming\Python\Python314\site-packages\sklearn\utils\parallel.py:144: UserWarning: `sklearn.utils.parallel.delayed` should be used with `sklearn.utils.parallel.Parallel` to make it possible to propagate the scikit-learn configuration of the current thread to the joblib workers.
  warnings.warn(
C:\Users\tiago\AppData\Roaming\Python\Python314\site-packages\sklearn\utils\parallel.py:144: UserWarning: `sklearn.utils.parallel.delayed` should be used with `sklearn.utils.parallel.Parallel` to make it possible to propagate the scikit-learn configuration of the current thread to the joblib workers.
  warnings.warn(
C:\Users\tiago\AppData\Roaming\Python\Python314\site-packages\sklearn\utils\parallel.py:144: UserWarning: `sklearn.utils.parallel.delayed` should be used with `sklearn.utils.parallel.Parallel` to make it possible to propagate the scikit-learn configuration of the current thread to the joblib workers.
  warnings.warn(
C:\Users\tiago\AppData\Roaming\Python\Python314\site-packages\sklearn\utils\parallel.py:144: UserWarning: `sklearn.utils.parallel.delayed` should be used with `sklearn.utils.parallel.Parallel` to make it possible to propagate the scikit-learn configuration of the current thread to the joblib workers.
  warnings.warn(
C:\Users\tiago\AppData\Roaming\Python\Python314\site-packages\sklearn\utils\parallel.py:144: UserWarning: `sklearn.utils.parallel.delayed` should be used with `sklearn.utils.parallel.Parallel` to make it possible to propagate the scikit-learn configuration of the current thread to the joblib workers.
  warnings.warn(
C:\Users\tiago\AppData\Roaming\Python\Python314\site-packages\sklearn\utils\parallel.py:144: UserWarning: `sklearn.utils.parallel.delayed` should be used with `sklearn.utils.parallel.Parallel` to make it possible to propagate the scikit-learn configuration of the current thread to the joblib workers.
  warnings.warn(
C:\Users\tiago\AppData\Roaming\Python\Python314\site-packages\sklearn\utils\parallel.py:144: UserWarning: `sklearn.utils.parallel.delayed` should be used with `sklearn.utils.parallel.Parallel` to make it possible to propagate the scikit-learn configuration of the current thread to the joblib workers.
  warnings.warn(
C:\Users\tiago\AppData\Roaming\Python\Python314\site-packages\sklearn\utils\parallel.py:144: UserWarning: `sklearn.utils.parallel.delayed` should be used with `sklearn.utils.parallel.Parallel` to make it possible to propagate the scikit-learn configuration of the current thread to the joblib workers.
  warnings.warn(
C:\Users\tiago\AppData\Roaming\Python\Python314\site-packages\sklearn\utils\parallel.py:144: UserWarning: `sklearn.utils.parallel.delayed` should be used with `sklearn.utils.parallel.Parallel` to make it possible to propagate the scikit-learn configuration of the current thread to the joblib workers.
  warnings.warn(
C:\Users\tiago\AppData\Roaming\Python\Python314\site-packages\sklearn\utils\parallel.py:144: UserWarning: `sklearn.utils.parallel.delayed` should be used with `sklearn.utils.parallel.Parallel` to make it possible to propagate the scikit-learn configuration of the current thread to the joblib workers.
  warnings.warn(
C:\Users\tiago\AppData\Roaming\Python\Python314\site-packages\sklearn\utils\parallel.py:144: UserWarning: `sklearn.utils.parallel.delayed` should be used with `sklearn.utils.parallel.Parallel` to make it possible to propagate the scikit-learn configuration of the current thread to the joblib workers.
  warnings.warn(
C:\Users\tiago\AppData\Roaming\Python\Python314\site-packages\sklearn\utils\parallel.py:144: UserWarning: `sklearn.utils.parallel.delayed` should be used with `sklearn.utils.parallel.Parallel` to make it possible to propagate the scikit-learn configuration of the current thread to the joblib workers.
  warnings.warn(
C:\Users\tiago\AppData\Roaming\Python\Python314\site-packages\sklearn\utils\parallel.py:144: UserWarning: `sklearn.utils.parallel.delayed` should be used with `sklearn.utils.parallel.Parallel` to make it possible to propagate the scikit-learn configuration of the current thread to the joblib workers.
  warnings.warn(
C:\Users\tiago\AppData\Roaming\Python\Python314\site-packages\sklearn\utils\parallel.py:144: UserWarning: `sklearn.utils.parallel.delayed` should be used with `sklearn.utils.parallel.Parallel` to make it possible to propagate the scikit-learn configuration of the current thread to the joblib workers.
  warnings.warn(
C:\Users\tiago\AppData\Roaming\Python\Python314\site-packages\sklearn\utils\parallel.py:144: UserWarning: `sklearn.utils.parallel.delayed` should be used with `sklearn.utils.parallel.Parallel` to make it possible to propagate the scikit-learn configuration of the current thread to the joblib workers.
  warnings.warn(
C:\Users\tiago\AppData\Roaming\Python\Python314\site-packages\sklearn\utils\parallel.py:144: UserWarning: `sklearn.utils.parallel.delayed` should be used with `sklearn.utils.parallel.Parallel` to make it possible to propagate the scikit-learn configuration of the current thread to the joblib workers.
  warnings.warn(
C:\Users\tiago\AppData\Roaming\Python\Python314\site-packages\sklearn\utils\parallel.py:144: UserWarning: `sklearn.utils.parallel.delayed` should be used with `sklearn.utils.parallel.Parallel` to make it possible to propagate the scikit-learn configuration of the current thread to the joblib workers.
  warnings.warn(
C:\Users\tiago\AppData\Roaming\Python\Python314\site-packages\sklearn\utils\parallel.py:144: UserWarning: `sklearn.utils.parallel.delayed` should be used with `sklearn.utils.parallel.Parallel` to make it possible to propagate the scikit-learn configuration of the current thread to the joblib workers.
  warnings.warn(
C:\Users\tiago\AppData\Roaming\Python\Python314\site-packages\sklearn\utils\parallel.py:144: UserWarning: `sklearn.utils.parallel.delayed` should be used with `sklearn.utils.parallel.Parallel` to make it possible to propagate the scikit-learn configuration of the current thread to the joblib workers.
  warnings.warn(
C:\Users\tiago\AppData\Roaming\Python\Python314\site-packages\sklearn\utils\parallel.py:144: UserWarning: `sklearn.utils.parallel.delayed` should be used with `sklearn.utils.parallel.Parallel` to make it possible to propagate the scikit-learn configuration of the current thread to the joblib workers.
  warnings.warn(
C:\Users\tiago\AppData\Roaming\Python\Python314\site-packages\sklearn\utils\parallel.py:144: UserWarning: `sklearn.utils.parallel.delayed` should be used with `sklearn.utils.parallel.Parallel` to make it possible to propagate the scikit-learn configuration of the current thread to the joblib workers.
  warnings.warn(
C:\Users\tiago\AppData\Roaming\Python\Python314\site-packages\sklearn\utils\parallel.py:144: UserWarning: `sklearn.utils.parallel.delayed` should be used with `sklearn.utils.parallel.Parallel` to make it possible to propagate the scikit-learn configuration of the current thread to the joblib workers.
  warnings.warn(
C:\Users\tiago\AppData\Roaming\Python\Python314\site-packages\sklearn\utils\parallel.py:144: UserWarning: `sklearn.utils.parallel.delayed` should be used with `sklearn.utils.parallel.Parallel` to make it possible to propagate the scikit-learn configuration of the current thread to the joblib workers.
  warnings.warn(
C:\Users\tiago\AppData\Roaming\Python\Python314\site-packages\sklearn\utils\parallel.py:144: UserWarning: `sklearn.utils.parallel.delayed` should be used with `sklearn.utils.parallel.Parallel` to make it possible to propagate the scikit-learn configuration of the current thread to the joblib workers.
  warnings.warn(
C:\Users\tiago\AppData\Roaming\Python\Python314\site-packages\sklearn\utils\parallel.py:144: UserWarning: `sklearn.utils.parallel.delayed` should be used with `sklearn.utils.parallel.Parallel` to make it possible to propagate the scikit-learn configuration of the current thread to the joblib workers.
  warnings.warn(
C:\Users\tiago\AppData\Roaming\Python\Python314\site-packages\sklearn\utils\parallel.py:144: UserWarning: `sklearn.utils.parallel.delayed` should be used with `sklearn.utils.parallel.Parallel` to make it possible to propagate the scikit-learn configuration of the current thread to the joblib workers.
  warnings.warn(
C:\Users\tiago\AppData\Roaming\Python\Python314\site-packages\sklearn\utils\parallel.py:144: UserWarning: `sklearn.utils.parallel.delayed` should be used with `sklearn.utils.parallel.Parallel` to make it possible to propagate the scikit-learn configuration of the current thread to the joblib workers.
  warnings.warn(
C:\Users\tiago\AppData\Roaming\Python\Python314\site-packages\sklearn\utils\parallel.py:144: UserWarning: `sklearn.utils.parallel.delayed` should be used with `sklearn.utils.parallel.Parallel` to make it possible to propagate the scikit-learn configuration of the current thread to the joblib workers.
  warnings.warn(
C:\Users\tiago\AppData\Roaming\Python\Python314\site-packages\sklearn\utils\parallel.py:144: UserWarning: `sklearn.utils.parallel.delayed` should be used with `sklearn.utils.parallel.Parallel` to make it possible to propagate the scikit-learn configuration of the current thread to the joblib workers.
  warnings.warn(
C:\Users\tiago\AppData\Roaming\Python\Python314\site-packages\sklearn\utils\parallel.py:144: UserWarning: `sklearn.utils.parallel.delayed` should be used with `sklearn.utils.parallel.Parallel` to make it possible to propagate the scikit-learn configuration of the current thread to the joblib workers.
  warnings.warn(
C:\Users\tiago\AppData\Roaming\Python\Python314\site-packages\sklearn\utils\parallel.py:144: UserWarning: `sklearn.utils.parallel.delayed` should be used with `sklearn.utils.parallel.Parallel` to make it possible to propagate the scikit-learn configuration of the current thread to the joblib workers.
  warnings.warn(
C:\Users\tiago\AppData\Roaming\Python\Python314\site-packages\sklearn\utils\parallel.py:144: UserWarning: `sklearn.utils.parallel.delayed` should be used with `sklearn.utils.parallel.Parallel` to make it possible to propagate the scikit-learn configuration of the current thread to the joblib workers.
  warnings.warn(
C:\Users\tiago\AppData\Roaming\Python\Python314\site-packages\sklearn\utils\parallel.py:144: UserWarning: `sklearn.utils.parallel.delayed` should be used with `sklearn.utils.parallel.Parallel` to make it possible to propagate the scikit-learn configuration of the current thread to the joblib workers.
  warnings.warn(
C:\Users\tiago\AppData\Roaming\Python\Python314\site-packages\sklearn\utils\parallel.py:144: UserWarning: `sklearn.utils.parallel.delayed` should be used with `sklearn.utils.parallel.Parallel` to make it possible to propagate the scikit-learn configuration of the current thread to the joblib workers.
  warnings.warn(
C:\Users\tiago\AppData\Roaming\Python\Python314\site-packages\sklearn\utils\parallel.py:144: UserWarning: `sklearn.utils.parallel.delayed` should be used with `sklearn.utils.parallel.Parallel` to make it possible to propagate the scikit-learn configuration of the current thread to the joblib workers.
  warnings.warn(
C:\Users\tiago\AppData\Roaming\Python\Python314\site-packages\sklearn\utils\parallel.py:144: UserWarning: `sklearn.utils.parallel.delayed` should be used with `sklearn.utils.parallel.Parallel` to make it possible to propagate the scikit-learn configuration of the current thread to the joblib workers.
  warnings.warn(
C:\Users\tiago\AppData\Roaming\Python\Python314\site-packages\sklearn\utils\parallel.py:144: UserWarning: `sklearn.utils.parallel.delayed` should be used with `sklearn.utils.parallel.Parallel` to make it possible to propagate the scikit-learn configuration of the current thread to the joblib workers.
  warnings.warn(
C:\Users\tiago\AppData\Roaming\Python\Python314\site-packages\sklearn\utils\parallel.py:144: UserWarning: `sklearn.utils.parallel.delayed` should be used with `sklearn.utils.parallel.Parallel` to make it possible to propagate the scikit-learn configuration of the current thread to the joblib workers.
  warnings.warn(
C:\Users\tiago\AppData\Roaming\Python\Python314\site-packages\sklearn\utils\parallel.py:144: UserWarning: `sklearn.utils.parallel.delayed` should be used with `sklearn.utils.parallel.Parallel` to make it possible to propagate the scikit-learn configuration of the current thread to the joblib workers.
  warnings.warn(
C:\Users\tiago\AppData\Roaming\Python\Python314\site-packages\sklearn\utils\parallel.py:144: UserWarning: `sklearn.utils.parallel.delayed` should be used with `sklearn.utils.parallel.Parallel` to make it possible to propagate the scikit-learn configuration of the current thread to the joblib workers.
  warnings.warn(
C:\Users\tiago\AppData\Roaming\Python\Python314\site-packages\sklearn\utils\parallel.py:144: UserWarning: `sklearn.utils.parallel.delayed` should be used with `sklearn.utils.parallel.Parallel` to make it possible to propagate the scikit-learn configuration of the current thread to the joblib workers.
  warnings.warn(
C:\Users\tiago\AppData\Roaming\Python\Python314\site-packages\sklearn\utils\parallel.py:144: UserWarning: `sklearn.utils.parallel.delayed` should be used with `sklearn.utils.parallel.Parallel` to make it possible to propagate the scikit-learn configuration of the current thread to the joblib workers.
  warnings.warn(
C:\Users\tiago\AppData\Roaming\Python\Python314\site-packages\sklearn\utils\parallel.py:144: UserWarning: `sklearn.utils.parallel.delayed` should be used with `sklearn.utils.parallel.Parallel` to make it possible to propagate the scikit-learn configuration of the current thread to the joblib workers.
  warnings.warn(
C:\Users\tiago\AppData\Roaming\Python\Python314\site-packages\sklearn\utils\parallel.py:144: UserWarning: `sklearn.utils.parallel.delayed` should be used with `sklearn.utils.parallel.Parallel` to make it possible to propagate the scikit-learn configuration of the current thread to the joblib workers.
  warnings.warn(
C:\Users\tiago\AppData\Roaming\Python\Python314\site-packages\sklearn\utils\parallel.py:144: UserWarning: `sklearn.utils.parallel.delayed` should be used with `sklearn.utils.parallel.Parallel` to make it possible to propagate the scikit-learn configuration of the current thread to the joblib workers.
  warnings.warn(
C:\Users\tiago\AppData\Roaming\Python\Python314\site-packages\sklearn\utils\parallel.py:144: UserWarning: `sklearn.utils.parallel.delayed` should be used with `sklearn.utils.parallel.Parallel` to make it possible to propagate the scikit-learn configuration of the current thread to the joblib workers.
  warnings.warn(
C:\Users\tiago\AppData\Roaming\Python\Python314\site-packages\sklearn\utils\parallel.py:144: UserWarning: `sklearn.utils.parallel.delayed` should be used with `sklearn.utils.parallel.Parallel` to make it possible to propagate the scikit-learn configuration of the current thread to the joblib workers.
  warnings.warn(
C:\Users\tiago\AppData\Roaming\Python\Python314\site-packages\sklearn\utils\parallel.py:144: UserWarning: `sklearn.utils.parallel.delayed` should be used with `sklearn.utils.parallel.Parallel` to make it possible to propagate the scikit-learn configuration of the current thread to the joblib workers.
  warnings.warn(
C:\Users\tiago\AppData\Roaming\Python\Python314\site-packages\sklearn\utils\parallel.py:144: UserWarning: `sklearn.utils.parallel.delayed` should be used with `sklearn.utils.parallel.Parallel` to make it possible to propagate the scikit-learn configuration of the current thread to the joblib workers.
  warnings.warn(
C:\Users\tiago\AppData\Roaming\Python\Python314\site-packages\sklearn\utils\parallel.py:144: UserWarning: `sklearn.utils.parallel.delayed` should be used with `sklearn.utils.parallel.Parallel` to make it possible to propagate the scikit-learn configuration of the current thread to the joblib workers.
  warnings.warn(
C:\Users\tiago\AppData\Roaming\Python\Python314\site-packages\sklearn\utils\parallel.py:144: UserWarning: `sklearn.utils.parallel.delayed` should be used with `sklearn.utils.parallel.Parallel` to make it possible to propagate the scikit-learn configuration of the current thread to the joblib workers.
  warnings.warn(
C:\Users\tiago\AppData\Roaming\Python\Python314\site-packages\sklearn\utils\parallel.py:144: UserWarning: `sklearn.utils.parallel.delayed` should be used with `sklearn.utils.parallel.Parallel` to make it possible to propagate the scikit-learn configuration of the current thread to the joblib workers.
  warnings.warn(
C:\Users\tiago\AppData\Roaming\Python\Python314\site-packages\sklearn\utils\parallel.py:144: UserWarning: `sklearn.utils.parallel.delayed` should be used with `sklearn.utils.parallel.Parallel` to make it possible to propagate the scikit-learn configuration of the current thread to the joblib workers.
  warnings.warn(
C:\Users\tiago\AppData\Roaming\Python\Python314\site-packages\sklearn\utils\parallel.py:144: UserWarning: `sklearn.utils.parallel.delayed` should be used with `sklearn.utils.parallel.Parallel` to make it possible to propagate the scikit-learn configuration of the current thread to the joblib workers.
  warnings.warn(
C:\Users\tiago\AppData\Roaming\Python\Python314\site-packages\sklearn\utils\parallel.py:144: UserWarning: `sklearn.utils.parallel.delayed` should be used with `sklearn.utils.parallel.Parallel` to make it possible to propagate the scikit-learn configuration of the current thread to the joblib workers.
  warnings.warn(
C:\Users\tiago\AppData\Roaming\Python\Python314\site-packages\sklearn\utils\parallel.py:144: UserWarning: `sklearn.utils.parallel.delayed` should be used with `sklearn.utils.parallel.Parallel` to make it possible to propagate the scikit-learn configuration of the current thread to the joblib workers.
  warnings.warn(
C:\Users\tiago\AppData\Roaming\Python\Python314\site-packages\sklearn\utils\parallel.py:144: UserWarning: `sklearn.utils.parallel.delayed` should be used with `sklearn.utils.parallel.Parallel` to make it possible to propagate the scikit-learn configuration of the current thread to the joblib workers.
  warnings.warn(
C:\Users\tiago\AppData\Roaming\Python\Python314\site-packages\sklearn\utils\parallel.py:144: UserWarning: `sklearn.utils.parallel.delayed` should be used with `sklearn.utils.parallel.Parallel` to make it possible to propagate the scikit-learn configuration of the current thread to the joblib workers.
  warnings.warn(
C:\Users\tiago\AppData\Roaming\Python\Python314\site-packages\sklearn\utils\parallel.py:144: UserWarning: `sklearn.utils.parallel.delayed` should be used with `sklearn.utils.parallel.Parallel` to make it possible to propagate the scikit-learn configuration of the current thread to the joblib workers.
  warnings.warn(
C:\Users\tiago\AppData\Roaming\Python\Python314\site-packages\sklearn\utils\parallel.py:144: UserWarning: `sklearn.utils.parallel.delayed` should be used with `sklearn.utils.parallel.Parallel` to make it possible to propagate the scikit-learn configuration of the current thread to the joblib workers.
  warnings.warn(
C:\Users\tiago\AppData\Roaming\Python\Python314\site-packages\sklearn\utils\parallel.py:144: UserWarning: `sklearn.utils.parallel.delayed` should be used with `sklearn.utils.parallel.Parallel` to make it possible to propagate the scikit-learn configuration of the current thread to the joblib workers.
  warnings.warn(
C:\Users\tiago\AppData\Roaming\Python\Python314\site-packages\sklearn\utils\parallel.py:144: UserWarning: `sklearn.utils.parallel.delayed` should be used with `sklearn.utils.parallel.Parallel` to make it possible to propagate the scikit-learn configuration of the current thread to the joblib workers.
  warnings.warn(
C:\Users\tiago\AppData\Roaming\Python\Python314\site-packages\sklearn\utils\parallel.py:144: UserWarning: `sklearn.utils.parallel.delayed` should be used with `sklearn.utils.parallel.Parallel` to make it possible to propagate the scikit-learn configuration of the current thread to the joblib workers.
  warnings.warn(
C:\Users\tiago\AppData\Roaming\Python\Python314\site-packages\sklearn\utils\parallel.py:144: UserWarning: `sklearn.utils.parallel.delayed` should be used with `sklearn.utils.parallel.Parallel` to make it possible to propagate the scikit-learn configuration of the current thread to the joblib workers.
  warnings.warn(
C:\Users\tiago\AppData\Roaming\Python\Python314\site-packages\sklearn\utils\parallel.py:144: UserWarning: `sklearn.utils.parallel.delayed` should be used with `sklearn.utils.parallel.Parallel` to make it possible to propagate the scikit-learn configuration of the current thread to the joblib workers.
  warnings.warn(
C:\Users\tiago\AppData\Roaming\Python\Python314\site-packages\sklearn\utils\parallel.py:144: UserWarning: `sklearn.utils.parallel.delayed` should be used with `sklearn.utils.parallel.Parallel` to make it possible to propagate the scikit-learn configuration of the current thread to the joblib workers.
  warnings.warn(
C:\Users\tiago\AppData\Roaming\Python\Python314\site-packages\sklearn\utils\parallel.py:144: UserWarning: `sklearn.utils.parallel.delayed` should be used with `sklearn.utils.parallel.Parallel` to make it possible to propagate the scikit-learn configuration of the current thread to the joblib workers.
  warnings.warn(
C:\Users\tiago\AppData\Roaming\Python\Python314\site-packages\sklearn\utils\parallel.py:144: UserWarning: `sklearn.utils.parallel.delayed` should be used with `sklearn.utils.parallel.Parallel` to make it possible to propagate the scikit-learn configuration of the current thread to the joblib workers.
  warnings.warn(
C:\Users\tiago\AppData\Roaming\Python\Python314\site-packages\sklearn\utils\parallel.py:144: UserWarning: `sklearn.utils.parallel.delayed` should be used with `sklearn.utils.parallel.Parallel` to make it possible to propagate the scikit-learn configuration of the current thread to the joblib workers.
  warnings.warn(
C:\Users\tiago\AppData\Roaming\Python\Python314\site-packages\sklearn\utils\parallel.py:144: UserWarning: `sklearn.utils.parallel.delayed` should be used with `sklearn.utils.parallel.Parallel` to make it possible to propagate the scikit-learn configuration of the current thread to the joblib workers.
  warnings.warn(
C:\Users\tiago\AppData\Roaming\Python\Python314\site-packages\sklearn\utils\parallel.py:144: UserWarning: `sklearn.utils.parallel.delayed` should be used with `sklearn.utils.parallel.Parallel` to make it possible to propagate the scikit-learn configuration of the current thread to the joblib workers.
  warnings.warn(
C:\Users\tiago\AppData\Roaming\Python\Python314\site-packages\sklearn\utils\parallel.py:144: UserWarning: `sklearn.utils.parallel.delayed` should be used with `sklearn.utils.parallel.Parallel` to make it possible to propagate the scikit-learn configuration of the current thread to the joblib workers.
  warnings.warn(
C:\Users\tiago\AppData\Roaming\Python\Python314\site-packages\sklearn\utils\parallel.py:144: UserWarning: `sklearn.utils.parallel.delayed` should be used with `sklearn.utils.parallel.Parallel` to make it possible to propagate the scikit-learn configuration of the current thread to the joblib workers.
  warnings.warn(
C:\Users\tiago\AppData\Roaming\Python\Python314\site-packages\sklearn\utils\parallel.py:144: UserWarning: `sklearn.utils.parallel.delayed` should be used with `sklearn.utils.parallel.Parallel` to make it possible to propagate the scikit-learn configuration of the current thread to the joblib workers.
  warnings.warn(
C:\Users\tiago\AppData\Roaming\Python\Python314\site-packages\sklearn\utils\parallel.py:144: UserWarning: `sklearn.utils.parallel.delayed` should be used with `sklearn.utils.parallel.Parallel` to make it possible to propagate the scikit-learn configuration of the current thread to the joblib workers.
  warnings.warn(
C:\Users\tiago\AppData\Roaming\Python\Python314\site-packages\sklearn\utils\parallel.py:144: UserWarning: `sklearn.utils.parallel.delayed` should be used with `sklearn.utils.parallel.Parallel` to make it possible to propagate the scikit-learn configuration of the current thread to the joblib workers.
  warnings.warn(
C:\Users\tiago\AppData\Roaming\Python\Python314\site-packages\sklearn\utils\parallel.py:144: UserWarning: `sklearn.utils.parallel.delayed` should be used with `sklearn.utils.parallel.Parallel` to make it possible to propagate the scikit-learn configuration of the current thread to the joblib workers.
  warnings.warn(
C:\Users\tiago\AppData\Roaming\Python\Python314\site-packages\sklearn\utils\parallel.py:144: UserWarning: `sklearn.utils.parallel.delayed` should be used with `sklearn.utils.parallel.Parallel` to make it possible to propagate the scikit-learn configuration of the current thread to the joblib workers.
  warnings.warn(
(60 comb.) OK
      XGBoost               (120 comb.) OK
      LightGBM              (120 comb.) OK
      CatBoost              (60 comb.) OK
      MLP                   (60 comb.) OK
      ElasticNet (delta)    (40 comb.) OK

  Diebold-Mariano vs Naive (por data, h=5d, HLN 1997)
  Perda agregada por data: 29 datas no teste
  Correcao Holm-Bonferroni (familia=9 testes)
  DM_stat > 0 = modelo PIOR; < 0 = modelo MELHOR
  Modelo                          DM_stat  N_datas    p_bruto     p_holm  Sig(Holm)
  ----------------------------------------------------------------------------
  CRR binomial (roll-down)         1.1727       29     0.2508     1.0000  
  OLS                              1.0371       29     0.3086     1.0000  
  Ridge                            0.8015       29     0.4296     1.0000  
  RandomForest                     0.6365       29     0.5296     1.0000  
  XGBoost                          0.7344       29     0.4688     1.0000  
  LightGBM                         0.7031       29     0.4878     1.0000  
  CatBoost                         0.6651       29     0.5114     1.0000  
  MLP                              1.5766       29     0.1261     1.0000  
  ElasticNet (delta)               0.5405       29     0.5931     1.0000  

  Breakdown por Moneyness (RMSE):

  Grupo                            N     Naive  CRR binom        OLS      Ridge  RandomFor    XGBoost   LightGBM   CatBoost
  -------------------------------------------------------------------------------------------------------------------------
  ITM  (m > 1.05)                  3  [omitido: <5 obs]
  ATM  (0.95 <= m <= 1.05)       236    3.2276     3.3615     4.6810     4.3452     3.7238     3.9791     3.9859     3.8174
  OTM  (m < 0.95)                267    2.9699     3.2973     3.8567     3.4470     3.1482     3.2199     3.2271     3.2715

  Avaliacao em obs liquidas (volume>0): 193 obs
    OLS                             RMSE=3.9066  Theil=1.3769
    Ridge                           RMSE=3.4460  Theil=1.2145
    RandomForest                    RMSE=3.1076  Theil=1.0953
    XGBoost                         RMSE=3.3534  Theil=1.1819
    LightGBM                        RMSE=3.3470  Theil=1.1796
    CatBoost                        RMSE=3.1904  Theil=1.1244
    MLP                             RMSE=4.4615  Theil=1.5724
    ElasticNet (delta)              RMSE=3.1919  Theil=1.1250

==========================================================================================
  ITA | so_VIX  [VIX apenas]  [5d]
==========================================================================================
  #    Modelo                               RMSE        MAE         R2   Theil_U
  ----------------------------------------------------------------------------------------
  1    Naive (Random Walk)                3.0882     2.4540     0.6598    1.0000  <-- MELHOR
  2    CRR binomial (roll-down)           3.3187     2.5348     0.6071    1.0746
  3    RandomForest                       3.4211     2.5553     0.5825    1.1078
  4    ElasticNet (delta)                 3.5110     2.7807     0.5602    1.1369
  5    CatBoost                           3.5397     2.7712     0.5530    1.1462
  6    XGBoost                            3.5994     2.8408     0.5378    1.1655
  7    LightGBM                           3.6091     2.8323     0.5353    1.1687
  8    Ridge                              3.8961     3.0681     0.4585    1.2616
  9    OLS                                4.2647     3.4814     0.3512    1.3810
  10   MLP                                4.6444     3.7217     0.2305    1.5039
==========================================================================================

  [GPR_e_VIX]  GPR + VIX
  [GPR_e_VIX]  Treino: 1082 obs (2025-11-21 -> 2026-04-29) | 108 datas
  [GPR_e_VIX]  Purgadas na fronteira (alvo em periodo de teste): 90 obs
  [GPR_e_VIX]  Teste:  506 obs (2026-05-07 -> 2026-06-17) | 29 datas
  [GPR_e_VIX]  37 features
      [HP tuning: 20 x n_hiperparametros combinacoes x 3 folds purged]
      OLS                   (sem tuning) OK
      Ridge                 (20 comb.) OK
      RandomForest          C:\Users\tiago\AppData\Roaming\Python\Python314\site-packages\sklearn\utils\parallel.py:144: UserWarning: `sklearn.utils.parallel.delayed` should be used with `sklearn.utils.parallel.Parallel` to make it possible to propagate the scikit-learn configuration of the current thread to the joblib workers.
  warnings.warn(
C:\Users\tiago\AppData\Roaming\Python\Python314\site-packages\sklearn\utils\parallel.py:144: UserWarning: `sklearn.utils.parallel.delayed` should be used with `sklearn.utils.parallel.Parallel` to make it possible to propagate the scikit-learn configuration of the current thread to the joblib workers.
  warnings.warn(
C:\Users\tiago\AppData\Roaming\Python\Python314\site-packages\sklearn\utils\parallel.py:144: UserWarning: `sklearn.utils.parallel.delayed` should be used with `sklearn.utils.parallel.Parallel` to make it possible to propagate the scikit-learn configuration of the current thread to the joblib workers.
  warnings.warn(
C:\Users\tiago\AppData\Roaming\Python\Python314\site-packages\sklearn\utils\parallel.py:144: UserWarning: `sklearn.utils.parallel.delayed` should be used with `sklearn.utils.parallel.Parallel` to make it possible to propagate the scikit-learn configuration of the current thread to the joblib workers.
  warnings.warn(
C:\Users\tiago\AppData\Roaming\Python\Python314\site-packages\sklearn\utils\parallel.py:144: UserWarning: `sklearn.utils.parallel.delayed` should be used with `sklearn.utils.parallel.Parallel` to make it possible to propagate the scikit-learn configuration of the current thread to the joblib workers.
  warnings.warn(
C:\Users\tiago\AppData\Roaming\Python\Python314\site-packages\sklearn\utils\parallel.py:144: UserWarning: `sklearn.utils.parallel.delayed` should be used with `sklearn.utils.parallel.Parallel` to make it possible to propagate the scikit-learn configuration of the current thread to the joblib workers.
  warnings.warn(
C:\Users\tiago\AppData\Roaming\Python\Python314\site-packages\sklearn\utils\parallel.py:144: UserWarning: `sklearn.utils.parallel.delayed` should be used with `sklearn.utils.parallel.Parallel` to make it possible to propagate the scikit-learn configuration of the current thread to the joblib workers.
  warnings.warn(
C:\Users\tiago\AppData\Roaming\Python\Python314\site-packages\sklearn\utils\parallel.py:144: UserWarning: `sklearn.utils.parallel.delayed` should be used with `sklearn.utils.parallel.Parallel` to make it possible to propagate the scikit-learn configuration of the current thread to the joblib workers.
  warnings.warn(
C:\Users\tiago\AppData\Roaming\Python\Python314\site-packages\sklearn\utils\parallel.py:144: UserWarning: `sklearn.utils.parallel.delayed` should be used with `sklearn.utils.parallel.Parallel` to make it possible to propagate the scikit-learn configuration of the current thread to the joblib workers.
  warnings.warn(
C:\Users\tiago\AppData\Roaming\Python\Python314\site-packages\sklearn\utils\parallel.py:144: UserWarning: `sklearn.utils.parallel.delayed` should be used with `sklearn.utils.parallel.Parallel` to make it possible to propagate the scikit-learn configuration of the current thread to the joblib workers.
  warnings.warn(
C:\Users\tiago\AppData\Roaming\Python\Python314\site-packages\sklearn\utils\parallel.py:144: UserWarning: `sklearn.utils.parallel.delayed` should be used with `sklearn.utils.parallel.Parallel` to make it possible to propagate the scikit-learn configuration of the current thread to the joblib workers.
  warnings.warn(
C:\Users\tiago\AppData\Roaming\Python\Python314\site-packages\sklearn\utils\parallel.py:144: UserWarning: `sklearn.utils.parallel.delayed` should be used with `sklearn.utils.parallel.Parallel` to make it possible to propagate the scikit-learn configuration of the current thread to the joblib workers.
  warnings.warn(
C:\Users\tiago\AppData\Roaming\Python\Python314\site-packages\sklearn\utils\parallel.py:144: UserWarning: `sklearn.utils.parallel.delayed` should be used with `sklearn.utils.parallel.Parallel` to make it possible to propagate the scikit-learn configuration of the current thread to the joblib workers.
  warnings.warn(
C:\Users\tiago\AppData\Roaming\Python\Python314\site-packages\sklearn\utils\parallel.py:144: UserWarning: `sklearn.utils.parallel.delayed` should be used with `sklearn.utils.parallel.Parallel` to make it possible to propagate the scikit-learn configuration of the current thread to the joblib workers.
  warnings.warn(
C:\Users\tiago\AppData\Roaming\Python\Python314\site-packages\sklearn\utils\parallel.py:144: UserWarning: `sklearn.utils.parallel.delayed` should be used with `sklearn.utils.parallel.Parallel` to make it possible to propagate the scikit-learn configuration of the current thread to the joblib workers.
  warnings.warn(
C:\Users\tiago\AppData\Roaming\Python\Python314\site-packages\sklearn\utils\parallel.py:144: UserWarning: `sklearn.utils.parallel.delayed` should be used with `sklearn.utils.parallel.Parallel` to make it possible to propagate the scikit-learn configuration of the current thread to the joblib workers.
  warnings.warn(
C:\Users\tiago\AppData\Roaming\Python\Python314\site-packages\sklearn\utils\parallel.py:144: UserWarning: `sklearn.utils.parallel.delayed` should be used with `sklearn.utils.parallel.Parallel` to make it possible to propagate the scikit-learn configuration of the current thread to the joblib workers.
  warnings.warn(
C:\Users\tiago\AppData\Roaming\Python\Python314\site-packages\sklearn\utils\parallel.py:144: UserWarning: `sklearn.utils.parallel.delayed` should be used with `sklearn.utils.parallel.Parallel` to make it possible to propagate the scikit-learn configuration of the current thread to the joblib workers.
  warnings.warn(
C:\Users\tiago\AppData\Roaming\Python\Python314\site-packages\sklearn\utils\parallel.py:144: UserWarning: `sklearn.utils.parallel.delayed` should be used with `sklearn.utils.parallel.Parallel` to make it possible to propagate the scikit-learn configuration of the current thread to the joblib workers.
  warnings.warn(
C:\Users\tiago\AppData\Roaming\Python\Python314\site-packages\sklearn\utils\parallel.py:144: UserWarning: `sklearn.utils.parallel.delayed` should be used with `sklearn.utils.parallel.Parallel` to make it possible to propagate the scikit-learn configuration of the current thread to the joblib workers.
  warnings.warn(
C:\Users\tiago\AppData\Roaming\Python\Python314\site-packages\sklearn\utils\parallel.py:144: UserWarning: `sklearn.utils.parallel.delayed` should be used with `sklearn.utils.parallel.Parallel` to make it possible to propagate the scikit-learn configuration of the current thread to the joblib workers.
  warnings.warn(
C:\Users\tiago\AppData\Roaming\Python\Python314\site-packages\sklearn\utils\parallel.py:144: UserWarning: `sklearn.utils.parallel.delayed` should be used with `sklearn.utils.parallel.Parallel` to make it possible to propagate the scikit-learn configuration of the current thread to the joblib workers.
  warnings.warn(
C:\Users\tiago\AppData\Roaming\Python\Python314\site-packages\sklearn\utils\parallel.py:144: UserWarning: `sklearn.utils.parallel.delayed` should be used with `sklearn.utils.parallel.Parallel` to make it possible to propagate the scikit-learn configuration of the current thread to the joblib workers.
  warnings.warn(
C:\Users\tiago\AppData\Roaming\Python\Python314\site-packages\sklearn\utils\parallel.py:144: UserWarning: `sklearn.utils.parallel.delayed` should be used with `sklearn.utils.parallel.Parallel` to make it possible to propagate the scikit-learn configuration of the current thread to the joblib workers.
  warnings.warn(
C:\Users\tiago\AppData\Roaming\Python\Python314\site-packages\sklearn\utils\parallel.py:144: UserWarning: `sklearn.utils.parallel.delayed` should be used with `sklearn.utils.parallel.Parallel` to make it possible to propagate the scikit-learn configuration of the current thread to the joblib workers.
  warnings.warn(
C:\Users\tiago\AppData\Roaming\Python\Python314\site-packages\sklearn\utils\parallel.py:144: UserWarning: `sklearn.utils.parallel.delayed` should be used with `sklearn.utils.parallel.Parallel` to make it possible to propagate the scikit-learn configuration of the current thread to the joblib workers.
  warnings.warn(
C:\Users\tiago\AppData\Roaming\Python\Python314\site-packages\sklearn\utils\parallel.py:144: UserWarning: `sklearn.utils.parallel.delayed` should be used with `sklearn.utils.parallel.Parallel` to make it possible to propagate the scikit-learn configuration of the current thread to the joblib workers.
  warnings.warn(
C:\Users\tiago\AppData\Roaming\Python\Python314\site-packages\sklearn\utils\parallel.py:144: UserWarning: `sklearn.utils.parallel.delayed` should be used with `sklearn.utils.parallel.Parallel` to make it possible to propagate the scikit-learn configuration of the current thread to the joblib workers.
  warnings.warn(
C:\Users\tiago\AppData\Roaming\Python\Python314\site-packages\sklearn\utils\parallel.py:144: UserWarning: `sklearn.utils.parallel.delayed` should be used with `sklearn.utils.parallel.Parallel` to make it possible to propagate the scikit-learn configuration of the current thread to the joblib workers.
  warnings.warn(
C:\Users\tiago\AppData\Roaming\Python\Python314\site-packages\sklearn\utils\parallel.py:144: UserWarning: `sklearn.utils.parallel.delayed` should be used with `sklearn.utils.parallel.Parallel` to make it possible to propagate the scikit-learn configuration of the current thread to the joblib workers.
  warnings.warn(
C:\Users\tiago\AppData\Roaming\Python\Python314\site-packages\sklearn\utils\parallel.py:144: UserWarning: `sklearn.utils.parallel.delayed` should be used with `sklearn.utils.parallel.Parallel` to make it possible to propagate the scikit-learn configuration of the current thread to the joblib workers.
  warnings.warn(
C:\Users\tiago\AppData\Roaming\Python\Python314\site-packages\sklearn\utils\parallel.py:144: UserWarning: `sklearn.utils.parallel.delayed` should be used with `sklearn.utils.parallel.Parallel` to make it possible to propagate the scikit-learn configuration of the current thread to the joblib workers.
  warnings.warn(
C:\Users\tiago\AppData\Roaming\Python\Python314\site-packages\sklearn\utils\parallel.py:144: UserWarning: `sklearn.utils.parallel.delayed` should be used with `sklearn.utils.parallel.Parallel` to make it possible to propagate the scikit-learn configuration of the current thread to the joblib workers.
  warnings.warn(
C:\Users\tiago\AppData\Roaming\Python\Python314\site-packages\sklearn\utils\parallel.py:144: UserWarning: `sklearn.utils.parallel.delayed` should be used with `sklearn.utils.parallel.Parallel` to make it possible to propagate the scikit-learn configuration of the current thread to the joblib workers.
  warnings.warn(
C:\Users\tiago\AppData\Roaming\Python\Python314\site-packages\sklearn\utils\parallel.py:144: UserWarning: `sklearn.utils.parallel.delayed` should be used with `sklearn.utils.parallel.Parallel` to make it possible to propagate the scikit-learn configuration of the current thread to the joblib workers.
  warnings.warn(
C:\Users\tiago\AppData\Roaming\Python\Python314\site-packages\sklearn\utils\parallel.py:144: UserWarning: `sklearn.utils.parallel.delayed` should be used with `sklearn.utils.parallel.Parallel` to make it possible to propagate the scikit-learn configuration of the current thread to the joblib workers.
  warnings.warn(
C:\Users\tiago\AppData\Roaming\Python\Python314\site-packages\sklearn\utils\parallel.py:144: UserWarning: `sklearn.utils.parallel.delayed` should be used with `sklearn.utils.parallel.Parallel` to make it possible to propagate the scikit-learn configuration of the current thread to the joblib workers.
  warnings.warn(
C:\Users\tiago\AppData\Roaming\Python\Python314\site-packages\sklearn\utils\parallel.py:144: UserWarning: `sklearn.utils.parallel.delayed` should be used with `sklearn.utils.parallel.Parallel` to make it possible to propagate the scikit-learn configuration of the current thread to the joblib workers.
  warnings.warn(
C:\Users\tiago\AppData\Roaming\Python\Python314\site-packages\sklearn\utils\parallel.py:144: UserWarning: `sklearn.utils.parallel.delayed` should be used with `sklearn.utils.parallel.Parallel` to make it possible to propagate the scikit-learn configuration of the current thread to the joblib workers.
  warnings.warn(
C:\Users\tiago\AppData\Roaming\Python\Python314\site-packages\sklearn\utils\parallel.py:144: UserWarning: `sklearn.utils.parallel.delayed` should be used with `sklearn.utils.parallel.Parallel` to make it possible to propagate the scikit-learn configuration of the current thread to the joblib workers.
  warnings.warn(
C:\Users\tiago\AppData\Roaming\Python\Python314\site-packages\sklearn\utils\parallel.py:144: UserWarning: `sklearn.utils.parallel.delayed` should be used with `sklearn.utils.parallel.Parallel` to make it possible to propagate the scikit-learn configuration of the current thread to the joblib workers.
  warnings.warn(
C:\Users\tiago\AppData\Roaming\Python\Python314\site-packages\sklearn\utils\parallel.py:144: UserWarning: `sklearn.utils.parallel.delayed` should be used with `sklearn.utils.parallel.Parallel` to make it possible to propagate the scikit-learn configuration of the current thread to the joblib workers.
  warnings.warn(
C:\Users\tiago\AppData\Roaming\Python\Python314\site-packages\sklearn\utils\parallel.py:144: UserWarning: `sklearn.utils.parallel.delayed` should be used with `sklearn.utils.parallel.Parallel` to make it possible to propagate the scikit-learn configuration of the current thread to the joblib workers.
  warnings.warn(
C:\Users\tiago\AppData\Roaming\Python\Python314\site-packages\sklearn\utils\parallel.py:144: UserWarning: `sklearn.utils.parallel.delayed` should be used with `sklearn.utils.parallel.Parallel` to make it possible to propagate the scikit-learn configuration of the current thread to the joblib workers.
  warnings.warn(
C:\Users\tiago\AppData\Roaming\Python\Python314\site-packages\sklearn\utils\parallel.py:144: UserWarning: `sklearn.utils.parallel.delayed` should be used with `sklearn.utils.parallel.Parallel` to make it possible to propagate the scikit-learn configuration of the current thread to the joblib workers.
  warnings.warn(
C:\Users\tiago\AppData\Roaming\Python\Python314\site-packages\sklearn\utils\parallel.py:144: UserWarning: `sklearn.utils.parallel.delayed` should be used with `sklearn.utils.parallel.Parallel` to make it possible to propagate the scikit-learn configuration of the current thread to the joblib workers.
  warnings.warn(
C:\Users\tiago\AppData\Roaming\Python\Python314\site-packages\sklearn\utils\parallel.py:144: UserWarning: `sklearn.utils.parallel.delayed` should be used with `sklearn.utils.parallel.Parallel` to make it possible to propagate the scikit-learn configuration of the current thread to the joblib workers.
  warnings.warn(
C:\Users\tiago\AppData\Roaming\Python\Python314\site-packages\sklearn\utils\parallel.py:144: UserWarning: `sklearn.utils.parallel.delayed` should be used with `sklearn.utils.parallel.Parallel` to make it possible to propagate the scikit-learn configuration of the current thread to the joblib workers.
  warnings.warn(
C:\Users\tiago\AppData\Roaming\Python\Python314\site-packages\sklearn\utils\parallel.py:144: UserWarning: `sklearn.utils.parallel.delayed` should be used with `sklearn.utils.parallel.Parallel` to make it possible to propagate the scikit-learn configuration of the current thread to the joblib workers.
  warnings.warn(
C:\Users\tiago\AppData\Roaming\Python\Python314\site-packages\sklearn\utils\parallel.py:144: UserWarning: `sklearn.utils.parallel.delayed` should be used with `sklearn.utils.parallel.Parallel` to make it possible to propagate the scikit-learn configuration of the current thread to the joblib workers.
  warnings.warn(
C:\Users\tiago\AppData\Roaming\Python\Python314\site-packages\sklearn\utils\parallel.py:144: UserWarning: `sklearn.utils.parallel.delayed` should be used with `sklearn.utils.parallel.Parallel` to make it possible to propagate the scikit-learn configuration of the current thread to the joblib workers.
  warnings.warn(
C:\Users\tiago\AppData\Roaming\Python\Python314\site-packages\sklearn\utils\parallel.py:144: UserWarning: `sklearn.utils.parallel.delayed` should be used with `sklearn.utils.parallel.Parallel` to make it possible to propagate the scikit-learn configuration of the current thread to the joblib workers.
  warnings.warn(
C:\Users\tiago\AppData\Roaming\Python\Python314\site-packages\sklearn\utils\parallel.py:144: UserWarning: `sklearn.utils.parallel.delayed` should be used with `sklearn.utils.parallel.Parallel` to make it possible to propagate the scikit-learn configuration of the current thread to the joblib workers.
  warnings.warn(
C:\Users\tiago\AppData\Roaming\Python\Python314\site-packages\sklearn\utils\parallel.py:144: UserWarning: `sklearn.utils.parallel.delayed` should be used with `sklearn.utils.parallel.Parallel` to make it possible to propagate the scikit-learn configuration of the current thread to the joblib workers.
  warnings.warn(
C:\Users\tiago\AppData\Roaming\Python\Python314\site-packages\sklearn\utils\parallel.py:144: UserWarning: `sklearn.utils.parallel.delayed` should be used with `sklearn.utils.parallel.Parallel` to make it possible to propagate the scikit-learn configuration of the current thread to the joblib workers.
  warnings.warn(
C:\Users\tiago\AppData\Roaming\Python\Python314\site-packages\sklearn\utils\parallel.py:144: UserWarning: `sklearn.utils.parallel.delayed` should be used with `sklearn.utils.parallel.Parallel` to make it possible to propagate the scikit-learn configuration of the current thread to the joblib workers.
  warnings.warn(
C:\Users\tiago\AppData\Roaming\Python\Python314\site-packages\sklearn\utils\parallel.py:144: UserWarning: `sklearn.utils.parallel.delayed` should be used with `sklearn.utils.parallel.Parallel` to make it possible to propagate the scikit-learn configuration of the current thread to the joblib workers.
  warnings.warn(
C:\Users\tiago\AppData\Roaming\Python\Python314\site-packages\sklearn\utils\parallel.py:144: UserWarning: `sklearn.utils.parallel.delayed` should be used with `sklearn.utils.parallel.Parallel` to make it possible to propagate the scikit-learn configuration of the current thread to the joblib workers.
  warnings.warn(
C:\Users\tiago\AppData\Roaming\Python\Python314\site-packages\sklearn\utils\parallel.py:144: UserWarning: `sklearn.utils.parallel.delayed` should be used with `sklearn.utils.parallel.Parallel` to make it possible to propagate the scikit-learn configuration of the current thread to the joblib workers.
  warnings.warn(
C:\Users\tiago\AppData\Roaming\Python\Python314\site-packages\sklearn\utils\parallel.py:144: UserWarning: `sklearn.utils.parallel.delayed` should be used with `sklearn.utils.parallel.Parallel` to make it possible to propagate the scikit-learn configuration of the current thread to the joblib workers.
  warnings.warn(
C:\Users\tiago\AppData\Roaming\Python\Python314\site-packages\sklearn\utils\parallel.py:144: UserWarning: `sklearn.utils.parallel.delayed` should be used with `sklearn.utils.parallel.Parallel` to make it possible to propagate the scikit-learn configuration of the current thread to the joblib workers.
  warnings.warn(
C:\Users\tiago\AppData\Roaming\Python\Python314\site-packages\sklearn\utils\parallel.py:144: UserWarning: `sklearn.utils.parallel.delayed` should be used with `sklearn.utils.parallel.Parallel` to make it possible to propagate the scikit-learn configuration of the current thread to the joblib workers.
  warnings.warn(
C:\Users\tiago\AppData\Roaming\Python\Python314\site-packages\sklearn\utils\parallel.py:144: UserWarning: `sklearn.utils.parallel.delayed` should be used with `sklearn.utils.parallel.Parallel` to make it possible to propagate the scikit-learn configuration of the current thread to the joblib workers.
  warnings.warn(
C:\Users\tiago\AppData\Roaming\Python\Python314\site-packages\sklearn\utils\parallel.py:144: UserWarning: `sklearn.utils.parallel.delayed` should be used with `sklearn.utils.parallel.Parallel` to make it possible to propagate the scikit-learn configuration of the current thread to the joblib workers.
  warnings.warn(
C:\Users\tiago\AppData\Roaming\Python\Python314\site-packages\sklearn\utils\parallel.py:144: UserWarning: `sklearn.utils.parallel.delayed` should be used with `sklearn.utils.parallel.Parallel` to make it possible to propagate the scikit-learn configuration of the current thread to the joblib workers.
  warnings.warn(
C:\Users\tiago\AppData\Roaming\Python\Python314\site-packages\sklearn\utils\parallel.py:144: UserWarning: `sklearn.utils.parallel.delayed` should be used with `sklearn.utils.parallel.Parallel` to make it possible to propagate the scikit-learn configuration of the current thread to the joblib workers.
  warnings.warn(
C:\Users\tiago\AppData\Roaming\Python\Python314\site-packages\sklearn\utils\parallel.py:144: UserWarning: `sklearn.utils.parallel.delayed` should be used with `sklearn.utils.parallel.Parallel` to make it possible to propagate the scikit-learn configuration of the current thread to the joblib workers.
  warnings.warn(
C:\Users\tiago\AppData\Roaming\Python\Python314\site-packages\sklearn\utils\parallel.py:144: UserWarning: `sklearn.utils.parallel.delayed` should be used with `sklearn.utils.parallel.Parallel` to make it possible to propagate the scikit-learn configuration of the current thread to the joblib workers.
  warnings.warn(
C:\Users\tiago\AppData\Roaming\Python\Python314\site-packages\sklearn\utils\parallel.py:144: UserWarning: `sklearn.utils.parallel.delayed` should be used with `sklearn.utils.parallel.Parallel` to make it possible to propagate the scikit-learn configuration of the current thread to the joblib workers.
  warnings.warn(
C:\Users\tiago\AppData\Roaming\Python\Python314\site-packages\sklearn\utils\parallel.py:144: UserWarning: `sklearn.utils.parallel.delayed` should be used with `sklearn.utils.parallel.Parallel` to make it possible to propagate the scikit-learn configuration of the current thread to the joblib workers.
  warnings.warn(
C:\Users\tiago\AppData\Roaming\Python\Python314\site-packages\sklearn\utils\parallel.py:144: UserWarning: `sklearn.utils.parallel.delayed` should be used with `sklearn.utils.parallel.Parallel` to make it possible to propagate the scikit-learn configuration of the current thread to the joblib workers.
  warnings.warn(
C:\Users\tiago\AppData\Roaming\Python\Python314\site-packages\sklearn\utils\parallel.py:144: UserWarning: `sklearn.utils.parallel.delayed` should be used with `sklearn.utils.parallel.Parallel` to make it possible to propagate the scikit-learn configuration of the current thread to the joblib workers.
  warnings.warn(
C:\Users\tiago\AppData\Roaming\Python\Python314\site-packages\sklearn\utils\parallel.py:144: UserWarning: `sklearn.utils.parallel.delayed` should be used with `sklearn.utils.parallel.Parallel` to make it possible to propagate the scikit-learn configuration of the current thread to the joblib workers.
  warnings.warn(
C:\Users\tiago\AppData\Roaming\Python\Python314\site-packages\sklearn\utils\parallel.py:144: UserWarning: `sklearn.utils.parallel.delayed` should be used with `sklearn.utils.parallel.Parallel` to make it possible to propagate the scikit-learn configuration of the current thread to the joblib workers.
  warnings.warn(
C:\Users\tiago\AppData\Roaming\Python\Python314\site-packages\sklearn\utils\parallel.py:144: UserWarning: `sklearn.utils.parallel.delayed` should be used with `sklearn.utils.parallel.Parallel` to make it possible to propagate the scikit-learn configuration of the current thread to the joblib workers.
  warnings.warn(
C:\Users\tiago\AppData\Roaming\Python\Python314\site-packages\sklearn\utils\parallel.py:144: UserWarning: `sklearn.utils.parallel.delayed` should be used with `sklearn.utils.parallel.Parallel` to make it possible to propagate the scikit-learn configuration of the current thread to the joblib workers.
  warnings.warn(
C:\Users\tiago\AppData\Roaming\Python\Python314\site-packages\sklearn\utils\parallel.py:144: UserWarning: `sklearn.utils.parallel.delayed` should be used with `sklearn.utils.parallel.Parallel` to make it possible to propagate the scikit-learn configuration of the current thread to the joblib workers.
  warnings.warn(
C:\Users\tiago\AppData\Roaming\Python\Python314\site-packages\sklearn\utils\parallel.py:144: UserWarning: `sklearn.utils.parallel.delayed` should be used with `sklearn.utils.parallel.Parallel` to make it possible to propagate the scikit-learn configuration of the current thread to the joblib workers.
  warnings.warn(
C:\Users\tiago\AppData\Roaming\Python\Python314\site-packages\sklearn\utils\parallel.py:144: UserWarning: `sklearn.utils.parallel.delayed` should be used with `sklearn.utils.parallel.Parallel` to make it possible to propagate the scikit-learn configuration of the current thread to the joblib workers.
  warnings.warn(
C:\Users\tiago\AppData\Roaming\Python\Python314\site-packages\sklearn\utils\parallel.py:144: UserWarning: `sklearn.utils.parallel.delayed` should be used with `sklearn.utils.parallel.Parallel` to make it possible to propagate the scikit-learn configuration of the current thread to the joblib workers.
  warnings.warn(
C:\Users\tiago\AppData\Roaming\Python\Python314\site-packages\sklearn\utils\parallel.py:144: UserWarning: `sklearn.utils.parallel.delayed` should be used with `sklearn.utils.parallel.Parallel` to make it possible to propagate the scikit-learn configuration of the current thread to the joblib workers.
  warnings.warn(
C:\Users\tiago\AppData\Roaming\Python\Python314\site-packages\sklearn\utils\parallel.py:144: UserWarning: `sklearn.utils.parallel.delayed` should be used with `sklearn.utils.parallel.Parallel` to make it possible to propagate the scikit-learn configuration of the current thread to the joblib workers.
  warnings.warn(
C:\Users\tiago\AppData\Roaming\Python\Python314\site-packages\sklearn\utils\parallel.py:144: UserWarning: `sklearn.utils.parallel.delayed` should be used with `sklearn.utils.parallel.Parallel` to make it possible to propagate the scikit-learn configuration of the current thread to the joblib workers.
  warnings.warn(
C:\Users\tiago\AppData\Roaming\Python\Python314\site-packages\sklearn\utils\parallel.py:144: UserWarning: `sklearn.utils.parallel.delayed` should be used with `sklearn.utils.parallel.Parallel` to make it possible to propagate the scikit-learn configuration of the current thread to the joblib workers.
  warnings.warn(
C:\Users\tiago\AppData\Roaming\Python\Python314\site-packages\sklearn\utils\parallel.py:144: UserWarning: `sklearn.utils.parallel.delayed` should be used with `sklearn.utils.parallel.Parallel` to make it possible to propagate the scikit-learn configuration of the current thread to the joblib workers.
  warnings.warn(
C:\Users\tiago\AppData\Roaming\Python\Python314\site-packages\sklearn\utils\parallel.py:144: UserWarning: `sklearn.utils.parallel.delayed` should be used with `sklearn.utils.parallel.Parallel` to make it possible to propagate the scikit-learn configuration of the current thread to the joblib workers.
  warnings.warn(
C:\Users\tiago\AppData\Roaming\Python\Python314\site-packages\sklearn\utils\parallel.py:144: UserWarning: `sklearn.utils.parallel.delayed` should be used with `sklearn.utils.parallel.Parallel` to make it possible to propagate the scikit-learn configuration of the current thread to the joblib workers.
  warnings.warn(
C:\Users\tiago\AppData\Roaming\Python\Python314\site-packages\sklearn\utils\parallel.py:144: UserWarning: `sklearn.utils.parallel.delayed` should be used with `sklearn.utils.parallel.Parallel` to make it possible to propagate the scikit-learn configuration of the current thread to the joblib workers.
  warnings.warn(
C:\Users\tiago\AppData\Roaming\Python\Python314\site-packages\sklearn\utils\parallel.py:144: UserWarning: `sklearn.utils.parallel.delayed` should be used with `sklearn.utils.parallel.Parallel` to make it possible to propagate the scikit-learn configuration of the current thread to the joblib workers.
  warnings.warn(
C:\Users\tiago\AppData\Roaming\Python\Python314\site-packages\sklearn\utils\parallel.py:144: UserWarning: `sklearn.utils.parallel.delayed` should be used with `sklearn.utils.parallel.Parallel` to make it possible to propagate the scikit-learn configuration of the current thread to the joblib workers.
  warnings.warn(
C:\Users\tiago\AppData\Roaming\Python\Python314\site-packages\sklearn\utils\parallel.py:144: UserWarning: `sklearn.utils.parallel.delayed` should be used with `sklearn.utils.parallel.Parallel` to make it possible to propagate the scikit-learn configuration of the current thread to the joblib workers.
  warnings.warn(
C:\Users\tiago\AppData\Roaming\Python\Python314\site-packages\sklearn\utils\parallel.py:144: UserWarning: `sklearn.utils.parallel.delayed` should be used with `sklearn.utils.parallel.Parallel` to make it possible to propagate the scikit-learn configuration of the current thread to the joblib workers.
  warnings.warn(
C:\Users\tiago\AppData\Roaming\Python\Python314\site-packages\sklearn\utils\parallel.py:144: UserWarning: `sklearn.utils.parallel.delayed` should be used with `sklearn.utils.parallel.Parallel` to make it possible to propagate the scikit-learn configuration of the current thread to the joblib workers.
  warnings.warn(
C:\Users\tiago\AppData\Roaming\Python\Python314\site-packages\sklearn\utils\parallel.py:144: UserWarning: `sklearn.utils.parallel.delayed` should be used with `sklearn.utils.parallel.Parallel` to make it possible to propagate the scikit-learn configuration of the current thread to the joblib workers.
  warnings.warn(
C:\Users\tiago\AppData\Roaming\Python\Python314\site-packages\sklearn\utils\parallel.py:144: UserWarning: `sklearn.utils.parallel.delayed` should be used with `sklearn.utils.parallel.Parallel` to make it possible to propagate the scikit-learn configuration of the current thread to the joblib workers.
  warnings.warn(
C:\Users\tiago\AppData\Roaming\Python\Python314\site-packages\sklearn\utils\parallel.py:144: UserWarning: `sklearn.utils.parallel.delayed` should be used with `sklearn.utils.parallel.Parallel` to make it possible to propagate the scikit-learn configuration of the current thread to the joblib workers.
  warnings.warn(
C:\Users\tiago\AppData\Roaming\Python\Python314\site-packages\sklearn\utils\parallel.py:144: UserWarning: `sklearn.utils.parallel.delayed` should be used with `sklearn.utils.parallel.Parallel` to make it possible to propagate the scikit-learn configuration of the current thread to the joblib workers.
  warnings.warn(
C:\Users\tiago\AppData\Roaming\Python\Python314\site-packages\sklearn\utils\parallel.py:144: UserWarning: `sklearn.utils.parallel.delayed` should be used with `sklearn.utils.parallel.Parallel` to make it possible to propagate the scikit-learn configuration of the current thread to the joblib workers.
  warnings.warn(
C:\Users\tiago\AppData\Roaming\Python\Python314\site-packages\sklearn\utils\parallel.py:144: UserWarning: `sklearn.utils.parallel.delayed` should be used with `sklearn.utils.parallel.Parallel` to make it possible to propagate the scikit-learn configuration of the current thread to the joblib workers.
  warnings.warn(
C:\Users\tiago\AppData\Roaming\Python\Python314\site-packages\sklearn\utils\parallel.py:144: UserWarning: `sklearn.utils.parallel.delayed` should be used with `sklearn.utils.parallel.Parallel` to make it possible to propagate the scikit-learn configuration of the current thread to the joblib workers.
  warnings.warn(
C:\Users\tiago\AppData\Roaming\Python\Python314\site-packages\sklearn\utils\parallel.py:144: UserWarning: `sklearn.utils.parallel.delayed` should be used with `sklearn.utils.parallel.Parallel` to make it possible to propagate the scikit-learn configuration of the current thread to the joblib workers.
  warnings.warn(
C:\Users\tiago\AppData\Roaming\Python\Python314\site-packages\sklearn\utils\parallel.py:144: UserWarning: `sklearn.utils.parallel.delayed` should be used with `sklearn.utils.parallel.Parallel` to make it possible to propagate the scikit-learn configuration of the current thread to the joblib workers.
  warnings.warn(
C:\Users\tiago\AppData\Roaming\Python\Python314\site-packages\sklearn\utils\parallel.py:144: UserWarning: `sklearn.utils.parallel.delayed` should be used with `sklearn.utils.parallel.Parallel` to make it possible to propagate the scikit-learn configuration of the current thread to the joblib workers.
  warnings.warn(
C:\Users\tiago\AppData\Roaming\Python\Python314\site-packages\sklearn\utils\parallel.py:144: UserWarning: `sklearn.utils.parallel.delayed` should be used with `sklearn.utils.parallel.Parallel` to make it possible to propagate the scikit-learn configuration of the current thread to the joblib workers.
  warnings.warn(
C:\Users\tiago\AppData\Roaming\Python\Python314\site-packages\sklearn\utils\parallel.py:144: UserWarning: `sklearn.utils.parallel.delayed` should be used with `sklearn.utils.parallel.Parallel` to make it possible to propagate the scikit-learn configuration of the current thread to the joblib workers.
  warnings.warn(
C:\Users\tiago\AppData\Roaming\Python\Python314\site-packages\sklearn\utils\parallel.py:144: UserWarning: `sklearn.utils.parallel.delayed` should be used with `sklearn.utils.parallel.Parallel` to make it possible to propagate the scikit-learn configuration of the current thread to the joblib workers.
  warnings.warn(
C:\Users\tiago\AppData\Roaming\Python\Python314\site-packages\sklearn\utils\parallel.py:144: UserWarning: `sklearn.utils.parallel.delayed` should be used with `sklearn.utils.parallel.Parallel` to make it possible to propagate the scikit-learn configuration of the current thread to the joblib workers.
  warnings.warn(
C:\Users\tiago\AppData\Roaming\Python\Python314\site-packages\sklearn\utils\parallel.py:144: UserWarning: `sklearn.utils.parallel.delayed` should be used with `sklearn.utils.parallel.Parallel` to make it possible to propagate the scikit-learn configuration of the current thread to the joblib workers.
  warnings.warn(
C:\Users\tiago\AppData\Roaming\Python\Python314\site-packages\sklearn\utils\parallel.py:144: UserWarning: `sklearn.utils.parallel.delayed` should be used with `sklearn.utils.parallel.Parallel` to make it possible to propagate the scikit-learn configuration of the current thread to the joblib workers.
  warnings.warn(
C:\Users\tiago\AppData\Roaming\Python\Python314\site-packages\sklearn\utils\parallel.py:144: UserWarning: `sklearn.utils.parallel.delayed` should be used with `sklearn.utils.parallel.Parallel` to make it possible to propagate the scikit-learn configuration of the current thread to the joblib workers.
  warnings.warn(
C:\Users\tiago\AppData\Roaming\Python\Python314\site-packages\sklearn\utils\parallel.py:144: UserWarning: `sklearn.utils.parallel.delayed` should be used with `sklearn.utils.parallel.Parallel` to make it possible to propagate the scikit-learn configuration of the current thread to the joblib workers.
  warnings.warn(
C:\Users\tiago\AppData\Roaming\Python\Python314\site-packages\sklearn\utils\parallel.py:144: UserWarning: `sklearn.utils.parallel.delayed` should be used with `sklearn.utils.parallel.Parallel` to make it possible to propagate the scikit-learn configuration of the current thread to the joblib workers.
  warnings.warn(
C:\Users\tiago\AppData\Roaming\Python\Python314\site-packages\sklearn\utils\parallel.py:144: UserWarning: `sklearn.utils.parallel.delayed` should be used with `sklearn.utils.parallel.Parallel` to make it possible to propagate the scikit-learn configuration of the current thread to the joblib workers.
  warnings.warn(
C:\Users\tiago\AppData\Roaming\Python\Python314\site-packages\sklearn\utils\parallel.py:144: UserWarning: `sklearn.utils.parallel.delayed` should be used with `sklearn.utils.parallel.Parallel` to make it possible to propagate the scikit-learn configuration of the current thread to the joblib workers.
  warnings.warn(
C:\Users\tiago\AppData\Roaming\Python\Python314\site-packages\sklearn\utils\parallel.py:144: UserWarning: `sklearn.utils.parallel.delayed` should be used with `sklearn.utils.parallel.Parallel` to make it possible to propagate the scikit-learn configuration of the current thread to the joblib workers.
  warnings.warn(
C:\Users\tiago\AppData\Roaming\Python\Python314\site-packages\sklearn\utils\parallel.py:144: UserWarning: `sklearn.utils.parallel.delayed` should be used with `sklearn.utils.parallel.Parallel` to make it possible to propagate the scikit-learn configuration of the current thread to the joblib workers.
  warnings.warn(
C:\Users\tiago\AppData\Roaming\Python\Python314\site-packages\sklearn\utils\parallel.py:144: UserWarning: `sklearn.utils.parallel.delayed` should be used with `sklearn.utils.parallel.Parallel` to make it possible to propagate the scikit-learn configuration of the current thread to the joblib workers.
  warnings.warn(
C:\Users\tiago\AppData\Roaming\Python\Python314\site-packages\sklearn\utils\parallel.py:144: UserWarning: `sklearn.utils.parallel.delayed` should be used with `sklearn.utils.parallel.Parallel` to make it possible to propagate the scikit-learn configuration of the current thread to the joblib workers.
  warnings.warn(
C:\Users\tiago\AppData\Roaming\Python\Python314\site-packages\sklearn\utils\parallel.py:144: UserWarning: `sklearn.utils.parallel.delayed` should be used with `sklearn.utils.parallel.Parallel` to make it possible to propagate the scikit-learn configuration of the current thread to the joblib workers.
  warnings.warn(
C:\Users\tiago\AppData\Roaming\Python\Python314\site-packages\sklearn\utils\parallel.py:144: UserWarning: `sklearn.utils.parallel.delayed` should be used with `sklearn.utils.parallel.Parallel` to make it possible to propagate the scikit-learn configuration of the current thread to the joblib workers.
  warnings.warn(
C:\Users\tiago\AppData\Roaming\Python\Python314\site-packages\sklearn\utils\parallel.py:144: UserWarning: `sklearn.utils.parallel.delayed` should be used with `sklearn.utils.parallel.Parallel` to make it possible to propagate the scikit-learn configuration of the current thread to the joblib workers.
  warnings.warn(
C:\Users\tiago\AppData\Roaming\Python\Python314\site-packages\sklearn\utils\parallel.py:144: UserWarning: `sklearn.utils.parallel.delayed` should be used with `sklearn.utils.parallel.Parallel` to make it possible to propagate the scikit-learn configuration of the current thread to the joblib workers.
  warnings.warn(
C:\Users\tiago\AppData\Roaming\Python\Python314\site-packages\sklearn\utils\parallel.py:144: UserWarning: `sklearn.utils.parallel.delayed` should be used with `sklearn.utils.parallel.Parallel` to make it possible to propagate the scikit-learn configuration of the current thread to the joblib workers.
  warnings.warn(
C:\Users\tiago\AppData\Roaming\Python\Python314\site-packages\sklearn\utils\parallel.py:144: UserWarning: `sklearn.utils.parallel.delayed` should be used with `sklearn.utils.parallel.Parallel` to make it possible to propagate the scikit-learn configuration of the current thread to the joblib workers.
  warnings.warn(
C:\Users\tiago\AppData\Roaming\Python\Python314\site-packages\sklearn\utils\parallel.py:144: UserWarning: `sklearn.utils.parallel.delayed` should be used with `sklearn.utils.parallel.Parallel` to make it possible to propagate the scikit-learn configuration of the current thread to the joblib workers.
  warnings.warn(
C:\Users\tiago\AppData\Roaming\Python\Python314\site-packages\sklearn\utils\parallel.py:144: UserWarning: `sklearn.utils.parallel.delayed` should be used with `sklearn.utils.parallel.Parallel` to make it possible to propagate the scikit-learn configuration of the current thread to the joblib workers.
  warnings.warn(
C:\Users\tiago\AppData\Roaming\Python\Python314\site-packages\sklearn\utils\parallel.py:144: UserWarning: `sklearn.utils.parallel.delayed` should be used with `sklearn.utils.parallel.Parallel` to make it possible to propagate the scikit-learn configuration of the current thread to the joblib workers.
  warnings.warn(
C:\Users\tiago\AppData\Roaming\Python\Python314\site-packages\sklearn\utils\parallel.py:144: UserWarning: `sklearn.utils.parallel.delayed` should be used with `sklearn.utils.parallel.Parallel` to make it possible to propagate the scikit-learn configuration of the current thread to the joblib workers.
  warnings.warn(
C:\Users\tiago\AppData\Roaming\Python\Python314\site-packages\sklearn\utils\parallel.py:144: UserWarning: `sklearn.utils.parallel.delayed` should be used with `sklearn.utils.parallel.Parallel` to make it possible to propagate the scikit-learn configuration of the current thread to the joblib workers.
  warnings.warn(
C:\Users\tiago\AppData\Roaming\Python\Python314\site-packages\sklearn\utils\parallel.py:144: UserWarning: `sklearn.utils.parallel.delayed` should be used with `sklearn.utils.parallel.Parallel` to make it possible to propagate the scikit-learn configuration of the current thread to the joblib workers.
  warnings.warn(
C:\Users\tiago\AppData\Roaming\Python\Python314\site-packages\sklearn\utils\parallel.py:144: UserWarning: `sklearn.utils.parallel.delayed` should be used with `sklearn.utils.parallel.Parallel` to make it possible to propagate the scikit-learn configuration of the current thread to the joblib workers.
  warnings.warn(
C:\Users\tiago\AppData\Roaming\Python\Python314\site-packages\sklearn\utils\parallel.py:144: UserWarning: `sklearn.utils.parallel.delayed` should be used with `sklearn.utils.parallel.Parallel` to make it possible to propagate the scikit-learn configuration of the current thread to the joblib workers.
  warnings.warn(
C:\Users\tiago\AppData\Roaming\Python\Python314\site-packages\sklearn\utils\parallel.py:144: UserWarning: `sklearn.utils.parallel.delayed` should be used with `sklearn.utils.parallel.Parallel` to make it possible to propagate the scikit-learn configuration of the current thread to the joblib workers.
  warnings.warn(
C:\Users\tiago\AppData\Roaming\Python\Python314\site-packages\sklearn\utils\parallel.py:144: UserWarning: `sklearn.utils.parallel.delayed` should be used with `sklearn.utils.parallel.Parallel` to make it possible to propagate the scikit-learn configuration of the current thread to the joblib workers.
  warnings.warn(
C:\Users\tiago\AppData\Roaming\Python\Python314\site-packages\sklearn\utils\parallel.py:144: UserWarning: `sklearn.utils.parallel.delayed` should be used with `sklearn.utils.parallel.Parallel` to make it possible to propagate the scikit-learn configuration of the current thread to the joblib workers.
  warnings.warn(
C:\Users\tiago\AppData\Roaming\Python\Python314\site-packages\sklearn\utils\parallel.py:144: UserWarning: `sklearn.utils.parallel.delayed` should be used with `sklearn.utils.parallel.Parallel` to make it possible to propagate the scikit-learn configuration of the current thread to the joblib workers.
  warnings.warn(
C:\Users\tiago\AppData\Roaming\Python\Python314\site-packages\sklearn\utils\parallel.py:144: UserWarning: `sklearn.utils.parallel.delayed` should be used with `sklearn.utils.parallel.Parallel` to make it possible to propagate the scikit-learn configuration of the current thread to the joblib workers.
  warnings.warn(
C:\Users\tiago\AppData\Roaming\Python\Python314\site-packages\sklearn\utils\parallel.py:144: UserWarning: `sklearn.utils.parallel.delayed` should be used with `sklearn.utils.parallel.Parallel` to make it possible to propagate the scikit-learn configuration of the current thread to the joblib workers.
  warnings.warn(
C:\Users\tiago\AppData\Roaming\Python\Python314\site-packages\sklearn\utils\parallel.py:144: UserWarning: `sklearn.utils.parallel.delayed` should be used with `sklearn.utils.parallel.Parallel` to make it possible to propagate the scikit-learn configuration of the current thread to the joblib workers.
  warnings.warn(
C:\Users\tiago\AppData\Roaming\Python\Python314\site-packages\sklearn\utils\parallel.py:144: UserWarning: `sklearn.utils.parallel.delayed` should be used with `sklearn.utils.parallel.Parallel` to make it possible to propagate the scikit-learn configuration of the current thread to the joblib workers.
  warnings.warn(
C:\Users\tiago\AppData\Roaming\Python\Python314\site-packages\sklearn\utils\parallel.py:144: UserWarning: `sklearn.utils.parallel.delayed` should be used with `sklearn.utils.parallel.Parallel` to make it possible to propagate the scikit-learn configuration of the current thread to the joblib workers.
  warnings.warn(
C:\Users\tiago\AppData\Roaming\Python\Python314\site-packages\sklearn\utils\parallel.py:144: UserWarning: `sklearn.utils.parallel.delayed` should be used with `sklearn.utils.parallel.Parallel` to make it possible to propagate the scikit-learn configuration of the current thread to the joblib workers.
  warnings.warn(
C:\Users\tiago\AppData\Roaming\Python\Python314\site-packages\sklearn\utils\parallel.py:144: UserWarning: `sklearn.utils.parallel.delayed` should be used with `sklearn.utils.parallel.Parallel` to make it possible to propagate the scikit-learn configuration of the current thread to the joblib workers.
  warnings.warn(
C:\Users\tiago\AppData\Roaming\Python\Python314\site-packages\sklearn\utils\parallel.py:144: UserWarning: `sklearn.utils.parallel.delayed` should be used with `sklearn.utils.parallel.Parallel` to make it possible to propagate the scikit-learn configuration of the current thread to the joblib workers.
  warnings.warn(
C:\Users\tiago\AppData\Roaming\Python\Python314\site-packages\sklearn\utils\parallel.py:144: UserWarning: `sklearn.utils.parallel.delayed` should be used with `sklearn.utils.parallel.Parallel` to make it possible to propagate the scikit-learn configuration of the current thread to the joblib workers.
  warnings.warn(
C:\Users\tiago\AppData\Roaming\Python\Python314\site-packages\sklearn\utils\parallel.py:144: UserWarning: `sklearn.utils.parallel.delayed` should be used with `sklearn.utils.parallel.Parallel` to make it possible to propagate the scikit-learn configuration of the current thread to the joblib workers.
  warnings.warn(
C:\Users\tiago\AppData\Roaming\Python\Python314\site-packages\sklearn\utils\parallel.py:144: UserWarning: `sklearn.utils.parallel.delayed` should be used with `sklearn.utils.parallel.Parallel` to make it possible to propagate the scikit-learn configuration of the current thread to the joblib workers.
  warnings.warn(
C:\Users\tiago\AppData\Roaming\Python\Python314\site-packages\sklearn\utils\parallel.py:144: UserWarning: `sklearn.utils.parallel.delayed` should be used with `sklearn.utils.parallel.Parallel` to make it possible to propagate the scikit-learn configuration of the current thread to the joblib workers.
  warnings.warn(
C:\Users\tiago\AppData\Roaming\Python\Python314\site-packages\sklearn\utils\parallel.py:144: UserWarning: `sklearn.utils.parallel.delayed` should be used with `sklearn.utils.parallel.Parallel` to make it possible to propagate the scikit-learn configuration of the current thread to the joblib workers.
  warnings.warn(
C:\Users\tiago\AppData\Roaming\Python\Python314\site-packages\sklearn\utils\parallel.py:144: UserWarning: `sklearn.utils.parallel.delayed` should be used with `sklearn.utils.parallel.Parallel` to make it possible to propagate the scikit-learn configuration of the current thread to the joblib workers.
  warnings.warn(
C:\Users\tiago\AppData\Roaming\Python\Python314\site-packages\sklearn\utils\parallel.py:144: UserWarning: `sklearn.utils.parallel.delayed` should be used with `sklearn.utils.parallel.Parallel` to make it possible to propagate the scikit-learn configuration of the current thread to the joblib workers.
  warnings.warn(
C:\Users\tiago\AppData\Roaming\Python\Python314\site-packages\sklearn\utils\parallel.py:144: UserWarning: `sklearn.utils.parallel.delayed` should be used with `sklearn.utils.parallel.Parallel` to make it possible to propagate the scikit-learn configuration of the current thread to the joblib workers.
  warnings.warn(
C:\Users\tiago\AppData\Roaming\Python\Python314\site-packages\sklearn\utils\parallel.py:144: UserWarning: `sklearn.utils.parallel.delayed` should be used with `sklearn.utils.parallel.Parallel` to make it possible to propagate the scikit-learn configuration of the current thread to the joblib workers.
  warnings.warn(
C:\Users\tiago\AppData\Roaming\Python\Python314\site-packages\sklearn\utils\parallel.py:144: UserWarning: `sklearn.utils.parallel.delayed` should be used with `sklearn.utils.parallel.Parallel` to make it possible to propagate the scikit-learn configuration of the current thread to the joblib workers.
  warnings.warn(
C:\Users\tiago\AppData\Roaming\Python\Python314\site-packages\sklearn\utils\parallel.py:144: UserWarning: `sklearn.utils.parallel.delayed` should be used with `sklearn.utils.parallel.Parallel` to make it possible to propagate the scikit-learn configuration of the current thread to the joblib workers.
  warnings.warn(
C:\Users\tiago\AppData\Roaming\Python\Python314\site-packages\sklearn\utils\parallel.py:144: UserWarning: `sklearn.utils.parallel.delayed` should be used with `sklearn.utils.parallel.Parallel` to make it possible to propagate the scikit-learn configuration of the current thread to the joblib workers.
  warnings.warn(
C:\Users\tiago\AppData\Roaming\Python\Python314\site-packages\sklearn\utils\parallel.py:144: UserWarning: `sklearn.utils.parallel.delayed` should be used with `sklearn.utils.parallel.Parallel` to make it possible to propagate the scikit-learn configuration of the current thread to the joblib workers.
  warnings.warn(
C:\Users\tiago\AppData\Roaming\Python\Python314\site-packages\sklearn\utils\parallel.py:144: UserWarning: `sklearn.utils.parallel.delayed` should be used with `sklearn.utils.parallel.Parallel` to make it possible to propagate the scikit-learn configuration of the current thread to the joblib workers.
  warnings.warn(
C:\Users\tiago\AppData\Roaming\Python\Python314\site-packages\sklearn\utils\parallel.py:144: UserWarning: `sklearn.utils.parallel.delayed` should be used with `sklearn.utils.parallel.Parallel` to make it possible to propagate the scikit-learn configuration of the current thread to the joblib workers.
  warnings.warn(
C:\Users\tiago\AppData\Roaming\Python\Python314\site-packages\sklearn\utils\parallel.py:144: UserWarning: `sklearn.utils.parallel.delayed` should be used with `sklearn.utils.parallel.Parallel` to make it possible to propagate the scikit-learn configuration of the current thread to the joblib workers.
  warnings.warn(
C:\Users\tiago\AppData\Roaming\Python\Python314\site-packages\sklearn\utils\parallel.py:144: UserWarning: `sklearn.utils.parallel.delayed` should be used with `sklearn.utils.parallel.Parallel` to make it possible to propagate the scikit-learn configuration of the current thread to the joblib workers.
  warnings.warn(
C:\Users\tiago\AppData\Roaming\Python\Python314\site-packages\sklearn\utils\parallel.py:144: UserWarning: `sklearn.utils.parallel.delayed` should be used with `sklearn.utils.parallel.Parallel` to make it possible to propagate the scikit-learn configuration of the current thread to the joblib workers.
  warnings.warn(
C:\Users\tiago\AppData\Roaming\Python\Python314\site-packages\sklearn\utils\parallel.py:144: UserWarning: `sklearn.utils.parallel.delayed` should be used with `sklearn.utils.parallel.Parallel` to make it possible to propagate the scikit-learn configuration of the current thread to the joblib workers.
  warnings.warn(
C:\Users\tiago\AppData\Roaming\Python\Python314\site-packages\sklearn\utils\parallel.py:144: UserWarning: `sklearn.utils.parallel.delayed` should be used with `sklearn.utils.parallel.Parallel` to make it possible to propagate the scikit-learn configuration of the current thread to the joblib workers.
  warnings.warn(
C:\Users\tiago\AppData\Roaming\Python\Python314\site-packages\sklearn\utils\parallel.py:144: UserWarning: `sklearn.utils.parallel.delayed` should be used with `sklearn.utils.parallel.Parallel` to make it possible to propagate the scikit-learn configuration of the current thread to the joblib workers.
  warnings.warn(
C:\Users\tiago\AppData\Roaming\Python\Python314\site-packages\sklearn\utils\parallel.py:144: UserWarning: `sklearn.utils.parallel.delayed` should be used with `sklearn.utils.parallel.Parallel` to make it possible to propagate the scikit-learn configuration of the current thread to the joblib workers.
  warnings.warn(
C:\Users\tiago\AppData\Roaming\Python\Python314\site-packages\sklearn\utils\parallel.py:144: UserWarning: `sklearn.utils.parallel.delayed` should be used with `sklearn.utils.parallel.Parallel` to make it possible to propagate the scikit-learn configuration of the current thread to the joblib workers.
  warnings.warn(
C:\Users\tiago\AppData\Roaming\Python\Python314\site-packages\sklearn\utils\parallel.py:144: UserWarning: `sklearn.utils.parallel.delayed` should be used with `sklearn.utils.parallel.Parallel` to make it possible to propagate the scikit-learn configuration of the current thread to the joblib workers.
  warnings.warn(
C:\Users\tiago\AppData\Roaming\Python\Python314\site-packages\sklearn\utils\parallel.py:144: UserWarning: `sklearn.utils.parallel.delayed` should be used with `sklearn.utils.parallel.Parallel` to make it possible to propagate the scikit-learn configuration of the current thread to the joblib workers.
  warnings.warn(
C:\Users\tiago\AppData\Roaming\Python\Python314\site-packages\sklearn\utils\parallel.py:144: UserWarning: `sklearn.utils.parallel.delayed` should be used with `sklearn.utils.parallel.Parallel` to make it possible to propagate the scikit-learn configuration of the current thread to the joblib workers.
  warnings.warn(
C:\Users\tiago\AppData\Roaming\Python\Python314\site-packages\sklearn\utils\parallel.py:144: UserWarning: `sklearn.utils.parallel.delayed` should be used with `sklearn.utils.parallel.Parallel` to make it possible to propagate the scikit-learn configuration of the current thread to the joblib workers.
  warnings.warn(
C:\Users\tiago\AppData\Roaming\Python\Python314\site-packages\sklearn\utils\parallel.py:144: UserWarning: `sklearn.utils.parallel.delayed` should be used with `sklearn.utils.parallel.Parallel` to make it possible to propagate the scikit-learn configuration of the current thread to the joblib workers.
  warnings.warn(
C:\Users\tiago\AppData\Roaming\Python\Python314\site-packages\sklearn\utils\parallel.py:144: UserWarning: `sklearn.utils.parallel.delayed` should be used with `sklearn.utils.parallel.Parallel` to make it possible to propagate the scikit-learn configuration of the current thread to the joblib workers.
  warnings.warn(
C:\Users\tiago\AppData\Roaming\Python\Python314\site-packages\sklearn\utils\parallel.py:144: UserWarning: `sklearn.utils.parallel.delayed` should be used with `sklearn.utils.parallel.Parallel` to make it possible to propagate the scikit-learn configuration of the current thread to the joblib workers.
  warnings.warn(
C:\Users\tiago\AppData\Roaming\Python\Python314\site-packages\sklearn\utils\parallel.py:144: UserWarning: `sklearn.utils.parallel.delayed` should be used with `sklearn.utils.parallel.Parallel` to make it possible to propagate the scikit-learn configuration of the current thread to the joblib workers.
  warnings.warn(
C:\Users\tiago\AppData\Roaming\Python\Python314\site-packages\sklearn\utils\parallel.py:144: UserWarning: `sklearn.utils.parallel.delayed` should be used with `sklearn.utils.parallel.Parallel` to make it possible to propagate the scikit-learn configuration of the current thread to the joblib workers.
  warnings.warn(
C:\Users\tiago\AppData\Roaming\Python\Python314\site-packages\sklearn\utils\parallel.py:144: UserWarning: `sklearn.utils.parallel.delayed` should be used with `sklearn.utils.parallel.Parallel` to make it possible to propagate the scikit-learn configuration of the current thread to the joblib workers.
  warnings.warn(
C:\Users\tiago\AppData\Roaming\Python\Python314\site-packages\sklearn\utils\parallel.py:144: UserWarning: `sklearn.utils.parallel.delayed` should be used with `sklearn.utils.parallel.Parallel` to make it possible to propagate the scikit-learn configuration of the current thread to the joblib workers.
  warnings.warn(
C:\Users\tiago\AppData\Roaming\Python\Python314\site-packages\sklearn\utils\parallel.py:144: UserWarning: `sklearn.utils.parallel.delayed` should be used with `sklearn.utils.parallel.Parallel` to make it possible to propagate the scikit-learn configuration of the current thread to the joblib workers.
  warnings.warn(
C:\Users\tiago\AppData\Roaming\Python\Python314\site-packages\sklearn\utils\parallel.py:144: UserWarning: `sklearn.utils.parallel.delayed` should be used with `sklearn.utils.parallel.Parallel` to make it possible to propagate the scikit-learn configuration of the current thread to the joblib workers.
  warnings.warn(
C:\Users\tiago\AppData\Roaming\Python\Python314\site-packages\sklearn\utils\parallel.py:144: UserWarning: `sklearn.utils.parallel.delayed` should be used with `sklearn.utils.parallel.Parallel` to make it possible to propagate the scikit-learn configuration of the current thread to the joblib workers.
  warnings.warn(
C:\Users\tiago\AppData\Roaming\Python\Python314\site-packages\sklearn\utils\parallel.py:144: UserWarning: `sklearn.utils.parallel.delayed` should be used with `sklearn.utils.parallel.Parallel` to make it possible to propagate the scikit-learn configuration of the current thread to the joblib workers.
  warnings.warn(
C:\Users\tiago\AppData\Roaming\Python\Python314\site-packages\sklearn\utils\parallel.py:144: UserWarning: `sklearn.utils.parallel.delayed` should be used with `sklearn.utils.parallel.Parallel` to make it possible to propagate the scikit-learn configuration of the current thread to the joblib workers.
  warnings.warn(
C:\Users\tiago\AppData\Roaming\Python\Python314\site-packages\sklearn\utils\parallel.py:144: UserWarning: `sklearn.utils.parallel.delayed` should be used with `sklearn.utils.parallel.Parallel` to make it possible to propagate the scikit-learn configuration of the current thread to the joblib workers.
  warnings.warn(
C:\Users\tiago\AppData\Roaming\Python\Python314\site-packages\sklearn\utils\parallel.py:144: UserWarning: `sklearn.utils.parallel.delayed` should be used with `sklearn.utils.parallel.Parallel` to make it possible to propagate the scikit-learn configuration of the current thread to the joblib workers.
  warnings.warn(
C:\Users\tiago\AppData\Roaming\Python\Python314\site-packages\sklearn\utils\parallel.py:144: UserWarning: `sklearn.utils.parallel.delayed` should be used with `sklearn.utils.parallel.Parallel` to make it possible to propagate the scikit-learn configuration of the current thread to the joblib workers.
  warnings.warn(
C:\Users\tiago\AppData\Roaming\Python\Python314\site-packages\sklearn\utils\parallel.py:144: UserWarning: `sklearn.utils.parallel.delayed` should be used with `sklearn.utils.parallel.Parallel` to make it possible to propagate the scikit-learn configuration of the current thread to the joblib workers.
  warnings.warn(
C:\Users\tiago\AppData\Roaming\Python\Python314\site-packages\sklearn\utils\parallel.py:144: UserWarning: `sklearn.utils.parallel.delayed` should be used with `sklearn.utils.parallel.Parallel` to make it possible to propagate the scikit-learn configuration of the current thread to the joblib workers.
  warnings.warn(
C:\Users\tiago\AppData\Roaming\Python\Python314\site-packages\sklearn\utils\parallel.py:144: UserWarning: `sklearn.utils.parallel.delayed` should be used with `sklearn.utils.parallel.Parallel` to make it possible to propagate the scikit-learn configuration of the current thread to the joblib workers.
  warnings.warn(
C:\Users\tiago\AppData\Roaming\Python\Python314\site-packages\sklearn\utils\parallel.py:144: UserWarning: `sklearn.utils.parallel.delayed` should be used with `sklearn.utils.parallel.Parallel` to make it possible to propagate the scikit-learn configuration of the current thread to the joblib workers.
  warnings.warn(
C:\Users\tiago\AppData\Roaming\Python\Python314\site-packages\sklearn\utils\parallel.py:144: UserWarning: `sklearn.utils.parallel.delayed` should be used with `sklearn.utils.parallel.Parallel` to make it possible to propagate the scikit-learn configuration of the current thread to the joblib workers.
  warnings.warn(
C:\Users\tiago\AppData\Roaming\Python\Python314\site-packages\sklearn\utils\parallel.py:144: UserWarning: `sklearn.utils.parallel.delayed` should be used with `sklearn.utils.parallel.Parallel` to make it possible to propagate the scikit-learn configuration of the current thread to the joblib workers.
  warnings.warn(
C:\Users\tiago\AppData\Roaming\Python\Python314\site-packages\sklearn\utils\parallel.py:144: UserWarning: `sklearn.utils.parallel.delayed` should be used with `sklearn.utils.parallel.Parallel` to make it possible to propagate the scikit-learn configuration of the current thread to the joblib workers.
  warnings.warn(
C:\Users\tiago\AppData\Roaming\Python\Python314\site-packages\sklearn\utils\parallel.py:144: UserWarning: `sklearn.utils.parallel.delayed` should be used with `sklearn.utils.parallel.Parallel` to make it possible to propagate the scikit-learn configuration of the current thread to the joblib workers.
  warnings.warn(
C:\Users\tiago\AppData\Roaming\Python\Python314\site-packages\sklearn\utils\parallel.py:144: UserWarning: `sklearn.utils.parallel.delayed` should be used with `sklearn.utils.parallel.Parallel` to make it possible to propagate the scikit-learn configuration of the current thread to the joblib workers.
  warnings.warn(
C:\Users\tiago\AppData\Roaming\Python\Python314\site-packages\sklearn\utils\parallel.py:144: UserWarning: `sklearn.utils.parallel.delayed` should be used with `sklearn.utils.parallel.Parallel` to make it possible to propagate the scikit-learn configuration of the current thread to the joblib workers.
  warnings.warn(
C:\Users\tiago\AppData\Roaming\Python\Python314\site-packages\sklearn\utils\parallel.py:144: UserWarning: `sklearn.utils.parallel.delayed` should be used with `sklearn.utils.parallel.Parallel` to make it possible to propagate the scikit-learn configuration of the current thread to the joblib workers.
  warnings.warn(
C:\Users\tiago\AppData\Roaming\Python\Python314\site-packages\sklearn\utils\parallel.py:144: UserWarning: `sklearn.utils.parallel.delayed` should be used with `sklearn.utils.parallel.Parallel` to make it possible to propagate the scikit-learn configuration of the current thread to the joblib workers.
  warnings.warn(
C:\Users\tiago\AppData\Roaming\Python\Python314\site-packages\sklearn\utils\parallel.py:144: UserWarning: `sklearn.utils.parallel.delayed` should be used with `sklearn.utils.parallel.Parallel` to make it possible to propagate the scikit-learn configuration of the current thread to the joblib workers.
  warnings.warn(
C:\Users\tiago\AppData\Roaming\Python\Python314\site-packages\sklearn\utils\parallel.py:144: UserWarning: `sklearn.utils.parallel.delayed` should be used with `sklearn.utils.parallel.Parallel` to make it possible to propagate the scikit-learn configuration of the current thread to the joblib workers.
  warnings.warn(
C:\Users\tiago\AppData\Roaming\Python\Python314\site-packages\sklearn\utils\parallel.py:144: UserWarning: `sklearn.utils.parallel.delayed` should be used with `sklearn.utils.parallel.Parallel` to make it possible to propagate the scikit-learn configuration of the current thread to the joblib workers.
  warnings.warn(
C:\Users\tiago\AppData\Roaming\Python\Python314\site-packages\sklearn\utils\parallel.py:144: UserWarning: `sklearn.utils.parallel.delayed` should be used with `sklearn.utils.parallel.Parallel` to make it possible to propagate the scikit-learn configuration of the current thread to the joblib workers.
  warnings.warn(
C:\Users\tiago\AppData\Roaming\Python\Python314\site-packages\sklearn\utils\parallel.py:144: UserWarning: `sklearn.utils.parallel.delayed` should be used with `sklearn.utils.parallel.Parallel` to make it possible to propagate the scikit-learn configuration of the current thread to the joblib workers.
  warnings.warn(
C:\Users\tiago\AppData\Roaming\Python\Python314\site-packages\sklearn\utils\parallel.py:144: UserWarning: `sklearn.utils.parallel.delayed` should be used with `sklearn.utils.parallel.Parallel` to make it possible to propagate the scikit-learn configuration of the current thread to the joblib workers.
  warnings.warn(
C:\Users\tiago\AppData\Roaming\Python\Python314\site-packages\sklearn\utils\parallel.py:144: UserWarning: `sklearn.utils.parallel.delayed` should be used with `sklearn.utils.parallel.Parallel` to make it possible to propagate the scikit-learn configuration of the current thread to the joblib workers.
  warnings.warn(
C:\Users\tiago\AppData\Roaming\Python\Python314\site-packages\sklearn\utils\parallel.py:144: UserWarning: `sklearn.utils.parallel.delayed` should be used with `sklearn.utils.parallel.Parallel` to make it possible to propagate the scikit-learn configuration of the current thread to the joblib workers.
  warnings.warn(
C:\Users\tiago\AppData\Roaming\Python\Python314\site-packages\sklearn\utils\parallel.py:144: UserWarning: `sklearn.utils.parallel.delayed` should be used with `sklearn.utils.parallel.Parallel` to make it possible to propagate the scikit-learn configuration of the current thread to the joblib workers.
  warnings.warn(
C:\Users\tiago\AppData\Roaming\Python\Python314\site-packages\sklearn\utils\parallel.py:144: UserWarning: `sklearn.utils.parallel.delayed` should be used with `sklearn.utils.parallel.Parallel` to make it possible to propagate the scikit-learn configuration of the current thread to the joblib workers.
  warnings.warn(
C:\Users\tiago\AppData\Roaming\Python\Python314\site-packages\sklearn\utils\parallel.py:144: UserWarning: `sklearn.utils.parallel.delayed` should be used with `sklearn.utils.parallel.Parallel` to make it possible to propagate the scikit-learn configuration of the current thread to the joblib workers.
  warnings.warn(
C:\Users\tiago\AppData\Roaming\Python\Python314\site-packages\sklearn\utils\parallel.py:144: UserWarning: `sklearn.utils.parallel.delayed` should be used with `sklearn.utils.parallel.Parallel` to make it possible to propagate the scikit-learn configuration of the current thread to the joblib workers.
  warnings.warn(
C:\Users\tiago\AppData\Roaming\Python\Python314\site-packages\sklearn\utils\parallel.py:144: UserWarning: `sklearn.utils.parallel.delayed` should be used with `sklearn.utils.parallel.Parallel` to make it possible to propagate the scikit-learn configuration of the current thread to the joblib workers.
  warnings.warn(
C:\Users\tiago\AppData\Roaming\Python\Python314\site-packages\sklearn\utils\parallel.py:144: UserWarning: `sklearn.utils.parallel.delayed` should be used with `sklearn.utils.parallel.Parallel` to make it possible to propagate the scikit-learn configuration of the current thread to the joblib workers.
  warnings.warn(
C:\Users\tiago\AppData\Roaming\Python\Python314\site-packages\sklearn\utils\parallel.py:144: UserWarning: `sklearn.utils.parallel.delayed` should be used with `sklearn.utils.parallel.Parallel` to make it possible to propagate the scikit-learn configuration of the current thread to the joblib workers.
  warnings.warn(
C:\Users\tiago\AppData\Roaming\Python\Python314\site-packages\sklearn\utils\parallel.py:144: UserWarning: `sklearn.utils.parallel.delayed` should be used with `sklearn.utils.parallel.Parallel` to make it possible to propagate the scikit-learn configuration of the current thread to the joblib workers.
  warnings.warn(
C:\Users\tiago\AppData\Roaming\Python\Python314\site-packages\sklearn\utils\parallel.py:144: UserWarning: `sklearn.utils.parallel.delayed` should be used with `sklearn.utils.parallel.Parallel` to make it possible to propagate the scikit-learn configuration of the current thread to the joblib workers.
  warnings.warn(
C:\Users\tiago\AppData\Roaming\Python\Python314\site-packages\sklearn\utils\parallel.py:144: UserWarning: `sklearn.utils.parallel.delayed` should be used with `sklearn.utils.parallel.Parallel` to make it possible to propagate the scikit-learn configuration of the current thread to the joblib workers.
  warnings.warn(
C:\Users\tiago\AppData\Roaming\Python\Python314\site-packages\sklearn\utils\parallel.py:144: UserWarning: `sklearn.utils.parallel.delayed` should be used with `sklearn.utils.parallel.Parallel` to make it possible to propagate the scikit-learn configuration of the current thread to the joblib workers.
  warnings.warn(
C:\Users\tiago\AppData\Roaming\Python\Python314\site-packages\sklearn\utils\parallel.py:144: UserWarning: `sklearn.utils.parallel.delayed` should be used with `sklearn.utils.parallel.Parallel` to make it possible to propagate the scikit-learn configuration of the current thread to the joblib workers.
  warnings.warn(
C:\Users\tiago\AppData\Roaming\Python\Python314\site-packages\sklearn\utils\parallel.py:144: UserWarning: `sklearn.utils.parallel.delayed` should be used with `sklearn.utils.parallel.Parallel` to make it possible to propagate the scikit-learn configuration of the current thread to the joblib workers.
  warnings.warn(
C:\Users\tiago\AppData\Roaming\Python\Python314\site-packages\sklearn\utils\parallel.py:144: UserWarning: `sklearn.utils.parallel.delayed` should be used with `sklearn.utils.parallel.Parallel` to make it possible to propagate the scikit-learn configuration of the current thread to the joblib workers.
  warnings.warn(
C:\Users\tiago\AppData\Roaming\Python\Python314\site-packages\sklearn\utils\parallel.py:144: UserWarning: `sklearn.utils.parallel.delayed` should be used with `sklearn.utils.parallel.Parallel` to make it possible to propagate the scikit-learn configuration of the current thread to the joblib workers.
  warnings.warn(
C:\Users\tiago\AppData\Roaming\Python\Python314\site-packages\sklearn\utils\parallel.py:144: UserWarning: `sklearn.utils.parallel.delayed` should be used with `sklearn.utils.parallel.Parallel` to make it possible to propagate the scikit-learn configuration of the current thread to the joblib workers.
  warnings.warn(
C:\Users\tiago\AppData\Roaming\Python\Python314\site-packages\sklearn\utils\parallel.py:144: UserWarning: `sklearn.utils.parallel.delayed` should be used with `sklearn.utils.parallel.Parallel` to make it possible to propagate the scikit-learn configuration of the current thread to the joblib workers.
  warnings.warn(
C:\Users\tiago\AppData\Roaming\Python\Python314\site-packages\sklearn\utils\parallel.py:144: UserWarning: `sklearn.utils.parallel.delayed` should be used with `sklearn.utils.parallel.Parallel` to make it possible to propagate the scikit-learn configuration of the current thread to the joblib workers.
  warnings.warn(
C:\Users\tiago\AppData\Roaming\Python\Python314\site-packages\sklearn\utils\parallel.py:144: UserWarning: `sklearn.utils.parallel.delayed` should be used with `sklearn.utils.parallel.Parallel` to make it possible to propagate the scikit-learn configuration of the current thread to the joblib workers.
  warnings.warn(
C:\Users\tiago\AppData\Roaming\Python\Python314\site-packages\sklearn\utils\parallel.py:144: UserWarning: `sklearn.utils.parallel.delayed` should be used with `sklearn.utils.parallel.Parallel` to make it possible to propagate the scikit-learn configuration of the current thread to the joblib workers.
  warnings.warn(
C:\Users\tiago\AppData\Roaming\Python\Python314\site-packages\sklearn\utils\parallel.py:144: UserWarning: `sklearn.utils.parallel.delayed` should be used with `sklearn.utils.parallel.Parallel` to make it possible to propagate the scikit-learn configuration of the current thread to the joblib workers.
  warnings.warn(
C:\Users\tiago\AppData\Roaming\Python\Python314\site-packages\sklearn\utils\parallel.py:144: UserWarning: `sklearn.utils.parallel.delayed` should be used with `sklearn.utils.parallel.Parallel` to make it possible to propagate the scikit-learn configuration of the current thread to the joblib workers.
  warnings.warn(
C:\Users\tiago\AppData\Roaming\Python\Python314\site-packages\sklearn\utils\parallel.py:144: UserWarning: `sklearn.utils.parallel.delayed` should be used with `sklearn.utils.parallel.Parallel` to make it possible to propagate the scikit-learn configuration of the current thread to the joblib workers.
  warnings.warn(
C:\Users\tiago\AppData\Roaming\Python\Python314\site-packages\sklearn\utils\parallel.py:144: UserWarning: `sklearn.utils.parallel.delayed` should be used with `sklearn.utils.parallel.Parallel` to make it possible to propagate the scikit-learn configuration of the current thread to the joblib workers.
  warnings.warn(
C:\Users\tiago\AppData\Roaming\Python\Python314\site-packages\sklearn\utils\parallel.py:144: UserWarning: `sklearn.utils.parallel.delayed` should be used with `sklearn.utils.parallel.Parallel` to make it possible to propagate the scikit-learn configuration of the current thread to the joblib workers.
  warnings.warn(
C:\Users\tiago\AppData\Roaming\Python\Python314\site-packages\sklearn\utils\parallel.py:144: UserWarning: `sklearn.utils.parallel.delayed` should be used with `sklearn.utils.parallel.Parallel` to make it possible to propagate the scikit-learn configuration of the current thread to the joblib workers.
  warnings.warn(
C:\Users\tiago\AppData\Roaming\Python\Python314\site-packages\sklearn\utils\parallel.py:144: UserWarning: `sklearn.utils.parallel.delayed` should be used with `sklearn.utils.parallel.Parallel` to make it possible to propagate the scikit-learn configuration of the current thread to the joblib workers.
  warnings.warn(
C:\Users\tiago\AppData\Roaming\Python\Python314\site-packages\sklearn\utils\parallel.py:144: UserWarning: `sklearn.utils.parallel.delayed` should be used with `sklearn.utils.parallel.Parallel` to make it possible to propagate the scikit-learn configuration of the current thread to the joblib workers.
  warnings.warn(
C:\Users\tiago\AppData\Roaming\Python\Python314\site-packages\sklearn\utils\parallel.py:144: UserWarning: `sklearn.utils.parallel.delayed` should be used with `sklearn.utils.parallel.Parallel` to make it possible to propagate the scikit-learn configuration of the current thread to the joblib workers.
  warnings.warn(
C:\Users\tiago\AppData\Roaming\Python\Python314\site-packages\sklearn\utils\parallel.py:144: UserWarning: `sklearn.utils.parallel.delayed` should be used with `sklearn.utils.parallel.Parallel` to make it possible to propagate the scikit-learn configuration of the current thread to the joblib workers.
  warnings.warn(
C:\Users\tiago\AppData\Roaming\Python\Python314\site-packages\sklearn\utils\parallel.py:144: UserWarning: `sklearn.utils.parallel.delayed` should be used with `sklearn.utils.parallel.Parallel` to make it possible to propagate the scikit-learn configuration of the current thread to the joblib workers.
  warnings.warn(
C:\Users\tiago\AppData\Roaming\Python\Python314\site-packages\sklearn\utils\parallel.py:144: UserWarning: `sklearn.utils.parallel.delayed` should be used with `sklearn.utils.parallel.Parallel` to make it possible to propagate the scikit-learn configuration of the current thread to the joblib workers.
  warnings.warn(
C:\Users\tiago\AppData\Roaming\Python\Python314\site-packages\sklearn\utils\parallel.py:144: UserWarning: `sklearn.utils.parallel.delayed` should be used with `sklearn.utils.parallel.Parallel` to make it possible to propagate the scikit-learn configuration of the current thread to the joblib workers.
  warnings.warn(
C:\Users\tiago\AppData\Roaming\Python\Python314\site-packages\sklearn\utils\parallel.py:144: UserWarning: `sklearn.utils.parallel.delayed` should be used with `sklearn.utils.parallel.Parallel` to make it possible to propagate the scikit-learn configuration of the current thread to the joblib workers.
  warnings.warn(
C:\Users\tiago\AppData\Roaming\Python\Python314\site-packages\sklearn\utils\parallel.py:144: UserWarning: `sklearn.utils.parallel.delayed` should be used with `sklearn.utils.parallel.Parallel` to make it possible to propagate the scikit-learn configuration of the current thread to the joblib workers.
  warnings.warn(
C:\Users\tiago\AppData\Roaming\Python\Python314\site-packages\sklearn\utils\parallel.py:144: UserWarning: `sklearn.utils.parallel.delayed` should be used with `sklearn.utils.parallel.Parallel` to make it possible to propagate the scikit-learn configuration of the current thread to the joblib workers.
  warnings.warn(
C:\Users\tiago\AppData\Roaming\Python\Python314\site-packages\sklearn\utils\parallel.py:144: UserWarning: `sklearn.utils.parallel.delayed` should be used with `sklearn.utils.parallel.Parallel` to make it possible to propagate the scikit-learn configuration of the current thread to the joblib workers.
  warnings.warn(
C:\Users\tiago\AppData\Roaming\Python\Python314\site-packages\sklearn\utils\parallel.py:144: UserWarning: `sklearn.utils.parallel.delayed` should be used with `sklearn.utils.parallel.Parallel` to make it possible to propagate the scikit-learn configuration of the current thread to the joblib workers.
  warnings.warn(
C:\Users\tiago\AppData\Roaming\Python\Python314\site-packages\sklearn\utils\parallel.py:144: UserWarning: `sklearn.utils.parallel.delayed` should be used with `sklearn.utils.parallel.Parallel` to make it possible to propagate the scikit-learn configuration of the current thread to the joblib workers.
  warnings.warn(
C:\Users\tiago\AppData\Roaming\Python\Python314\site-packages\sklearn\utils\parallel.py:144: UserWarning: `sklearn.utils.parallel.delayed` should be used with `sklearn.utils.parallel.Parallel` to make it possible to propagate the scikit-learn configuration of the current thread to the joblib workers.
  warnings.warn(
C:\Users\tiago\AppData\Roaming\Python\Python314\site-packages\sklearn\utils\parallel.py:144: UserWarning: `sklearn.utils.parallel.delayed` should be used with `sklearn.utils.parallel.Parallel` to make it possible to propagate the scikit-learn configuration of the current thread to the joblib workers.
  warnings.warn(
C:\Users\tiago\AppData\Roaming\Python\Python314\site-packages\sklearn\utils\parallel.py:144: UserWarning: `sklearn.utils.parallel.delayed` should be used with `sklearn.utils.parallel.Parallel` to make it possible to propagate the scikit-learn configuration of the current thread to the joblib workers.
  warnings.warn(
C:\Users\tiago\AppData\Roaming\Python\Python314\site-packages\sklearn\utils\parallel.py:144: UserWarning: `sklearn.utils.parallel.delayed` should be used with `sklearn.utils.parallel.Parallel` to make it possible to propagate the scikit-learn configuration of the current thread to the joblib workers.
  warnings.warn(
C:\Users\tiago\AppData\Roaming\Python\Python314\site-packages\sklearn\utils\parallel.py:144: UserWarning: `sklearn.utils.parallel.delayed` should be used with `sklearn.utils.parallel.Parallel` to make it possible to propagate the scikit-learn configuration of the current thread to the joblib workers.
  warnings.warn(
C:\Users\tiago\AppData\Roaming\Python\Python314\site-packages\sklearn\utils\parallel.py:144: UserWarning: `sklearn.utils.parallel.delayed` should be used with `sklearn.utils.parallel.Parallel` to make it possible to propagate the scikit-learn configuration of the current thread to the joblib workers.
  warnings.warn(
C:\Users\tiago\AppData\Roaming\Python\Python314\site-packages\sklearn\utils\parallel.py:144: UserWarning: `sklearn.utils.parallel.delayed` should be used with `sklearn.utils.parallel.Parallel` to make it possible to propagate the scikit-learn configuration of the current thread to the joblib workers.
  warnings.warn(
C:\Users\tiago\AppData\Roaming\Python\Python314\site-packages\sklearn\utils\parallel.py:144: UserWarning: `sklearn.utils.parallel.delayed` should be used with `sklearn.utils.parallel.Parallel` to make it possible to propagate the scikit-learn configuration of the current thread to the joblib workers.
  warnings.warn(
C:\Users\tiago\AppData\Roaming\Python\Python314\site-packages\sklearn\utils\parallel.py:144: UserWarning: `sklearn.utils.parallel.delayed` should be used with `sklearn.utils.parallel.Parallel` to make it possible to propagate the scikit-learn configuration of the current thread to the joblib workers.
  warnings.warn(
C:\Users\tiago\AppData\Roaming\Python\Python314\site-packages\sklearn\utils\parallel.py:144: UserWarning: `sklearn.utils.parallel.delayed` should be used with `sklearn.utils.parallel.Parallel` to make it possible to propagate the scikit-learn configuration of the current thread to the joblib workers.
  warnings.warn(
C:\Users\tiago\AppData\Roaming\Python\Python314\site-packages\sklearn\utils\parallel.py:144: UserWarning: `sklearn.utils.parallel.delayed` should be used with `sklearn.utils.parallel.Parallel` to make it possible to propagate the scikit-learn configuration of the current thread to the joblib workers.
  warnings.warn(
C:\Users\tiago\AppData\Roaming\Python\Python314\site-packages\sklearn\utils\parallel.py:144: UserWarning: `sklearn.utils.parallel.delayed` should be used with `sklearn.utils.parallel.Parallel` to make it possible to propagate the scikit-learn configuration of the current thread to the joblib workers.
  warnings.warn(
C:\Users\tiago\AppData\Roaming\Python\Python314\site-packages\sklearn\utils\parallel.py:144: UserWarning: `sklearn.utils.parallel.delayed` should be used with `sklearn.utils.parallel.Parallel` to make it possible to propagate the scikit-learn configuration of the current thread to the joblib workers.
  warnings.warn(
C:\Users\tiago\AppData\Roaming\Python\Python314\site-packages\sklearn\utils\parallel.py:144: UserWarning: `sklearn.utils.parallel.delayed` should be used with `sklearn.utils.parallel.Parallel` to make it possible to propagate the scikit-learn configuration of the current thread to the joblib workers.
  warnings.warn(
C:\Users\tiago\AppData\Roaming\Python\Python314\site-packages\sklearn\utils\parallel.py:144: UserWarning: `sklearn.utils.parallel.delayed` should be used with `sklearn.utils.parallel.Parallel` to make it possible to propagate the scikit-learn configuration of the current thread to the joblib workers.
  warnings.warn(
C:\Users\tiago\AppData\Roaming\Python\Python314\site-packages\sklearn\utils\parallel.py:144: UserWarning: `sklearn.utils.parallel.delayed` should be used with `sklearn.utils.parallel.Parallel` to make it possible to propagate the scikit-learn configuration of the current thread to the joblib workers.
  warnings.warn(
C:\Users\tiago\AppData\Roaming\Python\Python314\site-packages\sklearn\utils\parallel.py:144: UserWarning: `sklearn.utils.parallel.delayed` should be used with `sklearn.utils.parallel.Parallel` to make it possible to propagate the scikit-learn configuration of the current thread to the joblib workers.
  warnings.warn(
C:\Users\tiago\AppData\Roaming\Python\Python314\site-packages\sklearn\utils\parallel.py:144: UserWarning: `sklearn.utils.parallel.delayed` should be used with `sklearn.utils.parallel.Parallel` to make it possible to propagate the scikit-learn configuration of the current thread to the joblib workers.
  warnings.warn(
C:\Users\tiago\AppData\Roaming\Python\Python314\site-packages\sklearn\utils\parallel.py:144: UserWarning: `sklearn.utils.parallel.delayed` should be used with `sklearn.utils.parallel.Parallel` to make it possible to propagate the scikit-learn configuration of the current thread to the joblib workers.
  warnings.warn(
C:\Users\tiago\AppData\Roaming\Python\Python314\site-packages\sklearn\utils\parallel.py:144: UserWarning: `sklearn.utils.parallel.delayed` should be used with `sklearn.utils.parallel.Parallel` to make it possible to propagate the scikit-learn configuration of the current thread to the joblib workers.
  warnings.warn(
C:\Users\tiago\AppData\Roaming\Python\Python314\site-packages\sklearn\utils\parallel.py:144: UserWarning: `sklearn.utils.parallel.delayed` should be used with `sklearn.utils.parallel.Parallel` to make it possible to propagate the scikit-learn configuration of the current thread to the joblib workers.
  warnings.warn(
C:\Users\tiago\AppData\Roaming\Python\Python314\site-packages\sklearn\utils\parallel.py:144: UserWarning: `sklearn.utils.parallel.delayed` should be used with `sklearn.utils.parallel.Parallel` to make it possible to propagate the scikit-learn configuration of the current thread to the joblib workers.
  warnings.warn(
C:\Users\tiago\AppData\Roaming\Python\Python314\site-packages\sklearn\utils\parallel.py:144: UserWarning: `sklearn.utils.parallel.delayed` should be used with `sklearn.utils.parallel.Parallel` to make it possible to propagate the scikit-learn configuration of the current thread to the joblib workers.
  warnings.warn(
C:\Users\tiago\AppData\Roaming\Python\Python314\site-packages\sklearn\utils\parallel.py:144: UserWarning: `sklearn.utils.parallel.delayed` should be used with `sklearn.utils.parallel.Parallel` to make it possible to propagate the scikit-learn configuration of the current thread to the joblib workers.
  warnings.warn(
C:\Users\tiago\AppData\Roaming\Python\Python314\site-packages\sklearn\utils\parallel.py:144: UserWarning: `sklearn.utils.parallel.delayed` should be used with `sklearn.utils.parallel.Parallel` to make it possible to propagate the scikit-learn configuration of the current thread to the joblib workers.
  warnings.warn(
C:\Users\tiago\AppData\Roaming\Python\Python314\site-packages\sklearn\utils\parallel.py:144: UserWarning: `sklearn.utils.parallel.delayed` should be used with `sklearn.utils.parallel.Parallel` to make it possible to propagate the scikit-learn configuration of the current thread to the joblib workers.
  warnings.warn(
C:\Users\tiago\AppData\Roaming\Python\Python314\site-packages\sklearn\utils\parallel.py:144: UserWarning: `sklearn.utils.parallel.delayed` should be used with `sklearn.utils.parallel.Parallel` to make it possible to propagate the scikit-learn configuration of the current thread to the joblib workers.
  warnings.warn(
C:\Users\tiago\AppData\Roaming\Python\Python314\site-packages\sklearn\utils\parallel.py:144: UserWarning: `sklearn.utils.parallel.delayed` should be used with `sklearn.utils.parallel.Parallel` to make it possible to propagate the scikit-learn configuration of the current thread to the joblib workers.
  warnings.warn(
C:\Users\tiago\AppData\Roaming\Python\Python314\site-packages\sklearn\utils\parallel.py:144: UserWarning: `sklearn.utils.parallel.delayed` should be used with `sklearn.utils.parallel.Parallel` to make it possible to propagate the scikit-learn configuration of the current thread to the joblib workers.
  warnings.warn(
C:\Users\tiago\AppData\Roaming\Python\Python314\site-packages\sklearn\utils\parallel.py:144: UserWarning: `sklearn.utils.parallel.delayed` should be used with `sklearn.utils.parallel.Parallel` to make it possible to propagate the scikit-learn configuration of the current thread to the joblib workers.
  warnings.warn(
C:\Users\tiago\AppData\Roaming\Python\Python314\site-packages\sklearn\utils\parallel.py:144: UserWarning: `sklearn.utils.parallel.delayed` should be used with `sklearn.utils.parallel.Parallel` to make it possible to propagate the scikit-learn configuration of the current thread to the joblib workers.
  warnings.warn(
C:\Users\tiago\AppData\Roaming\Python\Python314\site-packages\sklearn\utils\parallel.py:144: UserWarning: `sklearn.utils.parallel.delayed` should be used with `sklearn.utils.parallel.Parallel` to make it possible to propagate the scikit-learn configuration of the current thread to the joblib workers.
  warnings.warn(
C:\Users\tiago\AppData\Roaming\Python\Python314\site-packages\sklearn\utils\parallel.py:144: UserWarning: `sklearn.utils.parallel.delayed` should be used with `sklearn.utils.parallel.Parallel` to make it possible to propagate the scikit-learn configuration of the current thread to the joblib workers.
  warnings.warn(
C:\Users\tiago\AppData\Roaming\Python\Python314\site-packages\sklearn\utils\parallel.py:144: UserWarning: `sklearn.utils.parallel.delayed` should be used with `sklearn.utils.parallel.Parallel` to make it possible to propagate the scikit-learn configuration of the current thread to the joblib workers.
  warnings.warn(
C:\Users\tiago\AppData\Roaming\Python\Python314\site-packages\sklearn\utils\parallel.py:144: UserWarning: `sklearn.utils.parallel.delayed` should be used with `sklearn.utils.parallel.Parallel` to make it possible to propagate the scikit-learn configuration of the current thread to the joblib workers.
  warnings.warn(
C:\Users\tiago\AppData\Roaming\Python\Python314\site-packages\sklearn\utils\parallel.py:144: UserWarning: `sklearn.utils.parallel.delayed` should be used with `sklearn.utils.parallel.Parallel` to make it possible to propagate the scikit-learn configuration of the current thread to the joblib workers.
  warnings.warn(
C:\Users\tiago\AppData\Roaming\Python\Python314\site-packages\sklearn\utils\parallel.py:144: UserWarning: `sklearn.utils.parallel.delayed` should be used with `sklearn.utils.parallel.Parallel` to make it possible to propagate the scikit-learn configuration of the current thread to the joblib workers.
  warnings.warn(
C:\Users\tiago\AppData\Roaming\Python\Python314\site-packages\sklearn\utils\parallel.py:144: UserWarning: `sklearn.utils.parallel.delayed` should be used with `sklearn.utils.parallel.Parallel` to make it possible to propagate the scikit-learn configuration of the current thread to the joblib workers.
  warnings.warn(
C:\Users\tiago\AppData\Roaming\Python\Python314\site-packages\sklearn\utils\parallel.py:144: UserWarning: `sklearn.utils.parallel.delayed` should be used with `sklearn.utils.parallel.Parallel` to make it possible to propagate the scikit-learn configuration of the current thread to the joblib workers.
  warnings.warn(
C:\Users\tiago\AppData\Roaming\Python\Python314\site-packages\sklearn\utils\parallel.py:144: UserWarning: `sklearn.utils.parallel.delayed` should be used with `sklearn.utils.parallel.Parallel` to make it possible to propagate the scikit-learn configuration of the current thread to the joblib workers.
  warnings.warn(
C:\Users\tiago\AppData\Roaming\Python\Python314\site-packages\sklearn\utils\parallel.py:144: UserWarning: `sklearn.utils.parallel.delayed` should be used with `sklearn.utils.parallel.Parallel` to make it possible to propagate the scikit-learn configuration of the current thread to the joblib workers.
  warnings.warn(
C:\Users\tiago\AppData\Roaming\Python\Python314\site-packages\sklearn\utils\parallel.py:144: UserWarning: `sklearn.utils.parallel.delayed` should be used with `sklearn.utils.parallel.Parallel` to make it possible to propagate the scikit-learn configuration of the current thread to the joblib workers.
  warnings.warn(
C:\Users\tiago\AppData\Roaming\Python\Python314\site-packages\sklearn\utils\parallel.py:144: UserWarning: `sklearn.utils.parallel.delayed` should be used with `sklearn.utils.parallel.Parallel` to make it possible to propagate the scikit-learn configuration of the current thread to the joblib workers.
  warnings.warn(
C:\Users\tiago\AppData\Roaming\Python\Python314\site-packages\sklearn\utils\parallel.py:144: UserWarning: `sklearn.utils.parallel.delayed` should be used with `sklearn.utils.parallel.Parallel` to make it possible to propagate the scikit-learn configuration of the current thread to the joblib workers.
  warnings.warn(
C:\Users\tiago\AppData\Roaming\Python\Python314\site-packages\sklearn\utils\parallel.py:144: UserWarning: `sklearn.utils.parallel.delayed` should be used with `sklearn.utils.parallel.Parallel` to make it possible to propagate the scikit-learn configuration of the current thread to the joblib workers.
  warnings.warn(
C:\Users\tiago\AppData\Roaming\Python\Python314\site-packages\sklearn\utils\parallel.py:144: UserWarning: `sklearn.utils.parallel.delayed` should be used with `sklearn.utils.parallel.Parallel` to make it possible to propagate the scikit-learn configuration of the current thread to the joblib workers.
  warnings.warn(
C:\Users\tiago\AppData\Roaming\Python\Python314\site-packages\sklearn\utils\parallel.py:144: UserWarning: `sklearn.utils.parallel.delayed` should be used with `sklearn.utils.parallel.Parallel` to make it possible to propagate the scikit-learn configuration of the current thread to the joblib workers.
  warnings.warn(
C:\Users\tiago\AppData\Roaming\Python\Python314\site-packages\sklearn\utils\parallel.py:144: UserWarning: `sklearn.utils.parallel.delayed` should be used with `sklearn.utils.parallel.Parallel` to make it possible to propagate the scikit-learn configuration of the current thread to the joblib workers.
  warnings.warn(
C:\Users\tiago\AppData\Roaming\Python\Python314\site-packages\sklearn\utils\parallel.py:144: UserWarning: `sklearn.utils.parallel.delayed` should be used with `sklearn.utils.parallel.Parallel` to make it possible to propagate the scikit-learn configuration of the current thread to the joblib workers.
  warnings.warn(
C:\Users\tiago\AppData\Roaming\Python\Python314\site-packages\sklearn\utils\parallel.py:144: UserWarning: `sklearn.utils.parallel.delayed` should be used with `sklearn.utils.parallel.Parallel` to make it possible to propagate the scikit-learn configuration of the current thread to the joblib workers.
  warnings.warn(
C:\Users\tiago\AppData\Roaming\Python\Python314\site-packages\sklearn\utils\parallel.py:144: UserWarning: `sklearn.utils.parallel.delayed` should be used with `sklearn.utils.parallel.Parallel` to make it possible to propagate the scikit-learn configuration of the current thread to the joblib workers.
  warnings.warn(
C:\Users\tiago\AppData\Roaming\Python\Python314\site-packages\sklearn\utils\parallel.py:144: UserWarning: `sklearn.utils.parallel.delayed` should be used with `sklearn.utils.parallel.Parallel` to make it possible to propagate the scikit-learn configuration of the current thread to the joblib workers.
  warnings.warn(
C:\Users\tiago\AppData\Roaming\Python\Python314\site-packages\sklearn\utils\parallel.py:144: UserWarning: `sklearn.utils.parallel.delayed` should be used with `sklearn.utils.parallel.Parallel` to make it possible to propagate the scikit-learn configuration of the current thread to the joblib workers.
  warnings.warn(
C:\Users\tiago\AppData\Roaming\Python\Python314\site-packages\sklearn\utils\parallel.py:144: UserWarning: `sklearn.utils.parallel.delayed` should be used with `sklearn.utils.parallel.Parallel` to make it possible to propagate the scikit-learn configuration of the current thread to the joblib workers.
  warnings.warn(
C:\Users\tiago\AppData\Roaming\Python\Python314\site-packages\sklearn\utils\parallel.py:144: UserWarning: `sklearn.utils.parallel.delayed` should be used with `sklearn.utils.parallel.Parallel` to make it possible to propagate the scikit-learn configuration of the current thread to the joblib workers.
  warnings.warn(
C:\Users\tiago\AppData\Roaming\Python\Python314\site-packages\sklearn\utils\parallel.py:144: UserWarning: `sklearn.utils.parallel.delayed` should be used with `sklearn.utils.parallel.Parallel` to make it possible to propagate the scikit-learn configuration of the current thread to the joblib workers.
  warnings.warn(
C:\Users\tiago\AppData\Roaming\Python\Python314\site-packages\sklearn\utils\parallel.py:144: UserWarning: `sklearn.utils.parallel.delayed` should be used with `sklearn.utils.parallel.Parallel` to make it possible to propagate the scikit-learn configuration of the current thread to the joblib workers.
  warnings.warn(
C:\Users\tiago\AppData\Roaming\Python\Python314\site-packages\sklearn\utils\parallel.py:144: UserWarning: `sklearn.utils.parallel.delayed` should be used with `sklearn.utils.parallel.Parallel` to make it possible to propagate the scikit-learn configuration of the current thread to the joblib workers.
  warnings.warn(
C:\Users\tiago\AppData\Roaming\Python\Python314\site-packages\sklearn\utils\parallel.py:144: UserWarning: `sklearn.utils.parallel.delayed` should be used with `sklearn.utils.parallel.Parallel` to make it possible to propagate the scikit-learn configuration of the current thread to the joblib workers.
  warnings.warn(
C:\Users\tiago\AppData\Roaming\Python\Python314\site-packages\sklearn\utils\parallel.py:144: UserWarning: `sklearn.utils.parallel.delayed` should be used with `sklearn.utils.parallel.Parallel` to make it possible to propagate the scikit-learn configuration of the current thread to the joblib workers.
  warnings.warn(
C:\Users\tiago\AppData\Roaming\Python\Python314\site-packages\sklearn\utils\parallel.py:144: UserWarning: `sklearn.utils.parallel.delayed` should be used with `sklearn.utils.parallel.Parallel` to make it possible to propagate the scikit-learn configuration of the current thread to the joblib workers.
  warnings.warn(
C:\Users\tiago\AppData\Roaming\Python\Python314\site-packages\sklearn\utils\parallel.py:144: UserWarning: `sklearn.utils.parallel.delayed` should be used with `sklearn.utils.parallel.Parallel` to make it possible to propagate the scikit-learn configuration of the current thread to the joblib workers.
  warnings.warn(
C:\Users\tiago\AppData\Roaming\Python\Python314\site-packages\sklearn\utils\parallel.py:144: UserWarning: `sklearn.utils.parallel.delayed` should be used with `sklearn.utils.parallel.Parallel` to make it possible to propagate the scikit-learn configuration of the current thread to the joblib workers.
  warnings.warn(
C:\Users\tiago\AppData\Roaming\Python\Python314\site-packages\sklearn\utils\parallel.py:144: UserWarning: `sklearn.utils.parallel.delayed` should be used with `sklearn.utils.parallel.Parallel` to make it possible to propagate the scikit-learn configuration of the current thread to the joblib workers.
  warnings.warn(
C:\Users\tiago\AppData\Roaming\Python\Python314\site-packages\sklearn\utils\parallel.py:144: UserWarning: `sklearn.utils.parallel.delayed` should be used with `sklearn.utils.parallel.Parallel` to make it possible to propagate the scikit-learn configuration of the current thread to the joblib workers.
  warnings.warn(
C:\Users\tiago\AppData\Roaming\Python\Python314\site-packages\sklearn\utils\parallel.py:144: UserWarning: `sklearn.utils.parallel.delayed` should be used with `sklearn.utils.parallel.Parallel` to make it possible to propagate the scikit-learn configuration of the current thread to the joblib workers.
  warnings.warn(
C:\Users\tiago\AppData\Roaming\Python\Python314\site-packages\sklearn\utils\parallel.py:144: UserWarning: `sklearn.utils.parallel.delayed` should be used with `sklearn.utils.parallel.Parallel` to make it possible to propagate the scikit-learn configuration of the current thread to the joblib workers.
  warnings.warn(
C:\Users\tiago\AppData\Roaming\Python\Python314\site-packages\sklearn\utils\parallel.py:144: UserWarning: `sklearn.utils.parallel.delayed` should be used with `sklearn.utils.parallel.Parallel` to make it possible to propagate the scikit-learn configuration of the current thread to the joblib workers.
  warnings.warn(
C:\Users\tiago\AppData\Roaming\Python\Python314\site-packages\sklearn\utils\parallel.py:144: UserWarning: `sklearn.utils.parallel.delayed` should be used with `sklearn.utils.parallel.Parallel` to make it possible to propagate the scikit-learn configuration of the current thread to the joblib workers.
  warnings.warn(
C:\Users\tiago\AppData\Roaming\Python\Python314\site-packages\sklearn\utils\parallel.py:144: UserWarning: `sklearn.utils.parallel.delayed` should be used with `sklearn.utils.parallel.Parallel` to make it possible to propagate the scikit-learn configuration of the current thread to the joblib workers.
  warnings.warn(
C:\Users\tiago\AppData\Roaming\Python\Python314\site-packages\sklearn\utils\parallel.py:144: UserWarning: `sklearn.utils.parallel.delayed` should be used with `sklearn.utils.parallel.Parallel` to make it possible to propagate the scikit-learn configuration of the current thread to the joblib workers.
  warnings.warn(
C:\Users\tiago\AppData\Roaming\Python\Python314\site-packages\sklearn\utils\parallel.py:144: UserWarning: `sklearn.utils.parallel.delayed` should be used with `sklearn.utils.parallel.Parallel` to make it possible to propagate the scikit-learn configuration of the current thread to the joblib workers.
  warnings.warn(
C:\Users\tiago\AppData\Roaming\Python\Python314\site-packages\sklearn\utils\parallel.py:144: UserWarning: `sklearn.utils.parallel.delayed` should be used with `sklearn.utils.parallel.Parallel` to make it possible to propagate the scikit-learn configuration of the current thread to the joblib workers.
  warnings.warn(
C:\Users\tiago\AppData\Roaming\Python\Python314\site-packages\sklearn\utils\parallel.py:144: UserWarning: `sklearn.utils.parallel.delayed` should be used with `sklearn.utils.parallel.Parallel` to make it possible to propagate the scikit-learn configuration of the current thread to the joblib workers.
  warnings.warn(
C:\Users\tiago\AppData\Roaming\Python\Python314\site-packages\sklearn\utils\parallel.py:144: UserWarning: `sklearn.utils.parallel.delayed` should be used with `sklearn.utils.parallel.Parallel` to make it possible to propagate the scikit-learn configuration of the current thread to the joblib workers.
  warnings.warn(
C:\Users\tiago\AppData\Roaming\Python\Python314\site-packages\sklearn\utils\parallel.py:144: UserWarning: `sklearn.utils.parallel.delayed` should be used with `sklearn.utils.parallel.Parallel` to make it possible to propagate the scikit-learn configuration of the current thread to the joblib workers.
  warnings.warn(
C:\Users\tiago\AppData\Roaming\Python\Python314\site-packages\sklearn\utils\parallel.py:144: UserWarning: `sklearn.utils.parallel.delayed` should be used with `sklearn.utils.parallel.Parallel` to make it possible to propagate the scikit-learn configuration of the current thread to the joblib workers.
  warnings.warn(
C:\Users\tiago\AppData\Roaming\Python\Python314\site-packages\sklearn\utils\parallel.py:144: UserWarning: `sklearn.utils.parallel.delayed` should be used with `sklearn.utils.parallel.Parallel` to make it possible to propagate the scikit-learn configuration of the current thread to the joblib workers.
  warnings.warn(
C:\Users\tiago\AppData\Roaming\Python\Python314\site-packages\sklearn\utils\parallel.py:144: UserWarning: `sklearn.utils.parallel.delayed` should be used with `sklearn.utils.parallel.Parallel` to make it possible to propagate the scikit-learn configuration of the current thread to the joblib workers.
  warnings.warn(
C:\Users\tiago\AppData\Roaming\Python\Python314\site-packages\sklearn\utils\parallel.py:144: UserWarning: `sklearn.utils.parallel.delayed` should be used with `sklearn.utils.parallel.Parallel` to make it possible to propagate the scikit-learn configuration of the current thread to the joblib workers.
  warnings.warn(
C:\Users\tiago\AppData\Roaming\Python\Python314\site-packages\sklearn\utils\parallel.py:144: UserWarning: `sklearn.utils.parallel.delayed` should be used with `sklearn.utils.parallel.Parallel` to make it possible to propagate the scikit-learn configuration of the current thread to the joblib workers.
  warnings.warn(
C:\Users\tiago\AppData\Roaming\Python\Python314\site-packages\sklearn\utils\parallel.py:144: UserWarning: `sklearn.utils.parallel.delayed` should be used with `sklearn.utils.parallel.Parallel` to make it possible to propagate the scikit-learn configuration of the current thread to the joblib workers.
  warnings.warn(
C:\Users\tiago\AppData\Roaming\Python\Python314\site-packages\sklearn\utils\parallel.py:144: UserWarning: `sklearn.utils.parallel.delayed` should be used with `sklearn.utils.parallel.Parallel` to make it possible to propagate the scikit-learn configuration of the current thread to the joblib workers.
  warnings.warn(
C:\Users\tiago\AppData\Roaming\Python\Python314\site-packages\sklearn\utils\parallel.py:144: UserWarning: `sklearn.utils.parallel.delayed` should be used with `sklearn.utils.parallel.Parallel` to make it possible to propagate the scikit-learn configuration of the current thread to the joblib workers.
  warnings.warn(
C:\Users\tiago\AppData\Roaming\Python\Python314\site-packages\sklearn\utils\parallel.py:144: UserWarning: `sklearn.utils.parallel.delayed` should be used with `sklearn.utils.parallel.Parallel` to make it possible to propagate the scikit-learn configuration of the current thread to the joblib workers.
  warnings.warn(
C:\Users\tiago\AppData\Roaming\Python\Python314\site-packages\sklearn\utils\parallel.py:144: UserWarning: `sklearn.utils.parallel.delayed` should be used with `sklearn.utils.parallel.Parallel` to make it possible to propagate the scikit-learn configuration of the current thread to the joblib workers.
  warnings.warn(
C:\Users\tiago\AppData\Roaming\Python\Python314\site-packages\sklearn\utils\parallel.py:144: UserWarning: `sklearn.utils.parallel.delayed` should be used with `sklearn.utils.parallel.Parallel` to make it possible to propagate the scikit-learn configuration of the current thread to the joblib workers.
  warnings.warn(
C:\Users\tiago\AppData\Roaming\Python\Python314\site-packages\sklearn\utils\parallel.py:144: UserWarning: `sklearn.utils.parallel.delayed` should be used with `sklearn.utils.parallel.Parallel` to make it possible to propagate the scikit-learn configuration of the current thread to the joblib workers.
  warnings.warn(
C:\Users\tiago\AppData\Roaming\Python\Python314\site-packages\sklearn\utils\parallel.py:144: UserWarning: `sklearn.utils.parallel.delayed` should be used with `sklearn.utils.parallel.Parallel` to make it possible to propagate the scikit-learn configuration of the current thread to the joblib workers.
  warnings.warn(
C:\Users\tiago\AppData\Roaming\Python\Python314\site-packages\sklearn\utils\parallel.py:144: UserWarning: `sklearn.utils.parallel.delayed` should be used with `sklearn.utils.parallel.Parallel` to make it possible to propagate the scikit-learn configuration of the current thread to the joblib workers.
  warnings.warn(
C:\Users\tiago\AppData\Roaming\Python\Python314\site-packages\sklearn\utils\parallel.py:144: UserWarning: `sklearn.utils.parallel.delayed` should be used with `sklearn.utils.parallel.Parallel` to make it possible to propagate the scikit-learn configuration of the current thread to the joblib workers.
  warnings.warn(
C:\Users\tiago\AppData\Roaming\Python\Python314\site-packages\sklearn\utils\parallel.py:144: UserWarning: `sklearn.utils.parallel.delayed` should be used with `sklearn.utils.parallel.Parallel` to make it possible to propagate the scikit-learn configuration of the current thread to the joblib workers.
  warnings.warn(
C:\Users\tiago\AppData\Roaming\Python\Python314\site-packages\sklearn\utils\parallel.py:144: UserWarning: `sklearn.utils.parallel.delayed` should be used with `sklearn.utils.parallel.Parallel` to make it possible to propagate the scikit-learn configuration of the current thread to the joblib workers.
  warnings.warn(
C:\Users\tiago\AppData\Roaming\Python\Python314\site-packages\sklearn\utils\parallel.py:144: UserWarning: `sklearn.utils.parallel.delayed` should be used with `sklearn.utils.parallel.Parallel` to make it possible to propagate the scikit-learn configuration of the current thread to the joblib workers.
  warnings.warn(
C:\Users\tiago\AppData\Roaming\Python\Python314\site-packages\sklearn\utils\parallel.py:144: UserWarning: `sklearn.utils.parallel.delayed` should be used with `sklearn.utils.parallel.Parallel` to make it possible to propagate the scikit-learn configuration of the current thread to the joblib workers.
  warnings.warn(
C:\Users\tiago\AppData\Roaming\Python\Python314\site-packages\sklearn\utils\parallel.py:144: UserWarning: `sklearn.utils.parallel.delayed` should be used with `sklearn.utils.parallel.Parallel` to make it possible to propagate the scikit-learn configuration of the current thread to the joblib workers.
  warnings.warn(
C:\Users\tiago\AppData\Roaming\Python\Python314\site-packages\sklearn\utils\parallel.py:144: UserWarning: `sklearn.utils.parallel.delayed` should be used with `sklearn.utils.parallel.Parallel` to make it possible to propagate the scikit-learn configuration of the current thread to the joblib workers.
  warnings.warn(
C:\Users\tiago\AppData\Roaming\Python\Python314\site-packages\sklearn\utils\parallel.py:144: UserWarning: `sklearn.utils.parallel.delayed` should be used with `sklearn.utils.parallel.Parallel` to make it possible to propagate the scikit-learn configuration of the current thread to the joblib workers.
  warnings.warn(
C:\Users\tiago\AppData\Roaming\Python\Python314\site-packages\sklearn\utils\parallel.py:144: UserWarning: `sklearn.utils.parallel.delayed` should be used with `sklearn.utils.parallel.Parallel` to make it possible to propagate the scikit-learn configuration of the current thread to the joblib workers.
  warnings.warn(
C:\Users\tiago\AppData\Roaming\Python\Python314\site-packages\sklearn\utils\parallel.py:144: UserWarning: `sklearn.utils.parallel.delayed` should be used with `sklearn.utils.parallel.Parallel` to make it possible to propagate the scikit-learn configuration of the current thread to the joblib workers.
  warnings.warn(
C:\Users\tiago\AppData\Roaming\Python\Python314\site-packages\sklearn\utils\parallel.py:144: UserWarning: `sklearn.utils.parallel.delayed` should be used with `sklearn.utils.parallel.Parallel` to make it possible to propagate the scikit-learn configuration of the current thread to the joblib workers.
  warnings.warn(
C:\Users\tiago\AppData\Roaming\Python\Python314\site-packages\sklearn\utils\parallel.py:144: UserWarning: `sklearn.utils.parallel.delayed` should be used with `sklearn.utils.parallel.Parallel` to make it possible to propagate the scikit-learn configuration of the current thread to the joblib workers.
  warnings.warn(
C:\Users\tiago\AppData\Roaming\Python\Python314\site-packages\sklearn\utils\parallel.py:144: UserWarning: `sklearn.utils.parallel.delayed` should be used with `sklearn.utils.parallel.Parallel` to make it possible to propagate the scikit-learn configuration of the current thread to the joblib workers.
  warnings.warn(
C:\Users\tiago\AppData\Roaming\Python\Python314\site-packages\sklearn\utils\parallel.py:144: UserWarning: `sklearn.utils.parallel.delayed` should be used with `sklearn.utils.parallel.Parallel` to make it possible to propagate the scikit-learn configuration of the current thread to the joblib workers.
  warnings.warn(
C:\Users\tiago\AppData\Roaming\Python\Python314\site-packages\sklearn\utils\parallel.py:144: UserWarning: `sklearn.utils.parallel.delayed` should be used with `sklearn.utils.parallel.Parallel` to make it possible to propagate the scikit-learn configuration of the current thread to the joblib workers.
  warnings.warn(
C:\Users\tiago\AppData\Roaming\Python\Python314\site-packages\sklearn\utils\parallel.py:144: UserWarning: `sklearn.utils.parallel.delayed` should be used with `sklearn.utils.parallel.Parallel` to make it possible to propagate the scikit-learn configuration of the current thread to the joblib workers.
  warnings.warn(
C:\Users\tiago\AppData\Roaming\Python\Python314\site-packages\sklearn\utils\parallel.py:144: UserWarning: `sklearn.utils.parallel.delayed` should be used with `sklearn.utils.parallel.Parallel` to make it possible to propagate the scikit-learn configuration of the current thread to the joblib workers.
  warnings.warn(
C:\Users\tiago\AppData\Roaming\Python\Python314\site-packages\sklearn\utils\parallel.py:144: UserWarning: `sklearn.utils.parallel.delayed` should be used with `sklearn.utils.parallel.Parallel` to make it possible to propagate the scikit-learn configuration of the current thread to the joblib workers.
  warnings.warn(
C:\Users\tiago\AppData\Roaming\Python\Python314\site-packages\sklearn\utils\parallel.py:144: UserWarning: `sklearn.utils.parallel.delayed` should be used with `sklearn.utils.parallel.Parallel` to make it possible to propagate the scikit-learn configuration of the current thread to the joblib workers.
  warnings.warn(
C:\Users\tiago\AppData\Roaming\Python\Python314\site-packages\sklearn\utils\parallel.py:144: UserWarning: `sklearn.utils.parallel.delayed` should be used with `sklearn.utils.parallel.Parallel` to make it possible to propagate the scikit-learn configuration of the current thread to the joblib workers.
  warnings.warn(
C:\Users\tiago\AppData\Roaming\Python\Python314\site-packages\sklearn\utils\parallel.py:144: UserWarning: `sklearn.utils.parallel.delayed` should be used with `sklearn.utils.parallel.Parallel` to make it possible to propagate the scikit-learn configuration of the current thread to the joblib workers.
  warnings.warn(
C:\Users\tiago\AppData\Roaming\Python\Python314\site-packages\sklearn\utils\parallel.py:144: UserWarning: `sklearn.utils.parallel.delayed` should be used with `sklearn.utils.parallel.Parallel` to make it possible to propagate the scikit-learn configuration of the current thread to the joblib workers.
  warnings.warn(
C:\Users\tiago\AppData\Roaming\Python\Python314\site-packages\sklearn\utils\parallel.py:144: UserWarning: `sklearn.utils.parallel.delayed` should be used with `sklearn.utils.parallel.Parallel` to make it possible to propagate the scikit-learn configuration of the current thread to the joblib workers.
  warnings.warn(
C:\Users\tiago\AppData\Roaming\Python\Python314\site-packages\sklearn\utils\parallel.py:144: UserWarning: `sklearn.utils.parallel.delayed` should be used with `sklearn.utils.parallel.Parallel` to make it possible to propagate the scikit-learn configuration of the current thread to the joblib workers.
  warnings.warn(
C:\Users\tiago\AppData\Roaming\Python\Python314\site-packages\sklearn\utils\parallel.py:144: UserWarning: `sklearn.utils.parallel.delayed` should be used with `sklearn.utils.parallel.Parallel` to make it possible to propagate the scikit-learn configuration of the current thread to the joblib workers.
  warnings.warn(
C:\Users\tiago\AppData\Roaming\Python\Python314\site-packages\sklearn\utils\parallel.py:144: UserWarning: `sklearn.utils.parallel.delayed` should be used with `sklearn.utils.parallel.Parallel` to make it possible to propagate the scikit-learn configuration of the current thread to the joblib workers.
  warnings.warn(
C:\Users\tiago\AppData\Roaming\Python\Python314\site-packages\sklearn\utils\parallel.py:144: UserWarning: `sklearn.utils.parallel.delayed` should be used with `sklearn.utils.parallel.Parallel` to make it possible to propagate the scikit-learn configuration of the current thread to the joblib workers.
  warnings.warn(
C:\Users\tiago\AppData\Roaming\Python\Python314\site-packages\sklearn\utils\parallel.py:144: UserWarning: `sklearn.utils.parallel.delayed` should be used with `sklearn.utils.parallel.Parallel` to make it possible to propagate the scikit-learn configuration of the current thread to the joblib workers.
  warnings.warn(
C:\Users\tiago\AppData\Roaming\Python\Python314\site-packages\sklearn\utils\parallel.py:144: UserWarning: `sklearn.utils.parallel.delayed` should be used with `sklearn.utils.parallel.Parallel` to make it possible to propagate the scikit-learn configuration of the current thread to the joblib workers.
  warnings.warn(
C:\Users\tiago\AppData\Roaming\Python\Python314\site-packages\sklearn\utils\parallel.py:144: UserWarning: `sklearn.utils.parallel.delayed` should be used with `sklearn.utils.parallel.Parallel` to make it possible to propagate the scikit-learn configuration of the current thread to the joblib workers.
  warnings.warn(
C:\Users\tiago\AppData\Roaming\Python\Python314\site-packages\sklearn\utils\parallel.py:144: UserWarning: `sklearn.utils.parallel.delayed` should be used with `sklearn.utils.parallel.Parallel` to make it possible to propagate the scikit-learn configuration of the current thread to the joblib workers.
  warnings.warn(
C:\Users\tiago\AppData\Roaming\Python\Python314\site-packages\sklearn\utils\parallel.py:144: UserWarning: `sklearn.utils.parallel.delayed` should be used with `sklearn.utils.parallel.Parallel` to make it possible to propagate the scikit-learn configuration of the current thread to the joblib workers.
  warnings.warn(
C:\Users\tiago\AppData\Roaming\Python\Python314\site-packages\sklearn\utils\parallel.py:144: UserWarning: `sklearn.utils.parallel.delayed` should be used with `sklearn.utils.parallel.Parallel` to make it possible to propagate the scikit-learn configuration of the current thread to the joblib workers.
  warnings.warn(
C:\Users\tiago\AppData\Roaming\Python\Python314\site-packages\sklearn\utils\parallel.py:144: UserWarning: `sklearn.utils.parallel.delayed` should be used with `sklearn.utils.parallel.Parallel` to make it possible to propagate the scikit-learn configuration of the current thread to the joblib workers.
  warnings.warn(
C:\Users\tiago\AppData\Roaming\Python\Python314\site-packages\sklearn\utils\parallel.py:144: UserWarning: `sklearn.utils.parallel.delayed` should be used with `sklearn.utils.parallel.Parallel` to make it possible to propagate the scikit-learn configuration of the current thread to the joblib workers.
  warnings.warn(
C:\Users\tiago\AppData\Roaming\Python\Python314\site-packages\sklearn\utils\parallel.py:144: UserWarning: `sklearn.utils.parallel.delayed` should be used with `sklearn.utils.parallel.Parallel` to make it possible to propagate the scikit-learn configuration of the current thread to the joblib workers.
  warnings.warn(
C:\Users\tiago\AppData\Roaming\Python\Python314\site-packages\sklearn\utils\parallel.py:144: UserWarning: `sklearn.utils.parallel.delayed` should be used with `sklearn.utils.parallel.Parallel` to make it possible to propagate the scikit-learn configuration of the current thread to the joblib workers.
  warnings.warn(
C:\Users\tiago\AppData\Roaming\Python\Python314\site-packages\sklearn\utils\parallel.py:144: UserWarning: `sklearn.utils.parallel.delayed` should be used with `sklearn.utils.parallel.Parallel` to make it possible to propagate the scikit-learn configuration of the current thread to the joblib workers.
  warnings.warn(
C:\Users\tiago\AppData\Roaming\Python\Python314\site-packages\sklearn\utils\parallel.py:144: UserWarning: `sklearn.utils.parallel.delayed` should be used with `sklearn.utils.parallel.Parallel` to make it possible to propagate the scikit-learn configuration of the current thread to the joblib workers.
  warnings.warn(
C:\Users\tiago\AppData\Roaming\Python\Python314\site-packages\sklearn\utils\parallel.py:144: UserWarning: `sklearn.utils.parallel.delayed` should be used with `sklearn.utils.parallel.Parallel` to make it possible to propagate the scikit-learn configuration of the current thread to the joblib workers.
  warnings.warn(
C:\Users\tiago\AppData\Roaming\Python\Python314\site-packages\sklearn\utils\parallel.py:144: UserWarning: `sklearn.utils.parallel.delayed` should be used with `sklearn.utils.parallel.Parallel` to make it possible to propagate the scikit-learn configuration of the current thread to the joblib workers.
  warnings.warn(
C:\Users\tiago\AppData\Roaming\Python\Python314\site-packages\sklearn\utils\parallel.py:144: UserWarning: `sklearn.utils.parallel.delayed` should be used with `sklearn.utils.parallel.Parallel` to make it possible to propagate the scikit-learn configuration of the current thread to the joblib workers.
  warnings.warn(
C:\Users\tiago\AppData\Roaming\Python\Python314\site-packages\sklearn\utils\parallel.py:144: UserWarning: `sklearn.utils.parallel.delayed` should be used with `sklearn.utils.parallel.Parallel` to make it possible to propagate the scikit-learn configuration of the current thread to the joblib workers.
  warnings.warn(
C:\Users\tiago\AppData\Roaming\Python\Python314\site-packages\sklearn\utils\parallel.py:144: UserWarning: `sklearn.utils.parallel.delayed` should be used with `sklearn.utils.parallel.Parallel` to make it possible to propagate the scikit-learn configuration of the current thread to the joblib workers.
  warnings.warn(
(60 comb.) OK
      XGBoost               (120 comb.) OK
      LightGBM              (120 comb.) OK
      CatBoost              (60 comb.) OK
      MLP                   (60 comb.) OK
      ElasticNet (delta)    (40 comb.) OK

  Diebold-Mariano vs Naive (por data, h=5d, HLN 1997)
  Perda agregada por data: 29 datas no teste
  Correcao Holm-Bonferroni (familia=9 testes)
  DM_stat > 0 = modelo PIOR; < 0 = modelo MELHOR
  Modelo                          DM_stat  N_datas    p_bruto     p_holm  Sig(Holm)
  ----------------------------------------------------------------------------
  CRR binomial (roll-down)         1.1727       29     0.2508     1.0000  
  OLS                              0.6857       29     0.4985     1.0000  
  Ridge                            0.4205       29     0.6773     1.0000  
  RandomForest                     0.5012       29     0.6202     1.0000  
  XGBoost                          0.6654       29     0.5112     1.0000  
  LightGBM                         0.3219       29     0.7499     1.0000  
  CatBoost                         0.6819       29     0.5009     1.0000  
  MLP                              2.4852       29     0.0192     0.1727  
  ElasticNet (delta)               0.2971       29     0.7686     1.0000  

  Breakdown por Moneyness (RMSE):

  Grupo                            N     Naive  CRR binom        OLS      Ridge  RandomFor    XGBoost   LightGBM   CatBoost
  -------------------------------------------------------------------------------------------------------------------------
  ITM  (m > 1.05)                  3  [omitido: <5 obs]
  ATM  (0.95 <= m <= 1.05)       236    3.2276     3.3615     3.7619     3.6584     3.6873     3.6095     3.5357     3.7699
  OTM  (m < 0.95)                267    2.9699     3.2973     3.1146     2.9346     3.1634     3.1388     2.9549     3.2293

  Avaliacao em obs liquidas (volume>0): 193 obs
    OLS                             RMSE=3.3414  Theil=1.1776
    Ridge                           RMSE=2.9988  Theil=1.0569
    RandomForest                    RMSE=3.1562  Theil=1.1124
    XGBoost                         RMSE=3.1335  Theil=1.1044
    LightGBM                        RMSE=2.9945  Theil=1.0554
    CatBoost                        RMSE=3.1893  Theil=1.1240
    MLP                             RMSE=5.1230  Theil=1.8056
    ElasticNet (delta)              RMSE=2.9336  Theil=1.0339

==========================================================================================
  ITA | GPR_e_VIX  [GPR + VIX]  [5d]
==========================================================================================
  #    Modelo                               RMSE        MAE         R2   Theil_U
  ----------------------------------------------------------------------------------------
  1    Naive (Random Walk)                3.0882     2.4540     0.6598    1.0000  <-- MELHOR
  2    ElasticNet (delta)                 3.2192     2.5840     0.6303    1.0424
  3    LightGBM                           3.2402     2.5290     0.6255    1.0492
  4    Ridge                              3.3054     2.6574     0.6102    1.0703
  5    CRR binomial (roll-down)           3.3187     2.5348     0.6071    1.0746
  6    XGBoost                            3.3820     2.7032     0.5920    1.0951
  7    RandomForest                       3.4184     2.5727     0.5831    1.1069
  8    OLS                                3.4512     2.8793     0.5751    1.1175
  9    CatBoost                           3.4944     2.7748     0.5644    1.1315
  10   MLP                                5.8498     4.8689    -0.2208    1.8942
==========================================================================================

  [saved] dataset_ITA_common.csv (1678 obs)

========================================================================
  IMPACTO DO GPR — GPR+VIX combinado vs baseline
  Delta RMSE = RMSE(sem GPR) - RMSE(com GPR)   [+ = GPR ajuda]
========================================================================
  Modelo                          com GPR    sem GPR    Delta   Delta%
  --------------------------------------------------------------------
  OLS                              3.4512     3.9572 + 0.5061 + 14.66%
  Ridge                            3.3054     3.7246 + 0.4191 + 12.68%
  LightGBM                         3.2402     3.6169 + 0.3767 + 11.63%
  CatBoost                         3.4944     3.7953 + 0.3009 +  8.61%
  ElasticNet (delta)               3.2192     3.4353 + 0.2161 +  6.71%
  XGBoost                          3.3820     3.4644 + 0.0824 +  2.44%
  RandomForest                     3.4184     3.4208 + 0.0024 +  0.07%
  Naive (Random Walk)              3.0882     3.0882 + 0.0000 +  0.00%
  CRR binomial (roll-down)         3.3187     3.3187 + 0.0000 +  0.00%
  MLP                              5.8498     4.0372 -1.8126 -30.99%
========================================================================

========================================================================
  IMPACTO DO GPR — GPR marginal (GPR_e_VIX vs so_VIX)
  Delta RMSE = RMSE(sem GPR) - RMSE(com GPR)   [+ = GPR ajuda]
========================================================================
  Modelo                          com GPR    sem GPR    Delta   Delta%
  --------------------------------------------------------------------
  OLS                              3.4512     4.2647 + 0.8135 + 23.57%
  Ridge                            3.3054     3.8961 + 0.5907 + 17.87%
  LightGBM                         3.2402     3.6091 + 0.3689 + 11.38%
  ElasticNet (delta)               3.2192     3.5110 + 0.2917 +  9.06%
  XGBoost                          3.3820     3.5994 + 0.2174 +  6.43%
  CatBoost                         3.4944     3.5397 + 0.0452 +  1.29%
  RandomForest                     3.4184     3.4211 + 0.0027 +  0.08%
  Naive (Random Walk)              3.0882     3.0882 + 0.0000 +  0.00%
  CRR binomial (roll-down)         3.3187     3.3187 + 0.0000 +  0.00%
  MLP                              5.8498     4.6444 -1.2054 -20.61%
========================================================================

========================================================================
  IMPACTO DO GPR — VIX marginal (GPR_e_VIX vs so_GPR)
  Delta RMSE = RMSE(sem GPR) - RMSE(com GPR)   [+ = GPR ajuda]
========================================================================
  Modelo                          com GPR    sem GPR    Delta   Delta%
  --------------------------------------------------------------------
  CatBoost                         3.4944     3.5915 + 0.0971 +  2.78%
  LightGBM                         3.2402     3.3166 + 0.0764 +  2.36%
  OLS                              3.4512     3.4644 + 0.0133 +  0.38%
  Naive (Random Walk)              3.0882     3.0882 + 0.0000 +  0.00%
  CRR binomial (roll-down)         3.3187     3.3187 + 0.0000 +  0.00%
  XGBoost                          3.3820     3.3761 -0.0059  -0.17%
  Ridge                            3.3054     3.2942 -0.0113  -0.34%
  RandomForest                     3.4184     3.3958 -0.0226  -0.66%
  ElasticNet (delta)               3.2192     3.1218 -0.0974  -3.03%
  MLP                              5.8498     4.2762 -1.5736 -26.90%
========================================================================

============================================================================================================================
  Comparacao so_GPR vs so_VIX vs GPR_e_VIX
============================================================================================================================
                                              GPR                           VIX                         GPR+VIX           
  Modelo                              RMSE       MAE        R2      RMSE       MAE        R2      RMSE       MAE        R2
  --------------------------------------------------------------------------------------------------------------------------
  Naive (Random Walk)               3.0882    2.4540    0.6598    3.0882    2.4540    0.6598    3.0882    2.4540    0.6598
  ElasticNet (delta)                3.1218    2.5225    0.6523    3.5110    2.7807    0.5602    3.2192    2.5840    0.6303
  Ridge                             3.2942    2.6612    0.6129    3.8961    3.0681    0.4585    3.3054    2.6574    0.6102
  LightGBM                          3.3166    2.5119    0.6076    3.6091    2.8323    0.5353    3.2402    2.5290    0.6255
  CRR binomial (roll-down)          3.3187    2.5348    0.6071    3.3187    2.5348    0.6071    3.3187    2.5348    0.6071
  XGBoost                           3.3761    2.5320    0.5934    3.5994    2.8408    0.5378    3.3820    2.7032    0.5920
  RandomForest                      3.3958    2.5273    0.5886    3.4211    2.5553    0.5825    3.4184    2.5727    0.5831
  OLS                               3.4644    2.8411    0.5718    4.2647    3.4814    0.3512    3.4512    2.8793    0.5751
  CatBoost                          3.5915    2.8709    0.5398    3.5397    2.7712    0.5530    3.4944    2.7748    0.5644
  MLP                               4.2762    3.3432    0.3477    4.6444    3.7217    0.2305    5.8498    4.8689   -0.2208
============================================================================================================================

==============================================================================
  TESTE CENTRAL — DM por data: GPR marginal controlando para VIX (pergunta de investigacao)
  A = GPR_e_VIX | B = so_VIX | DM_stat < 0 favorece A (com GPR)
==============================================================================
  Modelo                          DM_stat  N_datas    p_bruto     p_holm  Sig
  --------------------------------------------------------------------------
  OLS                             -0.8707       29     0.3913     1.0000  
  Ridge                           -0.9791       29     0.3359     1.0000  
  RandomForest                     0.0528       29     0.9583     1.0000  
  XGBoost                         -0.6704       29     0.5081     1.0000  
  LightGBM                        -1.1459       29     0.2615     1.0000  
  CatBoost                        -0.1805       29     0.8580     1.0000  
  MLP                              2.4494       29     0.0208     0.1666  
  ElasticNet (delta)              -0.7725       29     0.4463     1.0000  
==============================================================================

==============================================================================
  TESTE CENTRAL — DM por data: GPR vs baseline sem indices
  A = so_GPR | B = sem_indices | DM_stat < 0 favorece A (com GPR)
==============================================================================
  Modelo                          DM_stat  N_datas    p_bruto     p_holm  Sig
  --------------------------------------------------------------------------
  OLS                             -0.5526       29     0.5849     1.0000  
  Ridge                           -0.6434       29     0.5252     1.0000  
  RandomForest                    -0.0467       29     0.9631     1.0000  
  XGBoost                         -0.2921       29     0.7724     1.0000  
  LightGBM                        -0.7162       29     0.4798     1.0000  
  CatBoost                        -0.8858       29     0.3833     1.0000  
  MLP                              0.5263       29     0.6028     1.0000  
  ElasticNet (delta)              -0.6362       29     0.5298     1.0000  
==============================================================================

  [saved] versions.txt + sample_flow.csv (reproducao)

========================================================================
  SUMARIO FINAL — MELHOR MODELO POR CONFIGURACAO
========================================================================
  Config           N feat Melhor modelo                        RMSE         R2
  --------------------------------------------------------------------------
  sem_indices          22 Naive (Random Walk)                3.0882     0.6598
  so_GPR               36 Naive (Random Walk)                3.0882     0.6598
  so_VIX               23 Naive (Random Walk)                3.0882     0.6598
  GPR_e_VIX            37 Naive (Random Walk)                3.0882     0.6598
========================================================================

  [OK] Execucao sem erros ou avisos.

[OK] Outputs guardados em: C:\Users\tiago\Desktop\codigo\output_horse_race_escalado
