date,contract,target_date,target_t1,naive_forecast,crr_forecast,pred_naive_random_walk,pred_crr_binomial_roll-down,pred_ols,pred_ridge,pred_randomforest,pred_xgboost,pred_lightgbm,pred_catboost,pred_mlp,pred_elasticnet_delta
2026-05-07,ITA US 10/16/26 C240 Equity,2026-05-14,8.85,9.1,8.6077786781927,9.1,8.6077786781927,12.034573004732849,10.345992236424316,10.652904219109386,9.786303,9.0276642017358,9.83891032592357,5.883826674377395,10.287671595949522
2026-05-07,ITA US 12/18/26 C245 Equity,2026-05-14,10.35,10.3,9.443326732105538,10.3,9.443326732105538,13.92442264772868,11.766893870928959,11.093922555363607,10.859931,10.5811399643736,10.673423598077648,6.884990709286297,11.556949528582228
2026-05-07,ITA US 10/16/26 C235 Equity,2026-05-14,10.600000000000001,11.0,10.466482480968457,11.0,10.466482480968457,13.934961924956882,11.99182118041306,12.731933379700667,11.11813,10.800084180414473,11.79848665726317,7.4406862018446605,12.12748179923037
2026-05-07,ITA US 01/15/27 C230 Equity,2026-05-14,17.6,16.9,15.919735841824412,16.9,15.919735841824412,19.589935582629195,17.70142064409983,19.392666351114553,18.033869,16.630623531928038,18.224811797165014,16.252191696120914,17.98172312681268
2026-05-07,ITA US 07/17/26 C230 Equity,2026-05-14,6.949999999999999,7.25,6.772733954347176,7.25,6.772733954347176,10.155111005369882,8.827181315751034,8.505381101674155,7.3135676,6.6376301431434745,7.221397883116348,7.167466648558476,8.352749829545969
2026-05-07,ITA US 10/16/26 C250 Equity,2026-05-14,6.65,6.35,5.87887409868966,6.35,5.87887409868966,9.830805430431294,7.741583564763416,6.3086566768873436,5.6386247,5.462197543202218,6.500557285809849,4.149203778271555,7.643986634993488
2026-05-07,ITA US 01/15/27 C245 Equity,2026-05-14,11.3,11.25,10.33437473142885,11.25,10.33437473142885,14.761773508839198,12.725935853100314,12.64724211780486,11.839244,11.439071615225206,12.43371743724054,8.867846761156146,12.47925566555302
2026-05-07,ITA US 12/18/26 C230 Equity,2026-05-14,16.3,15.649999999999999,14.65745751833275,15.649999999999999,14.65745751833275,18.114582047521502,16.488038365450535,17.96718107491506,16.124207,15.195699412624787,16.038877556461173,13.880753668886618,16.712392890232127
2026-05-07,ITA US 10/16/26 C245 Equity,2026-05-14,7.35,7.55,7.049054485276237,7.55,7.049054485276237,10.550804443436373,8.75602547058087,8.499717351631935,7.011679,6.89791805474165,7.485573271875944,4.546552756361383,8.77088972252831
2026-05-07,ITA US 01/15/27 C235 Equity,2026-05-14,15.399999999999999,14.8,13.836680954985011,14.8,13.836680954985011,17.929733206700938,15.900282287100232,16.290187998993755,14.857068,15.127862087107498,15.404151998933468,14.206294813923902,15.934799146798717
2026-05-07,ITA US 12/18/26 C235 Equity,2026-05-14,14.0,13.6,12.634247865100308,13.6,12.634247865100308,16.42556894824993,14.56324388825812,14.905845120786928,13.821878,14.182962173582078,14.602112406707926,10.66420857706528,14.688452199788141
2026-05-07,ITA US 10/16/26 C230 Equity,2026-05-14,12.85,12.75,12.384772176856856,12.75,12.384772176856856,15.327334446772603,13.63464867173844,14.543130951498691,12.899415,13.310281088539012,13.101929512288729,10.145496444112043,13.829752227678648
2026-05-07,ITA US 01/15/27 C240 Equity,2026-05-14,13.3,12.85,12.065620296343155,12.85,12.065620296343155,16.353645792608727,14.327039383731648,14.434457959530405,13.840893,13.879949301625022,14.114572411278989,11.014091792335206,14.04436474598588
2026-05-07,ITA US 12/18/26 C250 Equity,2026-05-14,8.600000000000001,8.7,7.9113614335302715,8.7,7.9113614335302715,12.037591899020422,10.235896030263525,9.938524649768592,8.877293,8.812499521483335,9.360072843611603,6.448132668976435,9.95577867303885
2026-05-07,ITA US 12/18/26 C240 Equity,2026-05-14,12.75,12.0,11.070441103146244,12.0,11.070441103146244,14.784185161825295,12.899398877882962,13.033658824338856,12.393434,11.796300504374019,12.746722625333826,9.085973205405956,13.147647933613698
2026-05-07,ITA US 10/16/26 C255 Equity,2026-05-14,5.3,5.3,5.110445419282524,5.3,5.110445419282524,8.571993786152863,6.935095966426468,5.728908617722339,4.807614,4.380914299015259,5.098457739657732,3.0382646227471843,6.666651456044245
2026-05-07,ITA US 01/15/27 C250 Equity,2026-05-14,10.0,10.05,9.301772946233449,10.05,9.301772946233449,14.10212012115256,11.886154133565407,11.060994914298027,10.565581,9.790097446286001,10.370649472621151,6.26165761813717,11.356373506184953
2026-05-07,ITA US 07/17/26 C250 Equity,2026-05-14,2.1500000000000004,2.1,1.8183916104115372,2.1,1.8183916104115372,5.364665943483367,3.5536176361960514,2.2929621012130053,1.9174083,2.1158016083220774,2.3961487472736405,3.708389764690996,3.394890184387468
2026-05-08,ITA US 01/15/27 C230 Equity,2026-05-15,14.35,17.25,16.39177367285835,17.25,16.39177367285835,19.457419749967503,18.10619108972654,19.682623792066288,18.399797,16.31157710550602,18.118588763961185,15.423158329654099,18.27678130079502
2026-05-08,ITA US 07/17/26 C250 Equity,2026-05-15,0.875,2.4749999999999996,2.1947018265168103,2.4749999999999996,2.1947018265168103,6.303844711898695,4.85440659777692,2.594320306789026,2.7496207,2.9913274224984043,2.929012790200833,2.082527300663589,3.8506324662120397
2026-05-08,ITA US 12/18/26 C250 Equity,2026-05-15,6.6,8.85,8.074337550864456,8.85,8.074337550864456,11.966970133839318,10.630967029321816,12.870947432874543,9.763659,10.987266431332253,10.439475078222511,6.19996688499294,10.089506349839155
2026-05-08,ITA US 07/17/26 C230 Equity,2026-05-15,3.95,7.0,6.578986436597179,7.0,6.578986436597179,9.755677555500915,8.504459551009903,10.29837556383594,7.9753776,7.427860033034184,8.090577454277948,5.602511295303043,8.008260403883298
2026-05-08,ITA US 12/18/26 C235 Equity,2026-05-15,11.75,14.2,13.253359234690057,14.2,13.253359234690057,16.915545812089285,15.46066354650725,16.81984465606073,14.745804,15.049412166878044,15.310812475979972,10.240923356506979,15.296372752056133
2026-05-08,ITA US 10/16/26 C245 Equity,2026-05-15,4.65,7.6499999999999995,7.158213208230791,7.6499999999999995,7.158213208230791,11.138412448461866,9.522353444794831,10.342571635714856,7.243979,8.463331209376056,7.9985563806100535,3.3720087581406264,8.90567133647045
2026-05-08,ITA US 12/18/26 C230 Equity,2026-05-15,13.4,16.2,15.276014067908243,16.2,15.276014067908243,18.017817129791244,16.96514561621565,19.245571253909432,16.866394,15.099558892854741,16.622277738464245,12.978784660917292,17.252377445041446
2026-05-08,ITA US 01/15/27 C240 Equity,2026-05-15,10.85,13.4,12.538313660247198,13.4,12.538313660247198,16.59775412273587,14.825142650993476,15.979961007452776,14.345207,14.62900275123363,14.62271442007698,9.630882173309331,14.536611825372985
2026-05-08,ITA US 12/18/26 C240 Equity,2026-05-15,10.25,12.25,11.364204315769651,12.25,11.364204315769651,15.496993076347575,13.820780291467564,15.513139085524882,12.961343,13.573461378829558,13.274978190529215,8.502297784528894,13.425745860413906
2026-05-08,ITA US 10/16/26 C230 Equity,2026-05-15,9.149999999999999,12.8,12.23225049026308,12.8,12.23225049026308,15.35554822991713,13.972537834190337,15.928398909996448,13.687269,13.655289695327056,13.517877362321492,9.096136491877783,13.872709550522893
2026-05-08,ITA US 12/18/26 C245 Equity,2026-05-15,8.15,10.2,9.3325827688241,10.2,9.3325827688241,13.605616924590842,11.980007718916717,13.82245604580997,10.97593,11.616234718110793,11.096951051742245,6.492886953778564,11.374800575898321
2026-05-08,ITA US 01/15/27 C235 Equity,2026-05-15,12.5,15.0,14.19005139552139,15.0,14.19005139552139,17.720926203309592,16.28650155291437,17.60864004424644,15.601887,15.224512161701261,15.761461143819947,12.977089089856038,16.090355355029892
2026-05-08,ITA US 01/15/27 C245 Equity,2026-05-15,9.399999999999999,11.5,10.778884378075752,11.5,10.778884378075752,14.862496897818598,13.27953272074055,15.033353484128167,12.341504,12.19115339929223,13.071015739681224,7.478967199215404,12.69550475345198
2026-05-08,ITA US 10/16/26 C240 Equity,2026-05-15,6.45,9.2,8.735856307969565,9.2,8.735856307969565,12.293632079861077,10.453890519515628,13.401169198876332,10.436789,9.97986062060326,10.55217518645281,3.7198364236968757,10.311954122743684
2026-05-08,ITA US 10/16/26 C235 Equity,2026-05-15,7.6,10.8,10.262521943062703,10.8,10.262521943062703,14.104438732819283,12.418063708638169,14.143247204325876,11.282758,11.044451145254023,12.295412957474941,6.0400018920179575,11.928522391624757
2026-05-08,ITA US 01/15/27 C250 Equity,2026-05-15,8.2,10.05,9.251950237645952,10.05,9.251950237645952,13.864027257018225,12.166218344274316,13.684496750101655,11.142117,11.390544695272462,11.634209240717835,5.941701048171981,11.334790740387737
2026-05-08,ITA US 10/16/26 C250 Equity,2026-05-15,3.7,6.4,6.044018427410096,6.4,6.044018427410096,10.06233536322651,8.19604228073046,8.073294305959436,6.935976,7.886299880876287,7.5430871299578035,3.7563197730193503,7.640358461382131
2026-05-08,ITA US 10/16/26 C255 Equity,2026-05-15,3.0,5.25,4.847896160647052,5.25,4.847896160647052,9.095171080055245,7.360215839043592,6.060646676065187,4.997161,5.606761743006435,5.672377468798295,1.8530351895216508,6.645221480055721
2026-05-11,ITA US 01/15/27 C240 Equity,2026-05-18,11.4,13.75,13.169764235124209,13.75,13.169764235124209,16.785549869513638,15.605958355233124,16.23157688466369,15.187345,16.402282675523935,16.121042390789164,12.235272304866115,14.720485732608187
2026-05-11,ITA US 10/16/26 C245 Equity,2026-05-18,6.0,8.05,7.7031017551525975,8.05,7.7031017551525975,10.846034622906812,9.828162808423361,11.852983993867433,9.162299,9.158814096053053,9.147429978382553,5.30679413509779,9.108125667967737
2026-05-11,ITA US 01/15/27 C235 Equity,2026-05-18,13.15,16.0,15.419431377493831,16.0,15.419431377493831,18.011353326924993,16.934447093213933,18.997600750643418,17.142187,16.87737103786033,19.40834230154581,14.442785362637979,16.88772702708535
2026-05-11,ITA US 01/15/27 C250 Equity,2026-05-18,8.6,10.45,9.89171912240228,10.45,9.89171912240228,13.546424518819883,12.344804953315933,13.800452681026112,12.44204,12.894826987424551,12.178964220129638,7.7857177126858055,11.509953014061926
2026-05-11,ITA US 10/16/26 C230 Equity,2026-05-18,10.2,13.75,13.527603695614502,13.75,13.527603695614502,15.395494861082994,14.815510732952127,16.291471561898632,14.778598,16.27971508712376,15.70369518883441,11.225920989938677,14.618144099074271
2026-05-11,ITA US 01/15/27 C230 Equity,2026-05-18,15.0,18.3,17.717832577921154,18.3,17.717832577921154,19.915660121484876,18.927558652378977,19.8463653056464,19.449017,19.198916519992398,21.969518309617147,16.956862423888584,19.145333261348565
2026-05-11,ITA US 12/18/26 C235 Equity,2026-05-18,12.05,14.8,14.283145565346597,14.8,14.283145565346597,17.025916087414558,16.15369762983341,17.20418639718132,15.789023,17.00983255507111,18.226521003768386,12.093066311091782,15.739979160595894
2026-05-11,ITA US 10/16/26 C235 Equity,2026-05-18,8.399999999999999,11.55,11.311869613450071,11.55,11.311869613450071,13.751462069878084,12.895922053184655,15.028905136822843,12.704762,13.03943754323993,13.35954267606548,7.215236587987796,12.49096189194563
2026-05-11,ITA US 12/18/26 C230 Equity,2026-05-18,14.05,17.1,16.6806009972062,17.1,16.6806009972062,18.655659373563612,17.934853561026834,19.651420620632244,18.632965,18.276018099435145,20.848233309419243,15.803174403542364,17.989130316402356
2026-05-11,ITA US 12/18/26 C250 Equity,2026-05-18,7.3,9.350000000000001,8.822161113924373,9.350000000000001,8.822161113924373,11.843255771086731,10.876362902107093,13.330744198926748,11.248021,11.4820850779806,11.389231789094676,6.781394174480188,10.384075844533964
2026-05-11,ITA US 10/16/26 C250 Equity,2026-05-18,4.65,6.35,6.109883490585929,6.35,6.109883490585929,9.437686396069076,8.369898972855971,6.800076916930724,7.146665,7.389480542884099,8.305906831455939,5.435136737694268,7.474430247008139
2026-05-11,ITA US 12/18/26 C240 Equity,2026-05-18,10.399999999999999,12.850000000000001,12.375117218442965,12.850000000000001,12.375117218442965,15.444370459507693,14.380595056338844,16.050944969394987,14.054799,15.477051552064934,14.61706818106324,10.307146323626663,13.842283953804019
2026-05-11,ITA US 07/17/26 C250 Equity,2026-05-18,1.625,2.375,2.0273566566419357,2.375,2.0273566566419357,5.630459773140329,4.222034958486141,2.5070051896141994,3.6408596,3.5931000714123917,4.675566656563687,3.3241020290974017,3.4830605011183042
2026-05-11,ITA US 07/17/26 C230 Equity,2026-05-18,4.85,7.5,6.982352536187664,7.5,6.982352536187664,8.837580901256757,8.537684597262478,10.329169931624548,9.055782,9.332001772700291,9.60409729057456,9.016919094982255,8.261702491370096
2026-05-11,ITA US 01/15/27 C245 Equity,2026-05-18,9.75,12.15,11.542435235292247,12.15,11.542435235292247,15.086789329111703,13.795147093333789,15.37980452102009,13.706862,14.746927293783306,14.696891347448451,9.662975834394315,13.157299965247509
2026-05-11,ITA US 10/16/26 C240 Equity,2026-05-18,6.75,9.55,9.30496606719968,9.55,9.30496606719968,12.590962668789818,11.31705349274715,13.43779625705281,11.468437,11.363844123793157,11.389567636604765,6.956382233135277,10.55534498416273
2026-05-11,ITA US 12/18/26 C245 Equity,2026-05-18,8.7,10.9,10.378131495339584,10.9,10.378131495339584,13.268968988877864,12.292683090956055,14.30642549647955,12.461041,12.809445744744815,13.114022558391358,7.01842234497821,11.881383338567023
2026-05-11,ITA US 10/16/26 C255 Equity,2026-05-18,3.5250000000000004,5.2,4.871219476199117,5.2,4.871219476199117,8.174743265478154,7.368115527206424,6.072143350019172,5.679405,5.9118615271290365,5.864685433459407,2.949925470084886,6.400748987019207
2026-05-12,ITA US 10/16/26 C235 Equity,2026-05-19,7.800000000000001,10.9,10.50612774104097,10.9,10.50612774104097,11.582891270041944,11.098018130160476,9.685316832761837,11.178082,10.447040858964538,11.017732162943288,4.915582023322645,10.900925018116988
2026-05-12,ITA US 12/18/26 C240 Equity,2026-05-19,9.8,12.25,11.834830834938446,12.25,11.834830834938446,13.273055124092593,12.481061430606369,10.934593797502965,12.229192,12.645714935538754,12.059480548353157,6.738789105227329,12.280875292907302
2026-05-12,ITA US 10/16/26 C245 Equity,2026-05-19,5.75,7.3999999999999995,7.086478564920609,7.3999999999999995,7.086478564920609,8.488149114111364,7.9074745653248755,7.474351666266474,7.8312435,7.68106440959121,7.8408119485592325,2.285653870922657,7.487589971135188
2026-05-12,ITA US 12/18/26 C245 Equity,2026-05-19,8.3,10.5,9.98406201576194,10.5,9.98406201576194,11.925682548024096,11.01403126135486,9.804772199344947,11.232928,11.488678233242918,10.316845587724146,5.112062267903304,10.563899279920793
2026-05-12,ITA US 01/15/27 C250 Equity,2026-05-19,7.65,10.05,9.599669728253279,10.05,9.599669728253279,11.63779025175159,10.690044629798475,9.717756804717364,10.39221,10.421173448665677,10.138657047673519,4.28381411025218,10.15884318570297
2026-05-12,ITA US 01/15/27 C240 Equity,2026-05-19,10.75,13.45,13.013704252438016,13.45,13.013704252438016,14.236387300934327,13.62012184597062,11.585892849188957,12.756416,13.412347465967484,12.593827447524475,7.251065406197841,13.462545070374466
2026-05-12,ITA US 12/18/26 C250 Equity,2026-05-19,6.9,8.9,8.426756926691878,8.9,8.426756926691878,10.236197410547527,9.406492905002505,8.66340908968716,10.231513,9.907571665515668,9.568687453730421,4.17439251955944,9.018242257893313
2026-05-12,ITA US 10/16/26 C240 Equity,2026-05-19,6.300000000000001,9.05,8.857562565928703,9.05,8.857562565928703,10.117723588130819,9.527882369312831,8.573582490421998,10.260888,9.498383843699468,9.45592840831937,3.046476142099215,9.099709525502785
2026-05-12,ITA US 01/15/27 C245 Equity,2026-05-19,9.4,11.65,11.191486696616101,11.65,11.191486696616101,13.127260652960352,12.185540851083175,10.580781195413852,11.598728,11.798397786507504,11.531259690622125,6.420478415646881,11.720419842019338
2026-05-12,ITA US 01/15/27 C235 Equity,2026-05-19,12.55,15.45,14.881593703538579,15.45,14.881593703538579,16.115658418864594,15.392661833117373,13.387567001764294,14.521544,14.452532731449331,15.840096090560518,11.593718159138172,15.416401456831448
2026-05-12,ITA US 07/17/26 C250 Equity,2026-05-19,1.6749999999999998,2.6,2.3455939759612607,2.6,2.3455939759612607,4.50579975645989,3.579035670689567,2.298288008155053,2.909594,3.260498426444369,2.3111182645829214,1.2701153371179934,2.782492736863634
2026-05-12,ITA US 12/18/26 C230 Equity,2026-05-19,13.2,16.45,16.0405507510409,16.45,16.0405507510409,16.55103878723703,16.122249968558222,15.041194184237863,16.283401,16.07353719164683,16.8638526608347,12.54394126395105,16.392510962124142
2026-05-12,ITA US 10/16/26 C230 Equity,2026-05-19,9.75,13.25,12.926660444862492,13.25,12.926660444862492,13.53222661095134,13.347060769137954,11.368419922674116,13.115968,13.298388568038098,12.308469320120558,9.399010844466934,13.18869477759245
2026-05-12,ITA US 12/18/26 C235 Equity,2026-05-19,11.1,14.3,13.88622132378409,14.3,13.88622132378409,14.752981994874844,14.179891248691739,11.83484451896409,13.832859,13.27929662831846,14.943297261752864,7.8937461832123095,14.275162373285497
2026-05-12,ITA US 10/16/26 C250 Equity,2026-05-19,5.0,6.25,6.042707623634723,6.25,6.042707623634723,7.26789499609318,6.67787754571471,5.970983549705828,5.8844457,5.927674377888737,6.722815624511745,1.4293934907996897,6.368342745204279
2026-05-12,ITA US 07/17/26 C230 Equity,2026-05-19,4.65,7.65,7.424599171956348,7.65,7.424599171956348,7.13243033023566,7.4952224425571,7.3188609769498205,8.417143,8.43653085391791,7.178596734629326,4.823497302772195,7.480914172832057
2026-05-12,ITA US 01/15/27 C230 Equity,2026-05-19,14.4,17.55,17.136076661575842,17.55,17.136076661575842,17.70815625266566,17.16218609594609,15.922906939489458,16.63154,17.012344406019217,17.836328921671793,13.853030061167479,17.45232469783975
2026-05-12,ITA US 10/16/26 C255 Equity,2026-05-19,3.75,5.35,5.110646423737449,5.35,5.110646423737449,6.219511543991353,5.808088006776805,5.599336450564508,5.0360804,5.023810460048942,4.0167662395552455,0.6091324476720636,5.551078246684204
2026-05-13,ITA US 01/15/27 C250 Equity,2026-05-20,9.15,10.2,9.749693971766247,10.2,9.749693971766247,11.100148412019895,10.297083582472716,8.850360312816735,8.742764,9.457999478972022,9.482998153717439,3.5105259280670182,9.929543939218549
2026-05-13,ITA US 10/16/26 C235 Equity,2026-05-20,9.399999999999999,10.9,10.5736684341112,10.9,10.5736684341112,10.19551382430529,10.186625703332682,8.916253649603867,9.3759,9.167639998769817,10.544342227939937,4.2120166888665596,10.468920221313713
2026-05-13,ITA US 10/16/26 C240 Equity,2026-05-20,7.5,8.8,8.493571740408177,8.8,8.493571740408177,8.486274117155308,8.298424325030474,7.475587593766426,8.2378435,8.539930063154905,9.118016366107264,2.0332973472985394,8.416220059709113
2026-05-13,ITA US 07/17/26 C250 Equity,2026-05-20,1.875,2.925,2.658459143239388,2.925,2.658459143239388,5.471237551872925,4.153084872251926,3.2761047966834336,2.6145132,3.257917025502159,2.953067295468939,1.1870211961717638,2.842057630968251
2026-05-13,ITA US 10/16/26 C245 Equity,2026-05-20,6.4,7.95,7.65312520440609,7.95,7.65312520440609,7.665375406917242,7.133513627331839,6.98908755990651,6.765679,6.892341969234921,7.303530616139622,1.9459012038967984,7.563510940722101
2026-05-13,ITA US 10/16/26 C255 Equity,2026-05-20,4.35,5.0,4.742069324186945,5.0,4.742069324186945,5.527203100038209,5.159256167843994,5.166137781368674,4.4037204,4.627850690123167,4.814469568263171,0.4939935838568489,4.849998508316729
2026-05-13,ITA US 07/17/26 C230 Equity,2026-05-20,5.9,7.65,7.402858597308873,7.65,7.402858597308873,7.552463876408261,7.3129643529065405,6.493779287793062,6.8482594,6.549724294960867,6.965107784897059,4.630545387993762,7.172585276572747
2026-05-13,ITA US 10/16/26 C250 Equity,2026-05-20,5.25,6.55,6.257173805104765,6.55,6.257173805104765,6.630927256860102,5.967983626180295,6.495260377897995,5.696411,5.638520451866083,6.605590026454702,1.3159062272314483,6.243293540768275
2026-05-13,ITA US 10/16/26 C230 Equity,2026-05-20,11.0,13.3,12.99473653631454,13.3,12.99473653631454,11.873571554421215,12.12832457368875,10.757211402682302,11.371148,11.489172499944498,12.011267186712523,7.014476348402238,12.829885638228332
2026-05-13,ITA US 12/18/26 C240 Equity,2026-05-20,11.1,12.95,12.47680331556833,12.95,12.47680331556833,13.604068536859685,12.898509047957221,10.722582268968585,10.790874,11.63655929942567,11.628449135048392,7.322266946663311,12.663650045605243
2026-05-13,ITA US 12/18/26 C250 Equity,2026-05-20,7.9,8.85,8.257805064776218,8.85,8.257805064776218,9.1761507895273,8.751141088283493,7.8695335393810755,8.277094,9.073129486796777,9.152567091986686,2.6067584221159623,8.581454192894851
2026-05-13,ITA US 01/15/27 C245 Equity,2026-05-20,10.35,11.5,11.197134855191162,11.5,11.197134855191162,12.219946239307856,11.56249711205905,9.728239404044597,9.562886,10.367012137262284,10.95801060280299,5.191751984996691,11.184070598214806
2026-05-13,ITA US 12/18/26 C230 Equity,2026-05-20,15.35,16.75,16.224616950676264,16.75,16.224616950676264,16.007385578224557,15.718533519033311,15.509031524543802,15.632671,15.662883307924501,16.92286461645214,12.39853909911307,16.301491378870704
2026-05-13,ITA US 01/15/27 C235 Equity,2026-05-20,14.05,15.649999999999999,15.408253534513149,15.649999999999999,15.408253534513149,15.545554058033119,14.998027789601933,13.439351109166935,13.098754,12.974479047877207,15.00520852781674,10.823375036077158,15.218329569082158
2026-05-13,ITA US 01/15/27 C240 Equity,2026-05-20,12.35,13.75,13.467687694642542,13.75,13.467687694642542,14.280785158361141,13.427818150720785,11.053984630015233,11.215764,11.947805130517233,11.983974618860463,7.234811648723074,13.365137508132241
2026-05-13,ITA US 12/18/26 C235 Equity,2026-05-20,13.0,14.75,14.255012133762214,14.75,14.255012133762214,14.83700952113394,14.173877282899124,11.78859083957873,12.4606495,12.49340330978996,14.368902346500422,8.905514721727597,14.367791289908212
2026-05-13,ITA US 12/18/26 C245 Equity,2026-05-20,9.4,10.35,9.848313676521295,10.35,9.848313676521295,10.575623732005806,10.153780979330111,8.931141552794154,9.178559,10.076359986749802,9.774524640860275,2.4668497239834988,10.030523718550677
2026-05-13,ITA US 01/15/27 C230 Equity,2026-05-20,16.4,18.15,17.916756121002596,18.15,17.916756121002596,17.987357729916173,17.337590836231502,16.52444380462276,15.981105,16.10863757618728,17.48533883152128,13.612222417498872,17.64868781136944
2026-05-14,ITA US 01/15/27 C245 Equity,2026-05-21,10.350000000000001,11.3,10.39761557758344,11.3,10.39761557758344,11.72813818798376,10.885672340368526,9.387024651631995,9.206337,9.710189184684461,9.799016229007346,5.469827096345164,10.874161864323778
2026-05-14,ITA US 01/15/27 C250 Equity,2026-05-21,9.2,10.0,9.15560583215211,10.0,9.15560583215211,10.892235581456102,9.987156386355764,8.675506027455414,8.347168,8.660941662165676,8.729279519396837,4.136720031980646,9.663260324982726
2026-05-14,ITA US 10/16/26 C255 Equity,2026-05-21,4.325,5.3,4.852671302985447,5.3,4.852671302985447,5.545738104131825,5.082341867417712,5.383907833684333,4.127345,4.2166852576964455,3.4213737156628916,0.7829481715948133,5.037973348500117
2026-05-14,ITA US 10/16/26 C240 Equity,2026-05-21,7.8,8.85,8.114099667486819,8.85,8.114099667486819,8.29243841167246,7.878646686488215,7.362660264334266,7.8068204,7.946866303801537,8.110235419052728,2.4982468088006704,8.34131985902176
2026-05-14,ITA US 12/18/26 C250 Equity,2026-05-21,7.85,8.600000000000001,7.732265021616247,8.600000000000001,7.732265021616247,8.493219541702064,8.060035539543627,7.494822878906929,7.8078113,8.085257600905758,8.192568460774764,2.9371473592059045,8.208325208213797
2026-05-14,ITA US 10/16/26 C250 Equity,2026-05-21,5.35,6.65,6.086638928206144,6.65,6.086638928206144,7.358748748937786,6.110193153928625,6.371071622424762,5.6099443,5.762122891837868,5.759773446703296,2.6232894933472295,6.287019123159515
2026-05-14,ITA US 01/15/27 C235 Equity,2026-05-21,14.05,15.399999999999999,14.448221296857705,15.399999999999999,14.448221296857705,15.53328049551082,14.599343514786565,12.862906064507458,12.507927,13.20447201965783,13.395133383347908,11.468582192473962,14.904914912707703
2026-05-14,ITA US 10/16/26 C230 Equity,2026-05-21,11.0,12.85,12.095906895680452,12.85,12.095906895680452,11.758739024148818,11.512687328675167,10.271318213810396,10.779227,10.816405935691373,10.566697344178035,6.827608544326927,12.267666996385403
2026-05-14,ITA US 10/16/26 C245 Equity,2026-05-21,6.25,7.35,6.761630842176382,7.35,6.761630842176382,8.027456430515434,7.090852846285957,6.504137913281611,5.926267,6.253610481603988,6.362149366672023,3.016288132275004,6.9743563737579075
2026-05-14,ITA US 12/18/26 C245 Equity,2026-05-21,9.3,10.35,9.408672097975,10.35,9.408672097975,10.459439712067224,9.79277741384753,8.773252455240291,8.7808275,9.38810058395198,8.720766287757588,3.974478590487492,9.928981226233137
2026-05-14,ITA US 01/15/27 C230 Equity,2026-05-21,16.2,17.6,16.594063180420605,17.6,16.594063180420605,17.144659661405903,16.45517863003063,15.47849546356338,14.953124,16.687122382188434,15.234869949149823,12.899279551973693,17.064253522813885
2026-05-14,ITA US 10/16/26 C235 Equity,2026-05-21,9.5,10.600000000000001,9.90560623444164,10.600000000000001,9.90560623444164,9.940974748014074,9.634758748678095,8.469519239712058,8.759369,8.898960051173168,8.739135944908252,4.415026910244008,10.066625925479746
2026-05-14,ITA US 07/17/26 C250 Equity,2026-05-21,1.75,2.1500000000000004,1.7923451928836003,2.1500000000000004,1.7923451928836003,4.308127304320346,2.695712552135465,2.5729660173614337,2.30901,2.1436673829744737,2.62093039332062,1.6820031308431802,1.9911182231153672
2026-05-14,ITA US 01/15/27 C240 Equity,2026-05-21,12.05,13.3,12.397470852521,13.3,12.397470852521,13.818160109204733,12.705436311241149,10.625167332542892,10.800055,11.60943442249967,11.234158972662826,7.671879481372135,12.834087621898957
2026-05-14,ITA US 12/18/26 C240 Equity,2026-05-21,10.95,12.75,11.768706491475193,12.75,11.768706491475193,13.091335429127497,12.092313011257476,10.38765336495454,10.711971,11.134914562254911,10.661580370681149,6.965988261515545,12.319357597962536
2026-05-14,ITA US 12/18/26 C230 Equity,2026-05-21,15.15,16.3,15.202916025223082,16.3,15.202916025223082,15.430755778071532,15.054158988049585,14.483675195028884,14.613842,15.60006623870685,14.25172286106066,12.182286538145087,15.756135741833338
2026-05-14,ITA US 12/18/26 C235 Equity,2026-05-21,12.8,14.0,12.986436431588695,14.0,12.986436431588695,13.924279219281765,13.252081777566515,10.937171930269471,11.608077,12.212734449970577,11.981898506977108,8.471943514462225,13.508018158748122
2026-05-14,ITA US 07/17/26 C230 Equity,2026-05-21,5.7,6.949999999999999,6.2964537830708975,6.949999999999999,6.2964537830708975,6.663942240493954,6.3605569313257595,6.348802222243722,6.3700595,6.142378389367448,5.704349275176515,5.245347806084526,6.354104101604318
2026-05-15,ITA US 10/16/26 C240 Equity,2026-05-22,8.55,6.45,5.514629512512759,6.45,5.514629512512759,6.3889511832694925,5.726342353101071,7.320096670783755,6.657198,7.114153353177702,7.379319029118463,3.7669492221522,6.413537642690745
2026-05-15,ITA US 12/18/26 C240 Equity,2026-05-22,12.05,10.25,9.29855751535887,10.25,9.29855751535887,11.723435099909342,10.492673634463673,10.248536248341418,9.807834,9.930838362149544,9.194899687256315,7.596913186015245,10.3466532233219
2026-05-15,ITA US 01/15/27 C235 Equity,2026-05-22,15.45,12.5,11.591272394626015,12.5,11.591272394626015,13.41661220792853,12.454945495105049,12.338025530939039,11.760217,12.493119647992593,11.596116808317204,10.989204117566475,12.472656442784793
2026-05-15,ITA US 10/16/26 C250 Equity,2026-05-22,6.15,3.7,3.3195324665281785,3.7,3.3195324665281785,4.222475565589479,3.210795248334403,4.714317831307931,3.5673695,4.598883622724916,3.86254201739429,2.9917083955695913,3.8037767393410693
2026-05-15,ITA US 10/16/26 C235 Equity,2026-05-22,10.4,7.6,6.886368631769949,7.6,6.886368631769949,7.472283445048874,6.888956542019954,8.278613723475443,7.053545,7.378631573092495,8.037342050633427,4.65274245405246,7.4730826509329775
2026-05-15,ITA US 01/15/27 C245 Equity,2026-05-22,11.6,9.399999999999999,8.57025632763832,9.399999999999999,8.57025632763832,10.434627624457537,9.495932357588767,9.837645780888563,8.816883,8.79971830589055,8.404027524633989,7.3037932032609385,9.468008456400348
2026-05-15,ITA US 12/18/26 C235 Equity,2026-05-22,14.1,11.75,10.652456466017474,11.75,10.652456466017474,12.384952719955812,11.461568370057977,11.690290447625816,11.184402,11.002422441458744,10.830777730336907,8.763408789931969,11.730229989768421
2026-05-15,ITA US 01/15/27 C240 Equity,2026-05-22,13.35,10.85,9.987976201188076,10.85,9.987976201188076,12.064010915721141,10.917578374814664,10.561326324567144,10.130982,10.245540957660753,10.24833186844433,8.576709485853478,10.866038734952646
2026-05-15,ITA US 12/18/26 C250 Equity,2026-05-22,8.9,6.6,5.924815724421256,6.6,5.924815724421256,6.727886752351004,6.104543484362086,8.485172257268603,6.6980567,7.028799093474552,6.618266825170533,4.819735898745453,6.6438187327773015
2026-05-15,ITA US 10/16/26 C255 Equity,2026-05-22,4.65,3.0,2.4096946712766796,3.0,2.4096946712766796,2.7555853147629605,2.1826869243474807,4.0988832819350876,3.0353954,3.682180208914375,3.0955823467915806,1.3230115024684803,3.176332522606871
2026-05-15,ITA US 01/15/27 C250 Equity,2026-05-22,10.05,8.2,7.550483567980329,8.2,7.550483567980329,9.46265556774836,8.47746808214481,8.814516114176675,7.73569,7.186194893042368,7.266926109535443,5.620879586373071,8.337848951530752
2026-05-15,ITA US 07/17/26 C250 Equity,2026-05-22,1.5499999999999998,0.875,0.7799906302561044,0.875,0.7799906302561044,1.0050456309991986,-0.39197886547025007,2.0892558164821002,1.3903283,1.3815860540572855,1.9104871995964121,2.1752023609617837,0.986965618526165
2026-05-15,ITA US 12/18/26 C230 Equity,2026-05-22,16.2,13.4,12.349256167678531,13.4,12.349256167678531,13.678559743939509,13.01918181307617,13.03425763472654,13.038235,13.686759093390204,12.660484217104472,11.584445426172287,13.331027757438791
2026-05-15,ITA US 07/17/26 C230 Equity,2026-05-22,6.050000000000001,3.95,3.4743850806906607,3.95,3.4743850806906607,3.4915215006852236,3.2767614986729257,4.780925157985989,3.7763512,4.285979919303939,4.805184251655193,5.37220866443509,3.7467444560156586
2026-05-15,ITA US 01/15/27 C230 Equity,2026-05-22,17.55,14.35,13.399171154496765,14.35,13.399171154496765,14.969247636692263,14.09412859199732,13.707881075311741,13.384491,13.830676554700226,13.544206624859067,12.437359002281637,14.260119409420273
2026-05-15,ITA US 12/18/26 C245 Equity,2026-05-22,10.4,8.15,7.463169382299069,8.15,7.463169382299069,8.997417952184387,8.18051498429997,8.909658471303741,7.9225235,7.590031228939971,7.361641778749572,5.5428787694471415,8.222104890632389
2026-05-15,ITA US 10/16/26 C230 Equity,2026-05-22,12.8,9.149999999999999,8.575981955070326,9.149999999999999,8.575981955070326,8.700363737975602,8.30078129745663,9.767735378531691,9.202764,8.732707995164922,9.670862283935037,6.781747057035584,8.962239417758727
2026-05-15,ITA US 10/16/26 C245 Equity,2026-05-22,7.35,4.65,4.101240116161079,4.65,4.101240116161079,4.427724812143548,3.8582746110748385,5.208853553120481,3.9950325,5.2853935669484855,4.189760408791457,2.819761929860063,4.643247265371536
2026-05-18,ITA US 10/16/26 C245 Equity,2026-05-26,8.8,6.0,5.681774255490202,6.0,5.681774255490202,6.873411956355781,7.828771079522082,6.569516749494395,5.910428,6.206873217769517,7.910721814666658,4.9355943136238665,7.278107615988779
2026-05-18,ITA US 12/18/26 C235 Equity,2026-05-26,16.35,12.05,11.213666107657119,12.05,11.213666107657119,13.918049345446033,14.276345555132954,15.207952405134876,13.261278,14.719098436912601,14.407181541185109,11.537406913945334,13.354202742633783
2026-05-18,ITA US 10/16/26 C230 Equity,2026-05-26,15.0,10.2,9.78930759490072,10.2,9.78930759490072,11.11893088111551,12.040393061163948,13.859879787830769,11.629546,12.692458873594305,12.881584808049116,9.84655042305985,11.369949393582015
2026-05-18,ITA US 07/17/26 C230 Equity,2026-05-26,8.2,4.85,4.437649578301565,4.85,4.437649578301565,5.370218044963153,6.739990559232702,5.641728942365376,5.234255,5.83162671899735,6.414411541345849,7.267483716546496,5.927687907732224
2026-05-18,ITA US 10/16/26 C240 Equity,2026-05-26,10.55,6.75,6.404584386713706,6.75,6.404584386713706,7.709115198690683,8.86570957201436,10.239710754499379,7.394793,8.795651493200259,8.252921867438832,5.342951970188729,8.025824613729114
2026-05-18,ITA US 12/18/26 C250 Equity,2026-05-26,10.75,7.3,6.603780702742349,7.3,6.603780702742349,9.11701052025124,9.804838544424465,10.678745779582046,7.6722627,8.986879375175128,8.900299699350844,8.092671089506789,8.703729953418577
2026-05-18,ITA US 07/17/26 C250 Equity,2026-05-26,3.0999999999999996,1.625,1.3412165560504827,1.625,1.3412165560504827,3.955333061377461,4.838389563660348,2.075396018160602,2.008205,1.9917282631071063,3.6353361165542886,4.6086373771902815,3.1603581810955346
2026-05-18,ITA US 10/16/26 C250 Equity,2026-05-26,7.25,4.65,4.357986676213217,4.65,4.357986676213217,5.543847809569003,6.652442544618547,5.509611994167794,3.9355276,5.258413502758721,5.235050409551761,5.060274396490482,5.983780392661333
2026-05-18,ITA US 01/15/27 C230 Equity,2026-05-26,20.1,15.0,14.461728544068201,15.0,14.461728544068201,16.724761804258733,17.04308708455092,17.756611939436546,15.612103,17.122885003982372,17.38583189347977,15.050989148365131,16.22280132111397
2026-05-18,ITA US 10/16/26 C235 Equity,2026-05-26,12.65,8.399999999999999,8.086952977439319,8.399999999999999,8.086952977439319,9.44283443272012,10.334247812071236,11.998237068176124,8.776761,9.240084304646162,10.151176167343344,6.651265612931989,9.607705835168437
2026-05-18,ITA US 12/18/26 C230 Equity,2026-05-26,18.3,14.05,13.307258454079378,14.05,13.307258454079378,15.515308319910773,16.003087479040175,16.492472402431098,15.072397,16.882200878947888,16.493499091508664,13.931334161292902,15.301025750722886
2026-05-18,ITA US 01/15/27 C240 Equity,2026-05-26,15.65,11.4,10.84763544905241,11.4,10.84763544905241,13.84292736738421,14.07004142707484,14.936966564910783,12.192262,13.98724180749376,13.36113964970157,11.349119385166054,12.742586429115986
2026-05-18,ITA US 10/16/26 C255 Equity,2026-05-26,6.05,3.5250000000000004,3.27257125511128,3.5250000000000004,3.27257125511128,3.6281167524637734,5.416489898594481,4.784723824472378,3.1005971,4.020255676201182,4.215663762927155,2.528831339579735,4.923034499896163
2026-05-18,ITA US 01/15/27 C235 Equity,2026-05-26,17.55,13.15,12.318016986068848,13.15,12.318016986068848,14.957799573818146,15.220391002697776,16.126345464171212,13.894535,16.476124333709798,15.172139810084868,13.198267492881564,14.413283872608176
2026-05-18,ITA US 01/15/27 C245 Equity,2026-05-26,13.35,9.75,9.198783882701605,9.75,9.198783882701605,12.229406739875625,12.719464152366584,13.54678462693518,10.908935,11.73365803193093,11.940225275387036,9.82415038005036,11.182233858310369
2026-05-18,ITA US 12/18/26 C245 Equity,2026-05-26,11.899999999999999,8.7,8.035188052413217,8.7,8.035188052413217,10.841015468673183,11.29193313424232,12.367183609626476,9.86485,10.628180748897455,10.814352322892043,8.037288483597345,10.09266460453302
2026-05-18,ITA US 01/15/27 C250 Equity,2026-05-26,11.8,8.6,8.037499214823448,8.6,8.037499214823448,11.313649439836423,11.607587196183186,12.224461251343369,9.128827,9.597714542426267,9.985484835421463,8.109757893175097,10.085030273728195
2026-05-18,ITA US 12/18/26 C240 Equity,2026-05-26,13.8,10.399999999999999,9.859896315487756,10.399999999999999,9.859896315487756,12.844531485708409,13.087453199340624,13.794314485078914,11.653529,13.08495333535244,11.589232320131035,10.433798626158344,11.759889308304174
2026-05-19,ITA US 07/17/26 C250 Equity,2026-05-27,2.5250000000000004,1.6749999999999998,1.359085012031939,1.6749999999999998,1.359085012031939,5.53773222418248,4.528596554241542,2.055303087399029,1.7297267,1.5331492532954194,1.4651226050947397,1.3526144885187907,3.0060539548429723
2026-05-19,ITA US 12/18/26 C230 Equity,2026-05-27,19.35,13.2,12.250082115442844,13.2,12.250082115442844,14.371621301004193,14.158866586129442,14.598894258311786,14.1459675,14.36050241707256,14.511497389222384,11.218540739651337,14.049943444586042
2026-05-19,ITA US 12/18/26 C240 Equity,2026-05-27,14.45,9.8,8.968040502266552,9.8,8.968040502266552,11.67041095398334,11.227837427697612,10.93332731839808,10.808418,10.198853587130342,10.194868999190131,6.899703802034201,10.780992146262866
2026-05-19,ITA US 10/16/26 C235 Equity,2026-05-27,13.05,7.800000000000001,7.224152431916555,7.800000000000001,7.224152431916555,8.909880159765622,8.845198352738855,9.195242973199724,8.473724,8.029555107185212,8.319156370564286,4.027566977213278,8.65348196724669
2026-05-19,ITA US 12/18/26 C235 Equity,2026-05-27,16.8,11.1,10.158148292195026,11.1,10.158148292195026,12.551227619328756,12.402965204263328,12.558558524955723,12.382699,12.195675519327906,12.386813983162455,8.099849263966853,12.009786777756755
2026-05-19,ITA US 12/18/26 C250 Equity,2026-05-27,10.649999999999999,6.9,6.19668395041014,6.9,6.19668395041014,8.088761731947862,8.187810592670083,8.779450417420163,7.4714446,7.245807601256725,7.587219206136347,4.302675813618007,7.93962304462374
2026-05-19,ITA US 12/18/26 C245 Equity,2026-05-27,12.75,8.3,7.532826280985781,8.3,7.532826280985781,9.979057515051668,9.731646754908045,9.358532411072861,8.538246,8.205891365890176,8.791601476014986,4.534525185826803,9.3106041937851
2026-05-19,ITA US 10/16/26 C245 Equity,2026-05-27,9.45,5.75,5.334923461606892,5.75,5.334923461606892,7.714960710477662,7.106827617478477,6.082153486358118,5.457402,5.862612480724507,6.681298981349524,3.243023952279002,6.747694682910307
2026-05-19,ITA US 07/17/26 C230 Equity,2026-05-27,9.149999999999999,4.65,4.270891111726209,4.65,4.270891111726209,6.339578104273131,6.369006917845966,5.49312122393072,5.1624546,5.3127960615039225,5.430478953171091,6.600356745289829,5.485041417127246
2026-05-19,ITA US 01/15/27 C230 Equity,2026-05-27,20.549999999999997,14.4,13.713449706658249,14.4,13.713449706658249,16.024878714400174,15.526643225262287,15.756669751653748,14.959891,14.679073947665259,15.687462762851254,12.224305306571088,15.228304599388757
2026-05-19,ITA US 01/15/27 C240 Equity,2026-05-27,15.549999999999999,10.75,9.968128308077151,10.75,9.968128308077151,12.782430645032527,12.294042303394582,11.420933703962124,11.438958,10.806696591780193,11.764317032909819,7.801784385632214,11.699506218791656
2026-05-19,ITA US 01/15/27 C250 Equity,2026-05-27,12.15,7.65,7.5563462661429766,7.65,7.5563462661429766,10.12287186803961,9.923735995135079,8.733466205551718,7.692307,7.870476580479053,8.478770863493391,4.624119745896196,8.752235773034087
2026-05-19,ITA US 10/16/26 C230 Equity,2026-05-27,16.05,9.75,9.119861275503807,9.75,9.119861275503807,10.244205338895625,10.44825799384736,11.040025993098629,10.716134,10.09894861172717,10.72064183598268,6.764995859467926,10.537610521356587
2026-05-19,ITA US 10/16/26 C255 Equity,2026-05-27,6.6,3.75,3.339809022237667,3.75,3.339809022237667,4.196326922361665,4.327183912878745,4.732274180088861,3.3555913,3.664328035529586,2.959404126633439,1.3802365171763864,4.773539998019228
2026-05-19,ITA US 01/15/27 C245 Equity,2026-05-27,13.75,9.4,8.64366199554402,9.4,8.64366199554402,11.59266773367371,11.301052867279946,10.70156978672794,10.1666765,9.314549407896461,10.088859155967395,6.670042738591374,10.436818495456139
2026-05-19,ITA US 01/15/27 C235 Equity,2026-05-27,18.1,12.55,11.71919972364103,12.55,11.71919972364103,14.282686414202459,13.92041346423418,14.058831955617604,13.273891,13.073647031209937,13.043517645197904,11.064882958646722,13.456342775953676
2026-05-19,ITA US 10/16/26 C250 Equity,2026-05-27,8.5,5.0,4.553507186991861,5.0,4.553507186991861,6.795689315630561,6.522370104456376,5.776691021082402,5.1810384,4.68442974008292,5.459208938410418,3.484909736576808,6.054017823891966
2026-05-19,ITA US 10/16/26 C240 Equity,2026-05-27,11.100000000000001,6.300000000000001,5.776159893690308,6.300000000000001,5.776159893690308,7.117862090830165,7.228071597615523,6.579545446339523,6.509145,6.281751753217655,7.567962089441833,3.2306553233549957,7.1957525494735295
2026-05-20,ITA US 10/16/26 C235 Equity,2026-05-28,15.399999999999999,9.399999999999999,9.446898561779493,9.399999999999999,9.446898561779493,11.264728546975446,11.490893012766314,12.608201961951917,11.005417,11.073663849871142,11.669069764034969,5.314707956038679,10.857691924843062
2026-05-20,ITA US 10/16/26 C250 Equity,2026-05-28,9.25,5.25,5.166139780445243,5.25,5.166139780445243,8.210530323549284,8.214386154495035,6.335134652439874,5.9860334,7.127847061786089,7.017824114750046,4.151859677028936,6.998992165675547
2026-05-20,ITA US 10/16/26 C230 Equity,2026-05-28,18.25,11.0,11.161480935441288,11.0,11.161480935441288,12.64733291138114,13.12671177583137,14.166637186717438,12.762727,13.888338984640315,14.430470229940413,7.866505473885003,12.427663510158036
2026-05-20,ITA US 01/15/27 C230 Equity,2026-05-28,23.15,16.4,16.152645980713906,16.4,16.152645980713906,18.91171826066574,18.356144549110198,19.14789031876403,16.990213,18.13717747678664,19.764623634374807,14.527492204947103,17.817588019637295
2026-05-20,ITA US 12/18/26 C250 Equity,2026-05-28,12.2,7.9,7.6513753374489974,7.9,7.6513753374489974,10.541937466133096,10.570998415902327,10.488646780005853,8.924599,10.061671747998973,9.46562051776575,5.30913706280919,9.550842924218639
2026-05-20,ITA US 12/18/26 C245 Equity,2026-05-28,14.3,9.4,9.059530343871339,9.4,9.059530343871339,12.326430920283515,12.176785800635963,12.490469846832006,11.216311,12.339898475882476,12.078693722200978,5.745558612431014,11.0365578751724
2026-05-20,ITA US 01/15/27 C245 Equity,2026-05-28,15.6,10.35,9.82752254376654,10.35,9.82752254376654,12.989440714803992,12.928024441142064,12.867920615059045,11.79052,13.453858242369927,12.879784667307653,6.893311384943863,11.954159487025066
2026-05-20,ITA US 12/18/26 C235 Equity,2026-05-28,19.5,13.0,12.770328259371745,13.0,12.770328259371745,15.192940292466815,15.103384876049061,15.776617665821124,14.447633,16.777244610298734,15.779857908366035,9.486326421703067,14.4938687715975
2026-05-20,ITA US 01/15/27 C240 Equity,2026-05-28,17.95,12.35,12.073457707621467,12.35,12.073457707621467,15.045355810998673,14.548137334751793,15.103208984783782,13.663801,15.56815559168149,15.06316506186911,8.749672669203362,13.8612196341861
2026-05-20,ITA US 07/17/26 C230 Equity,2026-05-28,11.85,5.9,5.8027592355230615,5.9,5.8027592355230615,9.000058070294994,8.792892330967577,6.239106387654892,6.611485,6.095460626856773,8.720432272730573,8.010518753775104,7.327241247064122
2026-05-20,ITA US 10/16/26 C245 Equity,2026-05-28,11.1,6.4,6.4067645346580795,6.4,6.4067645346580795,9.549913498085232,9.307484558289508,7.827398583351141,7.3346424,7.715355136148956,8.932804648138479,4.7725987590386785,8.03978474422771
2026-05-20,ITA US 01/15/27 C250 Equity,2026-05-28,13.7,9.15,8.79154555870778,9.15,8.79154555870778,12.50680538868447,12.010177353185608,12.230191793138273,10.909468,11.6529266879383,11.181608367206552,5.8019727673694925,10.824873648857995
2026-05-20,ITA US 12/18/26 C240 Equity,2026-05-28,16.6,11.1,10.566572293249669,11.1,10.566572293249669,13.757947204458683,13.565010864872624,14.1953014404924,12.922166,14.975021563987255,14.206140181119606,7.811691629168508,12.6810056544863
2026-05-20,ITA US 10/16/26 C240 Equity,2026-05-28,13.1,7.5,7.551610760768355,7.5,7.551610760768355,9.596431182336435,9.93529553157671,9.38436497625037,7.7751274,8.028771848726246,9.741541878992951,4.451039874029391,9.028152033199733
2026-05-20,ITA US 01/15/27 C235 Equity,2026-05-28,20.25,14.05,13.433827703069051,14.05,13.433827703069051,16.27043898148553,16.003812357855026,16.09613081463397,14.836691,16.70374790400999,16.83587608664714,11.728704662602516,15.529193243432735
2026-05-20,ITA US 07/17/26 C250 Equity,2026-05-28,3.55,1.875,1.6810044225687746,1.875,1.6810044225687746,7.380654348870209,6.336818785485983,2.233037975895701,2.7975352,2.661852221310226,3.8537490894464845,1.9275808207660572,3.8605550531051778
2026-05-20,ITA US 10/16/26 C255 Equity,2026-05-28,7.75,4.35,4.072355624217231,4.35,4.072355624217231,7.117455540644876,7.110056943015524,5.033868954141903,3.9013934,4.925245571140015,5.801208942508447,3.331638521123428,6.109006816593931
2026-05-20,ITA US 12/18/26 C230 Equity,2026-05-28,21.85,15.35,15.167508096569184,15.35,15.167508096569184,17.498185602379476,17.334770180731915,17.97216167804309,16.355536,18.754328494532057,18.387001006164834,13.403621733787302,16.83513967004002
2026-05-21,ITA US 01/15/27 C245 Equity,2026-05-29,15.6,10.350000000000001,9.741286005876999,10.350000000000001,9.741286005876999,13.06009404088308,11.788048851681019,11.055752770896905,10.42351,9.880271022195979,10.494118550584869,6.805774273507813,11.268599374263893
2026-05-21,ITA US 01/15/27 C230 Equity,2026-05-29,22.9,16.2,15.526159743817132,16.2,15.526159743817132,18.258564584516957,16.88804483445223,18.931134693179995,16.741343,16.52504746252033,16.81380613300411,13.291956278002466,16.9824806204828
2026-05-21,ITA US 10/16/26 C250 Equity,2026-05-29,9.0,5.35,4.977543194457596,5.35,4.977543194457596,7.972127571109584,6.8240298909447805,6.060811144292109,4.9294744,5.137563366032309,5.183751375198879,2.5346220444357006,6.383600801998832
2026-05-21,ITA US 01/15/27 C235 Equity,2026-05-29,20.35,14.05,13.369625005364728,14.05,13.369625005364728,16.229302985159862,14.8946172276876,15.315138503435838,13.617854,13.551045012450002,14.146598330394355,11.808095106670065,14.84582677306688
2026-05-21,ITA US 10/16/26 C255 Equity,2026-05-29,7.7,4.325,4.097031383774781,4.325,4.097031383774781,6.910376128821838,5.938947534735408,4.7459588942962,3.2701623,3.7474453224423296,3.6421138832497615,1.7280309772516598,5.421618314355852
2026-05-21,ITA US 01/15/27 C240 Equity,2026-05-29,17.95,12.05,11.408955183135122,12.05,11.408955183135122,15.21973444973299,13.552928817896536,13.056310497765855,12.526673,11.748789798230595,13.229662481752499,9.01013410797213,12.952329671262081
2026-05-21,ITA US 12/18/26 C235 Equity,2026-05-29,19.0,12.8,12.292493852100437,12.8,12.292493852100437,15.405044693466806,13.953236393918912,14.584754828577562,13.250035,13.277815478062012,13.397413861324585,9.160005924425148,13.654480564718298
2026-05-21,ITA US 10/16/26 C240 Equity,2026-05-29,12.6,7.8,7.5722225762963005,7.8,7.5722225762963005,9.94731239729491,8.69922704353819,9.093336402809568,7.7698846,7.486969162769247,8.017373435606999,4.027450149002771,8.629023864879798
2026-05-21,ITA US 12/18/26 C245 Equity,2026-05-29,14.2,9.3,8.739265137819514,9.3,8.739265137819514,12.151914969358991,10.859079312550069,10.654881066844359,10.313269,9.61166366051045,10.143675123111436,4.8790608452074125,10.264547177783982
2026-05-21,ITA US 07/17/26 C230 Equity,2026-05-29,11.45,5.7,5.2269443671304305,5.7,5.2269443671304305,8.310422607294566,7.188192716667431,6.085642999378626,5.9342084,5.0181652866475055,7.182544807361643,8.41065570165024,6.458531075244605
2026-05-21,ITA US 10/16/26 C245 Equity,2026-05-29,10.65,6.25,6.02597306082413,6.25,6.02597306082413,9.295817622766979,8.151783632698885,6.397195864985728,5.6434073,5.617325215425813,6.844506917802616,3.8288820022865675,7.234674899826604
2026-05-21,ITA US 07/17/26 C250 Equity,2026-05-29,3.2,1.75,1.4371564913207964,1.75,1.4371564913207964,5.983217866144145,3.7971267107662268,2.137076316562102,1.9057065,2.1420688206265153,2.2199877309082954,2.025307037793388,2.88535861853343
2026-05-21,ITA US 10/16/26 C230 Equity,2026-05-29,17.9,11.0,10.804572336154438,11.0,10.804572336154438,12.224368833216408,11.669249775909272,12.62717439891086,11.60881,11.042373014036992,12.16335013986854,7.134166921164238,11.753200330644619
2026-05-21,ITA US 01/15/27 C250 Equity,2026-05-29,13.85,9.2,8.598422596166241,9.2,8.598422596166241,12.412795849088878,10.794400084341078,10.529389678044586,9.6290045,8.68845142376852,9.619744977291266,4.787990365470329,10.18523276644742
2026-05-21,ITA US 12/18/26 C250 Equity,2026-05-29,12.1,7.85,7.227455289528625,7.85,7.227455289528625,10.827129387257962,9.607671200501695,9.146230071079652,7.749219,7.158016356082611,7.48417269169033,4.882345898231744,8.87004711625772
2026-05-21,ITA US 12/18/26 C230 Equity,2026-05-29,21.7,15.15,14.645621082954948,15.15,14.645621082954948,17.48783633821597,16.167567941609622,17.264871108363206,15.533645,15.541221441989654,15.511980074132914,13.488468388078172,15.997832995622161
2026-05-21,ITA US 10/16/26 C235 Equity,2026-05-29,15.25,9.5,9.18154521970042,9.5,9.18154521970042,11.878807196422198,10.666211925810192,10.747309150143538,10.006121,9.221815640481912,10.447763862870474,4.906496225041181,10.345106304848231
2026-05-21,ITA US 12/18/26 C240 Equity,2026-05-29,16.450000000000003,10.95,10.353416523597962,10.95,10.353416523597962,13.404023503642271,12.180556257353278,11.960454362621306,11.303724,10.620256132727306,11.51044572002889,7.407363508756776,11.83798833407934
2026-05-22,ITA US 12/18/26 C230 Equity,2026-06-01,19.15,16.2,15.564767247269828,16.2,15.564767247269828,16.480356869479007,16.265481773835408,18.995793782465263,16.770782,16.644445300081173,18.775437578993557,13.394114368317572,16.715661496767417
2026-05-22,ITA US 12/18/26 C245 Equity,2026-06-01,12.3,10.4,9.788211847845865,10.4,9.788211847845865,11.571552908694933,11.16147556866795,12.833404039994033,11.230434,11.374525391708458,10.986198818017755,5.067160733436036,11.052055553494448
2026-05-22,ITA US 01/15/27 C230 Equity,2026-06-01,20.5,17.55,16.928218309611427,17.55,16.928218309611427,17.778908462909946,17.391337347623054,19.39485700496641,17.898733,17.521215423189304,19.632610222827207,14.899304003920097,18.025230206067558
2026-05-22,ITA US 01/15/27 C240 Equity,2026-06-01,15.75,13.35,12.727157333618875,13.35,12.727157333618875,14.3512297245914,13.801020315087653,15.45963933204415,13.423191,14.429915590331866,13.843318408044727,8.692924520298806,13.921178596565511
2026-05-22,ITA US 10/16/26 C230 Equity,2026-06-01,15.6,12.8,12.451890072045627,12.8,12.451890072045627,12.483165674376794,12.6975022036619,15.333586578335531,13.506337,13.249081378443055,13.828739294632507,8.183351910755812,13.268414289146788
2026-05-22,ITA US 07/17/26 C230 Equity,2026-06-01,8.85,6.050000000000001,5.614744701223658,6.050000000000001,5.614744701223658,5.516101754375795,6.144540506730075,6.38132580177072,6.7183695,6.0841972630213625,7.709390120093152,6.640822113727791,6.400140036235436
2026-05-22,ITA US 01/15/27 C235 Equity,2026-06-01,17.950000000000003,15.45,14.826415860872318,15.45,14.826415860872318,16.376546443562013,15.807445647523567,17.62728725413994,14.999955,16.159255117233737,17.11692910380906,12.364595796856756,15.97360017650486
2026-05-22,ITA US 07/17/26 C250 Equity,2026-06-01,2.325,1.5499999999999998,1.2542070747514977,1.5499999999999998,1.2542070747514977,3.496010123270043,2.5972576206182083,2.120224381613839,2.442518,2.493194809639273,3.0978330919631265,2.4033150172903346,2.297362794346486
2026-05-22,ITA US 12/18/26 C240 Equity,2026-06-01,13.8,12.05,11.431889048881239,12.05,11.431889048881239,13.080781883914458,12.648240316479386,14.281511393147252,12.5442505,12.466915461237063,12.872703093688013,7.193579345843889,12.631085472336096
2026-05-22,ITA US 10/16/26 C245 Equity,2026-06-01,9.1,7.35,7.00770549819601,7.35,7.00770549819601,8.104093313664508,8.197614746598969,9.191689852942869,7.3148174,7.21691525499163,7.85189951817668,3.1999755250225976,8.026711065974279
2026-05-22,ITA US 10/16/26 C240 Equity,2026-06-01,10.8,8.55,8.220288712924114,8.55,8.220288712924114,9.661723726693495,9.322283379616216,10.85821184033909,8.726833,9.261088615610165,8.990855076191691,4.077172537880631,9.149023672191046
2026-05-22,ITA US 10/16/26 C250 Equity,2026-06-01,7.35,6.15,5.922797497709062,6.15,5.922797497709062,7.32459470916565,6.991166869053188,6.295936663801438,6.020051,5.839140395068231,7.1687808598684795,2.2961802529635844,6.814163571266886
2026-05-22,ITA US 01/15/27 C250 Equity,2026-06-01,11.600000000000001,10.05,9.426039003566574,10.05,9.426039003566574,12.031296307810276,11.28170432310296,12.707726396363773,10.496699,10.539930687435811,10.453725889621504,5.190498398607133,10.722493365862572
2026-05-22,ITA US 12/18/26 C250 Equity,2026-06-01,10.850000000000001,8.9,8.484746433207887,8.9,8.484746433207887,10.239574939161951,10.021893240866959,11.770839239938349,10.21843,9.795415510978705,9.45805277405313,5.890194749436499,9.552292402850776
2026-05-22,ITA US 10/16/26 C255 Equity,2026-06-01,6.5,4.65,4.347334182981122,4.65,4.347334182981122,5.6715257341851055,5.5705627264757,5.191800445345349,3.8993626,5.01604000874988,4.2818504457510524,1.2969245536385456,5.405953361300382
2026-05-22,ITA US 12/18/26 C235 Equity,2026-06-01,16.35,14.1,13.469066975639496,14.1,13.469066975639496,14.82977642275656,14.351859164614106,16.302325236576944,14.50666,15.07959930614027,15.271613335614104,9.468272597494419,14.648224033274573
2026-05-22,ITA US 10/16/26 C235 Equity,2026-06-01,12.850000000000001,10.4,10.068239994380633,10.4,10.068239994380633,10.90284346925936,10.856107558539618,12.88934036193224,11.031093,10.717609732524638,11.359467162657225,5.256087943682832,10.93934284000246
2026-05-22,ITA US 01/15/27 C245 Equity,2026-06-01,13.85,11.6,10.965286893373396,11.6,10.965286893373396,12.929355090863432,12.41064575392263,14.063892888559298,11.756862,11.884138737916796,11.98104850123755,6.765085111230707,12.230768587194593
2026-05-26,ITA US 07/17/26 C250 Equity,2026-06-02,1.95,3.0999999999999996,1.8605067443992638,3.0999999999999996,1.8605067443992638,5.932518610222711,4.737617784769913,3.7367994013197547,3.5218296,3.8458146832797757,4.218182295957517,6.536421376025037,3.7121150053877554
2026-05-26,ITA US 10/16/26 C250 Equity,2026-06-02,6.95,7.25,6.818679176536912,7.25,6.818679176536912,10.42772018736633,8.81741820671714,8.407171480431728,7.412137,7.290388223958709,8.155235580782387,4.319670842368597,7.918194904053077
2026-05-26,ITA US 10/16/26 C235 Equity,2026-06-02,12.0,12.65,12.39039694878289,12.65,12.39039694878289,14.405529397812803,13.14730842524127,13.12996505061889,13.682053,14.568811919964164,13.427539428272128,7.416988153093912,13.092097169414933
2026-05-26,ITA US 07/17/26 C230 Equity,2026-06-02,7.5,8.2,7.763090228359375,8.2,7.763090228359375,9.05787662270414,8.77480957941738,9.311195770261481,9.772014,8.96548271833868,9.58782017224505,9.012990752412243,8.443181521871004
2026-05-26,ITA US 12/18/26 C230 Equity,2026-06-02,17.95,18.3,17.85218164341032,18.3,17.85218164341032,19.10615504051803,17.99552107567722,18.228772976849136,18.130526,19.2209341078811,20.813463303932913,14.27187760926079,18.666685222790797
2026-05-26,ITA US 12/18/26 C235 Equity,2026-06-02,15.7,16.35,15.494571954357463,16.35,15.494571954357463,17.94140960137882,16.36738515710052,17.139866951679377,16.323257,18.199206262405806,18.60867103316685,11.402808068285282,16.79764226773796
2026-05-26,ITA US 12/18/26 C240 Equity,2026-06-02,13.95,13.8,13.255059626198955,13.8,13.255059626198955,15.838430304378491,14.436974485420611,13.567229462249959,13.819068,16.160749932904118,14.831569731017744,8.60856003149012,14.311449181918903
2026-05-26,ITA US 12/18/26 C245 Equity,2026-06-02,11.75,11.899999999999999,12.129101922556666,11.899999999999999,12.129101922556666,15.091714144857043,13.496868571192252,12.078547861585246,12.759148,14.748270257992159,13.137114449079553,6.810065343347713,12.51172149358639
2026-05-26,ITA US 10/16/26 C230 Equity,2026-06-02,14.5,15.0,14.765554054036716,15.0,14.765554054036716,16.154709464169848,15.096256098174113,15.55672264997172,15.103994,17.65556532301337,15.882596763865198,10.377410772214066,15.400295245891794
2026-05-26,ITA US 01/15/27 C250 Equity,2026-06-02,11.35,11.8,11.221786255582908,11.8,11.221786255582908,14.825341975746586,13.045383671567508,12.00816405154958,12.509437,14.26106838785618,12.631712386559268,5.933565391152024,12.425744023126743
2026-05-26,ITA US 10/16/26 C240 Equity,2026-06-02,10.4,10.55,10.08322315947814,10.55,10.08322315947814,12.536623486496058,11.263758993003286,10.791280164762563,11.33497,12.020159715552117,11.90179439844546,5.664669352318398,11.051025441722977
2026-05-26,ITA US 01/15/27 C245 Equity,2026-06-02,13.3,13.35,12.753483271103928,13.35,12.753483271103928,15.946645982023561,14.157395447333233,13.395199841253794,13.129233,15.514410014045772,13.756882489503035,7.8459494459000405,13.889071510916224
2026-05-26,ITA US 01/15/27 C240 Equity,2026-06-02,15.15,15.65,14.711943700295873,15.65,14.711943700295873,17.783106771196593,15.734114463033821,16.088115179152553,15.0514145,16.704431904669015,16.466024841411137,10.244851332785286,16.08149245808524
2026-05-26,ITA US 01/15/27 C230 Equity,2026-06-02,19.35,20.1,19.52704559037769,20.1,19.52704559037769,21.393747177991223,19.80787091903401,19.272290644546178,19.392382,20.69738236816553,22.374615449983775,16.668193408275524,20.466733588424148
2026-05-26,ITA US 12/18/26 C250 Equity,2026-06-02,9.8,10.75,10.283123934346618,10.75,10.283123934346618,13.64930212616617,11.874067275190315,10.887558051739665,11.831673,13.239243679487991,11.908851693404785,7.743828432464672,11.344297506930756
2026-05-26,ITA US 01/15/27 C235 Equity,2026-06-02,17.15,17.55,16.8138218391874,17.55,16.8138218391874,19.18781722669251,17.636957334065585,17.559325059508723,17.070337,18.530981789528216,19.607137670788838,13.412235324722227,17.990235367128424
2026-05-26,ITA US 10/16/26 C245 Equity,2026-06-02,8.6,8.8,8.27498805076095,8.8,8.27498805076095,11.297278382519902,9.933835604093296,9.944381722588798,10.087104,10.754972979667174,10.18191980221247,4.375809501512246,9.393423573694104
2026-05-26,ITA US 10/16/26 C255 Equity,2026-06-02,6.35,6.05,5.567479245247985,6.05,5.567479245247985,8.721116628532805,7.46079537970654,6.0929356877756735,5.8764,5.354764477874323,7.4870010412249695,2.5735194985076406,6.738610549853707
2026-05-27,ITA US 10/16/26 C245 Equity,2026-06-03,7.550000000000001,9.45,9.096469979267182,9.45,9.096469979267182,10.589965637550346,9.49288327476313,8.089601323737941,8.081086,7.426937936862906,8.835896656915677,2.9639208752923256,9.279614898348166
2026-05-27,ITA US 01/15/27 C245 Equity,2026-06-03,11.8,13.75,13.18485862224509,13.75,13.18485862224509,15.122177532893776,13.59895483017379,10.315307687998677,10.588652,10.512825708019529,11.179695537778795,6.826043885240817,13.547877784502791
2026-05-27,ITA US 07/17/26 C230 Equity,2026-06-03,6.45,9.149999999999999,8.726608262651473,9.149999999999999,8.726608262651473,9.181706076680793,8.625373674217403,7.517396216643839,8.881189,8.488151718640282,8.248055191107287,8.508462084310025,8.668721963560088
2026-05-27,ITA US 12/18/26 C230 Equity,2026-06-03,16.6,19.35,18.86057354742827,19.35,18.86057354742827,19.294243751387572,17.831377969452255,16.573550036718974,16.846842,17.505802264071633,18.40278786430472,13.783344957758676,18.946506767365033
2026-05-27,ITA US 12/18/26 C240 Equity,2026-06-03,12.3,14.45,13.978117776637767,14.45,13.978117776637767,15.03708334866343,13.845911614392126,10.502264913638848,11.429819,11.117427570214195,12.443153069474905,7.358213309043896,14.187439828390358
2026-05-27,ITA US 10/16/26 C240 Equity,2026-06-03,9.2,11.100000000000001,10.752928537537857,11.100000000000001,10.752928537537857,11.816568712159583,10.787104413198405,8.716852315960772,9.056756,7.757722010824387,10.1435503840247,4.306670012764223,10.854221612086878
2026-05-27,ITA US 07/17/26 C250 Equity,2026-06-03,1.5,2.5250000000000004,2.1669600781137017,2.5250000000000004,2.1669600781137017,3.8970774627203255,3.11304205699912,2.396338319947398,2.7539625,2.5385545983148843,3.245776656656341,2.5648396655191568,2.341162212437627
2026-05-27,ITA US 10/16/26 C255 Equity,2026-06-03,5.25,6.6,6.261256034022639,6.6,6.261256034022639,8.27878588498414,7.069572490794742,6.356478064741821,5.558462,4.9109898222373864,6.307522075210544,1.3193990885816194,6.558619465827617
2026-05-27,ITA US 01/15/27 C240 Equity,2026-06-03,13.649999999999999,15.549999999999999,15.26546225269242,15.549999999999999,15.26546225269242,16.704998327422874,15.397935023987754,11.770290693485263,12.409064,12.5377014733325,14.473323384283978,9.58823108670874,15.31445216236051
2026-05-27,ITA US 10/16/26 C235 Equity,2026-06-03,10.8,13.05,12.575209201159025,13.05,12.575209201159025,13.232675293069537,12.267959396078362,10.004664220490797,10.7721195,10.448050095197198,11.247331993634699,6.044184835014419,12.742448235499223
2026-05-27,ITA US 10/16/26 C250 Equity,2026-06-03,5.75,8.5,8.190836962700377,8.5,8.190836962700377,10.202252266898494,8.749620399237912,7.0669198590580455,6.863236,6.864745692159747,7.574722872267506,2.523714872011792,8.376932375372906
2026-05-27,ITA US 12/18/26 C245 Equity,2026-06-03,10.7,12.75,12.269460489131129,12.75,12.269460489131129,14.753917040873889,12.953347308392125,10.077161009967682,10.565335,10.320535035816206,10.969551573600418,5.883169111907496,12.612425825187602
2026-05-27,ITA US 12/18/26 C250 Equity,2026-06-03,9.15,10.649999999999999,10.80712843834873,10.649999999999999,10.80712843834873,12.694151135553664,11.114456649590041,8.858491763101645,8.856873,9.036623737007758,9.1539035950066,5.098666323427341,10.53496348745589
2026-05-27,ITA US 12/18/26 C235 Equity,2026-06-03,14.1,16.8,16.32120060481282,16.8,16.32120060481282,17.27492890258225,16.194936918813315,14.241089731053606,15.009413,15.216632747141585,16.122803935868514,11.163345880864194,16.495879983415616
2026-05-27,ITA US 01/15/27 C250 Equity,2026-06-03,10.399999999999999,12.15,11.626679016514867,12.15,11.626679016514867,14.136191152412845,12.51362311523747,9.832531489747344,9.994739,9.9786697721042,11.007368815909462,4.722016948566136,12.043027822577024
2026-05-27,ITA US 10/16/26 C230 Equity,2026-06-03,12.3,16.05,15.779791488282001,16.05,15.779791488282001,16.423048224705312,14.927692505813404,13.382491553944051,13.762942,14.63741367547776,15.272665831302856,10.378352628573392,15.64158529099792
2026-05-27,ITA US 01/15/27 C235 Equity,2026-06-03,14.95,18.1,17.82964853351304,18.1,17.82964853351304,18.575352234566513,17.476040608180703,15.488942609466715,15.453427,16.084919078998716,16.512235944546,13.50713055262331,17.816650469595363
2026-05-27,ITA US 01/15/27 C230 Equity,2026-06-03,17.799999999999997,20.549999999999997,20.293215245653403,20.549999999999997,20.293215245653403,21.01827231964684,19.427774041104122,17.184233040710733,17.547447,18.23571684410466,18.9698931011209,15.746803450271505,20.16845902325787
2026-05-28,ITA US 12/18/26 C240 Equity,2026-06-04,14.6,16.6,16.444785154018692,16.6,16.444785154018692,16.21857477736532,15.418378310045016,16.577886281036328,14.368647,16.20937853011822,16.343661477858006,12.843085949088776,15.640034379692889
2026-05-28,ITA US 07/17/26 C250 Equity,2026-06-04,2.6,3.55,3.163954020194357,3.55,3.163954020194357,4.8248942928428225,4.07036642520271,3.019355448652186,2.9258714,3.247975603145867,3.3886679465718696,6.294969230543971,2.6395701048684814
2026-05-28,ITA US 12/18/26 C235 Equity,2026-06-04,17.0,19.5,19.263039040590318,19.5,19.263039040590318,18.807487523928103,17.518179966038293,18.414933899295875,17.42834,18.458933859466292,18.98224678095967,14.801949841576395,18.42958053725449
2026-05-28,ITA US 10/16/26 C245 Equity,2026-06-04,9.0,11.1,11.156107585592279,11.1,11.156107585592279,11.67700679666271,10.892984030024891,10.067059106151918,9.668475,10.610491887762457,10.523068773797752,6.914912891669634,10.245390894020934
2026-05-28,ITA US 01/15/27 C245 Equity,2026-06-04,13.7,15.6,15.15706352878848,15.6,15.15706352878848,15.722993108491718,14.766705494486866,14.745728581891363,12.755079,14.632479394606266,13.495296499368795,11.635778864044072,14.66804917901303
2026-05-28,ITA US 01/15/27 C240 Equity,2026-06-04,15.95,17.95,17.33450249894863,17.95,17.33450249894863,17.715900145914357,16.70417998109626,17.124786181958246,15.967667,16.109082223057996,18.13568771943066,14.503576948333697,16.919814363558228
2026-05-28,ITA US 10/16/26 C255 Equity,2026-06-04,6.550000000000001,7.75,7.572420749779375,7.75,7.572420749779375,9.089099939412643,8.172765561709426,8.243775094242858,6.6278887,7.814998670480372,6.713247264363047,3.5923511812748448,7.018811760077144
2026-05-28,ITA US 10/16/26 C230 Equity,2026-06-04,15.75,18.25,18.459744740345855,18.25,18.459744740345855,17.883726510815958,16.64308104195632,17.470284550728717,15.894633,16.506892456490238,17.989256743451968,12.780051142041023,16.830754246635422
2026-05-28,ITA US 10/16/26 C235 Equity,2026-06-04,13.6,15.399999999999999,15.56585753401123,15.399999999999999,15.56585753401123,14.88234657564459,13.929822854672432,14.468462420633292,13.161557,14.80257349546464,14.124717459616527,10.146967125158332,14.31281926579825
2026-05-28,ITA US 12/18/26 C230 Equity,2026-06-04,19.4,21.85,21.67579064984705,21.85,21.67579064984705,21.049777413747904,19.791862840516085,19.304437924518375,18.742493,18.63058297917969,21.04075800385259,16.784706812831065,20.41998656701182
2026-05-28,ITA US 10/16/26 C240 Equity,2026-06-04,10.85,13.1,13.207101272117077,13.1,13.207101272117077,12.951023421759984,12.28502094003551,11.823642003755026,11.365792,12.147996588798796,12.0775716224217,8.504311580641433,12.149618575513728
2026-05-28,ITA US 07/17/26 C230 Equity,2026-06-04,9.3,11.85,11.523247362954592,11.85,11.523247362954592,11.920533058754415,11.005953396407161,7.16783762670884,8.846169,9.958200725571835,9.508810158379957,9.673777581042797,10.383186995102054
2026-05-28,ITA US 12/18/26 C245 Equity,2026-06-04,12.5,14.3,14.11599576798072,14.3,14.11599576798072,14.803270557552363,13.87026029165548,12.411847827154041,11.90061,12.895621449337817,12.806601619227889,9.901230316208094,13.381254957676298
2026-05-28,ITA US 10/16/26 C250 Equity,2026-06-04,7.699999999999999,9.25,9.265574354963922,9.25,9.265574354963922,10.534036830422767,9.260704434856903,9.340908191762342,8.219555,9.538719333121735,8.953185928992323,6.001236167294082,8.444687771350406
2026-05-28,ITA US 01/15/27 C230 Equity,2026-06-04,20.85,23.15,22.795190797403848,23.15,22.795190797403848,22.529576218614206,21.112350879927156,19.763879838229926,19.777868,19.744551007813936,21.70778801027369,17.79230647121486,21.706336190674133
2026-05-28,ITA US 01/15/27 C250 Equity,2026-06-04,12.05,13.7,13.316285392887597,13.7,13.316285392887597,14.572889874635527,13.414837828936585,12.147123972180264,11.054986,13.067453295531584,12.385343539894464,8.334675911235003,12.833962621597538
2026-05-28,ITA US 12/18/26 C250 Equity,2026-06-04,10.75,12.2,11.987042581466385,12.2,11.987042581466385,13.70400023381914,12.393285630081573,11.172128800270848,10.51582,12.382800669634735,12.058706322416313,9.643008749408144,11.37441938810924
2026-05-28,ITA US 01/15/27 C235 Equity,2026-06-04,18.3,20.25,20.046864188854737,20.25,20.046864188854737,20.064873550676317,18.804721744094234,18.78991689939194,17.543095,18.348943379379374,19.803729465195104,17.905964843493273,19.178452368170934
2026-05-29,ITA US 12/18/26 C245 Equity,2026-06-05,12.100000000000001,14.2,14.04861896079002,14.2,14.04861896079002,13.565196952855391,12.862060625106622,12.68916534432314,11.147234,11.38665074375979,12.732847139068534,10.793880960527401,13.124036755473627
2026-05-29,ITA US 12/18/26 C235 Equity,2026-06-05,16.15,19.0,18.973207420294614,19.0,18.973207420294614,18.329868422500837,17.119020221620477,18.33028867199568,17.503216,16.325909772497585,17.404207056672718,16.482819470082934,17.829126251285334
2026-05-29,ITA US 10/16/26 C245 Equity,2026-06-05,9.0,10.65,10.672490858879,10.65,10.672490858879,10.407880805480286,9.618756875779148,9.98123464604581,8.673847,9.116799942874543,8.635186655822338,8.004635658996717,9.597254044538692
2026-05-29,ITA US 01/15/27 C235 Equity,2026-06-05,17.5,20.35,20.405812112201847,20.35,20.405812112201847,19.351867160889178,18.430723340992138,19.203513910171225,18.231186,17.846427713131813,18.725037905303534,18.536821818208235,19.113980801526548
2026-05-29,ITA US 12/18/26 C250 Equity,2026-06-05,10.9,12.1,11.99789257309375,12.1,11.99789257309375,11.57866472238841,11.0045292493133,11.472558798018344,9.6529455,10.869250354104482,10.207309751445871,10.051224496728997,11.07664860915327
2026-05-29,ITA US 10/16/26 C250 Equity,2026-06-05,7.4,9.0,9.042975340179947,9.0,9.042975340179947,9.509754609886787,8.357786324491993,9.537822443326933,7.727407,8.955976412335312,7.999063117023578,6.790306364834684,8.011802943709919
2026-05-29,ITA US 01/15/27 C245 Equity,2026-06-05,13.3,15.6,15.100605242691975,15.6,15.100605242691975,15.062539348311802,14.234628964048227,15.162953644647265,12.6366625,12.850352634576671,13.782014578763276,12.818768179889519,14.466778107437472
2026-05-29,ITA US 01/15/27 C240 Equity,2026-06-05,15.5,17.95,17.781826215837476,17.95,17.781826215837476,16.486544687890227,16.021570110991455,17.42182340553377,16.267302,15.603527156592085,16.760080076365867,15.085903186710018,16.782952217486994
2026-05-29,ITA US 07/17/26 C250 Equity,2026-06-05,1.925,3.2,3.048565045406036,3.2,3.048565045406036,4.106061601575739,3.1617209624474434,3.127412878195807,2.961495,2.8793758537475447,3.094457501330135,7.2866184415414175,2.137050290616501
2026-05-29,ITA US 12/18/26 C240 Equity,2026-06-05,13.899999999999999,16.450000000000003,16.480888491258188,16.450000000000003,16.480888491258188,15.466991064253495,14.717988968278082,16.566432380766486,14.941296,14.631508030679791,14.932328609846046,13.796266522920291,15.306765311220154
2026-05-29,ITA US 10/16/26 C240 Equity,2026-06-05,11.15,12.6,12.829233505283357,12.6,12.829233505283357,12.169066363758127,11.599263993801856,11.55176515674809,10.782703,10.75833315615899,10.620648673913328,9.99998343446957,11.499557103470222
2026-05-29,ITA US 10/16/26 C255 Equity,2026-06-05,6.2,7.7,7.79667640329372,7.7,7.79667640329372,8.092650496913198,6.916887199991608,7.756680973590782,5.8892965,6.320571406860033,5.989833143422611,4.954337007877028,6.70880940671587
2026-05-29,ITA US 10/16/26 C230 Equity,2026-06-05,14.8,17.9,18.151613534980395,17.9,18.151613534980395,16.654541704655614,15.77773706762843,17.373988519791805,16.574566,15.215366001102812,16.806098000151728,14.124465300929105,16.328199832768107
2026-05-29,ITA US 10/16/26 C235 Equity,2026-06-05,12.5,15.25,15.627427352652488,15.25,15.627427352652488,15.055497973746172,14.086888381771155,14.943198006939316,13.250628,13.467074285109367,14.137096780856671,13.194266564331594,14.069236479910742
2026-05-29,ITA US 12/18/26 C230 Equity,2026-06-05,18.35,21.7,21.840409086041852,21.7,21.840409086041852,20.28706566994044,19.30229865517412,20.01814072208166,19.263887,18.56013037836613,20.1630238208201,18.353270898872083,20.10953438801759
2026-05-29,ITA US 01/15/27 C230 Equity,2026-06-05,19.7,22.9,22.935553242729682,22.9,22.935553242729682,21.244012385072566,20.418983061213634,20.79545517752202,20.2767,19.394824701427478,20.620534304057998,19.058695035858022,21.29368071695611
2026-05-29,ITA US 01/15/27 C250 Equity,2026-06-05,11.5,13.85,13.730033604977212,13.85,13.730033604977212,13.659945791781112,12.413259968205823,12.429841768448336,10.559092,11.19446186879057,10.815044625732959,9.84758765144169,12.761282532255025
2026-05-29,ITA US 07/17/26 C230 Equity,2026-06-05,7.6,11.45,11.539051045422575,11.45,11.539051045422575,10.68578956555691,10.280752232657516,7.119102295899617,8.128612,8.00975436480111,8.36707293028122,10.908264157897074,9.857451364509219
2026-06-01,ITA US 10/16/26 C230 Equity,2026-06-08,13.8,15.6,14.735335156649796,15.6,14.735335156649796,13.681494257763882,13.231540004112079,14.543657175224446,14.826971,14.596761054518833,15.697387235975409,11.393958144356299,13.986388150104727
2026-06-01,ITA US 10/16/26 C250 Equity,2026-06-08,7.199999999999999,7.35,6.671061873167752,7.35,6.671061873167752,7.399793283973885,6.2632414419863665,7.211301828873468,7.4061627,7.48341478128275,8.627794848014398,4.662705472167893,5.948785185185067
2026-06-01,ITA US 01/15/27 C250 Equity,2026-06-08,11.15,11.600000000000001,11.425840118390346,11.600000000000001,11.425840118390346,12.583272502128015,11.006822229407444,9.971101771116654,10.588262,12.08481191479187,11.395737170889007,7.07483035718949,10.200466380091855
2026-06-01,ITA US 07/17/26 C250 Equity,2026-06-08,1.5499999999999998,2.325,1.6034452324406456,2.325,1.6034452324406456,2.4623617407353997,1.0881472840961806,2.154993913105591,4.017587,3.743530430679395,4.3661965250723345,5.031031414823374,0.8584987169071652
2026-06-01,ITA US 01/15/27 C235 Equity,2026-06-08,16.4,17.950000000000003,16.88036788747725,17.950000000000003,16.88036788747725,16.227049004279475,15.582373405302187,16.561763198570215,16.66417,16.36899329187701,17.36819347431293,13.450050564163316,16.371386470339203
2026-06-01,ITA US 10/16/26 C240 Equity,2026-06-08,9.649999999999999,10.8,10.027707138187484,10.8,10.027707138187484,9.89758898513966,9.233335284364188,9.242061504698233,9.939985,10.319823492352795,10.983118411035994,6.827373563620148,9.289145905776426
2026-06-01,ITA US 01/15/27 C245 Equity,2026-06-08,12.55,13.85,12.868729619815541,13.85,12.868729619815541,12.907260587123147,12.016434577118346,11.529635444786047,12.117236,12.562727385781342,13.524364938416142,9.011539501503597,12.343964596542197
2026-06-01,ITA US 12/18/26 C230 Equity,2026-06-08,17.45,19.15,18.146732206356607,19.15,18.146732206356607,17.293974701148077,16.642301026174177,17.640357650104026,18.172054,17.956789544483385,19.08638688502835,15.09470358407822,17.550312052208767
2026-06-01,ITA US 01/15/27 C230 Equity,2026-06-08,18.5,20.5,19.37810747065363,20.5,19.37810747065363,18.39982262959972,17.741415302154547,18.333578134008974,19.07643,18.87092242364803,19.506803142391767,16.05209900215799,18.860127011221834
2026-06-01,ITA US 12/18/26 C240 Equity,2026-06-08,13.15,13.8,13.745982743380354,13.8,13.745982743380354,13.809535027652885,12.959049751905441,11.536164825322702,13.398989,13.441524859131956,14.689336041541495,10.417270883407342,12.316386971046638
2026-06-01,ITA US 12/18/26 C250 Equity,2026-06-08,9.0,10.850000000000001,10.140888537171001,10.850000000000001,10.140888537171001,10.617234369182825,9.358739448240271,9.412946221674705,10.3219185,11.909270534106827,11.30702220461933,6.889738016286045,9.40942232292011
2026-06-01,ITA US 01/15/27 C240 Equity,2026-06-08,14.4,15.75,14.731889537707378,15.75,14.731889537707378,14.843952817985798,13.778816629439707,14.595509200437412,14.774491,14.484387415326772,15.652553668469444,10.10336795089532,14.20554805080568
2026-06-01,ITA US 10/16/26 C235 Equity,2026-06-08,11.85,12.850000000000001,12.083609201229217,12.850000000000001,12.083609201229217,11.37902212232451,11.016746082386996,10.872359655691685,12.059928,11.534635007773893,13.268822250938564,8.344083356656762,11.317400313466567
2026-06-01,ITA US 10/16/26 C245 Equity,2026-06-08,8.15,9.1,8.368300567543296,9.1,8.368300567543296,8.725747024977958,7.699559525037296,8.682189868987036,9.122161,9.162697397495442,10.02013230204251,5.7624344449513005,7.636775926814304
2026-06-01,ITA US 10/16/26 C255 Equity,2026-06-08,5.75,6.5,5.848980876078258,6.5,5.848980876078258,7.420573196217673,5.675186503809784,6.6866714687673365,6.8028417,6.82856071918668,7.141918020536004,3.346696009420376,5.202364732755179
2026-06-01,ITA US 07/17/26 C230 Equity,2026-06-08,6.55,8.85,7.921968614734395,8.85,7.921968614734395,8.396683881689373,8.005536914971982,8.578075709535058,9.539516,9.908860832501755,9.50917541928385,8.54175968927152,7.2551411888969675
2026-06-01,ITA US 12/18/26 C235 Equity,2026-06-08,15.25,16.35,15.308283519147508,16.35,15.308283519147508,15.014600081913681,14.390528153560094,15.647022694573565,15.994429,16.02082395882126,16.93931652803696,11.864324115350092,14.805817494346527
2026-06-01,ITA US 12/18/26 C245 Equity,2026-06-08,11.25,12.3,11.395200200561677,12.3,11.395200200561677,11.736910245143779,10.684166984779399,10.536369516962711,11.288298,12.798664267233665,13.23671280518198,7.351217317172902,10.815180513390445
2026-06-02,ITA US 12/18/26 C250 Equity,2026-06-09,10.9,9.8,8.9701839081134,9.8,8.9701839081134,8.733387331998227,8.149363699825521,9.581340767131383,8.251364,9.30087892983129,8.081232879578172,6.4464611552503,8.07954152118752
2026-06-02,ITA US 10/16/26 C235 Equity,2026-06-09,12.7,12.0,11.307050448223844,12.0,11.307050448223844,9.369223391976963,9.603590506957552,10.886647297330033,10.221165,9.995402651632197,10.028643212414384,7.5929183015416255,10.129739361493122
2026-06-02,ITA US 12/18/26 C230 Equity,2026-06-09,18.85,17.95,16.946946039281176,17.95,16.946946039281176,14.930405972664238,15.34408772637679,17.50563291641905,16.83033,16.22342585548034,16.571370591551617,14.741180388753987,16.119403194119602
2026-06-02,ITA US 12/18/26 C235 Equity,2026-06-09,16.05,15.7,14.618800749674664,15.7,14.618800749674664,12.935514842852118,13.148300738159739,15.523820765884716,14.704372,13.96129066957606,13.949613950305624,11.128090535863661,13.872918119331391
2026-06-02,ITA US 01/15/27 C240 Equity,2026-06-09,15.2,15.15,14.108862116412782,15.15,14.108862116412782,13.470067442330532,13.055573525432791,14.048351133182765,13.094908,13.128191652796,13.315069433313091,10.342919101698874,13.385210389446968
2026-06-02,ITA US 10/16/26 C230 Equity,2026-06-09,14.9,14.5,13.745983593091674,14.5,13.745983593091674,11.565447630682954,12.046577714377836,12.775457497874577,12.581404,12.577371970837632,13.035943602540714,10.594397432395896,12.658939075796404
2026-06-02,ITA US 07/17/26 C250 Equity,2026-06-09,1.9,1.95,1.4742015625001796,1.95,1.4742015625001796,1.042715800918117,0.6899765107998483,1.8034723436831328,2.1722345,2.2492514477178434,1.5248018850172382,4.5303076281141905,0.2436103377202017
2026-06-02,ITA US 01/15/27 C235 Equity,2026-06-09,17.4,17.15,16.109948105983495,17.15,16.109948105983495,14.826956464542725,14.740597915863281,16.982151017950866,15.493879,14.204832220812603,15.36972075094732,13.48430494370805,15.324282220681411
2026-06-02,ITA US 10/16/26 C250 Equity,2026-06-09,7.35,6.95,6.474494406467383,6.95,6.474494406467383,5.1302263471992955,4.924665659394684,7.374564008613142,5.6652236,5.572390616240564,5.379219838282388,4.476419356755707,5.223292253458608
2026-06-02,ITA US 01/15/27 C230 Equity,2026-06-09,19.9,19.35,18.255603054077007,19.35,18.255603054077007,16.358209809553568,16.516864010354713,18.52709321851726,17.824713,17.65723693769832,17.404018243778573,15.256256900195542,17.44716853139045
2026-06-02,ITA US 10/16/26 C240 Equity,2026-06-09,10.600000000000001,10.4,9.729706321179028,10.4,9.729706321179028,8.529282760912889,8.536746627254074,9.664713255101514,8.487623,8.732612215365966,8.439027040745607,6.141773326811941,8.651839020514657
2026-06-02,ITA US 10/16/26 C255 Equity,2026-06-09,6.1,6.35,5.910260297901054,6.35,5.910260297901054,6.027442854408156,5.361442611056905,4.571218824077184,4.7372575,3.8057840513217096,5.013232204465178,3.091667430255639,4.827422058114036
2026-06-02,ITA US 12/18/26 C240 Equity,2026-06-09,13.85,13.95,12.974297159127511,13.95,12.974297159127511,12.290421147240906,11.859950088819659,12.085465341418493,11.274165,11.641182461164037,10.985690703054914,9.389409844122996,12.205948322078248
2026-06-02,ITA US 01/15/27 C250 Equity,2026-06-09,11.55,11.35,10.433298191590408,11.35,10.433298191590408,10.716809583606102,9.930430952084446,10.328661900798869,9.247479,10.062599065869788,8.955909945863953,5.607563826703343,9.710755901330874
2026-06-02,ITA US 10/16/26 C245 Equity,2026-06-09,8.65,8.6,7.974959653625897,8.6,7.974959653625897,7.304434263821849,7.12383744677838,8.908963687407512,7.248107,8.036318962398697,7.836184906641911,4.9020873495314286,6.929429035917139
2026-06-02,ITA US 07/17/26 C230 Equity,2026-06-09,8.1,7.5,6.780656582217473,7.5,6.780656582217473,5.40066598142694,6.094032046879078,7.458601527253446,6.696024,6.023002452623136,6.35291385216195,8.345956890179835,5.600988158438417
2026-06-02,ITA US 12/18/26 C245 Equity,2026-06-09,12.0,11.75,10.797895157162932,11.75,10.797895157162932,10.506602875706594,10.260698209705186,10.792477065482743,10.126655,10.839695296527017,9.730097283831938,6.508605212892558,10.064104443288532
2026-06-02,ITA US 01/15/27 C245 Equity,2026-06-09,13.7,13.3,12.322117517083699,13.3,12.322117517083699,12.109618185413243,11.626592572025917,11.793561419402838,10.561865,11.3209605271806,10.686773926602832,8.516353878035224,11.61435406513598
2026-06-03,ITA US 10/16/26 C255 Equity,2026-06-10,5.35,5.25,4.767114781798684,5.25,4.767114781798684,5.4453731704149,5.139315513957925,4.044163054977197,4.0596685,3.3658047150000128,3.7220376792001844,1.8412974927749735,4.263961880267003
2026-06-03,ITA US 10/16/26 C240 Equity,2026-06-10,9.4,9.2,8.59707871260774,9.2,8.59707871260774,8.343911673519155,8.398109684282563,9.020892531171974,7.7551227,8.045583696312782,8.639060579945927,4.8428541658142334,7.927756195424052
2026-06-03,ITA US 07/17/26 C230 Equity,2026-06-10,6.6,6.45,5.604070663440957,6.45,5.604070663440957,4.874428765634358,5.8751201828479935,5.80614653259214,6.4262896,6.029211720890395,5.357236954244753,6.998128352871321,5.049136623067344
2026-06-03,ITA US 12/18/26 C230 Equity,2026-06-10,16.55,16.6,15.328483347729426,16.6,15.328483347729426,13.64660464971341,14.52674204328509,16.654216298462902,15.546139,15.477868759681247,16.693177490503025,12.299163517655481,15.22262045054863
2026-06-03,ITA US 12/18/26 C240 Equity,2026-06-10,12.55,12.3,11.268240085462008,12.3,11.268240085462008,10.755570720089029,11.07108156197302,11.047846539183121,10.102899,11.452362300583342,11.333331603010702,7.39066986753881,11.049525263154027
2026-06-03,ITA US 01/15/27 C245 Equity,2026-06-10,12.2,11.8,10.932776537228321,11.8,10.932776537228321,10.743667009150991,10.916144464062137,10.720315195766807,9.546121,10.837855185117439,9.773092312220001,7.101912628255416,10.59707522784817
2026-06-03,ITA US 01/15/27 C235 Equity,2026-06-10,15.8,14.95,14.578412922192758,14.95,14.578412922192758,13.239263510022543,13.704092441605416,13.985572316047797,13.27127,13.690942910374993,14.031035983849312,11.24837087266243,13.536354565486057
2026-06-03,ITA US 07/17/26 C250 Equity,2026-06-10,1.225,1.5,1.5201761956345377,1.5,1.5201761956345377,2.8349405437367956,2.4669836148073863,1.8031341771928,1.9862288,1.6015631578328127,1.961821506069274,4.103573863632441,0.44848114995473165
2026-06-03,ITA US 10/16/26 C230 Equity,2026-06-10,13.45,12.3,12.226662565491727,12.3,12.226662565491727,9.699169546658876,10.527283342061049,10.95390442246999,10.376959,11.679073196350833,12.223804048952157,8.418501076081121,10.822338737811535
2026-06-03,ITA US 10/16/26 C245 Equity,2026-06-10,7.7,7.550000000000001,7.043827712695451,7.550000000000001,7.043827712695451,6.567741879323519,6.697005581419799,7.342447503700395,5.8109975,6.060756944171397,6.683871990394009,3.988542963474182,6.355576215571304
2026-06-03,ITA US 10/16/26 C235 Equity,2026-06-10,11.2,10.8,10.152916211508085,10.8,10.152916211508085,8.855985376785613,9.327639484492547,9.74300299807856,8.692858,8.949648622923384,10.005966072733669,6.114166458181951,9.447876068185508
2026-06-03,ITA US 10/16/26 C250 Equity,2026-06-10,6.65,5.75,6.314190425445908,5.75,6.314190425445908,5.847535419379856,5.725566945246085,4.064439262214273,4.671532,4.191605158026725,5.546493461409289,3.5924904863704246,4.616143257411772
2026-06-03,ITA US 12/18/26 C250 Equity,2026-06-10,9.65,9.15,8.265693086122132,9.15,8.265693086122132,7.762211851559984,7.9781626190623935,9.139098090287453,8.222208,9.193217481703854,8.307968668386938,5.461799762995257,7.958758791250897
2026-06-03,ITA US 12/18/26 C245 Equity,2026-06-10,11.0,10.7,9.791425183772827,10.7,9.791425183772827,9.094783209004692,9.424031839326645,9.65235204646899,8.915144,10.350984394600719,9.225133654224503,5.597103146806566,9.466233099342018
2026-06-03,ITA US 01/15/27 C250 Equity,2026-06-10,10.9,10.399999999999999,9.455382266735969,10.399999999999999,9.455382266735969,9.371474608565615,9.419828332779241,9.57932357956633,8.365402,9.188500523128457,8.6784084522556,4.7619613907294545,9.218716499189311
2026-06-03,ITA US 12/18/26 C235 Equity,2026-06-10,14.600000000000001,14.1,13.024272467184808,14.1,13.024272467184808,11.872285159608058,12.508914442496446,12.452468076701148,12.651747,11.857648440611381,13.780164308666007,8.935001700093542,12.767672293552145
2026-06-03,ITA US 01/15/27 C240 Equity,2026-06-10,13.899999999999999,13.649999999999999,12.67073919649658,13.649999999999999,12.67073919649658,12.283320060531683,12.441761857829214,11.953795523377568,10.834257,11.539842670495867,12.615598178528874,8.430236853676716,12.38090893648166
2026-06-03,ITA US 01/15/27 C230 Equity,2026-06-10,17.85,17.799999999999997,16.593366904378676,17.799999999999997,16.593366904378676,14.924339453348317,15.627512964673585,17.041451802295,15.818209,15.64626470896304,16.901903363089446,12.393566051849215,16.3860118132371
2026-06-04,ITA US 10/16/26 C245 Equity,2026-06-11,11.05,9.0,8.632418443982651,9.0,8.632418443982651,8.289458865597163,8.597804910569332,8.933064246324955,8.945764,9.884309573588768,8.961856449569833,7.025635892331125,7.649508617042576
2026-06-04,ITA US 10/16/26 C255 Equity,2026-06-11,7.8500000000000005,6.550000000000001,6.1196490223855635,6.550000000000001,6.1196490223855635,5.926639818080551,6.068304999415277,7.173398510409894,5.9373083,5.9691247666420715,6.223897376276733,3.5483541664936213,5.2728880236722135
2026-06-04,ITA US 01/15/27 C250 Equity,2026-06-11,14.05,12.05,11.497124756348152,12.05,11.497124756348152,11.26653723624084,11.327137261615388,10.780859223712325,10.762284,12.754539946799222,11.386090089123066,8.517249246665175,10.700507605515584
2026-06-04,ITA US 01/15/27 C235 Equity,2026-06-11,20.549999999999997,18.3,17.850056775698516,18.3,17.850056775698516,15.91913506782545,16.108246760811006,17.711699170092526,16.268166,17.640913984013665,17.569064683426213,15.864742083354644,16.769879507583553
2026-06-04,ITA US 12/18/26 C245 Equity,2026-06-11,14.600000000000001,12.5,11.826662323987295,12.5,11.826662323987295,11.178514328211806,11.389226200339447,11.041091674138839,11.128353,13.194259065567138,12.023682149887025,9.089541256918054,11.099126832735017
2026-06-04,ITA US 01/15/27 C245 Equity,2026-06-11,15.85,13.7,13.214703000776417,13.7,13.214703000776417,12.335114353014916,12.51343033682452,11.953930643122384,11.356258,13.43392605052883,12.20362183148777,10.496470528351734,12.272366305159146
2026-06-04,ITA US 10/16/26 C240 Equity,2026-06-11,13.05,10.85,10.49959409006001,10.85,10.49959409006001,9.32449084926408,9.781220179024467,9.748260538787376,10.296414,11.281585764615102,10.550206383205595,7.567133440901897,9.426564362707488
2026-06-04,ITA US 01/15/27 C240 Equity,2026-06-11,18.200000000000003,15.95,15.336654093836998,15.95,15.336654093836998,14.319958067282386,14.509694420087099,15.646144616387337,13.718664,14.374784916636559,13.619158600631385,12.47831552435198,14.48080735158889
2026-06-04,ITA US 12/18/26 C235 Equity,2026-06-11,19.4,17.0,16.46645737663278,17.0,16.46645737663278,14.388203719084633,14.891264827707126,16.926966265975537,15.894943,16.477535448512462,17.316103912413123,12.692144130500264,15.456684991845954
2026-06-04,ITA US 12/18/26 C250 Equity,2026-06-11,12.7,10.75,10.031961578092394,10.75,10.031961578092394,9.59969887120932,9.910831629637485,9.709218312101564,10.483025,12.385277841910188,10.581879814434304,8.125438688161903,9.397048528302253
2026-06-04,ITA US 07/17/26 C230 Equity,2026-06-11,11.25,9.3,8.73845694931034,9.3,8.73845694931034,8.879890384206119,8.923635824504576,8.488305843826442,8.844119,9.807723211133792,7.382727222369773,9.244948066549217,7.661478840722415
2026-06-04,ITA US 10/16/26 C235 Equity,2026-06-11,15.5,13.6,13.244333093540483,13.6,13.244333093540483,11.789734341122134,12.036255710633295,11.854164848517584,12.186753,12.749488282406517,12.191005444175925,10.215301518260118,12.076663126033203
2026-06-04,ITA US 07/17/26 C250 Equity,2026-06-11,3.0,2.6,2.158909559825553,2.6,2.158909559825553,4.932210210465186,4.283557954826584,2.033258817495903,2.7258599,2.6155445014951177,3.809118406979172,6.3280833339366085,1.457672963448319
2026-06-04,ITA US 12/18/26 C230 Equity,2026-06-11,21.9,19.4,18.871001326100213,19.4,18.871001326100213,16.54810334956634,16.71938237861691,18.40077813497156,18.316751,19.047995369530724,19.146495886149722,14.843453634973903,17.68932151167109
2026-06-04,ITA US 10/16/26 C250 Equity,2026-06-11,9.100000000000001,7.699999999999999,7.354807597823763,7.699999999999999,7.354807597823763,7.802340375333087,7.352593482166937,7.375345417554212,6.475694,7.141418915449093,6.9587365499003155,6.562117464486601,6.420934137760486
2026-06-04,ITA US 01/15/27 C230 Equity,2026-06-11,23.35,20.85,20.41154132157921,20.85,20.41154132157921,18.386388847818672,18.309026841481757,19.09617889964534,18.803474,19.383669848572403,20.09634993278771,16.67094754932479,19.15029596671685
2026-06-04,ITA US 12/18/26 C240 Equity,2026-06-11,16.85,14.6,13.8710524517901,14.6,13.8710524517901,12.48569059709739,12.921699789746157,12.734568259763122,12.9714575,13.590657878490992,13.171133956230136,11.126851879738025,13.127418766822593
2026-06-04,ITA US 10/16/26 C230 Equity,2026-06-11,18.4,15.75,15.417869365406517,15.75,15.417869365406517,14.104179046201729,13.859840695018729,15.30464250005147,14.653445,15.57402468737147,14.291475675289782,12.847235912171259,14.10570229789148
2026-06-05,ITA US 07/17/26 C250 Equity,2026-06-12,2.425,1.925,1.6330972797508863,1.925,1.6330972797508863,4.722230505350984,2.8351535721680943,1.9437582538966134,2.719713,2.5860778961963056,2.0475347964233386,3.0422035196498607,1.6777888643508017
2026-06-05,ITA US 12/18/26 C245 Equity,2026-06-12,14.3,12.100000000000001,11.414713336738005,12.100000000000001,11.414713336738005,12.622088233725773,11.534506376561353,11.3589772770036,10.994696,11.956349417656794,10.798718893553225,4.77590161139708,11.731186443068966
2026-06-05,ITA US 07/17/26 C230 Equity,2026-06-12,9.65,7.6,7.344190158927231,7.6,7.344190158927231,8.221013685930973,7.906105247731878,7.357348361937045,7.615014,6.392953343452773,7.056938565359365,6.676162580953131,7.117952754523402
2026-06-05,ITA US 12/18/26 C250 Equity,2026-06-12,12.35,10.9,10.187521851483849,10.9,10.187521851483849,11.685961263424348,10.509994771675066,10.014677515741615,9.687862,10.516651647901101,9.008492598049617,4.185498639267801,10.60604457904252
2026-06-05,ITA US 10/16/26 C235 Equity,2026-06-12,14.850000000000001,12.5,11.727280267732558,12.5,11.727280267732558,12.211630560623444,11.391786043553271,11.415527132624048,11.158237,10.535490949818875,10.864573185191135,6.205167474996389,12.026322275729463
2026-06-05,ITA US 10/16/26 C230 Equity,2026-06-12,17.4,14.8,14.355353591346761,14.8,14.355353591346761,13.588864106833924,13.326527823218793,14.114298017411533,13.839492,14.141656154570526,13.686182191220329,8.909095183249521,14.26022544059855
2026-06-05,ITA US 01/15/27 C240 Equity,2026-06-12,17.5,15.5,14.770502305955281,15.5,14.770502305955281,15.813117365855963,14.76725830179425,15.178528864855377,13.81698,14.482069330975,14.359496006139157,9.279277953795324,15.106238954761466
2026-06-05,ITA US 01/15/27 C230 Equity,2026-06-12,22.15,19.7,18.893761459317385,19.7,18.893761459317385,18.877680684797657,18.275162620421547,19.46221425903114,18.552172,18.220782506820775,18.515228419261607,16.29608939325558,19.202158862621655
2026-06-05,ITA US 01/15/27 C250 Equity,2026-06-12,13.350000000000001,11.5,10.861201164199915,11.5,10.861201164199915,12.718655197312515,11.464337031143799,10.539716219463122,10.223974,11.074848580345837,9.605508912935115,4.280601373400248,11.213663988228827
2026-06-05,ITA US 01/15/27 C235 Equity,2026-06-12,19.8,17.5,16.597156907624502,17.5,16.597156907624502,17.338582558706555,16.422881394050485,17.798695747806903,16.36281,16.174947171514894,16.742769093018563,13.654492059332464,17.057863997571975
2026-06-05,ITA US 12/18/26 C235 Equity,2026-06-12,18.45,16.15,15.446078296326673,16.15,15.446078296326673,15.942053158162622,15.089569379868438,16.860779252434575,15.845135,15.480124252759076,15.6282850227522,10.04368816797641,15.700402760630864
2026-06-05,ITA US 10/16/26 C250 Equity,2026-06-12,9.25,7.4,6.950354056102548,7.4,6.950354056102548,8.820685534933709,7.562846142806263,7.398583858980898,6.4310884,6.407112634647253,6.076953261960975,1.6584370677839884,7.147749788259048
2026-06-05,ITA US 01/15/27 C245 Equity,2026-06-12,15.3,13.3,12.64611979510453,13.3,12.64611979510453,14.15951554168089,12.943443210840197,12.35360983339494,11.237165,11.999826994607965,10.9834737324944,7.144935086624932,12.953215261623331
2026-06-05,ITA US 12/18/26 C230 Equity,2026-06-12,21.05,18.35,17.548421427580305,18.35,17.548421427580305,17.24363732129735,16.75557703467361,18.660370949247476,17.586931,16.768562378240812,17.63839039766461,13.872534164834201,17.8291999251874
2026-06-05,ITA US 10/16/26 C240 Equity,2026-06-12,12.75,11.15,9.600804558197403,11.15,9.600804558197403,11.081212852352715,10.099390486508511,9.942402669478085,9.558446,9.688047486263933,9.647528741727626,3.7012342778175444,10.72982352610421
2026-06-05,ITA US 10/16/26 C255 Equity,2026-06-12,7.699999999999999,6.2,5.7736966849476,6.2,5.7736966849476,7.944518523540378,6.553841094292366,4.514008740627692,5.5209556,4.678021755466257,5.500270020562285,0.7488481418710867,6.029180558043947
2026-06-05,ITA US 10/16/26 C245 Equity,2026-06-12,10.75,9.0,8.53799354073044,9.0,8.53799354073044,9.596208991620825,8.75147967593052,8.998042684418875,8.45003,8.207547861574142,8.406410656544267,2.9999987629817486,8.67500475023447
2026-06-05,ITA US 12/18/26 C240 Equity,2026-06-12,16.3,13.899999999999999,13.183314934530966,13.899999999999999,13.183314934530966,13.853663509067939,12.972140277467012,12.771765257953579,11.771361,12.613032494220407,12.878383337892098,7.692227142494652,13.465035847050272
2026-06-08,ITA US 10/16/26 C240 Equity,2026-06-15,14.350000000000001,9.649999999999999,8.915511505932704,9.649999999999999,8.915511505932704,9.07692924600491,9.031834560676582,9.687332808769506,10.064081,10.682677912963953,10.4533808553165,6.02078875555422,8.8977795352612
2026-06-08,ITA US 10/16/26 C250 Equity,2026-06-15,10.0,7.199999999999999,6.542709774956595,7.199999999999999,6.542709774956595,8.177946622025981,7.138463347811209,7.476314410332791,7.753052,7.856445250067457,7.244272994605076,4.491701079477,6.644240780233346
2026-06-08,ITA US 07/17/26 C230 Equity,2026-06-15,12.15,6.55,5.72824912271776,6.55,5.72824912271776,6.98223521525565,6.771088547943135,7.352328938427706,8.668532,7.988251792088627,8.195363746912145,8.000274867317215,5.689792622910769
2026-06-08,ITA US 07/17/26 C250 Equity,2026-06-15,2.925,1.5499999999999998,1.1285998388283007,1.5499999999999998,1.1285998388283007,3.661804526495523,2.0802542382042937,1.8622391164336505,4.238918,3.927928081548207,4.365715135682102,4.6759017467902515,0.9704107765066712
2026-06-08,ITA US 12/18/26 C230 Equity,2026-06-15,23.1,17.45,16.314817138678155,17.45,16.314817138678155,15.834450978377223,15.688235324590384,17.706718565973237,18.170725,17.560443269581,18.987848812151356,14.434293866299127,16.587732553672694
2026-06-08,ITA US 01/15/27 C250 Equity,2026-06-15,15.0,11.15,10.057278829899191,11.15,10.057278829899191,11.479401609874088,10.438640756271539,10.278239652390473,11.020655,12.156873809035176,10.889661303112195,6.905994947828886,10.484453753714316
2026-06-08,ITA US 12/18/26 C235 Equity,2026-06-15,20.700000000000003,15.25,14.279464231921704,15.25,14.279464231921704,14.78796268039886,14.153979164534645,15.218553160454078,15.492544,15.317810072901311,16.314675333928385,11.066952671562548,14.462157869697162
2026-06-08,ITA US 10/16/26 C255 Equity,2026-06-15,7.8,5.75,5.132136250491369,5.75,5.132136250491369,6.790648987502656,5.70091905045733,4.213777457724502,6.222162,5.5193333856924,6.485862933788096,3.0290800330718435,5.237501065689544
2026-06-08,ITA US 01/15/27 C230 Equity,2026-06-15,24.5,18.5,17.266608031586873,18.5,17.266608031586873,16.79512024257003,16.690748310654527,18.60563298642029,18.876797,19.205037584507238,19.309391601645736,15.619451642799307,17.61919533954694
2026-06-08,ITA US 12/18/26 C245 Equity,2026-06-15,15.25,11.25,10.44911644793651,11.25,10.44911644793651,11.719883023795603,10.895068123466896,10.53010126054195,11.717538,13.11152057190785,12.030069272295298,7.32298371194504,10.59410584590227
2026-06-08,ITA US 12/18/26 C250 Equity,2026-06-15,12.75,9.0,8.197707599585742,9.0,8.197707599585742,9.188850526172578,8.371328891555144,9.302190577672109,10.633833,11.88834443590172,10.459496339854677,6.902827122549151,8.31802808695228
2026-06-08,ITA US 01/15/27 C240 Equity,2026-06-15,19.65,14.4,13.271093233972866,14.4,13.271093233972866,14.381425348764223,13.635347874099855,13.286917761347837,13.752938,14.036566921992872,15.100356327556973,11.073640042782587,13.679993755029301
2026-06-08,ITA US 10/16/26 C235 Equity,2026-06-15,16.549999999999997,11.85,11.04587598066084,11.85,11.04587598066084,11.469620434938822,10.923379077839874,11.099783690240429,11.418936,12.341102363394969,12.042886582377802,7.770429740259828,11.023480053623855
2026-06-08,ITA US 10/16/26 C230 Equity,2026-06-15,19.4,13.8,13.201637900458929,13.8,13.201637900458929,13.031813403717361,12.735742497078608,12.647342538248429,13.371388,14.169726987756704,14.750656385921843,10.486371056226018,12.952290537771345
2026-06-08,ITA US 01/15/27 C235 Equity,2026-06-15,22.1,16.4,15.39134723291428,16.4,15.39134723291428,15.546218002039769,15.14080306988877,16.697425589125793,16.435444,16.134513600969502,17.504329839045127,13.894710725607348,15.593706485081272
2026-06-08,ITA US 10/16/26 C245 Equity,2026-06-15,11.850000000000001,8.15,7.4204994309645445,8.15,7.4204994309645445,8.769452533479559,7.851826231659246,8.458081144268217,8.91771,9.19581919349332,9.073844968913551,5.14623606041785,7.511695797845579
2026-06-08,ITA US 12/18/26 C240 Equity,2026-06-15,18.049999999999997,13.15,12.098907036414843,13.15,12.098907036414843,13.017541186843363,12.326825603732418,12.344411430295017,12.58087,13.888082656323638,13.569418053442492,9.62232967765461,12.425851607762064
2026-06-08,ITA US 01/15/27 C245 Equity,2026-06-15,17.15,12.55,11.684387872138736,12.55,11.684387872138736,12.86535422042472,12.046574316191194,11.696764053527806,12.058725,13.28367673283643,12.77526065660761,9.187169435490297,11.873785106636683
2026-06-09,ITA US 01/15/27 C245 Equity,2026-06-16,17.7,13.7,12.886064716880794,13.7,12.886064716880794,13.611855953539365,12.93569649671192,11.347243433788497,11.109126,11.92995636846352,10.893552444932979,8.216973327792655,12.616781462887966
2026-06-09,ITA US 12/18/26 C235 Equity,2026-06-16,21.4,16.05,15.737561241178692,16.05,15.737561241178692,14.837230003930653,14.548636654438344,13.719634247963343,14.562811,15.019114997442188,14.930509010516952,9.527786430706168,14.815014526672218
2026-06-09,ITA US 01/15/27 C250 Equity,2026-06-16,15.65,11.55,11.08362017546065,11.55,11.08362017546065,11.815740769797893,11.080229366023515,9.42160967679698,9.977092,10.483542341845128,9.359215005820396,5.579509468017233,10.48553950319981
2026-06-09,ITA US 10/16/26 C230 Equity,2026-06-16,20.6,14.9,14.901775394117454,14.9,14.901775394117454,14.208671059664471,13.697340971791938,12.364265815903824,13.030658,13.523957516509983,12.29698595221932,8.946755859135456,13.616962473700323
2026-06-09,ITA US 10/16/26 C235 Equity,2026-06-16,17.4,12.7,12.282087140252294,12.7,12.282087140252294,11.6970358094351,11.439188337683003,10.579923693199161,11.013253,11.11036968945032,10.326293121851993,5.718046771218725,11.498970401532114
2026-06-09,ITA US 10/16/26 C245 Equity,2026-06-16,12.65,8.65,8.776617448904148,8.65,8.776617448904148,8.91851885692472,8.343183823084694,6.6571641140718345,7.9303293,7.889603562769253,7.128807614321358,2.640424533253886,7.558031850029707
2026-06-09,ITA US 12/18/26 C230 Equity,2026-06-16,24.35,18.85,18.28584702897021,18.85,18.28584702897021,17.331914482100345,16.835964026195505,16.636101943421462,17.079851,17.780980040648167,17.045660119898216,13.215904915224678,17.558474488930226
2026-06-09,ITA US 01/15/27 C240 Equity,2026-06-16,20.1,15.2,14.783861516447098,15.2,14.783861516447098,14.278902689301148,13.852400721450191,12.622597354693605,12.678116,13.019077316621049,13.735781108168924,8.578288363218538,13.992367535719445
2026-06-09,ITA US 01/15/27 C230 Equity,2026-06-16,25.9,19.9,19.602061533702564,19.9,19.602061533702564,18.152631911364857,17.670689705612062,17.102843304072096,17.92359,18.87780315908185,17.739895431574034,13.95551243954914,18.540905697053656
2026-06-09,ITA US 07/17/26 C230 Equity,2026-06-16,13.600000000000001,8.1,7.790338733999726,8.1,7.790338733999726,8.072029276298032,7.950929834667054,6.143930616783186,8.139006,8.305147124137493,6.8969552954027105,4.383196232025948,6.793361627682295
2026-06-09,ITA US 10/16/26 C250 Equity,2026-06-16,10.350000000000001,7.35,7.425465095801919,7.35,7.425465095801919,8.605397305927482,7.696995888190479,5.8485506597441965,6.6119633,6.165898896572391,6.338162116624898,2.343901782831847,6.3715077181406015
2026-06-09,ITA US 01/15/27 C235 Equity,2026-06-16,22.7,17.4,17.169185524716898,17.4,17.169185524716898,16.043665058187994,15.760082748451048,14.920769109021828,15.422794,16.45767334635549,15.629119720906619,11.939714611884467,16.15143491779849
2026-06-09,ITA US 12/18/26 C245 Equity,2026-06-16,16.25,12.0,11.59874046287963,12.0,11.59874046287963,11.763344576185595,11.16545751697177,9.933443248062348,10.700854,11.211626721892612,10.375986388075056,5.2941409416866145,10.885995796414075
2026-06-09,ITA US 07/17/26 C250 Equity,2026-06-16,3.4499999999999997,1.9,1.5851327002266644,1.9,1.5851327002266644,3.6763348656532138,2.64913977916261,1.747796287310241,2.5743651,2.600293247449024,2.542579764125655,1.1159990430522473,0.9048862660893636
2026-06-09,ITA US 10/16/26 C240 Equity,2026-06-16,14.95,10.600000000000001,10.326494852859597,10.600000000000001,10.326494852859597,10.183190115185491,9.806972118887582,8.204595464035343,9.368781,8.982590231411951,8.456074354336184,3.78473960565755,9.433892021297211
2026-06-09,ITA US 10/16/26 C255 Equity,2026-06-16,9.0,6.1,6.084553864194717,6.1,6.084553864194717,7.186225737034194,6.36808831711638,4.330564129987056,5.1946573,4.358837947607635,5.099428730360048,0.9578397100834192,5.180231920362093
2026-06-09,ITA US 12/18/26 C240 Equity,2026-06-16,18.75,13.85,13.64175403068207,13.85,13.64175403068207,13.00919082915157,12.67613578769721,11.33877777468392,11.791364,12.40975223286043,11.521606651779138,7.162767738738508,12.664795156930504
2026-06-09,ITA US 12/18/26 C250 Equity,2026-06-16,14.100000000000001,10.9,9.755976293896792,10.9,9.755976293896792,10.101457301570882,9.143560742420128,8.86238111820233,10.201922,10.498548401909943,9.328037637506563,5.387259209997375,9.69671324639885
2026-06-10,ITA US 12/18/26 C240 Equity,2026-06-17,20.7,12.55,11.678302140246386,12.55,11.678302140246386,12.142767992878323,11.651463884249647,10.757804059092337,10.56118,10.958043377759468,9.450365846556846,6.031355139123895,11.703927713211826
2026-06-10,ITA US 07/17/26 C230 Equity,2026-06-17,15.65,6.6,5.689004042532485,6.6,5.689004042532485,8.468480623308672,7.8082219771146395,6.712326463232024,6.8408847,6.105329588187526,4.737654235502202,5.234043424962992,5.767723658404234
2026-06-10,ITA US 01/15/27 C240 Equity,2026-06-17,22.2,13.899999999999999,12.834649849917176,13.899999999999999,12.834649849917176,13.201382406918086,12.63649368261558,11.66153747534774,11.317713,11.624647034859601,10.63933877471519,6.738223503876945,12.995857038567015
2026-06-10,ITA US 01/15/27 C235 Equity,2026-06-17,24.75,15.8,14.621409391810264,15.8,14.621409391810264,14.569908306215233,14.163496524510862,14.917764700652295,13.7676935,13.997722219268763,12.771661770375355,9.72098615716604,14.837932847139117
2026-06-10,ITA US 01/15/27 C245 Equity,2026-06-17,19.55,12.2,11.089835722909035,12.2,11.089835722909035,11.575104286804677,11.241774849022907,10.543323552355208,10.0991955,10.60352968059336,8.502026738919202,4.789637653986679,11.3568105580648
2026-06-10,ITA US 10/16/26 C240 Equity,2026-06-17,16.799999999999997,9.4,8.693480056973092,9.4,8.693480056973092,9.158358943886116,8.552692952498251,8.465348189634105,7.886102,7.682931823586844,6.686248719007599,3.1457010810249875,8.53558715785783
2026-06-10,ITA US 10/16/26 C255 Equity,2026-06-17,10.15,5.35,4.821532216344796,5.35,4.821532216344796,6.0238359488638205,5.0420282723110805,4.081771996189325,4.305195,3.761222380147193,3.0119157399465823,0.4285727936425342,4.710224792645893
2026-06-10,ITA US 10/16/26 C250 Equity,2026-06-17,12.25,6.65,6.0412699681689315,6.65,6.0412699681689315,7.239424681810241,6.22173547927323,6.671057051933067,5.759974,5.330382547960253,4.695940690931614,0.8011250316843115,5.950833176910593
2026-06-10,ITA US 10/16/26 C230 Equity,2026-06-17,22.9,13.45,12.620584364793926,13.45,12.620584364793926,12.190787651243696,12.223289652207633,11.502074009986474,11.276189,11.717841989572229,10.77171969042263,7.464443833231409,12.522279121588163
2026-06-10,ITA US 10/16/26 C235 Equity,2026-06-17,20.0,11.2,10.749590409555324,11.2,10.749590409555324,10.834281727222574,10.485596566220813,9.367273779029517,9.086186,9.165536315863251,8.472738536364167,5.421057620354694,10.28351276183081
2026-06-10,ITA US 07/17/26 C250 Equity,2026-06-17,4.7,1.225,0.8167560570837301,1.225,0.8167560570837301,2.853922026721616,1.336381962885195,1.7474704440833349,2.13251,2.1378638812214557,1.0887720003521277,1.2762005737137667,0.5409617637703255
2026-06-10,ITA US 12/18/26 C245 Equity,2026-06-17,18.25,11.0,10.088875889303822,11.0,10.088875889303822,10.772885714656013,10.156540699462063,9.449691960456724,9.471186,9.79749488259022,8.00105723071025,3.7320493530874614,10.189714064285798
2026-06-10,ITA US 01/15/27 C230 Equity,2026-06-17,27.85,17.85,16.549612959791332,17.85,16.549612959791332,16.046430022919118,15.965491854464151,17.005101170033914,16.233027,16.175545498691,14.77319052274548,11.995936272799138,16.831068765951933
2026-06-10,ITA US 12/18/26 C230 Equity,2026-06-17,26.4,16.55,15.43570217648655,16.55,15.43570217648655,14.646768499020087,14.880018926508942,16.03533153584272,15.429401,15.718024429048175,13.884811799366673,11.726673365037616,15.576579881555729
2026-06-10,ITA US 01/15/27 C250 Equity,2026-06-17,16.95,10.9,9.851290809760748,10.9,9.851290809760748,10.608621242509766,9.748055437847196,9.422231456535389,8.989098,9.452358776849213,7.415779035735775,3.0944175512353587,10.076501680373239
2026-06-10,ITA US 10/16/26 C245 Equity,2026-06-17,14.5,7.7,7.202492323726973,7.7,7.202492323726973,8.412414607428484,7.539122443791784,6.8439429966772,5.9056945,6.21181026760662,4.9402883344097575,2.082082374020169,6.966862738934356
2026-06-10,ITA US 12/18/26 C235 Equity,2026-06-17,23.4,14.600000000000001,13.555400996943735,14.600000000000001,13.555400996943735,13.452058289017632,13.091037391651637,12.356190070006797,12.871767,12.687601095235332,11.88853919266271,7.584928516912645,13.656187179301437
2026-06-10,ITA US 12/18/26 C250 Equity,2026-06-17,16.0,9.65,8.6820271093714,9.65,8.6820271093714,9.421395919517089,8.788608874657932,8.910105826803076,8.659221,9.398699354610654,7.012392630801581,2.9121803771214227,8.862370235564748
2026-06-11,ITA US 10/16/26 C230 Equity,2026-06-18,19.95,18.4,18.6045881564837,18.4,18.6045881564837,16.871106160668887,16.07930949512453,16.00842674206725,15.693286,15.596137876754002,15.29072927931664,11.971763022834203,16.068349387492475
2026-06-11,ITA US 01/15/27 C240 Equity,2026-06-18,20.15,18.200000000000003,18.426328111703086,18.200000000000003,18.426328111703086,16.624410896537558,16.19994642503523,15.79812836670405,16.419239,16.13162557130151,16.780261259178165,14.605705130043718,16.282809022383063
2026-06-11,ITA US 10/16/26 C240 Equity,2026-06-18,14.6,13.05,13.236698477424449,13.05,13.236698477424449,12.127607490695544,11.730612467100087,10.882688302691871,12.31659,12.014092306288743,12.20793234232634,10.155595797332351,11.20256200570878
2026-06-11,ITA US 01/15/27 C230 Equity,2026-06-18,25.2,23.35,23.750372129188325,23.35,23.750372129188325,20.80666173214483,20.082007209940947,19.43149771572274,19.54414,20.571341563496706,20.952983851333975,14.98480541051335,20.89769884630662
2026-06-11,ITA US 12/18/26 C235 Equity,2026-06-18,21.1,19.4,19.533803699861636,19.4,19.533803699861636,17.64525191565079,16.76836353397467,16.603611212365493,17.961548,17.646352586643843,17.933674261838235,15.130807843731509,17.378642105763358
2026-06-11,ITA US 12/18/26 C230 Equity,2026-06-18,23.8,21.9,22.193159456037684,21.9,22.193159456037684,19.47881685175653,18.839683786703695,17.753942358889045,18.648415,19.27007690910457,20.148688284919775,14.072374122929878,19.47284515429015
2026-06-11,ITA US 10/16/26 C235 Equity,2026-06-18,17.450000000000003,15.5,15.899203911491915,15.5,15.899203911491915,14.75891628367664,13.76899999231295,12.562055309424165,14.027161,13.179112556060026,14.579877203238343,11.833280784328755,13.554878734148136
2026-06-11,ITA US 12/18/26 C240 Equity,2026-06-18,18.4,16.85,16.92948691565915,16.85,16.92948691565915,14.95761009882373,14.708340072157096,14.377015184935319,15.982955,14.920196740066215,15.647908415004451,13.339712413321122,14.963580015285677
2026-06-11,ITA US 10/16/26 C250 Equity,2026-06-18,10.65,9.100000000000001,9.175730051505552,9.100000000000001,9.175730051505552,9.073738716593443,8.608142530109134,7.000330934788383,9.681709,9.684519660965615,8.969069476471486,6.934152882008718,7.391409636606741
2026-06-11,ITA US 10/16/26 C255 Equity,2026-06-18,9.0,7.8500000000000005,7.727568648681592,7.8500000000000005,7.727568648681592,8.079843921357842,7.653567046400368,6.062626829825105,8.037949,7.203671235724562,6.543652694277199,5.521646514772914,6.216038853296803
2026-06-11,ITA US 12/18/26 C245 Equity,2026-06-18,16.55,14.600000000000001,14.618751093307418,14.600000000000001,14.618751093307418,13.559713036776031,13.162165789491066,11.810596619880824,13.646044,13.101209380448836,13.519019451800428,10.45967895556999,12.78256837549068
2026-06-11,ITA US 01/15/27 C245 Equity,2026-06-18,17.85,15.85,16.00976426193148,15.85,16.00976426193148,14.42408491783592,14.111501958647766,13.166714492665042,14.355849,13.381099465549525,14.719784079206805,11.732506440918536,13.992685253529467
2026-06-11,ITA US 10/16/26 C245 Equity,2026-06-18,12.65,11.05,11.167525819403352,11.05,11.167525819403352,10.546078378093544,10.19659270913283,8.329474952537087,10.454058,9.518396526686262,10.014727301630742,8.055861878521606,9.27810359821531
2026-06-11,ITA US 01/15/27 C235 Equity,2026-06-18,22.55,20.549999999999997,20.83636645341433,20.549999999999997,20.83636645341433,18.52959628430617,17.776689513751887,17.286942058815793,18.225483,18.096313392508865,18.96724630078949,16.89692327630971,18.494712558676362
2026-06-11,ITA US 01/15/27 C250 Equity,2026-06-18,15.85,14.05,13.926637852779573,14.05,13.926637852779573,13.618699943785213,12.902209381105411,11.39916722581889,13.166029,13.158726315882507,13.457988576227947,10.56068170649837,12.279305546599451
2026-06-11,ITA US 12/18/26 C250 Equity,2026-06-18,14.25,12.7,12.650092025314283,12.7,12.650092025314283,12.057976592660639,11.611928495219573,10.817059074088535,12.395954,12.485730100761977,12.333309125363758,9.567816951783303,10.948120195295598
2026-06-12,ITA US 10/16/26 C240 Equity,2026-06-22,12.75,12.75,12.298829369252395,12.75,12.298829369252395,13.51421165349749,11.527854603891731,11.464821505495184,10.699529,9.214197842356077,10.51551454730026,11.799033257615003,11.233251635642848
2026-06-12,ITA US 10/16/26 C255 Equity,2026-06-22,7.45,7.699999999999999,7.159857994622131,7.699999999999999,7.159857994622131,9.580377696030206,7.170364780042522,7.570390003248951,5.716904,5.7415939949382215,6.135798341811079,6.8391506003402425,6.370447718155528
2026-06-12,ITA US 12/18/26 C235 Equity,2026-06-22,18.95,18.45,17.872919221712536,18.45,17.872919221712536,18.07481479225631,16.365597550911556,18.110029177559067,17.53338,15.891901375382277,17.447015422647915,18.05377853589867,16.87907269852758
2026-06-12,ITA US 12/18/26 C250 Equity,2026-06-22,12.45,12.35,11.559922290700214,12.35,11.559922290700214,13.213403147531832,10.950027482483303,11.204937110527965,10.454935,10.52121361847489,10.839993996997972,11.798348307572782,10.900838404976705
2026-06-12,ITA US 10/16/26 C250 Equity,2026-06-22,9.1,9.25,8.694039180466342,9.25,8.694039180466342,10.916414933928198,8.544923044662514,9.292664323296982,7.8399034,8.09349197272808,8.20803373401887,8.942794298038288,7.847193342690151
2026-06-12,ITA US 10/16/26 C230 Equity,2026-06-22,18.05,17.4,16.982629897250675,17.4,16.982629897250675,17.29688330013513,15.347731836197609,17.17703139931923,16.670952,14.131515830644426,17.193592680136327,15.866753190014672,15.531823245691829
2026-06-12,ITA US 10/16/26 C235 Equity,2026-06-22,14.95,14.850000000000001,14.414545512191465,14.850000000000001,14.414545512191465,14.98683078648364,13.22105567074337,13.52103345024922,12.660946,11.533162703441768,13.323417700721883,14.427864494517516,13.299400815051179
2026-06-12,ITA US 12/18/26 C240 Equity,2026-06-22,16.75,16.3,15.5961549820754,16.3,15.5961549820754,16.447063971200976,14.4847349148187,16.219091435555654,15.577083,13.647236012572009,15.257522130184283,16.00800057297104,14.772017386696746
2026-06-12,ITA US 01/15/27 C250 Equity,2026-06-22,14.1,13.350000000000001,12.662890392726444,13.350000000000001,12.662890392726444,14.41740258102068,12.226143928121143,11.853211304188228,10.832234,11.032639273504541,12.486001160540061,11.582439701068287,11.912680675004282
2026-06-12,ITA US 10/16/26 C245 Equity,2026-06-22,10.8,10.75,10.29424208265998,10.75,10.29424208265998,11.913789489921646,9.753596142404952,9.804914370267513,8.907534,8.29834575775814,9.294503138973312,10.550336051725074,9.296917701543531
2026-06-12,ITA US 12/18/26 C230 Equity,2026-06-22,21.4,21.05,20.34854501626336,21.05,20.34854501626336,20.44377936522813,18.386141661488978,19.563274145525234,19.75049,18.28860064332139,20.087604319284914,19.08444924493332,19.155066321400497
2026-06-12,ITA US 01/15/27 C245 Equity,2026-06-22,15.75,15.3,14.67818081155213,15.3,14.67818081155213,15.99791463769241,13.83413152067944,14.282120217748721,13.242481,12.676934936828845,14.155311727207035,14.514970552710702,13.808217226798726
2026-06-12,ITA US 01/15/27 C240 Equity,2026-06-22,18.05,17.5,16.738177541925833,17.5,16.738177541925833,17.47448515140003,15.529384770863265,16.948183086045958,16.421106,14.172291046394427,16.678295212067948,16.25698245456383,15.952719044342508
2026-06-15,ITA US 10/16/26 C235 Equity,2026-06-23,14.9,16.549999999999997,15.419608420406798,16.549999999999997,15.419608420406798,14.393113163143498,13.59796852551788,10.986200956946648,11.940966,9.827924712797063,12.775767591975237,12.235147228247449,14.271060294660117
2026-06-15,ITA US 10/16/26 C240 Equity,2026-06-23,12.45,14.350000000000001,13.451033589079223,14.350000000000001,13.451033589079223,12.464173749722642,11.844842564605791,9.171156282616849,9.666478,9.277206260577223,9.739836003411734,9.85754383758589,12.29344998764384
2026-06-15,ITA US 10/16/26 C245 Equity,2026-06-23,10.25,11.850000000000001,10.78300005079104,11.850000000000001,10.78300005079104,10.452553678558374,9.725011865349334,8.163540145614919,8.579505,7.853162479655474,8.76727733776167,8.729990378636403,9.839069933141156
2026-06-15,ITA US 01/15/27 C250 Equity,2026-06-23,14.15,15.0,13.782876277788876,15.0,13.782876277788876,13.536245354464015,12.860805844863263,10.05595261359381,11.195768,10.5661782276478,10.995237169676935,11.153609160342514,13.024568873791477
2026-06-15,ITA US 12/18/26 C250 Equity,2026-06-23,11.75,12.75,12.157152856385947,12.75,12.157152856385947,11.180789181261385,10.66424412517244,8.907634281141426,9.632481,9.433262088505362,9.430695552737827,9.422030590814733,10.716482769933782
2026-06-15,ITA US 12/18/26 C235 Equity,2026-06-23,18.950000000000003,20.700000000000003,19.282291772546774,20.700000000000003,19.282291772546774,17.912352494411792,16.91984080335298,14.325471003816633,15.319768,14.491797411748475,15.72599998165115,14.84343260673218,18.365511615898548
2026-06-15,ITA US 01/15/27 C245 Equity,2026-06-23,16.05,17.15,15.905591412271994,17.15,15.905591412271994,14.944487646496224,14.214029609992686,11.473270924575777,12.49691,10.954758034197924,12.54756648399845,12.845556638888704,15.07152751811158
2026-06-15,ITA US 10/16/26 C230 Equity,2026-06-23,17.5,19.4,18.469674493755175,19.4,18.469674493755175,17.141677195562647,16.434138721278227,13.437643663212253,14.461167,13.197216697109766,15.36169454523492,14.975184740269873,16.744334607348893
2026-06-15,ITA US 12/18/26 C240 Equity,2026-06-23,16.2,18.049999999999997,16.791034662241074,18.049999999999997,16.791034662241074,15.518857801343696,15.137794929048908,12.518872487115987,13.425588,12.270230577656504,13.586557871074328,14.49422254460778,15.99724799267695
2026-06-15,ITA US 10/16/26 C255 Equity,2026-06-23,7.05,7.8,6.907782090278549,7.8,6.907782090278549,7.084242705222982,6.2186195438460015,5.8235156891907645,5.855363,5.3352262837837205,5.068549047949935,5.781676559959554,5.868994007706458
2026-06-15,ITA US 12/18/26 C230 Equity,2026-06-23,21.6,23.1,21.696540350681015,23.1,21.696540350681015,19.538216469745425,18.95122598130599,18.15330641963345,17.154501,17.77118701758357,17.467876775066546,16.394240739471993,20.391269882858925
2026-06-15,ITA US 10/16/26 C250 Equity,2026-06-23,8.5,10.0,9.149991574608205,10.0,9.149991574608205,9.233174228689386,8.347780566113013,7.296371487107142,7.8403196,7.478407711508153,7.575872936015037,6.867239848566128,8.04375219922378
2026-06-15,ITA US 01/15/27 C240 Equity,2026-06-23,18.25,19.65,18.46413161065541,19.65,18.46413161065541,17.25529115367048,16.682202460002188,13.909204818757416,14.203913,13.775375228609711,15.047919762803327,16.110269925774343,17.54750573736158
2026-06-16,ITA US 01/15/27 C240 Equity,2026-06-24,18.15,20.1,19.30560117878653,20.1,19.30560117878653,15.226671756137199,15.318853719430694,14.518763189296875,14.264287,14.306649530755706,13.577939755455668,11.192554628541517,16.75054822982398
2026-06-16,ITA US 12/18/26 C245 Equity,2026-06-24,14.75,16.25,15.43538120666642,16.25,15.43538120666642,12.491652726508844,11.9692845018018,11.226962581036753,11.241693,10.94079948839691,10.468371904572585,7.132322481559594,12.939543716295669
2026-06-16,ITA US 12/18/26 C235 Equity,2026-06-24,19.15,21.4,20.32644056255392,21.4,20.32644056255392,16.428697152373175,16.027281324180397,15.140368468713005,14.962546,14.994007607358668,14.476294978243672,11.013393916038881,17.66503718683378
2026-06-16,ITA US 01/15/27 C235 Equity,2026-06-24,20.65,22.7,21.792571362062994,22.7,21.792571362062994,17.71335996578793,17.341033502731495,18.08215106730263,16.10782,16.703101014549627,15.293862684409168,13.347271091955468,18.96237781293327
2026-06-16,ITA US 10/16/26 C230 Equity,2026-06-24,18.200000000000003,20.6,20.068296722578793,20.6,20.068296722578793,15.112797021357462,15.249077445190256,14.62302494768613,14.034788,14.044595769496848,13.691374322421623,9.353297889641986,16.528462393146018
2026-06-16,ITA US 12/18/26 C230 Equity,2026-06-24,21.85,24.35,23.603653498926388,24.35,23.603653498926388,18.455371768512517,18.361732900080284,19.718831948224768,17.93978,18.580713496009025,16.668462489232482,13.707682902388687,20.21727295253109
2026-06-16,ITA US 10/16/26 C245 Equity,2026-06-24,10.45,12.65,12.046951405002,12.65,12.046951405002,8.812198250029851,8.599820270522592,8.768838533187697,8.415122,8.37510996287973,7.462454461375286,4.806446737125747,9.301701098640173
2026-06-16,ITA US 10/16/26 C240 Equity,2026-06-24,13.15,14.95,14.367764591662223,14.95,14.367764591662223,11.036954153245311,10.918722045276883,10.073864451136386,9.982464,10.223413971904858,9.24053544037072,7.026041548269626,11.63228542701996
2026-06-16,ITA US 10/16/26 C250 Equity,2026-06-24,9.2,10.350000000000001,9.79998102810307,10.350000000000001,9.79998102810307,7.20206960378147,6.7775979263705945,7.52570418395046,7.2030497,7.830756438005013,5.9182264327273675,3.5094807739877343,7.097526503037702
2026-06-16,ITA US 10/16/26 C235 Equity,2026-06-24,15.1,17.4,16.63723734696819,17.4,16.63723734696819,12.329642531002722,12.287988175782765,12.03956201036703,12.505317,11.137358580264745,11.750990908828802,7.564441304112979,13.659947945914025
2026-06-16,ITA US 12/18/26 C250 Equity,2026-06-24,12.6,14.100000000000001,13.401227894630651,14.100000000000001,13.401227894630651,10.818977292113146,10.260085538396595,9.376228404490794,9.368322,9.801528465178494,8.847413258984874,5.514963846684455,10.822917932888643
2026-06-16,ITA US 01/15/27 C230 Equity,2026-06-24,23.45,25.9,25.15057052393469,25.9,25.15057052393469,20.10202679659675,19.625803281868777,20.111683365222714,18.529484,19.472280564231465,18.171920675417653,14.862353588833658,21.728358117092494
2026-06-16,ITA US 12/18/26 C240 Equity,2026-06-24,16.85,18.75,17.940885988496063,18.75,17.940885988496063,13.5224231538727,13.648905708984278,13.655610974616389,13.021547,12.875713636860615,12.0722412888542,10.287773373911438,15.366700971977876
2026-06-16,ITA US 01/15/27 C250 Equity,2026-06-24,14.0,15.65,14.834225611283088,15.65,14.834225611283088,12.162133085977619,11.800584600410131,10.678440257505942,11.062661,11.165973588712612,10.506324635184187,7.2893151883052605,12.42182969450649
2026-06-16,ITA US 10/16/26 C255 Equity,2026-06-24,7.550000000000001,9.0,8.348865419113052,9.0,8.348865419113052,6.0514558843939845,5.433994382129521,6.514958721532826,6.516173,6.378675018093474,4.8914236830983615,2.6229466471432326,5.7244304230497605
2026-06-16,ITA US 01/15/27 C245 Equity,2026-06-24,16.0,17.7,16.91026189928667,17.7,16.91026189928667,13.557572613005606,13.192196072733116,12.391562046552623,12.749422,12.049304192876074,11.497542374599671,8.743181119519615,14.37114032597674
2026-06-17,ITA US 01/15/27 C250 Equity,2026-06-25,15.25,16.95,15.799010844228672,16.95,15.799010844228672,10.728029752174528,11.608008738922779,14.675774141124396,13.080585,13.704297555677503,13.553334271696786,8.908553204492838,13.185147075288173
2026-06-17,ITA US 01/15/27 C245 Equity,2026-06-25,17.4,19.55,18.463416160880104,19.55,18.463416160880104,13.084948567570105,14.075953535392262,16.466950166923354,14.971857,15.871408800099873,15.150604901866132,12.345278795504605,15.781983667181843
2026-06-17,ITA US 12/18/26 C235 Equity,2026-06-25,21.6,23.4,22.574929148700164,23.4,22.574929148700164,15.8272124480205,16.74050697632018,19.602382454959383,17.48718,19.087505434231147,18.09937984130785,12.814875229053785,18.975373411184655
2026-06-17,ITA US 10/16/26 C250 Equity,2026-06-25,10.2,12.25,11.551499466335292,12.25,11.551499466335292,7.003340114449359,7.86339926142782,10.289324924149094,9.060148,9.839759986057697,8.998674469083515,5.890568873578993,8.565848606692683
2026-06-17,ITA US 12/18/26 C245 Equity,2026-06-25,16.25,18.25,17.164513822277947,18.25,17.164513822277947,11.459503354893387,12.492376986137879,15.644692650971175,13.579753,14.593742070205058,13.903407275993265,9.965663783883587,14.458510418404131
2026-06-17,ITA US 01/15/27 C235 Equity,2026-06-25,22.5,24.75,23.8114957154664,24.75,23.8114957154664,17.348489138321042,18.270172914333635,20.142706996038534,18.683784,19.16130109828225,19.405150380573147,15.182049067274763,20.34275132741421
2026-06-17,ITA US 12/18/26 C240 Equity,2026-06-25,18.65,20.7,19.695001518053147,20.7,19.695001518053147,14.014535851711612,14.537375447604898,16.792340392757925,15.351425,16.45430160152871,15.977458377042836,12.479928909076301,16.67712262950464
2026-06-17,ITA US 01/15/27 C230 Equity,2026-06-25,25.85,27.85,26.688885190209287,27.85,26.688885190209287,20.16109594021506,20.83858640265212,22.795902033660493,20.9238,22.174608466137506,22.169610034201014,17.121160505647005,23.086296881243477
2026-06-17,ITA US 12/18/26 C230 Equity,2026-06-25,24.55,26.4,25.27614175607933,26.4,25.27614175607933,18.27617204493279,19.21924478964168,20.476657855015716,19.224321,19.969483318966418,19.97565697317147,15.270973632031266,21.617876701820112
2026-06-17,ITA US 10/16/26 C255 Equity,2026-06-25,8.55,10.15,9.486693253174534,10.15,9.486693253174534,5.909987505336803,6.538108742319814,8.869870072021445,7.1516185,7.891425246268888,7.497411484035494,3.6667780000512877,6.547038703844892
2026-06-17,ITA US 10/16/26 C245 Equity,2026-06-25,12.55,14.5,13.779678862069494,14.5,13.779678862069494,8.773666151659434,9.776328649716188,11.665406484860322,10.064221,10.68701520755586,9.592056173508869,7.297667938823445,10.77083553738985
2026-06-17,ITA US 10/16/26 C240 Equity,2026-06-25,14.75,16.799999999999997,16.145403507107112,16.799999999999997,16.145403507107112,10.532963889216354,11.236981010087915,14.736254449739254,12.829305,12.83861722692637,13.996446097661998,8.52175721159465,12.799268589248385
2026-06-17,ITA US 10/16/26 C235 Equity,2026-06-25,17.5,20.0,19.232364130140503,20.0,19.232364130140503,13.100342080276842,13.93259424752026,16.4072663023702,15.365594,15.649861836038228,16.171357796263543,10.329451803167894,15.618886284993161
2026-06-17,ITA US 10/16/26 C230 Equity,2026-06-25,20.7,22.9,22.17326049526316,22.9,22.17326049526316,15.697775540069951,16.584198646069318,19.39740151728598,15.489917,17.32974811499016,17.606242489512624,11.666918917433355,18.149612589566715
2026-06-17,ITA US 01/15/27 C240 Equity,2026-06-25,20.0,22.2,21.137534107407195,22.2,21.137534107407195,15.51294920068294,16.10469628747011,17.84130901432994,16.312407,16.657634989321814,17.480567465716554,13.534267833227258,18.17607509481392
2026-06-17,ITA US 12/18/26 C250 Equity,2026-06-25,13.95,16.0,14.929537434468594,16.0,14.929537434468594,10.216183755626163,11.21471834915922,14.131957747458118,11.234223,13.287663261753279,11.72805224362553,8.584370689575342,12.30773843131883
