date,contract,target_date,target_t1,naive_forecast,crr_forecast,pred_naive_random_walk,pred_crr_binomial_roll-down,pred_ols,pred_ridge,pred_randomforest,pred_xgboost,pred_lightgbm,pred_catboost,pred_mlp,pred_elasticnet_delta
2026-05-07,ITA US 10/16/26 C240 Equity,2026-05-14,8.85,9.1,8.6077786781927,9.1,8.6077786781927,12.926779419799944,11.558720288357712,11.058229280788302,9.88716,9.864576360507042,9.73146957458826,7.287294180541442,10.974256344853003
2026-05-07,ITA US 12/18/26 C245 Equity,2026-05-14,10.35,10.3,9.443326732105538,10.3,9.443326732105538,15.016598867738727,13.239710451618583,11.58456503035683,10.905353,11.323683038661503,11.344371547326457,7.26028651031962,12.314516893867067
2026-05-07,ITA US 10/16/26 C235 Equity,2026-05-14,10.600000000000001,11.0,10.466482480968457,11.0,10.466482480968457,14.907077332975224,13.465618330282311,13.135883062856072,11.510075,11.74748894592189,11.81339301091192,9.059906806564834,12.853604992570144
2026-05-07,ITA US 01/15/27 C230 Equity,2026-05-14,17.6,16.9,15.919735841824412,16.9,15.919735841824412,20.347916553700117,19.17425856608216,19.47761515172966,18.369274,19.15744058634513,18.595243668958165,17.192378629340833,18.782810052516627
2026-05-07,ITA US 07/17/26 C230 Equity,2026-05-14,6.949999999999999,7.25,6.772733954347176,7.25,6.772733954347176,10.335369664459785,10.017178485122031,8.558589931388829,7.274408,7.481116466636257,8.553610001092885,7.692196812524848,9.037264030939197
2026-05-07,ITA US 10/16/26 C250 Equity,2026-05-14,6.65,6.35,5.87887409868966,6.35,5.87887409868966,10.955792103104109,9.146385437347288,6.261666118641362,6.2563295,7.3486677411919885,6.093146477161077,4.282418313050565,8.33919607180906
2026-05-07,ITA US 01/15/27 C245 Equity,2026-05-14,11.3,11.25,10.33437473142885,11.25,10.33437473142885,15.578969651713606,13.997803318288902,13.07709579155109,12.242979,12.405219773801742,12.446281422769893,9.278647133938776,13.182044757575136
2026-05-07,ITA US 12/18/26 C230 Equity,2026-05-14,16.3,15.649999999999999,14.65745751833275,15.649999999999999,14.65745751833275,18.88063397364962,17.840689599307147,18.12992074040152,16.908182,17.975134787420558,16.243339566542524,14.650606374799336,17.432089168148828
2026-05-07,ITA US 10/16/26 C245 Equity,2026-05-14,7.35,7.55,7.049054485276237,7.55,7.049054485276237,11.449446479060494,9.906001692563697,8.558393330687203,7.646619,8.050567658083878,7.514311878971287,5.202644550166263,9.38594734205441
2026-05-07,ITA US 01/15/27 C235 Equity,2026-05-14,15.399999999999999,14.8,13.836680954985011,14.8,13.836680954985011,18.70878864257434,17.266409738903477,16.57806548468874,15.535601,16.665953538282423,15.704641180003847,14.715368254619987,16.709961721355217
2026-05-07,ITA US 12/18/26 C235 Equity,2026-05-14,14.0,13.6,12.634247865100308,13.6,12.634247865100308,17.308986180013406,15.9318088361725,15.1526369483716,13.812892,14.686876981301696,14.361287251236975,11.342636593919403,15.322758691439935
2026-05-07,ITA US 10/16/26 C230 Equity,2026-05-14,12.85,12.75,12.384772176856856,12.75,12.384772176856856,16.069594439623188,15.07515479075293,14.612195727329869,12.933347,13.632319604653716,13.582366224688947,11.023398880117304,14.596815771139152
2026-05-07,ITA US 01/15/27 C240 Equity,2026-05-14,13.3,12.85,12.065620296343155,12.85,12.065620296343155,17.240627867347687,15.739627074320957,14.557258883007693,13.665499,14.619191871267978,14.18934353166128,11.934911999837713,14.821329790876247
2026-05-07,ITA US 12/18/26 C250 Equity,2026-05-14,8.600000000000001,8.7,7.9113614335302715,8.7,7.9113614335302715,12.954029789324345,11.478117175980396,10.289232876152793,9.512867,9.558885988947097,9.41822779457251,6.474888479130464,10.580350850181595
2026-05-07,ITA US 12/18/26 C240 Equity,2026-05-14,12.75,12.0,11.070441103146244,12.0,11.070441103146244,15.732888143913113,14.193247742396583,13.400211728653955,12.464786,12.696713123175895,12.386893270290765,9.721123394841912,13.796674308734765
2026-05-07,ITA US 10/16/26 C255 Equity,2026-05-14,5.3,5.3,5.110445419282524,5.3,5.110445419282524,9.645243675511152,8.245768760135496,5.6450112112338715,5.4244237,5.463912380838928,4.7203539827225764,3.679068134417776,7.455588483969871
2026-05-07,ITA US 01/15/27 C250 Equity,2026-05-14,10.0,10.05,9.301772946233449,10.05,9.301772946233449,15.175951428746611,13.462261235111093,11.622128830020594,10.791827,10.980631034331594,10.984764119479793,6.948292395730036,12.190130480452689
2026-05-07,ITA US 07/17/26 C250 Equity,2026-05-14,2.1500000000000004,2.1,1.8183916104115372,2.1,1.8183916104115372,6.456618691660028,4.814693755277542,2.2783791400633624,2.1638787,1.9687176054527853,2.9907378579188855,4.523715623210532,3.9720440695949177
2026-05-08,ITA US 01/15/27 C230 Equity,2026-05-15,14.35,17.25,16.39177367285835,17.25,16.39177367285835,20.09666698755877,19.39162303378182,19.677369236503157,18.764193,19.70529663576501,19.15131408390829,16.563453131089393,19.26591235924398
2026-05-08,ITA US 07/17/26 C250 Equity,2026-05-15,0.875,2.4749999999999996,2.1947018265168103,2.4749999999999996,2.1947018265168103,7.344342437791543,6.012926929984752,2.47613878979386,2.5568233,2.291307240556452,3.8623426279056137,1.3729999917231233,5.004630432476178
2026-05-08,ITA US 12/18/26 C250 Equity,2026-05-15,6.6,8.85,8.074337550864456,8.85,8.074337550864456,12.746951223827303,11.626080666310887,13.128771619298027,11.586006,12.78140064887147,10.45410676490031,5.580190682372269,10.947734304689636
2026-05-08,ITA US 07/17/26 C230 Equity,2026-05-15,3.95,7.0,6.578986436597179,7.0,6.578986436597179,9.956836572423587,9.692320423876659,10.19776788415454,8.253051,9.435417550685138,8.445487041026638,6.4201286094288275,8.676454278303499
2026-05-08,ITA US 12/18/26 C235 Equity,2026-05-15,11.75,14.2,13.253359234690057,14.2,13.253359234690057,17.80179960668686,16.699917782295632,17.184888650949944,15.841069,17.29258420259418,15.239433099987584,11.068148724063914,16.282196288299275
2026-05-08,ITA US 10/16/26 C245 Equity,2026-05-15,4.65,7.6499999999999995,7.158213208230791,7.6499999999999995,7.158213208230791,12.004270502524376,10.625740542912968,10.361472244664755,8.543478,12.051375754586637,9.315664490610539,3.406987966063952,9.874753429310303
2026-05-08,ITA US 12/18/26 C230 Equity,2026-05-15,13.4,16.2,15.276014067908243,16.2,15.276014067908243,18.687652649246928,18.08126470830588,19.203512556683304,17.552866,18.436402135679213,17.36215267464832,13.828521126171946,18.258015787411786
2026-05-08,ITA US 01/15/27 C240 Equity,2026-05-15,10.85,13.4,12.538313660247198,13.4,12.538313660247198,17.426624541098484,16.078143015361412,16.26229397330966,15.26765,15.915395733227761,15.07391126412546,10.53555599245884,15.501998808595053
2026-05-08,ITA US 12/18/26 C240 Equity,2026-05-15,10.25,12.25,11.364204315769651,12.25,11.364204315769651,16.287903034797758,14.952749720205825,15.841003032970674,14.446362,15.572295389469385,12.951132721785099,9.072498321422614,14.425384567923974
2026-05-08,ITA US 10/16/26 C230 Equity,2026-05-15,9.149999999999999,12.8,12.23225049026308,12.8,12.23225049026308,15.965703406591476,15.198109567398188,16.16110371293138,14.541166,15.881194923561688,14.380296593235977,9.725390051986178,14.828114330537643
2026-05-08,ITA US 12/18/26 C245 Equity,2026-05-15,8.15,10.2,9.3325827688241,10.2,9.3325827688241,14.433482096688003,13.128205638374729,14.084629351563702,12.790889,13.529714877549784,11.742474980568323,6.609662610120752,12.197194529125824
2026-05-08,ITA US 01/15/27 C235 Equity,2026-05-15,12.5,15.0,14.19005139552139,15.0,14.19005139552139,18.32882718267267,17.409104646637676,17.785247005775688,17.038813,17.946651072724386,16.766880923073142,13.82184393645396,17.055305110960564
2026-05-08,ITA US 01/15/27 C245 Equity,2026-05-15,9.399999999999999,11.5,10.778884378075752,11.5,10.778884378075752,15.597294391287107,14.411547731132488,15.27556772747689,13.905768,15.054943839603787,12.885723547051724,7.969232327217764,13.644545055623208
2026-05-08,ITA US 10/16/26 C240 Equity,2026-05-15,6.45,9.2,8.735856307969565,9.2,8.735856307969565,13.29672515103843,11.851703873374072,13.588571307865031,11.82157,13.113330663773409,10.526945497522705,4.458289777673758,11.128844923148634
2026-05-08,ITA US 10/16/26 C235 Equity,2026-05-15,7.6,10.8,10.262521943062703,10.8,10.262521943062703,14.974007431428799,13.797189827650728,14.385554653201522,12.82663,13.888961505797475,12.015162234534348,6.6811169340774335,12.874058301013804
2026-05-08,ITA US 01/15/27 C250 Equity,2026-05-15,8.2,10.05,9.251950237645952,10.05,9.251950237645952,14.720900743906258,13.42569695595842,14.029178896601875,12.761203,13.573916413658608,11.6486326929709,6.240692786122226,12.357273331498206
2026-05-08,ITA US 10/16/26 C250 Equity,2026-05-15,3.7,6.4,6.044018427410096,6.4,6.044018427410096,11.109172957041864,9.533017215835617,8.110845982272695,7.710719,10.099192696228135,6.932885003903111,3.073837450539653,8.525111113167611
2026-05-08,ITA US 10/16/26 C255 Equity,2026-05-15,3.0,5.25,4.847896160647052,5.25,4.847896160647052,10.168450210093344,8.636445736608382,6.075027244354718,5.9016495,6.625146811564785,5.879990789563606,2.1285544466468633,7.701899532931517
2026-05-11,ITA US 01/15/27 C240 Equity,2026-05-18,11.4,13.75,13.169764235124209,13.75,13.169764235124209,17.169442810314717,16.296542760781286,16.425076321048287,15.598861,15.87737121486754,15.348563127646095,13.133704628382525,15.246342465309178
2026-05-11,ITA US 10/16/26 C245 Equity,2026-05-18,6.0,8.05,7.7031017551525975,8.05,7.7031017551525975,11.267037575716962,10.29771325303195,12.026672552218933,10.25639,11.59961122675567,10.069819853492387,5.736318577850154,9.557561059407385
2026-05-11,ITA US 01/15/27 C235 Equity,2026-05-18,13.15,16.0,15.419431377493831,16.0,15.419431377493831,18.286177043046628,17.58219752452836,19.024328128739434,18.038376,19.000696733148907,17.464041044570337,14.898456794696681,17.386866426606503
2026-05-11,ITA US 01/15/27 C250 Equity,2026-05-18,8.6,10.45,9.89171912240228,10.45,9.89171912240228,13.97926028717491,12.994194828708972,14.197531304373385,13.346269,13.929642023329473,12.557347952948243,8.150421432019352,11.964669229534547
2026-05-11,ITA US 10/16/26 C230 Equity,2026-05-18,10.2,13.75,13.527603695614502,13.75,13.527603695614502,15.540372988095209,15.439879413604016,16.55125469381346,15.3382015,16.472704534442183,15.412392502932938,11.92344117606456,15.126282094797709
2026-05-11,ITA US 01/15/27 C230 Equity,2026-05-18,15.0,18.3,17.717832577921154,18.3,17.717832577921154,20.172849161208603,19.7383363457142,19.908092566251355,19.64816,20.423690255853096,20.303416917470603,17.762628381149806,19.7125131897303
2026-05-11,ITA US 12/18/26 C235 Equity,2026-05-18,12.05,14.8,14.283145565346597,14.8,14.283145565346597,17.48387204994713,16.864545615358853,17.605831426773985,16.783873,18.263204149263125,15.969903134917809,12.568496174729965,16.331147889236846
2026-05-11,ITA US 10/16/26 C235 Equity,2026-05-18,8.399999999999999,11.55,11.311869613450071,11.55,11.311869613450071,14.089668632733524,13.570604522162778,15.34258331553929,13.918159,14.846679922801323,12.829376005762125,7.874736943060473,12.975757585857922
2026-05-11,ITA US 12/18/26 C230 Equity,2026-05-18,14.05,17.1,16.6806009972062,17.1,16.6806009972062,18.878109441063117,18.608746862359595,19.788919856218136,19.22209,19.824564333739968,19.184750689687483,16.666901188359432,18.634463804138672
2026-05-11,ITA US 12/18/26 C250 Equity,2026-05-18,7.3,9.350000000000001,8.822161113924373,9.350000000000001,8.822161113924373,12.233883549477692,11.33603664756228,13.761460044310601,12.512231,12.960598976969964,11.112836760365663,7.224749069874727,10.74069695868813
2026-05-11,ITA US 10/16/26 C250 Equity,2026-05-18,4.65,6.35,6.109883490585929,6.35,6.109883490585929,9.824675777392628,8.808522568883111,6.839977176897425,7.298081,7.389678636253682,7.580299143168914,4.963445979340369,7.899426558758002
2026-05-11,ITA US 12/18/26 C240 Equity,2026-05-18,10.399999999999999,12.850000000000001,12.375117218442965,12.850000000000001,12.375117218442965,15.851410767351599,14.974051220438014,16.256675039567547,15.117822,15.431808338712495,14.244858419806288,10.818650627460755,14.405433878643962
2026-05-11,ITA US 07/17/26 C250 Equity,2026-05-18,1.625,2.375,2.0273566566419357,2.375,2.0273566566419357,6.259515822137767,4.8566597608609126,2.356567889508119,2.9300508,2.253006692639494,4.513631604325768,2.936679697045856,3.827928822499469
2026-05-11,ITA US 07/17/26 C230 Equity,2026-05-18,4.85,7.5,6.982352536187664,7.5,6.982352536187664,8.317026637790025,8.774220104866636,10.361213877271096,8.659661,9.0740554968752,10.09871069837955,9.989099221862332,8.19005385636423
2026-05-11,ITA US 01/15/27 C245 Equity,2026-05-18,9.75,12.15,11.542435235292247,12.15,11.542435235292247,15.501727284795512,14.440181556127072,15.686454496688448,14.546751,15.052642007517356,13.52360118474224,10.402381358346211,13.638943363912048
2026-05-11,ITA US 10/16/26 C240 Equity,2026-05-18,6.75,9.55,9.30496606719968,9.55,9.30496606719968,12.916184700137087,11.964393295247376,13.866675819521722,12.520799,13.955181294259242,11.35640963413513,6.957334104523506,11.019829997023876
2026-05-11,ITA US 12/18/26 C245 Equity,2026-05-18,8.7,10.9,10.378131495339584,10.9,10.378131495339584,13.724076300385438,12.851172983698035,14.67511048105576,13.371354,14.006514587264368,12.976648567089276,7.4116695674396125,12.24557470258656
2026-05-11,ITA US 10/16/26 C255 Equity,2026-05-18,3.5250000000000004,5.2,4.871219476199117,5.2,4.871219476199117,8.598635542690833,7.705964178741609,6.028852485198509,6.108443,6.741814220333633,6.1914633274203075,3.501933063100718,6.846628936414694
2026-05-12,ITA US 10/16/26 C235 Equity,2026-05-19,7.800000000000001,10.9,10.50612774104097,10.9,10.50612774104097,11.913765901749718,11.632575653876518,10.137279617785932,11.933126,11.028283871851224,11.545590277234679,5.597924665565702,11.376486436672707
2026-05-12,ITA US 12/18/26 C240 Equity,2026-05-19,9.8,12.25,11.834830834938446,12.25,11.834830834938446,13.729241879393735,13.0721806886174,11.647738021370627,13.210689,12.231684629967933,12.185275312830013,7.245437668923868,12.835459761963225
2026-05-12,ITA US 10/16/26 C245 Equity,2026-05-19,5.75,7.3999999999999995,7.086478564920609,7.3999999999999995,7.086478564920609,8.877868443245651,8.259245550265629,7.444381826605152,8.854296,7.909195089643491,7.981119206405963,2.4049993845729802,7.881845087058716
2026-05-12,ITA US 12/18/26 C245 Equity,2026-05-19,8.3,10.5,9.98406201576194,10.5,9.98406201576194,12.43755243053502,11.608183096374638,10.157386441770587,12.160251,11.292225103695179,11.089577703069079,5.136222124992356,11.04669916263169
2026-05-12,ITA US 01/15/27 C250 Equity,2026-05-19,7.65,10.05,9.599669728253279,10.05,9.599669728253279,12.101150148867351,11.336430586709364,10.030566034301552,11.664879,10.562179559120178,10.447802025002675,4.664980416794175,10.659659970463071
2026-05-12,ITA US 01/15/27 C240 Equity,2026-05-19,10.75,13.45,13.013704252438016,13.45,13.013704252438016,14.737334089502705,14.24625794647083,12.584036617873313,13.911807,12.852108835995303,13.39258008564532,7.899716165051928,14.021473704819208
2026-05-12,ITA US 12/18/26 C250 Equity,2026-05-19,6.9,8.9,8.426756926691878,8.9,8.426756926691878,10.585551586143872,9.823354329782877,8.72865208347529,11.177101,9.559451429053569,9.745522288393982,3.583757231260201,9.47304837947112
2026-05-12,ITA US 10/16/26 C240 Equity,2026-05-19,6.300000000000001,9.05,8.857562565928703,9.05,8.857562565928703,10.491940572381914,10.011912830178595,8.578658856562074,11.215813,10.266525811213894,9.862574930346662,3.514561540123258,9.57821640529077
2026-05-12,ITA US 01/15/27 C245 Equity,2026-05-19,9.4,11.65,11.191486696616101,11.65,11.191486696616101,13.559505900730517,12.803885480148884,11.17330551719771,12.842551,11.738782157055715,12.005740874075054,6.595834872910445,12.269660264294968
2026-05-12,ITA US 01/15/27 C235 Equity,2026-05-19,12.55,15.45,14.881593703538579,15.45,14.881593703538579,16.433221120791032,16.006007473610204,14.66571745212166,15.723439,15.577963627581566,15.37088748848569,12.103114964191846,16.000180271833937
2026-05-12,ITA US 07/17/26 C250 Equity,2026-05-19,1.6749999999999998,2.6,2.3455939759612607,2.6,2.3455939759612607,5.239740610748733,4.302360605962184,2.2031375893090104,2.769438,2.3902139084768526,3.7236370222439703,1.9708461624892601,3.4405912434252737
2026-05-12,ITA US 12/18/26 C230 Equity,2026-05-19,13.2,16.45,16.0405507510409,16.45,16.0405507510409,16.854263242145883,16.800113314643006,15.89919903066025,16.843784,16.444678208805527,17.25986688725246,13.554201123430508,17.057869421903447
2026-05-12,ITA US 10/16/26 C230 Equity,2026-05-19,9.75,13.25,12.926660444862492,13.25,12.926660444862492,13.891676394557642,13.999167924576273,12.330484505670416,13.672628,13.103398645343212,13.864954585501248,10.32045106928836,13.772140541614819
2026-05-12,ITA US 12/18/26 C235 Equity,2026-05-19,11.1,14.3,13.88622132378409,14.3,13.88622132378409,15.258441873221456,14.874415368774024,13.133565673351983,14.85262,13.792816675521566,14.186232944327994,8.911328557937937,14.865247707430179
2026-05-12,ITA US 10/16/26 C250 Equity,2026-05-19,5.0,6.25,6.042707623634723,6.25,6.042707623634723,7.737573717854281,7.026061832830548,5.943581175706108,6.4525146,7.077096228987528,5.845311470752357,1.1246914359443498,6.764868685659879
2026-05-12,ITA US 07/17/26 C230 Equity,2026-05-19,4.65,7.65,7.424599171956348,7.65,7.424599171956348,6.812110488138106,7.872135922750724,7.27601548312477,8.02128,8.483577781028252,9.820654302872068,5.732919187845604,7.718159356839108
2026-05-12,ITA US 01/15/27 C230 Equity,2026-05-19,14.4,17.55,17.136076661575842,17.55,17.136076661575842,17.996966035005936,17.95370293219571,16.658022932437973,17.299671,17.755540117552034,18.149703841235713,14.72567472707968,18.056517856102726
2026-05-12,ITA US 10/16/26 C255 Equity,2026-05-19,3.75,5.35,5.110646423737449,5.35,5.110646423737449,6.849902547767264,6.193362279240501,5.5882447587416335,5.837219,6.051067253838417,5.281906694639684,1.080493092996468,6.041648700019451
2026-05-13,ITA US 01/15/27 C250 Equity,2026-05-20,9.15,10.2,9.749693971766247,10.2,9.749693971766247,11.404066533335293,10.822172792948535,9.28115423702924,9.683669,9.13587816367951,9.645197919815114,4.114577757717451,10.39967218091526
2026-05-13,ITA US 10/16/26 C235 Equity,2026-05-20,9.399999999999999,10.9,10.5736684341112,10.9,10.5736684341112,10.244725655094744,10.462760908837083,9.382905936553392,9.697347,9.02928834810185,10.154536863430218,4.561282098448649,10.769507271396456
2026-05-13,ITA US 10/16/26 C240 Equity,2026-05-20,7.5,8.8,8.493571740408177,8.8,8.493571740408177,8.551413676076187,8.482517358767096,7.6028023136742275,8.715093,8.029826768049361,8.51127019717534,2.674072195206094,8.639089949314261
2026-05-13,ITA US 07/17/26 C250 Equity,2026-05-20,1.875,2.925,2.658459143239388,2.925,2.658459143239388,6.408948620568651,5.256859920478281,3.2074954486860827,2.925672,2.953151294145003,2.6091052642364847,1.8985860861108237,3.8652780017717667
2026-05-13,ITA US 10/16/26 C245 Equity,2026-05-20,6.4,7.95,7.65312520440609,7.95,7.65312520440609,8.069583145571652,7.535235454761229,7.086944521835721,7.5994625,7.549963352988939,7.65902467525285,2.5643710886323157,7.805386180892005
2026-05-13,ITA US 10/16/26 C255 Equity,2026-05-20,4.35,5.0,4.742069324186945,5.0,4.742069324186945,5.883756829272034,5.402585995535178,5.037119673340192,5.064971,5.59572050840921,4.228265555702961,1.25750824033834,5.269940408164938
2026-05-13,ITA US 07/17/26 C230 Equity,2026-05-20,5.9,7.65,7.402858597308873,7.65,7.402858597308873,7.1669314452855035,7.858007397578417,6.627531966961763,6.3618145,6.970025051352219,8.54385617230697,4.64711610228747,7.515794443878186
2026-05-13,ITA US 10/16/26 C250 Equity,2026-05-20,5.25,6.55,6.257173805104765,6.55,6.257173805104765,7.087575280516319,6.376443563647589,6.544020581212706,6.321636,6.64038459591332,6.11633628767971,1.8243641977142144,6.532676433317599
2026-05-13,ITA US 10/16/26 C230 Equity,2026-05-20,11.0,13.3,12.99473653631454,13.3,12.99473653631454,11.949166687500751,12.513319759403824,11.858329961974755,11.4016905,11.35931100543668,12.623951520886218,7.409962671313708,13.255472006090764
2026-05-13,ITA US 12/18/26 C240 Equity,2026-05-20,11.1,12.95,12.47680331556833,12.95,12.47680331556833,13.966410245986474,13.368409146884996,11.739568280994567,11.479215,11.066794515327908,11.740438488894203,7.492953330142673,13.396400989569228
2026-05-13,ITA US 12/18/26 C250 Equity,2026-05-20,7.9,8.85,8.257805064776218,8.85,8.257805064776218,9.271650700549106,8.883872147825059,8.105100650038615,9.128398,7.820036565655223,8.602823799534434,2.636181012867309,8.93142718265697
2026-05-13,ITA US 01/15/27 C245 Equity,2026-05-20,10.35,11.5,11.197134855191162,11.5,11.197134855191162,12.395469451066997,12.010537936019293,10.329779962326649,10.619943,10.329037525978478,10.602583432529205,5.562434594313492,11.662887573190492
2026-05-13,ITA US 12/18/26 C230 Equity,2026-05-20,15.35,16.75,16.224616950676264,16.75,16.224616950676264,16.107444100849634,16.22423478288673,16.355750012433255,15.993039,16.452228043914026,16.61178199062239,12.716447645158242,16.906084071010216
2026-05-13,ITA US 01/15/27 C235 Equity,2026-05-20,14.05,15.649999999999999,15.408253534513149,15.649999999999999,15.408253534513149,15.721726068251483,15.572718299648196,14.832006833009565,13.701374,14.603949343163796,13.647283983418914,11.280954095656178,15.784295039789248
2026-05-13,ITA US 01/15/27 C240 Equity,2026-05-20,12.35,13.75,13.467687694642542,13.75,13.467687694642542,14.659869148405038,14.11735043754141,12.299283007318287,11.728188,11.572215062081563,12.195819587998422,7.977432903122671,13.912859710451281
2026-05-13,ITA US 12/18/26 C235 Equity,2026-05-20,13.0,14.75,14.255012133762214,14.75,14.255012133762214,15.166740913953195,14.773562968096362,13.237878374377122,12.80184,12.678227173391754,13.155977984964052,9.340424189276366,15.005416068917421
2026-05-13,ITA US 12/18/26 C245 Equity,2026-05-20,9.4,10.35,9.848313676521295,10.35,9.848313676521295,10.81289961616406,10.471507729889227,9.406870264261498,10.021872,9.739584780232647,9.961003747978184,3.265719435014432,10.408904547303068
2026-05-13,ITA US 01/15/27 C230 Equity,2026-05-20,16.4,18.15,17.916756121002596,18.15,17.916756121002596,18.319043950221463,18.242841768510516,17.248455550005286,16.512888,17.25122798015398,16.882432802394142,14.161275739306962,18.29201338625296
2026-05-14,ITA US 01/15/27 C245 Equity,2026-05-21,10.350000000000001,11.3,10.39761557758344,11.3,10.39761557758344,12.168054920961131,11.423820157165881,10.00338913155195,10.419365,10.740904173211328,9.482613271138257,5.9201088400001325,11.248000959401654
2026-05-14,ITA US 01/15/27 C250 Equity,2026-05-21,9.2,10.0,9.15560583215211,10.0,9.15560583215211,11.44595820942882,10.639461509037133,9.028340136796258,9.768152,9.845263906250384,8.505254127190263,4.716311998018707,10.155041656051635
2026-05-14,ITA US 10/16/26 C255 Equity,2026-05-21,4.325,5.3,4.852671302985447,5.3,4.852671302985447,6.26582664554724,5.557919275741169,5.32386583331929,5.127823,5.310714625926656,4.084239139129675,1.1357269236349967,5.505528179600098
2026-05-14,ITA US 10/16/26 C240 Equity,2026-05-21,7.8,8.85,8.114099667486819,8.85,8.114099667486819,8.629368843174369,8.1847228758393,7.435518414591947,8.91261,8.874162727870056,7.9077486594448665,2.721064289602371,8.493805959092288
2026-05-14,ITA US 12/18/26 C250 Equity,2026-05-21,7.85,8.600000000000001,7.732265021616247,8.600000000000001,7.732265021616247,8.815165989297626,8.299177325179267,7.701912745637889,8.79947,8.198851847605912,8.029348589388206,2.987794743535939,8.45500696407914
2026-05-14,ITA US 10/16/26 C250 Equity,2026-05-21,5.35,6.65,6.086638928206144,6.65,6.086638928206144,8.124648934386236,6.86484141861677,6.400330477856629,6.4277906,6.981529396272654,5.777280035971684,2.5711425171758404,6.6978670954594195
2026-05-14,ITA US 01/15/27 C235 Equity,2026-05-21,14.05,15.399999999999999,14.448221296857705,15.399999999999999,14.448221296857705,16.0554325901997,15.34968942193617,14.383113618370507,13.295906,15.27369204394755,12.845082199019673,11.899531920703986,15.470385626116364
2026-05-14,ITA US 10/16/26 C230 Equity,2026-05-21,11.0,12.85,12.095906895680452,12.85,12.095906895680452,11.956725771850817,12.004289386262434,11.374181198195675,11.068694,11.874844128775935,10.982330195953573,7.013677653580592,12.584743434521759
2026-05-14,ITA US 10/16/26 C245 Equity,2026-05-21,6.25,7.35,6.761630842176382,7.35,6.761630842176382,8.494588694625275,7.595215110017332,6.579394843505093,7.164519,7.179316211879329,6.392640221959356,2.86629218239965,7.333187431869261
2026-05-14,ITA US 12/18/26 C245 Equity,2026-05-21,9.3,10.35,9.408672097975,10.35,9.408672097975,10.967641019299398,10.2431504836611,9.217643506512372,10.058309,10.118373159121399,9.164203068487058,4.187159177185458,10.27762327121404
2026-05-14,ITA US 01/15/27 C230 Equity,2026-05-21,16.2,17.6,16.594063180420605,17.6,16.594063180420605,17.787798034115582,17.412993034812168,16.395177806086313,16.015242,17.608645239732855,15.18137385592059,14.069268371505101,17.69403877893556
2026-05-14,ITA US 10/16/26 C235 Equity,2026-05-21,9.5,10.600000000000001,9.90560623444164,10.600000000000001,9.90560623444164,10.261980304265311,10.07750915258979,8.898390105963923,9.8069515,10.127671934363617,9.118337507192813,4.279773287427158,10.31007116078609
2026-05-14,ITA US 07/17/26 C250 Equity,2026-05-21,1.75,2.1500000000000004,1.7923451928836003,2.1500000000000004,1.7923451928836003,5.262418824619997,3.689441152839791,2.597524561119005,2.498888,2.0383719466189643,2.0951345651649778,2.2782229113048267,2.7493674328656637
2026-05-14,ITA US 01/15/27 C240 Equity,2026-05-21,12.05,13.3,12.397470852521,13.3,12.397470852521,14.445999902757395,13.524214475217326,11.938812037714994,11.722119,12.439805078894887,11.254680960080401,8.310016090378923,13.307035628020328
2026-05-14,ITA US 12/18/26 C240 Equity,2026-05-21,10.95,12.75,11.768706491475193,12.75,11.768706491475193,13.980210326272577,12.924718726599142,11.616189099644725,11.364196,12.54657238811903,10.780939449005023,8.108337115015159,12.920657223370306
2026-05-14,ITA US 12/18/26 C230 Equity,2026-05-21,15.15,16.3,15.202916025223082,16.3,15.202916025223082,15.822218272695123,15.657080565482715,15.608631882958585,15.163892,15.946277125871525,14.66884062882033,12.61673624625238,16.284259604525904
2026-05-14,ITA US 12/18/26 C235 Equity,2026-05-21,12.8,14.0,12.986436431588695,14.0,12.986436431588695,14.492364786468897,13.940888823163613,12.409407757478379,12.254106,12.648615150555377,12.252731572908447,9.200378208445217,13.996765538980057
2026-05-14,ITA US 07/17/26 C230 Equity,2026-05-21,5.7,6.949999999999999,6.2964537830708975,6.949999999999999,6.2964537830708975,6.406048332741392,6.830958488135857,6.380226949091387,6.3816853,5.929666127455271,6.376941249044017,5.246932993396587,6.4798919468696115
2026-05-15,ITA US 10/16/26 C240 Equity,2026-05-22,8.55,6.45,5.514629512512759,6.45,5.514629512512759,6.878518809029739,6.107985591604891,7.266443041750497,7.716122,7.992477249955627,5.8190983069284865,3.3922801447257096,6.474651448207666
2026-05-15,ITA US 12/18/26 C240 Equity,2026-05-22,12.05,10.25,9.29855751535887,10.25,9.29855751535887,12.665014613484235,11.46537939829178,10.470864527627068,10.816387,10.279952162218468,10.003843316793454,8.230493999330141,11.061950753515607
2026-05-15,ITA US 01/15/27 C235 Equity,2026-05-22,15.45,12.5,11.591272394626015,12.5,11.591272394626015,14.112923094455956,13.333013559518172,12.577956024174922,12.687461,12.810183364830365,11.765062647495977,11.401267113399577,13.021122541125248
2026-05-15,ITA US 10/16/26 C250 Equity,2026-05-22,6.15,3.7,3.3195324665281785,3.7,3.3195324665281785,4.6216744465871535,3.6977116611248313,4.817958986357003,4.5533915,4.263996623314367,3.673237275165061,2.7814781913379756,3.906388074792631
2026-05-15,ITA US 10/16/26 C235 Equity,2026-05-22,10.4,7.6,6.886368631769949,7.6,6.886368631769949,7.9598798164606315,7.4534395936477,8.12362182568366,7.9895434,7.985351200323835,7.368698882190468,4.451441640802393,7.480811551831825
2026-05-15,ITA US 01/15/27 C245 Equity,2026-05-22,11.6,9.399999999999999,8.57025632763832,9.399999999999999,8.57025632763832,11.025605209688539,10.248052890505102,10.000080716423948,9.658833,9.418038948110514,8.44092188993524,7.551500457362787,9.95899515078827
2026-05-15,ITA US 12/18/26 C235 Equity,2026-05-22,14.1,11.75,10.652456466017474,11.75,10.652456466017474,13.25523083936173,12.333226253872438,12.018956591125077,12.049817,11.662757442304951,11.382275387573708,9.61335900871495,12.280729053520504
2026-05-15,ITA US 01/15/27 C240 Equity,2026-05-22,13.35,10.85,9.987976201188076,10.85,9.987976201188076,12.764198503009801,11.824012777826837,10.82755085761831,11.068454,10.104497394009444,9.924247360222406,8.878597258681017,11.373988809198439
2026-05-15,ITA US 12/18/26 C250 Equity,2026-05-22,8.9,6.6,5.924815724421256,6.6,5.924815724421256,7.082278048695982,6.597809493160433,8.395123873732299,7.3905106,7.858593649280643,6.972333399608165,4.443271450703264,6.828382642163394
2026-05-15,ITA US 10/16/26 C255 Equity,2026-05-22,4.65,3.0,2.4096946712766796,3.0,2.4096946712766796,3.2035299139449087,2.4816248258135705,4.149189488985909,3.5329201,4.033392720765031,3.106699738569043,1.6698653842101798,3.2576103082480845
2026-05-15,ITA US 01/15/27 C250 Equity,2026-05-22,10.05,8.2,7.550483567980329,8.2,7.550483567980329,10.137242630468021,9.418981464197786,8.875798685951109,8.517394,8.183855240713703,7.861403193870163,6.107927355560289,8.914770674288084
2026-05-15,ITA US 07/17/26 C250 Equity,2026-05-22,1.5499999999999998,0.875,0.7799906302561044,0.875,0.7799906302561044,1.792441499743589,0.26079787579049807,2.1181256393593832,1.5146811,1.47966438609042,1.8429409343761982,3.296029310076206,1.1505092296728183
2026-05-15,ITA US 12/18/26 C230 Equity,2026-05-22,16.2,13.4,12.349256167678531,13.4,12.349256167678531,14.407083169632774,13.837816823204129,13.405856971436938,13.661459,13.226196545631385,13.038773759926938,12.143052496242497,13.895984899176618
2026-05-15,ITA US 07/17/26 C230 Equity,2026-05-22,6.050000000000001,3.95,3.4743850806906607,3.95,3.4743850806906607,3.3819672801664904,3.5854328037298373,4.825013483321207,4.5191,3.400734717649212,4.631073924227451,5.813029016811383,3.5554136250473434
2026-05-15,ITA US 01/15/27 C230 Equity,2026-05-22,17.55,14.35,13.399171154496765,14.35,13.399171154496765,15.710306577297994,15.109181932836373,14.347262227731708,14.174493,14.304690612559543,13.516469153995802,12.940179412991078,14.813039799168932
2026-05-15,ITA US 12/18/26 C245 Equity,2026-05-22,10.4,8.15,7.463169382299069,8.15,7.463169382299069,9.637354340557097,8.904803552832437,8.992361427312751,8.6600485,8.715375713926745,8.22607450308823,5.902426769765537,8.661364080794083
2026-05-15,ITA US 10/16/26 C230 Equity,2026-05-22,12.8,9.149999999999999,8.575981955070326,9.149999999999999,8.575981955070326,8.990934701571664,8.854235192861566,9.792360282629767,9.8713665,9.515077559853298,8.949784655101045,6.560567820864227,8.986843565743113
2026-05-15,ITA US 10/16/26 C245 Equity,2026-05-22,7.35,4.65,4.101240116161079,4.65,4.101240116161079,4.7552661247371475,4.125263469895309,5.2361765255621355,4.938774,4.992779515312113,4.596107134020045,2.7477186552197312,4.577520809626755
2026-05-18,ITA US 10/16/26 C245 Equity,2026-05-26,8.8,6.0,5.681774255490202,6.0,5.681774255490202,7.432439245553745,7.817127751691434,6.618849252161099,6.088031,6.238257238225855,6.85841468053343,5.544762069233918,7.808773356659236
2026-05-18,ITA US 12/18/26 C235 Equity,2026-05-26,16.35,12.05,11.213666107657119,12.05,11.213666107657119,14.683896826021279,14.729635615303868,15.730536397155499,14.363195,15.645761702089917,13.664488084433707,12.018681041286866,14.27897979180308
2026-05-18,ITA US 10/16/26 C230 Equity,2026-05-26,15.0,10.2,9.78930759490072,10.2,9.78930759490072,11.25105758654441,12.06280948695766,14.254946343685807,12.539674,14.60386119728148,12.764139840617261,9.46945272264314,11.956448490678808
2026-05-18,ITA US 07/17/26 C230 Equity,2026-05-26,8.2,4.85,4.437649578301565,4.85,4.437649578301565,5.246922400361925,6.6767723053942785,5.673639650138968,5.121296,4.849260775906042,7.433103939031619,7.044315943680839,6.211334926777122
2026-05-18,ITA US 10/16/26 C240 Equity,2026-05-26,10.55,6.75,6.404584386713706,6.75,6.404584386713706,8.055325864833712,8.748408991866741,10.109536485458294,7.711942,8.538284821658046,8.389377431972907,5.38363022590476,8.542049204720195
2026-05-18,ITA US 12/18/26 C250 Equity,2026-05-26,10.75,7.3,6.603780702742349,7.3,6.603780702742349,9.624740549268804,9.889377035085825,10.682374252168438,8.3177595,8.792202529464145,9.275891610709884,8.019702643874743,9.434069804010436
2026-05-18,ITA US 07/17/26 C250 Equity,2026-05-26,3.0999999999999996,1.625,1.3412165560504827,1.625,1.3412165560504827,5.023822848795838,5.064636833943958,2.0067419227862846,1.6330223,1.8078637572824587,3.513631965108214,4.02986938122296,4.279187855013425
2026-05-18,ITA US 10/16/26 C250 Equity,2026-05-26,7.25,4.65,4.357986676213217,4.65,4.357986676213217,6.0713503070350665,6.5395192134984335,5.574684499376714,4.782765,5.507474034441308,5.9222365069062475,4.9933647188955685,6.474690779998237
2026-05-18,ITA US 01/15/27 C230 Equity,2026-05-26,20.1,15.0,14.461728544068201,15.0,14.461728544068201,17.337093745075244,17.656106005344697,18.037078130482275,17.156021,19.46896118100433,16.749051586873435,15.026748098688788,17.181121599549765
2026-05-18,ITA US 10/16/26 C235 Equity,2026-05-26,12.65,8.399999999999999,8.086952977439319,8.399999999999999,8.086952977439319,9.827756448856299,10.454266670111473,12.050083298728161,9.423497,10.499492019214085,10.179121475033151,6.746079947031529,10.148175399124934
2026-05-18,ITA US 12/18/26 C230 Equity,2026-05-26,18.3,14.05,13.307258454079378,14.05,13.307258454079378,16.168114860142254,16.46559058647238,16.920676306408804,15.985379,18.587799946431318,15.818931879333949,14.15234932420642,16.282113274639382
2026-05-18,ITA US 01/15/27 C240 Equity,2026-05-26,15.65,11.4,10.84763544905241,11.4,10.84763544905241,14.586789861008125,14.594898612118747,15.330464500438527,13.344225,15.351144996477256,12.988314632294136,11.85084184131707,13.705153907949876
2026-05-18,ITA US 10/16/26 C255 Equity,2026-05-26,6.05,3.5250000000000004,3.27257125511128,3.5250000000000004,3.27257125511128,4.050072560615398,5.067624932246888,4.820134564616998,3.8930416,4.188500517147811,4.93737659339941,3.0482827185358983,5.360595829632258
2026-05-18,ITA US 01/15/27 C235 Equity,2026-05-26,17.55,13.15,12.318016986068848,13.15,12.318016986068848,15.598460074832865,15.650652218755006,16.47749575993593,14.743376,16.657360281230464,14.809624898643847,13.610436156514908,15.286320161619857
2026-05-18,ITA US 01/15/27 C245 Equity,2026-05-26,13.35,9.75,9.198783882701605,9.75,9.198783882701605,12.865000250607899,13.063944639368797,14.045883450211361,11.929289,13.100712387689404,11.150578288123832,10.234794555772275,12.184313513819003
2026-05-18,ITA US 12/18/26 C245 Equity,2026-05-26,11.899999999999999,8.7,8.035188052413217,8.7,8.035188052413217,11.586534334902941,11.62325740930805,12.71690103846625,10.527591,12.672977901469778,11.064738275918724,8.561497892905235,10.947857083714526
2026-05-18,ITA US 01/15/27 C250 Equity,2026-05-26,11.8,8.6,8.037499214823448,8.6,8.037499214823448,12.086024332340116,12.13613507303322,12.547819298001441,10.157206,10.684691656277963,10.246070578419475,8.714347169962917,11.114392676933122
2026-05-18,ITA US 12/18/26 C240 Equity,2026-05-26,13.8,10.399999999999999,9.859896315487756,10.399999999999999,9.859896315487756,13.748893211775068,13.656317383940124,14.210617521812761,12.627631,13.96550887288732,12.745038810689154,11.227934275766867,12.75302731588173
2026-05-19,ITA US 07/17/26 C250 Equity,2026-05-27,2.5250000000000004,1.6749999999999998,1.359085012031939,1.6749999999999998,1.359085012031939,7.105776214240784,5.9050576461202064,2.0579499303397526,1.687394,1.3541618893708811,1.332108787314013,2.318030546556429,4.3973359392498175
2026-05-19,ITA US 12/18/26 C230 Equity,2026-05-27,19.35,13.2,12.250082115442844,13.2,12.250082115442844,15.116932867097383,14.87618037591533,14.703969939383033,14.318961,14.454871771266596,15.438472098896101,12.063961366071345,14.61970695807269
2026-05-19,ITA US 12/18/26 C240 Equity,2026-05-27,14.45,9.8,8.968040502266552,9.8,8.968040502266552,12.582178647159342,11.951545583498506,11.356674120510363,11.016611,11.426734866995831,10.749049274179459,7.347370464801003,11.38528653971734
2026-05-19,ITA US 10/16/26 C235 Equity,2026-05-27,13.05,7.800000000000001,7.224152431916555,7.800000000000001,7.224152431916555,9.51701546104412,9.32953849118146,9.256020154918993,8.849117,10.221151324530817,9.673300864888251,4.543682904744734,8.892188951790697
2026-05-19,ITA US 12/18/26 C235 Equity,2026-05-27,16.8,11.1,10.158148292195026,11.1,10.158148292195026,13.258138749740688,12.979524081600697,13.111072504774505,12.5937805,13.261413948546558,12.938023556141975,8.950445946733812,12.51574819847957
2026-05-19,ITA US 12/18/26 C250 Equity,2026-05-27,10.649999999999999,6.9,6.19668395041014,6.9,6.19668395041014,8.734987697654462,8.599995917814931,8.85240250413294,8.216822,8.834366370701233,7.521945779111226,4.611207474539949,8.38176346986048
2026-05-19,ITA US 12/18/26 C245 Equity,2026-05-27,12.75,8.3,7.532826280985781,8.3,7.532826280985781,10.825898564987865,10.362843141487724,9.602186578822641,9.258703,10.520679479181068,9.929767674481553,5.1818152736478025,9.838458016190891
2026-05-19,ITA US 10/16/26 C245 Equity,2026-05-27,9.45,5.75,5.334923461606892,5.75,5.334923461606892,8.69710919675698,7.89688267489969,5.92366577994038,6.2013617,7.002137133142376,6.706774387901951,3.523892626061324,7.239075823881434
2026-05-19,ITA US 07/17/26 C230 Equity,2026-05-27,9.149999999999999,4.65,4.270891111726209,4.65,4.270891111726209,6.6178634618063,7.085355255779959,5.321419596554632,5.0043964,4.729097286342339,6.8536588793772975,6.89816432134775,5.9285311099060145
2026-05-19,ITA US 01/15/27 C230 Equity,2026-05-27,20.549999999999997,14.4,13.713449706658249,14.4,13.713449706658249,16.862177337475565,16.518288568624993,16.03183754712366,15.562186,15.890824988682171,15.84090741273337,13.219580886959001,15.85314914880659
2026-05-19,ITA US 01/15/27 C240 Equity,2026-05-27,15.549999999999999,10.75,9.968128308077151,10.75,9.968128308077151,13.642623670598585,13.099321804998375,11.844690740537537,11.496924,12.029624158905262,11.599654571506811,8.089759322799743,12.270233553995382
2026-05-19,ITA US 01/15/27 C250 Equity,2026-05-27,12.15,7.65,7.5563462661429766,7.65,7.5563462661429766,10.808528335480885,10.758915907592733,8.844714604105894,8.2387,9.936098325671518,9.298706447691098,5.593231393614367,9.461518943028
2026-05-19,ITA US 10/16/26 C230 Equity,2026-05-27,16.05,9.75,9.119861275503807,9.75,9.119861275503807,10.762519619071691,10.898688299923576,11.527258178845862,10.84564,11.080065534821571,10.956805308616673,7.265475788747894,10.818441858964189
2026-05-19,ITA US 10/16/26 C255 Equity,2026-05-27,6.6,3.75,3.339809022237667,3.75,3.339809022237667,5.1403115164259,4.875938938534059,4.563984220270659,4.013755,3.7570591316536066,4.014612795471621,1.7276664412312805,5.0450456951698595
2026-05-19,ITA US 01/15/27 C245 Equity,2026-05-27,13.75,9.4,8.64366199554402,9.4,8.64366199554402,12.41623339706167,11.988815165701638,11.141350890492978,10.446586,11.038500345480317,10.250035227170187,7.050835678448589,11.096838895285376
2026-05-19,ITA US 01/15/27 C235 Equity,2026-05-27,18.1,12.55,11.71919972364103,12.55,11.71919972364103,15.003241452022532,14.61753190317004,14.13961886959607,13.489433,13.9317359028345,13.97072799792305,11.50555354841012,14.072105829657986
2026-05-19,ITA US 10/16/26 C250 Equity,2026-05-27,8.5,5.0,4.553507186991861,5.0,4.553507186991861,7.919955438132383,7.280639801213169,5.567822347320164,5.5015097,5.631087771644158,5.094797871349991,4.085093483095274,6.637578179743787
2026-05-19,ITA US 10/16/26 C240 Equity,2026-05-27,11.100000000000001,6.300000000000001,5.776159893690308,6.300000000000001,5.776159893690308,7.683304029932966,7.5119839186666475,6.474635485768716,7.0167847,7.543039633063829,7.227441155661509,3.3610796210041105,7.3764937104153105
2026-05-20,ITA US 10/16/26 C235 Equity,2026-05-28,15.399999999999999,9.399999999999999,9.446898561779493,9.399999999999999,9.446898561779493,11.735320512940095,12.068060168019723,12.814690603638434,12.637779,12.296179019689834,10.82333147134553,6.2679939771228295,11.391994783722833
2026-05-20,ITA US 10/16/26 C250 Equity,2026-05-28,9.25,5.25,5.166139780445243,5.25,5.166139780445243,9.115952014067657,8.8433944761356,6.309674912483425,6.748123,6.8981031186593285,7.000045297037346,3.5841148225654766,7.818522657631142
2026-05-20,ITA US 10/16/26 C230 Equity,2026-05-28,18.25,11.0,11.161480935441288,11.0,11.161480935441288,12.796304454354702,13.59549267406832,14.535865700003221,14.059449,14.201277397171351,13.435516765960118,8.280817748966395,12.99917270829576
2026-05-20,ITA US 01/15/27 C230 Equity,2026-05-28,23.15,16.4,16.152645980713906,16.4,16.152645980713906,19.699850828733954,19.532075881965994,19.142773234178783,18.201204,18.111238677165897,17.501578216329197,16.278846254782835,18.678420457427617
2026-05-20,ITA US 12/18/26 C250 Equity,2026-05-28,12.2,7.9,7.6513753374489974,7.9,7.6513753374489974,11.146016064128059,11.057799169297766,10.606055842857693,10.517402,11.33028122478958,9.537215729249946,5.340780747840025,10.235117722871422
2026-05-20,ITA US 12/18/26 C245 Equity,2026-05-28,14.3,9.4,9.059530343871339,9.4,9.059530343871339,13.054282535532085,12.807429820015333,12.768987740628013,12.542822,12.929503402653527,10.953271298562518,6.439986972183996,11.815481220937567
2026-05-20,ITA US 01/15/27 C245 Equity,2026-05-28,15.6,10.35,9.82752254376654,10.35,9.82752254376654,13.672269337445162,13.530978259228682,13.092831722592214,13.398095,13.41142168715799,12.13898425977474,7.425161615287891,12.653446374888762
2026-05-20,ITA US 12/18/26 C235 Equity,2026-05-28,19.5,13.0,12.770328259371745,13.0,12.770328259371745,15.857491590169825,15.843685617361817,16.18170120688881,16.035923,15.280641772164888,15.168751508512877,10.796584198419264,15.27982895362717
2026-05-20,ITA US 01/15/27 C240 Equity,2026-05-28,17.95,12.35,12.073457707621467,12.35,12.073457707621467,15.838137840793484,15.450187863785107,15.378211884516922,15.029899,14.752173031834564,13.155587515527294,9.617294268888724,14.590288921297821
2026-05-20,ITA US 07/17/26 C230 Equity,2026-05-28,11.85,5.9,5.8027592355230615,5.9,5.8027592355230615,9.241042830257427,9.80693576303012,6.230599954240495,6.191375,5.796197696698116,7.018502543861978,8.434478713393093,7.9517752040349245
2026-05-20,ITA US 10/16/26 C245 Equity,2026-05-28,11.1,6.4,6.4067645346580795,6.4,6.4067645346580795,10.334036297794126,10.011554929326167,7.8243609392015285,8.075657,9.7167990498056,7.263730018736642,4.24959444104706,8.755855837239915
2026-05-20,ITA US 01/15/27 C250 Equity,2026-05-28,13.7,9.15,8.79154555870778,9.15,8.79154555870778,13.33592091532934,12.847014116179366,12.553889813352779,12.188309,12.639137959312157,10.513117446802795,6.536327440724349,11.632266589325129
2026-05-20,ITA US 12/18/26 C240 Equity,2026-05-28,16.6,11.1,10.566572293249669,11.1,10.566572293249669,14.42382393976608,14.156468318580457,14.602748855563714,14.270246,14.47357101738454,13.32556516158493,8.626642930323815,13.455626340926596
2026-05-20,ITA US 10/16/26 C240 Equity,2026-05-28,13.1,7.5,7.551610760768355,7.5,7.551610760768355,9.997806305178061,10.281763542170676,9.315662430135877,8.475122,10.310568683365387,8.857767091587869,4.7256086385475555,9.533825184495436
2026-05-20,ITA US 01/15/27 C235 Equity,2026-05-28,20.25,14.05,13.433827703069051,14.05,13.433827703069051,16.85361453767045,16.703948964739247,16.62073380705007,16.159084,16.36453900949171,15.31776099195672,12.91978241077382,16.246591632645618
2026-05-20,ITA US 07/17/26 C250 Equity,2026-05-28,3.55,1.875,1.6810044225687746,1.875,1.6810044225687746,8.82015470399404,7.693063485160251,2.1623181167410648,2.5870488,2.0446413040794917,2.693445738928112,1.1988547984742732,5.4125891332414025
2026-05-20,ITA US 10/16/26 C255 Equity,2026-05-28,7.75,4.35,4.072355624217231,4.35,4.072355624217231,7.947914031508834,7.638947735901372,5.039036510551838,4.7737556,5.129454478637767,4.78207795130767,2.9407446803620574,6.804271230989153
2026-05-20,ITA US 12/18/26 C230 Equity,2026-05-28,21.85,15.35,15.167508096569184,15.35,15.167508096569184,18.112352808482754,18.19605777461669,18.154461920836273,18.102097,17.895256260468628,17.03150647017817,14.597376511331706,17.803349269220003
2026-05-21,ITA US 01/15/27 C245 Equity,2026-05-29,15.6,10.350000000000001,9.741286005876999,10.350000000000001,9.741286005876999,13.701740786162409,12.786804030543598,11.459614030602902,10.799994,11.358445154880346,10.989270636047458,7.136886084189749,11.988572539986116
2026-05-21,ITA US 01/15/27 C230 Equity,2026-05-29,22.9,16.2,15.526159743817132,16.2,15.526159743817132,19.052805485425246,18.33085354332975,18.926338358459127,17.517698,18.579739478609863,17.415928380951723,14.77492836954333,17.868287268344773
2026-05-21,ITA US 10/16/26 C250 Equity,2026-05-29,9.0,5.35,4.977543194457596,5.35,4.977543194457596,8.764915279172506,7.668687954989161,5.934389504892938,5.8755546,6.343841444775358,6.025251496404789,2.303330071756125,7.125539001686416
2026-05-21,ITA US 01/15/27 C235 Equity,2026-05-29,20.35,14.05,13.369625005364728,14.05,13.369625005364728,16.863089040163164,16.043106373576386,15.542046334655629,14.130336,15.123015752165303,14.77346673162239,12.291803142104847,15.597906621003723
2026-05-21,ITA US 10/16/26 C255 Equity,2026-05-29,7.7,4.325,4.097031383774781,4.325,4.097031383774781,7.794294635533303,6.87060067852412,4.53964749903151,4.185167,3.982877233936445,3.780851266153757,1.8171350209692223,6.214429647829656
2026-05-21,ITA US 01/15/27 C240 Equity,2026-05-29,17.95,12.05,11.408955183135122,12.05,11.408955183135122,15.944681796955585,14.785015420624955,13.482857486834556,12.4572,13.16004431531067,12.633039906779807,9.462589149048462,13.782322730843106
2026-05-21,ITA US 12/18/26 C235 Equity,2026-05-29,19.0,12.8,12.292493852100437,12.8,12.292493852100437,16.195135330403637,15.236421435946328,14.741424869844241,13.657314,14.505874286064316,14.225330916556075,10.415572743251307,14.511459881718878
2026-05-21,ITA US 10/16/26 C240 Equity,2026-05-29,12.6,7.8,7.5722225762963005,7.8,7.5722225762963005,10.660859196801798,9.751060855602322,9.172364177889406,8.263977,9.690980284241018,9.049472736509339,4.132993622440129,9.169180472990803
2026-05-21,ITA US 12/18/26 C245 Equity,2026-05-29,14.2,9.3,8.739265137819514,9.3,8.739265137819514,12.943922215569046,11.905393854207516,10.915146813493985,10.126327,10.511409963816682,10.138357037054666,5.685303055517123,11.059024598061304
2026-05-21,ITA US 07/17/26 C230 Equity,2026-05-29,11.45,5.7,5.2269443671304305,5.7,5.2269443671304305,8.433091536806453,8.346806340906076,5.94676726080165,5.5352683,5.365044001914647,7.171768189000638,8.40112142367798,6.977240221145495
2026-05-21,ITA US 10/16/26 C245 Equity,2026-05-29,10.65,6.25,6.02597306082413,6.25,6.02597306082413,10.062520878651002,9.096826054128055,6.324472638791264,6.563926,7.27026854288648,6.403516705383018,3.79387366448981,7.980385320258913
2026-05-21,ITA US 07/17/26 C250 Equity,2026-05-29,3.2,1.75,1.4371564913207964,1.75,1.4371564913207964,7.368925280590091,5.44652050300304,2.121318843555913,1.913814,1.3442722088665866,2.7209244953569147,2.0661545105555765,3.999209835474001
2026-05-21,ITA US 10/16/26 C230 Equity,2026-05-29,17.9,11.0,10.804572336154438,11.0,10.804572336154438,12.460467455491841,12.48706682374813,13.02463390634725,11.781313,12.68571591636845,12.359424399286556,7.907576215531373,12.31433290404778
2026-05-21,ITA US 01/15/27 C250 Equity,2026-05-29,13.85,9.2,8.598422596166241,9.2,8.598422596166241,13.277508397902544,12.05891672165263,10.755500605821931,9.674224,10.404201867172432,9.78428728381143,5.339148174779878,10.988074082978095
2026-05-21,ITA US 12/18/26 C250 Equity,2026-05-29,12.1,7.85,7.227455289528625,7.85,7.227455289528625,11.496428737385084,10.485420582528297,9.29101630825635,8.523009,9.263346885669495,8.939239555929804,4.964695166874277,9.645081436803281
2026-05-21,ITA US 12/18/26 C230 Equity,2026-05-29,21.7,15.15,14.645621082954948,15.15,14.645621082954948,18.26868128130565,17.527848484273434,17.498101616545917,16.784712,17.003676697426265,16.641848670076726,14.829731464616758,17.03679629795046
2026-05-21,ITA US 10/16/26 C235 Equity,2026-05-29,15.25,9.5,9.18154521970042,9.5,9.18154521970042,12.501609857297964,11.766370006789744,10.986899217483506,10.244395,10.95623153138091,10.246249338717895,6.006920586284176,11.037892662857205
2026-05-21,ITA US 12/18/26 C240 Equity,2026-05-29,16.450000000000003,10.95,10.353416523597962,10.95,10.353416523597962,14.129649755822218,13.21195152766127,12.468765368195305,11.45253,12.925775269385673,12.042607009972421,8.160685714704105,12.603533307156539
2026-05-22,ITA US 12/18/26 C230 Equity,2026-06-01,19.15,16.2,15.564767247269828,16.2,15.564767247269828,17.327210510725287,17.380061279436838,19.104118083230478,17.181454,17.734679081890874,17.12436748618713,14.337165073776358,17.786662939184076
2026-05-22,ITA US 12/18/26 C245 Equity,2026-06-01,12.3,10.4,9.788211847845865,10.4,9.788211847845865,12.64362138716969,12.120080750558012,13.01300871844774,12.0019865,11.935948911418734,11.191559900293553,5.304976166812191,11.99013516480794
2026-05-22,ITA US 01/15/27 C230 Equity,2026-06-01,20.5,17.55,16.928218309611427,17.55,16.928218309611427,18.63217293604292,18.617768827831227,19.556330072719344,18.342167,18.964126846931364,17.95639205559639,15.905847070392308,19.061136744487353
2026-05-22,ITA US 01/15/27 C240 Equity,2026-06-01,15.75,13.35,12.727157333618875,13.35,12.727157333618875,15.355932432976608,14.873773267471554,15.825056388517773,13.872968,13.73547282985818,13.428245838602992,9.493420304400434,14.867545644013816
2026-05-22,ITA US 10/16/26 C230 Equity,2026-06-01,15.6,12.8,12.451890072045627,12.8,12.451890072045627,13.026700956398914,13.532965127813322,15.666328974579704,13.662924,13.791475320842942,13.759021860138558,8.385902465577963,14.129868150101244
2026-05-22,ITA US 07/17/26 C230 Equity,2026-06-01,8.85,6.050000000000001,5.614744701223658,6.050000000000001,5.614744701223658,5.41706970817312,6.7588883619914055,6.263171448017169,6.078159,5.812444178218608,7.64757268242159,6.647638472423148,6.676371452926375
2026-05-22,ITA US 01/15/27 C235 Equity,2026-06-01,17.950000000000003,15.45,14.826415860872318,15.45,14.826415860872318,17.355642142027335,16.972046318501636,17.85209675970739,16.08985,16.546235219397907,15.28041992994337,12.967592146226503,16.997175884155684
2026-05-22,ITA US 07/17/26 C250 Equity,2026-06-01,2.325,1.5499999999999998,1.2542070747514977,1.5499999999999998,1.2542070747514977,4.608084542385335,3.682290859279494,2.1256066259172766,2.2957716,1.652666109276472,2.9681350264320443,1.9899498505221294,3.1033099340776147
2026-05-22,ITA US 12/18/26 C240 Equity,2026-06-01,13.8,12.05,11.431889048881239,12.05,11.431889048881239,14.07994778570075,13.63608769223034,14.698658195788978,13.136726,12.761043122728033,12.148831646809386,7.495916819438451,13.551787103134156
2026-05-22,ITA US 10/16/26 C245 Equity,2026-06-01,9.1,7.35,7.00770549819601,7.35,7.00770549819601,9.16581478661879,8.97919760235486,9.027014703974992,7.9821568,9.343913850355605,7.6856937992905605,3.004927095456986,8.935828317256577
2026-05-22,ITA US 10/16/26 C240 Equity,2026-06-01,10.8,8.55,8.220288712924114,8.55,8.220288712924114,10.447969949330348,10.200964649518152,10.84251806197185,9.944075,11.466238527657705,9.429618172229759,3.7434836307439694,9.9485316641806
2026-05-22,ITA US 10/16/26 C250 Equity,2026-06-01,7.35,6.15,5.922797497709062,6.15,5.922797497709062,8.526676716979038,8.006439915039566,6.201675699522932,6.326393,6.721880061980711,6.243321280870551,2.298323159350942,7.653600902559049
2026-05-22,ITA US 01/15/27 C250 Equity,2026-06-01,11.600000000000001,10.05,9.426039003566574,10.05,9.426039003566574,13.241084452495945,12.524064611182467,12.886549621800535,11.592137,11.717406914857797,10.305426868927558,5.21463830815735,11.667738512671406
2026-05-22,ITA US 12/18/26 C250 Equity,2026-06-01,10.850000000000001,8.9,8.484746433207887,8.9,8.484746433207887,11.436132067832617,11.033845376932405,11.912769609803812,10.905643,10.950471528880488,9.76638214476239,5.385382103973923,10.449582494152265
2026-05-22,ITA US 10/16/26 C255 Equity,2026-06-01,6.5,4.65,4.347334182981122,4.65,4.347334182981122,6.799707935123375,6.413342933478354,4.941709582102064,4.547893,5.267464313334494,4.894966347803226,1.1897327154625765,6.198386553672056
2026-05-22,ITA US 12/18/26 C235 Equity,2026-06-01,16.35,14.1,13.469066975639496,14.1,13.469066975639496,15.801094073928278,15.455784061736347,16.75422987235157,15.296022,16.001979015592738,14.225159296604192,10.404825937576955,15.643375528159426
2026-05-22,ITA US 10/16/26 C235 Equity,2026-06-01,12.850000000000001,10.4,10.068239994380633,10.4,10.068239994380633,11.657549497338485,11.78383087156919,13.050302665218297,11.905179,12.052058870102828,11.291199990214691,5.906952964617015,11.755163117452199
2026-05-22,ITA US 01/15/27 C245 Equity,2026-06-01,13.85,11.6,10.965286893373396,11.6,10.965286893373396,13.957272801164185,13.417930030995318,14.367739095172878,12.670884,12.570543686265326,11.674269528458192,7.004846477047986,13.180759899293855
2026-05-26,ITA US 07/17/26 C250 Equity,2026-06-02,1.95,3.0999999999999996,1.8605067443992638,3.0999999999999996,1.8605067443992638,6.925293950591912,5.4006769425494205,3.7601767373598984,3.2964768,3.0416991083542717,3.966805828903544,5.670934347957943,4.301391876216508
2026-05-26,ITA US 10/16/26 C250 Equity,2026-06-02,6.95,7.25,6.818679176536912,7.25,6.818679176536912,11.345679443380199,9.810610943586992,8.440998221486417,7.949228,8.423413226387149,8.079741650419848,3.4273614950470694,8.739566265813929
2026-05-26,ITA US 10/16/26 C235 Equity,2026-06-02,12.0,12.65,12.39039694878289,12.65,12.39039694878289,15.056882634894475,14.313246234993686,13.496302097592825,14.08729,12.659580530378381,13.416813128811244,7.958305849830097,13.864349117948148
2026-05-26,ITA US 07/17/26 C230 Equity,2026-06-02,7.5,8.2,7.763090228359375,8.2,7.763090228359375,8.630642808569469,9.464548195538939,9.37149810150962,9.026767,8.71861590213323,10.886607600668194,9.664980417900765,8.670802184738976
2026-05-26,ITA US 12/18/26 C230 Equity,2026-06-02,17.95,18.3,17.85218164341032,18.3,17.85218164341032,19.680603342996466,19.203964432993814,18.47875602328323,18.685528,18.373457261920347,19.390219048864214,15.315666579411483,19.507721756790772
2026-05-26,ITA US 12/18/26 C235 Equity,2026-06-02,15.7,16.35,15.494571954357463,16.35,15.494571954357463,18.761836765955362,17.55776325262481,17.247592192719992,16.938688,15.919327517781477,16.695221477909566,12.542613223538414,17.655605656004138
2026-05-26,ITA US 12/18/26 C240 Equity,2026-06-02,13.95,13.8,13.255059626198955,13.8,13.255059626198955,16.61580008005235,15.466002354608865,14.13191826234935,14.864928,13.900111419669228,14.013832555949113,8.760955132172061,15.14027266024612
2026-05-26,ITA US 12/18/26 C245 Equity,2026-06-02,11.75,11.899999999999999,12.129101922556666,11.899999999999999,12.129101922556666,16.01668762081479,14.76927331373614,12.456675395844108,13.600993,12.661163005090199,12.45376653817312,7.264638909901132,13.552579005543134
2026-05-26,ITA US 10/16/26 C230 Equity,2026-06-02,14.5,15.0,14.765554054036716,15.0,14.765554054036716,16.608330002707063,16.269692380233156,15.996437418719443,16.03691,15.514928354594709,16.398903390623357,10.870672225679467,16.24906911330726
2026-05-26,ITA US 01/15/27 C250 Equity,2026-06-02,11.35,11.8,11.221786255582908,11.8,11.221786255582908,15.972408507746508,14.333191729374635,12.370606376253626,13.652742,12.63475484602362,12.04475857831495,6.17950052679026,13.347166889738922
2026-05-26,ITA US 10/16/26 C240 Equity,2026-06-02,10.4,10.55,10.08322315947814,10.55,10.08322315947814,13.198759780809151,12.189914791195624,11.00503431728164,12.191055,11.520129074609793,11.639189197329799,5.81336528821358,11.747162756986317
2026-05-26,ITA US 01/15/27 C245 Equity,2026-06-02,13.3,13.35,12.753483271103928,13.35,12.753483271103928,16.901684240078193,15.3473296268365,13.80790916130905,14.263098,13.11655687710073,13.309599814701855,8.252473521117146,14.718709488624494
2026-05-26,ITA US 01/15/27 C240 Equity,2026-06-02,15.15,15.65,14.711943700295873,15.65,14.711943700295873,18.83322996658101,17.085205619137973,16.452208204715205,16.099527,15.51871299655287,15.213137361807723,11.047717206214285,16.833314094617112
2026-05-26,ITA US 01/15/27 C230 Equity,2026-06-02,19.35,20.1,19.52704559037769,20.1,19.52704559037769,22.1972098431675,21.302186714368286,19.536279627538686,20.496046,20.501368639685428,21.01183815194586,18.14855134532964,21.425938907493393
2026-05-26,ITA US 12/18/26 C250 Equity,2026-06-02,9.8,10.75,10.283123934346618,10.75,10.283123934346618,14.949422800903186,13.211131239358078,11.135648723543376,12.834968,11.520045243896389,11.568341684945626,7.929316184624399,12.225697817482915
2026-05-26,ITA US 01/15/27 C235 Equity,2026-06-02,17.15,17.55,16.8138218391874,17.55,16.8138218391874,20.03395930411702,18.8881416454537,17.85936410315599,17.686142,17.500068035099208,17.21966064545779,14.373071416275629,18.89196349586653
2026-05-26,ITA US 10/16/26 C245 Equity,2026-06-02,8.6,8.8,8.27498805076095,8.8,8.27498805076095,12.09353122393641,10.82199127993296,10.137322415299586,11.101568,10.821203053300335,9.684436267341042,4.059871555841544,10.154191223582405
2026-05-26,ITA US 10/16/26 C255 Equity,2026-06-02,6.35,6.05,5.567479245247985,6.05,5.567479245247985,9.68980297454491,8.315242462967149,6.136729315159112,6.2932734,6.920095864799664,6.241724628083486,2.5971834307117008,7.474937910769542
2026-05-27,ITA US 10/16/26 C245 Equity,2026-06-03,7.550000000000001,9.45,9.096469979267182,9.45,9.096469979267182,11.332041641527443,10.497785152065214,8.323199128526799,8.4653225,7.992519710292912,7.885788302151245,2.394321078797438,10.228189568548935
2026-05-27,ITA US 01/15/27 C245 Equity,2026-06-03,11.8,13.75,13.18485862224509,13.75,13.18485862224509,15.918709340313752,14.770210023396338,11.921485033637344,11.432309,11.110880130433184,11.076580534372255,6.633732575983638,14.51930846059819
2026-05-27,ITA US 07/17/26 C230 Equity,2026-06-03,6.45,9.149999999999999,8.726608262651473,9.149999999999999,8.726608262651473,8.922378532792631,9.675073202392095,7.570957154104535,7.883649,6.459816022053839,8.967046137882278,8.317714451511089,9.300817981315332
2026-05-27,ITA US 12/18/26 C230 Equity,2026-06-03,16.6,19.35,18.86057354742827,19.35,18.86057354742827,19.880651449385784,19.134965496046092,17.439746566726818,17.465063,18.088407885639388,16.818189966002333,13.979302337290747,19.997186285826462
2026-05-27,ITA US 12/18/26 C240 Equity,2026-06-03,12.3,14.45,13.978117776637767,14.45,13.978117776637767,15.749146936637992,14.941212072598184,12.329538186361079,11.997925,12.098691289790667,11.807036580502762,7.405952727872611,15.13166192119876
2026-05-27,ITA US 10/16/26 C240 Equity,2026-06-03,9.2,11.100000000000001,10.752928537537857,11.100000000000001,10.752928537537857,12.447979710778313,11.861457854467073,8.982351320430816,8.949171,8.343352630281187,9.431805502063261,3.5575579787415803,11.739540122488483
2026-05-27,ITA US 07/17/26 C250 Equity,2026-06-03,1.5,2.5250000000000004,2.1669600781137017,2.5250000000000004,2.1669600781137017,4.553247811066921,4.210368646034933,2.4137378176203463,2.4559557,2.2959107432175117,2.905577193316855,3.9544103718186863,3.043379010634772
2026-05-27,ITA US 10/16/26 C255 Equity,2026-06-03,5.25,6.6,6.261256034022639,6.6,6.261256034022639,9.274025656678685,8.140041646444896,6.385615702589145,5.864334,6.202960773886596,5.2204623585950785,1.357520368258904,7.560518731869203
2026-05-27,ITA US 01/15/27 C240 Equity,2026-06-03,13.649999999999999,15.549999999999999,15.26546225269242,15.549999999999999,15.26546225269242,17.406919764161383,16.654329011981456,13.64143970801883,13.193474,13.215340766981846,12.63211445237582,9.22453827276332,16.363943167269284
2026-05-27,ITA US 10/16/26 C235 Equity,2026-06-03,10.8,13.05,12.575209201159025,13.05,12.575209201159025,13.78366050518147,13.434431928710044,11.2937724742738,10.848011,10.09689242734824,11.38334765833928,5.543570456315072,13.583531459421724
2026-05-27,ITA US 10/16/26 C250 Equity,2026-06-03,5.75,8.5,8.190836962700377,8.5,8.190836962700377,11.343642506252895,10.034531914046353,7.15062476032901,7.1826997,7.2707218376196705,6.7351300922536455,2.441268000566216,9.464721821410919
2026-05-27,ITA US 12/18/26 C245 Equity,2026-06-03,10.7,12.75,12.269460489131129,12.75,12.269460489131129,15.845913809182672,14.341505443369728,11.219738110693028,10.92326,10.532908809853165,10.852235384777007,5.155688866608418,13.756009737916155
2026-05-27,ITA US 12/18/26 C250 Equity,2026-06-03,9.15,10.649999999999999,10.80712843834873,10.649999999999999,10.80712843834873,13.655752175114063,12.498178657333483,9.114757658041416,9.431541,9.168485249350923,9.238495181130506,4.257748841119595,11.635477117865403
2026-05-27,ITA US 12/18/26 C235 Equity,2026-06-03,14.1,16.8,16.32120060481282,16.8,16.32120060481282,18.046241754563866,17.50253879901621,15.439456281025372,14.939738,15.232932974400548,14.8543922511445,11.205408114216219,17.548576877061784
2026-05-27,ITA US 01/15/27 C250 Equity,2026-06-03,10.399999999999999,12.15,11.626679016514867,12.15,11.626679016514867,15.123610252487916,13.804768785265843,10.61313978160206,10.549461,10.405923102941417,9.904396215910623,4.482908631259287,13.131942741543822
2026-05-27,ITA US 10/16/26 C230 Equity,2026-06-03,12.3,16.05,15.779791488282001,16.05,15.779791488282001,17.043408909064265,16.385694439564727,14.697515781763176,13.395211,13.768382435011016,14.102379929638403,9.878270905383381,16.6650019508794
2026-05-27,ITA US 01/15/27 C235 Equity,2026-06-03,14.95,18.1,17.82964853351304,18.1,17.82964853351304,19.271755482985537,18.766017109506926,16.373529174220735,15.79565,16.309572728925254,15.326069098602249,14.059404599263361,18.97238468252732
2026-05-27,ITA US 01/15/27 C230 Equity,2026-06-03,17.799999999999997,20.549999999999997,20.293215245653403,20.549999999999997,20.293215245653403,21.74844070013402,20.981716834267033,18.122745117473634,18.743956,19.281487196548408,18.009462353918032,16.372694301351522,21.341930546678075
2026-05-28,ITA US 12/18/26 C240 Equity,2026-06-04,14.6,16.6,16.444785154018692,16.6,16.444785154018692,16.822546469945287,16.474956506861144,17.012455027203455,16.1059,15.525816756217663,14.774216399861016,12.693922043109211,16.41550003056228
2026-05-28,ITA US 07/17/26 C250 Equity,2026-06-04,2.6,3.55,3.163954020194357,3.55,3.163954020194357,5.447369134529893,5.20596999714693,3.061241915141516,3.000581,2.9928188662159148,3.4432147750062843,6.0946110098357416,3.077872331862123
2026-05-28,ITA US 12/18/26 C235 Equity,2026-06-04,17.0,19.5,19.263039040590318,19.5,19.263039040590318,19.621334797048515,18.870231348771064,18.701875624733812,18.794418,19.001156439028897,17.73936330624903,14.914975087413595,19.259541386723594
2026-05-28,ITA US 10/16/26 C245 Equity,2026-06-04,9.0,11.1,11.156107585592279,11.1,11.156107585592279,12.360891570516651,11.946354876651007,10.209573900356073,11.328195,10.089359397609046,10.58982453181601,6.436656870540127,11.053675136753903
2026-05-28,ITA US 01/15/27 C245 Equity,2026-06-04,13.7,15.6,15.15706352878848,15.6,15.15706352878848,16.419401513702645,15.766403960980494,15.371963333956323,14.696362,14.321561350589866,13.080998234117653,11.473091810439238,15.349712122318026
2026-05-28,ITA US 01/15/27 C240 Equity,2026-06-04,15.95,17.95,17.33450249894863,17.95,17.33450249894863,18.53169472115169,17.91115566665803,17.607745441175716,16.830925,17.214686911349883,16.136689523015917,15.054648309197741,17.56872539136202
2026-05-28,ITA US 10/16/26 C255 Equity,2026-06-04,6.550000000000001,7.75,7.572420749779375,7.75,7.572420749779375,10.066858801199405,9.215315128066273,8.30445379804341,8.056708,8.791399674924424,7.115689486176489,3.3051968310317412,7.815782628232225
2026-05-28,ITA US 10/16/26 C230 Equity,2026-06-04,15.75,18.25,18.459744740345855,18.25,18.459744740345855,18.535880978577048,18.063656445780943,17.854835813043564,16.802374,18.200761593188144,17.46065711850615,12.499600212287369,17.523039824836484
2026-05-28,ITA US 10/16/26 C235 Equity,2026-06-04,13.6,15.399999999999999,15.56585753401123,15.399999999999999,15.56585753401123,15.231750151081588,15.066349683878599,15.096128355859236,14.376412,14.41233694916827,14.226850472206152,9.76585852776059,14.946123972929453
2026-05-28,ITA US 12/18/26 C230 Equity,2026-06-04,19.4,21.85,21.67579064984705,21.85,21.67579064984705,21.736785403830737,21.070453504532793,19.76130944665296,20.062168,20.93529494862076,19.621731315305524,16.715259624090134,21.142695717591423
2026-05-28,ITA US 10/16/26 C240 Equity,2026-06-04,10.85,13.1,13.207101272117077,13.1,13.207101272117077,13.48714782667183,13.398967597618034,12.564195892199272,13.024242,12.121132622925092,12.717783404778675,7.9785992337103,12.874656035426117
2026-05-28,ITA US 07/17/26 C230 Equity,2026-06-04,9.3,11.85,11.523247362954592,11.85,11.523247362954592,11.877602562734625,12.15736462392208,7.382804137308257,9.366699,8.854690560471157,10.73514017710286,10.227666500674022,10.782864333978239
2026-05-28,ITA US 12/18/26 C245 Equity,2026-06-04,12.5,14.3,14.11599576798072,14.3,14.11599576798072,15.745757661607376,15.094531692030476,13.39752139049697,13.822866,13.29580634496947,12.48768372576001,9.880761046749523,14.118820048687375
2026-05-28,ITA US 10/16/26 C250 Equity,2026-06-04,7.699999999999999,9.25,9.265574354963922,9.25,9.265574354963922,11.494269669616145,10.554843628750936,9.348136243144884,9.782282,9.455519650011972,8.682836321001908,4.998199804561383,9.237145077962905
2026-05-28,ITA US 01/15/27 C230 Equity,2026-06-04,20.85,23.15,22.795190797403848,23.15,22.795190797403848,23.34980198045266,22.519710109404656,20.01327600073041,20.321201,21.03976154280061,20.507452012396296,18.038093685441847,22.424630583186264
2026-05-28,ITA US 01/15/27 C250 Equity,2026-06-04,12.05,13.7,13.316285392887597,13.7,13.316285392887597,15.516782189742413,14.585900826152574,13.015883984001603,13.131106,12.757236736538138,12.118556833384474,8.514548722897985,13.560360975396948
2026-05-28,ITA US 12/18/26 C250 Equity,2026-06-04,10.75,12.2,11.987042581466385,12.2,11.987042581466385,14.544708605477847,13.499435347214154,11.564441530521117,12.264898,11.661013747548683,11.065513863623327,9.026742844034535,12.153887435390038
2026-05-28,ITA US 01/15/27 C235 Equity,2026-06-04,18.3,20.25,20.046864188854737,20.25,20.046864188854737,20.697940023014546,20.0619612268503,19.29703902939173,18.97035,19.32460394606266,18.16691886944236,18.27011622851842,19.99153729816178
2026-05-29,ITA US 12/18/26 C245 Equity,2026-06-05,12.100000000000001,14.2,14.04861896079002,14.2,14.04861896079002,14.41476282649542,13.919069416772121,13.34188913414767,12.893478,11.961417972301343,12.63678243822892,10.32475394906554,14.000504464989625
2026-05-29,ITA US 12/18/26 C235 Equity,2026-06-05,16.15,19.0,18.973207420294614,19.0,18.973207420294614,18.93899702075131,18.384959334287704,18.366514547562414,17.945833,16.806504662992353,18.963101950574945,16.19785587645476,18.905349778893534
2026-05-29,ITA US 10/16/26 C245 Equity,2026-06-05,9.0,10.65,10.672490858879,10.65,10.672490858879,10.985535078420101,10.584863575956625,10.088003856747257,9.860027,9.559952971856214,9.235270047395375,7.257353342103202,10.41083304295298
2026-05-29,ITA US 01/15/27 C235 Equity,2026-06-05,17.5,20.35,20.405812112201847,20.35,20.405812112201847,20.09312321590356,19.712970841483155,19.41391790095587,19.36053,18.47526782505334,19.588931692502555,18.739203693490143,20.141154940284704
2026-05-29,ITA US 12/18/26 C250 Equity,2026-06-05,10.9,12.1,11.99789257309375,12.1,11.99789257309375,12.325238557245175,11.825687092869384,11.619170450980157,11.5104065,10.748324575045702,10.718091533541013,9.032012207745591,11.906157510699916
2026-05-29,ITA US 10/16/26 C250 Equity,2026-06-05,7.4,9.0,9.042975340179947,9.0,9.042975340179947,10.17077948078279,9.359301297235199,9.546275180222285,9.410317,8.893430162832583,8.100053791876817,5.767640200510899,8.873717779088544
2026-05-29,ITA US 01/15/27 C245 Equity,2026-06-05,13.3,15.6,15.100605242691975,15.6,15.100605242691975,15.879295013747807,15.253929395948012,15.673656855616578,14.388391,13.467821037811177,13.573130131200113,12.226775554895696,15.253384191973232
2026-05-29,ITA US 01/15/27 C240 Equity,2026-06-05,15.5,17.95,17.781826215837476,17.95,17.781826215837476,17.338371028033965,17.18788610858261,17.575924432838022,16.464952,15.699879838944911,17.34641325690418,15.067475021310056,17.689295167232775
2026-05-29,ITA US 07/17/26 C250 Equity,2026-06-05,1.925,3.2,3.048565045406036,3.2,3.048565045406036,4.538173072325085,4.317556269350803,3.1528681367373887,3.129002,3.119387058521249,3.338188958071452,7.428408107228272,2.747442956363295
2026-05-29,ITA US 12/18/26 C240 Equity,2026-06-05,13.899999999999999,16.450000000000003,16.480888491258188,16.450000000000003,16.480888491258188,16.13546261449609,15.844552392701946,16.779480031336323,15.839974,14.664062158153792,16.322411192171458,12.925363217426,16.226087109438254
2026-05-29,ITA US 10/16/26 C240 Equity,2026-06-05,11.15,12.6,12.829233505283357,12.6,12.829233505283357,12.634620682067215,12.667350650317347,11.758040043881937,11.33974,10.707224024391284,12.48169193327663,9.198997949817723,12.373667422413112
2026-05-29,ITA US 10/16/26 C255 Equity,2026-06-05,6.2,7.7,7.79667640329372,7.7,7.79667640329372,9.166895697878843,8.173619870075473,7.93728644360986,6.682116,7.919711930060915,7.0934079376994355,4.503572650771624,7.520475113308616
2026-05-29,ITA US 10/16/26 C230 Equity,2026-06-05,14.8,17.9,18.151613534980395,17.9,18.151613534980395,17.11794783766659,16.967075180771374,17.486180806192085,16.493183,15.796515296486593,17.91385379777196,13.509489494770808,17.132490436253782
2026-05-29,ITA US 10/16/26 C235 Equity,2026-06-05,12.5,15.25,15.627427352652488,15.25,15.627427352652488,15.501466336726049,15.334899176396988,15.45820860719546,14.150228,13.570248645602577,14.749570165319467,12.532111688372728,15.071758597837245
2026-05-29,ITA US 12/18/26 C230 Equity,2026-06-05,18.35,21.7,21.840409086041852,21.7,21.840409086041852,21.01327133186629,20.61386349039934,20.28198002341694,20.290283,19.882869800833014,21.224959511552445,17.60510290276726,21.03218282563593
2026-05-29,ITA US 01/15/27 C230 Equity,2026-06-05,19.7,22.9,22.935553242729682,22.9,22.935553242729682,21.989943497122248,21.71286511267079,20.99676085199776,21.04081,19.735756967442725,22.539692311141124,18.495505036517848,22.179659267787013
2026-05-29,ITA US 01/15/27 C250 Equity,2026-06-05,11.5,13.85,13.730033604977212,13.85,13.730033604977212,14.690581686401408,13.693400055690084,13.044299586427265,12.167313,12.120907241554255,12.433494571784893,8.943125044773538,13.577664690444514
2026-05-29,ITA US 07/17/26 C230 Equity,2026-06-05,7.6,11.45,11.539051045422575,11.45,11.539051045422575,10.498544098949555,11.408144987365747,7.254299957409463,8.228385,7.875470250748879,10.50707188736122,10.803034319326153,10.522429463915167
2026-06-01,ITA US 10/16/26 C230 Equity,2026-06-08,13.8,15.6,14.735335156649796,15.6,14.735335156649796,14.155234716370247,13.786080605754515,14.88624042689801,15.901029,14.694616880634118,13.630667997289562,11.094557178484777,14.530817221215461
2026-06-01,ITA US 10/16/26 C250 Equity,2026-06-08,7.199999999999999,7.35,6.671061873167752,7.35,6.671061873167752,8.185443473433384,6.612011752179047,7.206636822965948,7.648023,7.723120608088014,6.020225159062711,4.499939685403733,6.335058281407881
2026-06-01,ITA US 01/15/27 C250 Equity,2026-06-08,11.15,11.600000000000001,11.425840118390346,11.600000000000001,11.425840118390346,13.566465641922488,11.891822342004387,9.970142237371263,11.519496,10.898685813942802,10.418580758031784,6.733693773389755,10.839705365386147
2026-06-01,ITA US 07/17/26 C250 Equity,2026-06-08,1.5499999999999998,2.325,1.6034452324406456,2.325,1.6034452324406456,3.1458022624695907,1.610164584876138,2.0927919069949277,3.5036306,3.261407209738348,2.9193212596690117,6.275168945899195,1.007744068679608
2026-06-01,ITA US 01/15/27 C235 Equity,2026-06-08,16.4,17.950000000000003,16.88036788747725,17.950000000000003,16.88036788747725,17.19199140277741,16.246728660990684,16.892699440825446,17.4215,16.079858448168025,15.394072753606565,14.19675369306457,16.958024107865693
2026-06-01,ITA US 10/16/26 C240 Equity,2026-06-08,9.649999999999999,10.8,10.027707138187484,10.8,10.027707138187484,10.639305158727936,9.662726291028708,9.140543162946882,10.356635,9.2287200707461,8.60464875801485,6.528792910887347,9.703212559936942
2026-06-01,ITA US 01/15/27 C245 Equity,2026-06-08,12.55,13.85,12.868729619815541,13.85,12.868729619815541,13.955610968045162,12.563610845572104,12.133796910074299,13.720112,13.952333657900997,11.10661845074468,9.28465974796891,12.813261419170136
2026-06-01,ITA US 12/18/26 C230 Equity,2026-06-08,17.45,19.15,18.146732206356607,19.15,18.146732206356607,18.034868717857414,17.348918699990662,18.029952407797524,18.9721,17.680964607014417,17.32123914758576,15.009744597559834,18.235434468595265
2026-06-01,ITA US 01/15/27 C230 Equity,2026-06-08,18.5,20.5,19.37810747065363,20.5,19.37810747065363,19.191057296671463,18.49245351667276,18.838603744623054,19.68768,18.645288858694894,18.00102066202969,16.218665904768173,19.48470357942709
2026-06-01,ITA US 12/18/26 C240 Equity,2026-06-08,13.15,13.8,13.745982743380354,13.8,13.745982743380354,14.610712518605775,13.649399259932114,12.181910692796782,14.723896,13.860457323250083,12.274079978639303,10.251821462470883,12.991575687896532
2026-06-01,ITA US 12/18/26 C250 Equity,2026-06-08,9.0,10.850000000000001,10.140888537171001,10.850000000000001,10.140888537171001,11.578681560080705,9.871974328403152,9.402243273836433,11.165487,10.513755697991073,9.082092478125745,6.469245354431646,9.890468788447738
2026-06-01,ITA US 01/15/27 C240 Equity,2026-06-08,14.4,15.75,14.731889537707378,15.75,14.731889537707378,15.84562097604255,14.461341702779047,14.940799003510476,16.019718,14.877501532192374,13.014888817241076,10.673180437391174,14.721316726252123
2026-06-01,ITA US 10/16/26 C235 Equity,2026-06-08,11.85,12.850000000000001,12.083609201229217,12.850000000000001,12.083609201229217,12.098799988415658,11.53429466120671,11.268004560685986,12.756508,11.753606665890379,11.057095254089969,8.979801023406043,11.824507896628448
2026-06-01,ITA US 10/16/26 C245 Equity,2026-06-08,8.15,9.1,8.368300567543296,9.1,8.368300567543296,9.470029747916946,8.094622819240115,8.483435064607145,9.642599,9.011881360430515,7.661374671993718,4.897948550085357,8.040965362070782
2026-06-01,ITA US 10/16/26 C255 Equity,2026-06-08,5.75,6.5,5.848980876078258,6.5,5.848980876078258,8.54779740995567,6.4195761999689385,6.6444874563135174,6.806071,7.06151958831039,5.726555830321761,2.2761122247943906,5.8010796144589625
2026-06-01,ITA US 07/17/26 C230 Equity,2026-06-08,6.55,8.85,7.921968614734395,8.85,7.921968614734395,8.21336273324981,8.66004468501501,8.3403049359626,10.009355,8.436408498729147,8.329095732666403,8.548409938926586,7.745803369079639
2026-06-01,ITA US 12/18/26 C235 Equity,2026-06-08,15.25,16.35,15.308283519147508,16.35,15.308283519147508,15.752635992320815,14.902298621850623,15.802189811469901,16.976355,15.637876012031654,14.543611487906427,11.992144346047663,15.373334981870133
2026-06-01,ITA US 12/18/26 C245 Equity,2026-06-08,11.25,12.3,11.395200200561677,12.3,11.395200200561677,12.668404564971617,11.192749202805624,10.690329763882765,12.791614,11.748652434700897,10.297597458115328,7.096635977809546,11.250880394169668
2026-06-02,ITA US 12/18/26 C250 Equity,2026-06-09,10.9,9.8,8.9701839081134,9.8,8.9701839081134,9.93627304853037,8.967543618288007,9.550718106418852,10.170015,9.092698405213673,7.803954990435737,5.755012350839473,8.630737921598131
2026-06-02,ITA US 10/16/26 C235 Equity,2026-06-09,12.7,12.0,11.307050448223844,12.0,11.307050448223844,10.212257680479505,10.314679427892987,11.040490247863088,11.019566,11.105504950960352,9.9185476949198,6.8739221289440176,10.651520631530236
2026-06-02,ITA US 12/18/26 C230 Equity,2026-06-09,18.85,17.95,16.946946039281176,17.95,16.946946039281176,15.747846210069213,16.05081487203635,17.76194240222608,17.537558,16.640069671692885,16.06542202152005,14.979361043022497,16.97532525100639
2026-06-02,ITA US 12/18/26 C235 Equity,2026-06-09,16.05,15.7,14.618800749674664,15.7,14.618800749674664,13.92242262762402,13.808805916481099,15.985010306314352,15.882928,15.352564603386876,13.498418600498665,11.194102199300932,14.581233274026017
2026-06-02,ITA US 01/15/27 C240 Equity,2026-06-09,15.2,15.15,14.108862116412782,15.15,14.108862116412782,14.668545095378215,13.93095888939481,14.377628559037534,14.886019,14.613447781986741,12.97927256412117,10.49484021688257,14.184945834427053
2026-06-02,ITA US 10/16/26 C230 Equity,2026-06-09,14.9,14.5,13.745983593091674,14.5,13.745983593091674,12.243877223224711,12.752531905326471,13.533623214044168,13.883724,13.34110728039212,12.508242809593337,9.964579501419909,13.419380049443564
2026-06-02,ITA US 07/17/26 C250 Equity,2026-06-09,1.9,1.95,1.4742015625001796,1.95,1.4742015625001796,1.9909223289038458,1.5171485627975585,1.755644622510572,1.9844619,1.2146058829606634,1.7820755293325323,4.90846136047919,0.7241767909155441
2026-06-02,ITA US 01/15/27 C235 Equity,2026-06-09,17.4,17.15,16.109948105983495,17.15,16.109948105983495,15.863863970480274,15.550540207459827,17.09734584607084,16.430471,16.62316053250295,15.036350061823347,13.651152474363734,16.126699436703344
2026-06-02,ITA US 10/16/26 C250 Equity,2026-06-09,7.35,6.95,6.474494406467383,6.95,6.474494406467383,6.279480120249637,5.6163943776666585,7.40793923493413,6.2846174,6.049739081800523,4.87440813717237,3.5972412136833842,5.713429503831676
2026-06-02,ITA US 01/15/27 C230 Equity,2026-06-09,19.9,19.35,18.255603054077007,19.35,18.255603054077007,17.338345563055867,17.4539498207649,18.831040288108305,18.749199,18.110878464292817,17.087467776430245,15.740922757284526,18.21181758262321
2026-06-02,ITA US 10/16/26 C240 Equity,2026-06-09,10.600000000000001,10.4,9.729706321179028,10.4,9.729706321179028,9.5981513686102,9.28055306915639,9.664568544681833,9.925898,9.574935680455413,8.589230604010453,5.302752597842948,9.368741360478333
2026-06-02,ITA US 10/16/26 C255 Equity,2026-06-09,6.1,6.35,5.910260297901054,6.35,5.910260297901054,7.567298733109821,6.451691720928232,4.647923797383957,4.9413686,4.922480900395373,3.7568175571451032,1.779825313021286,5.816731717274695
2026-06-02,ITA US 12/18/26 C240 Equity,2026-06-09,13.85,13.95,12.974297159127511,13.95,12.974297159127511,13.683401226297498,12.792694345985506,12.771476526216615,13.090606,13.110169961393332,11.930091015635954,8.662468994683124,13.053639160567307
2026-06-02,ITA US 01/15/27 C250 Equity,2026-06-09,11.55,11.35,10.433298191590408,11.35,10.433298191590408,12.071932075352752,10.891438557598686,10.377707057862452,10.808581,10.475654015574825,9.951926282755302,5.107168617954582,10.508216373689882
2026-06-02,ITA US 10/16/26 C245 Equity,2026-06-09,8.65,8.6,7.974959653625897,8.6,7.974959653625897,8.382505666097273,7.79413794937843,8.97731352503049,8.842392,8.321310750532179,7.146637972833845,3.912245952104254,7.672873774005385
2026-06-02,ITA US 07/17/26 C230 Equity,2026-06-09,8.1,7.5,6.780656582217473,7.5,6.780656582217473,5.441518483169677,6.846858542541733,7.532511245626393,6.783688,5.9600667203342965,6.444216711803199,8.322212594415362,6.077809458199669
2026-06-02,ITA US 12/18/26 C245 Equity,2026-06-09,12.0,11.75,10.797895157162932,11.75,10.797895157162932,11.679356060818414,10.957596934713868,10.936466493589963,11.624342,11.548098679086646,10.36095388761961,6.215999027175365,10.830593262761996
2026-06-02,ITA US 01/15/27 C245 Equity,2026-06-09,13.7,13.3,12.322117517083699,13.3,12.322117517083699,13.349019818108117,12.44489783482843,12.391356969426127,12.761413,12.823496626421255,11.5935512260125,8.693030801009098,12.462601053378725
2026-06-03,ITA US 10/16/26 C255 Equity,2026-06-10,5.35,5.25,4.767114781798684,5.25,4.767114781798684,7.19334434858755,6.203214860632712,4.053090158754061,4.298328,4.474201606483768,3.2695049071670113,0.883309812281884,5.466320062736829
2026-06-03,ITA US 10/16/26 C240 Equity,2026-06-10,9.4,9.2,8.59707871260774,9.2,8.59707871260774,9.894722916245568,9.421843628867894,8.914785090156142,9.2192745,8.739060783165213,7.465128155278552,4.5190643820666505,8.864423088499747
2026-06-03,ITA US 07/17/26 C230 Equity,2026-06-10,6.6,6.45,5.604070663440957,6.45,5.604070663440957,5.322588672089401,6.72048749188003,5.820874665790556,6.0852866,6.229825285041339,5.814201521687451,7.105898531710957,5.853914473241533
2026-06-03,ITA US 12/18/26 C230 Equity,2026-06-10,16.55,16.6,15.328483347729426,16.6,15.328483347729426,14.85466435999639,15.148055061788513,17.05103233478737,16.658129,15.721567236732602,15.00290132697695,12.590561254991448,16.17753158064423
2026-06-03,ITA US 12/18/26 C240 Equity,2026-06-10,12.55,12.3,11.268240085462008,12.3,11.268240085462008,12.186214012963218,11.779265689044394,11.374727138969218,12.18371,11.482150588047661,10.379230043812726,6.9567844139567425,11.994337887745974
2026-06-03,ITA US 01/15/27 C245 Equity,2026-06-10,12.2,11.8,10.932776537228321,11.8,10.932776537228321,12.177911708430726,11.677761653076455,10.93776784163085,11.276425,11.373789629689128,10.3034447168067,7.075281746956119,11.583750210657465
2026-06-03,ITA US 01/15/27 C235 Equity,2026-06-10,15.8,14.95,14.578412922192758,14.95,14.578412922192758,14.597622350928736,14.694885054526255,14.536057125934084,14.619366,14.502267075467499,13.178177056854445,11.566105197497244,14.375185090426482
2026-06-03,ITA US 07/17/26 C250 Equity,2026-06-10,1.225,1.5,1.5201761956345377,1.5,1.5201761956345377,4.390153745963287,4.021492114754221,1.743906759514704,2.0294347,1.3812811761824493,1.4188474639487385,4.96361694115315,1.8663993598573152
2026-06-03,ITA US 10/16/26 C230 Equity,2026-06-10,13.45,12.3,12.226662565491727,12.3,12.226662565491727,10.705594402257805,11.465404843744507,11.258839913957496,11.517905,10.898478681226926,10.465577164410979,7.905258539547073,11.531440394552249
2026-06-03,ITA US 10/16/26 C245 Equity,2026-06-10,7.7,7.550000000000001,7.043827712695451,7.550000000000001,7.043827712695451,8.01858523311747,7.510401032925353,7.437881598169162,6.747964,6.644654279623533,5.771622942561831,2.7204643044996035,7.297003965565436
2026-06-03,ITA US 10/16/26 C235 Equity,2026-06-10,11.2,10.8,10.152916211508085,10.8,10.152916211508085,10.052156341562963,10.114501374957898,9.716293104111205,9.700452,9.301196722780162,8.869303536449035,5.321154090111913,10.259787629691406
2026-06-03,ITA US 10/16/26 C250 Equity,2026-06-10,6.65,5.75,6.314190425445908,5.75,6.314190425445908,7.209642405301244,6.824762405650001,4.084468837196697,4.9629083,4.783191321814632,4.143441535458955,3.541205941541406,5.709442403256457
2026-06-03,ITA US 12/18/26 C250 Equity,2026-06-10,9.65,9.15,8.265693086122132,9.15,8.265693086122132,9.13646589948377,8.588019915785864,9.045760126851969,10.041847,8.904893004340934,8.041142939956526,4.820845864171265,8.796996904199847
2026-06-03,ITA US 12/18/26 C245 Equity,2026-06-10,11.0,10.7,9.791425183772827,10.7,9.791425183772827,10.65028171983517,10.167167791229557,9.730711342358227,10.665993,9.77836828923692,9.27466762846553,4.897764287281862,10.349011619752773
2026-06-03,ITA US 01/15/27 C250 Equity,2026-06-10,10.9,10.399999999999999,9.455382266735969,10.399999999999999,9.455382266735969,10.893224685036625,10.256788645770634,9.651372405990887,10.21008,9.707339451800312,9.13765232183395,4.428833227563382,10.13647749049319
2026-06-03,ITA US 12/18/26 C235 Equity,2026-06-10,14.600000000000001,14.1,13.024272467184808,14.1,13.024272467184808,13.128804244075909,13.137387090502507,13.461989340872755,14.191527,13.679813239119618,12.120384601526466,8.904101713070197,13.642521606380173
2026-06-03,ITA US 01/15/27 C240 Equity,2026-06-10,13.899999999999999,13.649999999999999,12.67073919649658,13.649999999999999,12.67073919649658,13.73752262369702,13.268526665500616,12.836768908898613,13.173571,13.249586981434254,11.889094313006936,8.591297298670687,13.354678859610805
2026-06-03,ITA US 01/15/27 C230 Equity,2026-06-10,17.85,17.799999999999997,16.593366904378676,17.799999999999997,16.593366904378676,16.215120033943606,16.44308553773011,17.431011735784708,16.793274,16.8438925518322,15.79957667805688,12.919041553917072,17.301685032891026
2026-06-04,ITA US 10/16/26 C245 Equity,2026-06-11,11.05,9.0,8.632418443982651,9.0,8.632418443982651,9.508958794218184,9.402931035751166,8.907055166354013,10.098432,8.984153030026583,8.129773480111044,5.6225205600732835,8.525491572672339
2026-06-04,ITA US 10/16/26 C255 Equity,2026-06-11,7.8500000000000005,6.550000000000001,6.1196490223855635,6.550000000000001,6.1196490223855635,7.68792984651367,7.136766149518379,7.181141168111348,6.049929,6.454692160612049,5.527172997396078,2.6357187667954847,6.164055412502804
2026-06-04,ITA US 01/15/27 C250 Equity,2026-06-11,14.05,12.05,11.497124756348152,12.05,11.497124756348152,12.71571962956025,12.304718563524423,11.24286911271428,12.437191,11.61905634086235,10.99294452734333,7.041179701588659,11.613111440071197
2026-06-04,ITA US 01/15/27 C235 Equity,2026-06-11,20.549999999999997,18.3,17.850056775698516,18.3,17.850056775698516,17.184596101023352,17.19945198148045,17.998014551943285,17.422253,18.24843629405747,16.68336717616537,14.763184005519216,17.74356132341197
2026-06-04,ITA US 12/18/26 C245 Equity,2026-06-11,14.600000000000001,12.5,11.826662323987295,12.5,11.826662323987295,12.510124568085491,12.232842895891523,11.477538125116123,13.104126,11.178403856024355,11.791644160905108,7.728354437393032,11.946899806450935
2026-06-04,ITA US 01/15/27 C245 Equity,2026-06-11,15.85,13.7,13.214703000776417,13.7,13.214703000776417,13.645517760215942,13.416844829678585,12.759379588345148,13.514556,12.6951556658094,12.188813785912112,9.296534851461828,13.130405286436382
2026-06-04,ITA US 10/16/26 C240 Equity,2026-06-11,13.05,10.85,10.49959409006001,10.85,10.49959409006001,10.517882776395737,10.696005653403216,9.849051763202556,11.200872,9.919565179427083,9.673552613644311,6.4384819321075755,10.26430287502583
2026-06-04,ITA US 01/15/27 C240 Equity,2026-06-11,18.200000000000003,15.95,15.336654093836998,15.95,15.336654093836998,15.654882739628496,15.501514154243248,15.915647798355355,15.46983,14.666672953608439,14.345219192227479,12.127230375604732,15.409484762560124
2026-06-04,ITA US 12/18/26 C235 Equity,2026-06-11,19.4,17.0,16.46645737663278,17.0,16.46645737663278,15.59688000672433,15.85630232934172,17.276841290412424,17.047462,16.65097748302998,15.868775967518298,12.7668406750481,16.353114602509557
2026-06-04,ITA US 12/18/26 C250 Equity,2026-06-11,12.7,10.75,10.031961578092394,10.75,10.031961578092394,10.917255415159994,10.606785235150701,9.886655216233105,11.827011,10.291182973664837,9.973493812689163,6.783233049212877,10.220081018780677
2026-06-04,ITA US 07/17/26 C230 Equity,2026-06-11,11.25,9.3,8.73845694931034,9.3,8.73845694931034,9.386948703874731,10.191810394355084,8.37880080889907,8.75482,7.99154825544577,8.356574851799264,8.314444446175225,8.591900523334946
2026-06-04,ITA US 10/16/26 C235 Equity,2026-06-11,15.5,13.6,13.244333093540483,13.6,13.244333093540483,12.98646605529078,13.184361210245886,12.697058825818422,13.709876,12.336479250833381,12.675881543483174,8.951723289675575,12.980838308524147
2026-06-04,ITA US 07/17/26 C250 Equity,2026-06-11,3.0,2.6,2.158909559825553,2.6,2.158909559825553,6.843808149705771,6.018734877512729,1.9897882998544154,2.456868,2.2429215539693126,2.603127998810008,4.5224497425833805,2.878948510847791
2026-06-04,ITA US 12/18/26 C230 Equity,2026-06-11,21.9,19.4,18.871001326100213,19.4,18.871001326100213,17.61373707501521,17.686991030100877,18.801528947593553,19.186972,18.942833141447213,18.011061923129596,15.651700967520007,18.543996963832175
2026-06-04,ITA US 10/16/26 C250 Equity,2026-06-11,9.100000000000001,7.699999999999999,7.354807597823763,7.699999999999999,7.354807597823763,9.391552283188881,8.465641244173428,7.496811969784679,6.416541,7.647173235823388,6.50111088524648,4.991083688713838,7.402246159930929
2026-06-04,ITA US 01/15/27 C230 Equity,2026-06-11,23.35,20.85,20.41154132157921,20.85,20.41154132157921,19.52834324129634,19.4424433015025,19.585932424571123,19.80709,20.418606414290842,18.954451920479503,17.735455566509373,20.105469485104095
2026-06-04,ITA US 12/18/26 C240 Equity,2026-06-11,16.85,14.6,13.8710524517901,14.6,13.8710524517901,13.682295752774976,13.678104335954194,13.572293200727286,14.627274,13.341625315124551,13.124202199507076,10.388406755725777,13.963014831679144
2026-06-04,ITA US 10/16/26 C230 Equity,2026-06-11,18.4,15.75,15.417869365406517,15.75,15.417869365406517,14.95708045869387,14.863069108634916,15.830949012891637,15.703252,14.85535148408979,14.415996024990337,10.933956916123742,15.0037172816146
2026-06-05,ITA US 07/17/26 C250 Equity,2026-06-12,2.425,1.925,1.6330972797508863,1.925,1.6330972797508863,4.890261545260687,3.649680055133432,1.9110083194039587,2.2651513,1.8591932662698942,2.2201324263801006,3.9710747539005604,1.8846368100410504
2026-06-05,ITA US 12/18/26 C245 Equity,2026-06-12,14.3,12.100000000000001,11.414713336738005,12.100000000000001,11.414713336738005,12.693858777119818,11.655654629793837,11.212634010665342,11.952459,11.731231096825677,10.372844012835703,5.117852210683229,11.808896907370977
2026-06-05,ITA US 07/17/26 C230 Equity,2026-06-12,9.65,7.6,7.344190158927231,7.6,7.344190158927231,7.092320465639338,8.317079462091442,7.40957041433853,6.931723,6.253566147356226,7.390749466877452,6.164656730759812,7.197385324405217
2026-06-05,ITA US 12/18/26 C250 Equity,2026-06-12,12.35,10.9,10.187521851483849,10.9,10.187521851483849,11.875872095257916,10.607378934133669,9.922528811022234,10.693114,9.9129009979454,9.861503003126488,4.111243355158831,10.797275846155987
2026-06-05,ITA US 10/16/26 C235 Equity,2026-06-12,14.850000000000001,12.5,11.727280267732558,12.5,11.727280267732558,12.041763966986991,11.610336987891857,11.142102014791652,11.166241,11.126473640230879,10.60383412327422,4.977536698298119,12.008668289411204
2026-06-05,ITA US 10/16/26 C230 Equity,2026-06-12,17.4,14.8,14.355353591346761,14.8,14.355353591346761,13.165859721165893,13.502961933620982,14.216683383825856,14.220669,14.371225916927564,12.81901641957989,8.209667059504376,14.308182113592817
2026-06-05,ITA US 01/15/27 C240 Equity,2026-06-12,17.5,15.5,14.770502305955281,15.5,14.770502305955281,15.934372976302924,15.01309040184138,15.120227152651298,14.697125,14.907046320427021,12.919417161851324,9.345351413282344,15.336864242673098
2026-06-05,ITA US 01/15/27 C230 Equity,2026-06-12,22.15,19.7,18.893761459317385,19.7,18.893761459317385,18.654747875011907,18.55320195259751,19.357303976103292,18.861364,18.987468217599467,17.753256206877992,16.203675511932698,19.44512546157354
2026-06-05,ITA US 01/15/27 C250 Equity,2026-06-12,13.350000000000001,11.5,10.861201164199915,11.5,10.861201164199915,12.810420281193643,11.640990959741426,10.441223079675067,10.943116,10.720427463215916,10.085112238558668,4.861500711973679,11.36977020878014
2026-06-05,ITA US 01/15/27 C235 Equity,2026-06-12,19.8,17.5,16.597156907624502,17.5,16.597156907624502,17.22992406989613,16.591357043180125,17.46571274318912,16.790344,16.82434739688572,15.077319924942515,13.123813167045311,17.281948696063758
2026-06-05,ITA US 12/18/26 C235 Equity,2026-06-12,18.45,16.15,15.446078296326673,16.15,15.446078296326673,15.921283153875386,15.363693478257515,16.657655396006934,16.32114,15.831097910154154,14.49406253033932,9.782653073745523,15.896147150331343
2026-06-05,ITA US 10/16/26 C250 Equity,2026-06-12,9.25,7.4,6.950354056102548,7.4,6.950354056102548,8.906059559552856,7.7075256575413515,7.46700716502487,6.6765914,6.990936528035554,5.574909630117298,1.9721679015834623,7.326453857965409
2026-06-05,ITA US 01/15/27 C245 Equity,2026-06-12,15.3,13.3,12.64611979510453,13.3,12.64611979510453,14.163955119569357,13.069699715376844,12.390206547193701,12.595258,12.661542092328165,11.259613679241653,7.045282414883248,13.115492102090613
2026-06-05,ITA US 12/18/26 C230 Equity,2026-06-12,21.05,18.35,17.548421427580305,18.35,17.548421427580305,16.914667627963297,16.906046973934934,18.27744395828763,17.571066,17.19918921174059,16.981948129228925,13.36042928762227,17.973041897206333
2026-06-05,ITA US 10/16/26 C240 Equity,2026-06-12,12.75,11.15,9.600804558197403,11.15,9.600804558197403,11.06337161741225,10.018853938395033,9.802969921809932,10.076985,9.851420491343681,9.545944753860343,3.496429130956412,10.665076082613346
2026-06-05,ITA US 10/16/26 C255 Equity,2026-06-12,7.699999999999999,6.2,5.7736966849476,6.2,5.7736966849476,8.203582058462018,6.8389187048947555,4.612395127459342,5.160008,5.402152368389008,4.099250649448642,1.1076465663971558,6.287389107779808
2026-06-05,ITA US 10/16/26 C245 Equity,2026-06-12,10.75,9.0,8.53799354073044,9.0,8.53799354073044,9.64393145358813,8.834453750284485,8.844620317246177,9.435569,9.079855427469289,7.28370637393019,3.17412947830733,8.824554790687072
2026-06-05,ITA US 12/18/26 C240 Equity,2026-06-12,16.3,13.899999999999999,13.183314934530966,13.899999999999999,13.183314934530966,13.780371103997052,13.039386309669004,12.930306103991157,13.052334,12.817895907360532,11.750746760433039,7.158798575705311,13.517580041269063
2026-06-08,ITA US 10/16/26 C240 Equity,2026-06-15,14.350000000000001,9.649999999999999,8.915511505932704,9.649999999999999,8.915511505932704,9.71755435662157,9.34135963480463,9.574992681937266,10.817312,10.927581236139387,9.108862046112659,6.072164211215347,9.116847360963177
2026-06-08,ITA US 10/16/26 C250 Equity,2026-06-15,10.0,7.199999999999999,6.542709774956595,7.199999999999999,6.542709774956595,9.232074675210836,7.745772786975163,7.5797360463671435,7.6810985,7.82625563292664,6.838358862923747,3.8258567031456163,7.194758109406892
2026-06-08,ITA US 07/17/26 C230 Equity,2026-06-15,12.15,6.55,5.72824912271776,6.55,5.72824912271776,6.526683286369793,7.267491289831423,7.339415774208467,7.5532017,7.740403314001603,8.205657398595893,8.290942761495618,5.80951999905996
2026-06-08,ITA US 07/17/26 C250 Equity,2026-06-15,2.925,1.5499999999999998,1.1285998388283007,1.5499999999999998,1.1285998388283007,4.454847374135106,3.0229193455589733,1.8104790015744192,3.284625,2.7895785000284143,3.5791081602082624,4.707708644433443,1.3746134990932797
2026-06-08,ITA US 12/18/26 C230 Equity,2026-06-15,23.1,17.45,16.314817138678155,17.45,16.314817138678155,16.325423009309795,16.06411817901426,17.94104088222706,18.723284,17.861652171025195,17.4556804388103,14.369354574156166,16.925675688807882
2026-06-08,ITA US 01/15/27 C250 Equity,2026-06-15,15.0,11.15,10.057278829899191,11.15,10.057278829899191,12.457815641396927,10.977195070789248,10.274466460050913,11.883245,11.553904967236083,11.214413332121078,6.534003315384443,10.775225966882964
2026-06-08,ITA US 12/18/26 C235 Equity,2026-06-15,20.700000000000003,15.25,14.279464231921704,15.25,14.279464231921704,15.56857074531962,14.722959926257113,15.557893001921165,16.72348,16.01342355511674,14.995919890895694,11.36230907679001,14.864057366018345
2026-06-08,ITA US 10/16/26 C255 Equity,2026-06-15,7.8,5.75,5.132136250491369,5.75,5.132136250491369,7.885823184551347,6.338926797824332,4.245079180930942,5.571349,5.85395302411773,5.216882500337521,2.2965663840984925,5.711598042459016
2026-06-08,ITA US 01/15/27 C230 Equity,2026-06-15,24.5,18.5,17.266608031586873,18.5,17.266608031586873,17.27222006315481,17.070339572694337,18.881996750395857,18.996777,18.46710857710698,18.349250090739154,16.207329155580187,17.898483122706377
2026-06-08,ITA US 12/18/26 C245 Equity,2026-06-15,15.25,11.25,10.44911644793651,11.25,10.44911644793651,12.55777277646311,11.364226564941605,10.530081467922772,12.626162,12.24059595876849,11.617946371633895,7.288596410507749,10.997864115884994
2026-06-08,ITA US 12/18/26 C250 Equity,2026-06-15,12.75,9.0,8.197707599585742,9.0,8.197707599585742,9.876439706474935,8.725864695175922,9.24508672591744,11.526979,10.694806343518993,9.707286955832291,6.3694760540326785,8.422240909049002
2026-06-08,ITA US 01/15/27 C240 Equity,2026-06-15,19.65,14.4,13.271093233972866,14.4,13.271093233972866,15.199123602185182,14.10718205991144,13.880483758916467,15.035496,15.170734713082403,13.521602680358214,11.15891838143227,14.080117696390811
2026-06-08,ITA US 10/16/26 C235 Equity,2026-06-15,16.549999999999997,11.85,11.04587598066084,11.85,11.04587598066084,12.081488941149793,11.484265446182565,11.201373072828938,12.316351,12.713928222318742,11.162117514466674,8.014997989440117,11.285220478213875
2026-06-08,ITA US 10/16/26 C230 Equity,2026-06-15,19.4,13.8,13.201637900458929,13.8,13.201637900458929,13.418020328609932,13.311605201033387,13.232367088885919,14.514164,14.172370018091728,13.50487969172411,10.401445407860257,13.307095241355276
2026-06-08,ITA US 01/15/27 C235 Equity,2026-06-15,22.1,16.4,15.39134723291428,16.4,15.39134723291428,16.17700480864794,15.537914879963818,16.854739317549857,17.415462,16.772507887047464,15.984740624898453,13.892312114851492,15.954260848367541
2026-06-08,ITA US 10/16/26 C245 Equity,2026-06-15,11.850000000000001,8.15,7.4204994309645445,8.15,7.4204994309645445,9.61092519998771,8.353199677756182,8.494672944673072,9.385053,9.36691205311304,8.234719123046968,4.8067603937301,7.8848801651863365
2026-06-08,ITA US 12/18/26 C240 Equity,2026-06-15,18.049999999999997,13.15,12.098907036414843,13.15,12.098907036414843,13.731902397352005,12.679174497231564,12.663618049252468,14.258075,13.769725111866808,13.207211985508698,9.472767878949666,12.785559143589818
2026-06-08,ITA US 01/15/27 C245 Equity,2026-06-15,17.15,12.55,11.684387872138736,12.55,11.684387872138736,13.687261877411487,12.493396955614225,11.842055369989925,13.247417,13.1463371912695,12.598152087437464,8.97265165498958,12.269985517172962
2026-06-09,ITA US 01/15/27 C245 Equity,2026-06-16,17.7,13.7,12.886064716880794,13.7,12.886064716880794,14.479885646084321,13.518692382226533,11.603040109963034,11.700688,10.87314936879307,12.11952679645594,8.828595732946612,13.235319935415218
2026-06-09,ITA US 12/18/26 C235 Equity,2026-06-16,21.4,16.05,15.737561241178692,16.05,15.737561241178692,15.484195494761183,15.30847977933091,13.389521984731239,14.129958,13.44600689774479,14.971380479497583,10.11500461505045,15.354840903565417
2026-06-09,ITA US 01/15/27 C250 Equity,2026-06-16,15.65,11.55,11.08362017546065,11.55,11.08362017546065,12.660532330671524,11.776803051613694,9.637847633847711,10.1584215,9.579780961480513,10.757839335257753,5.801597285551533,11.006372783366789
2026-06-09,ITA US 10/16/26 C230 Equity,2026-06-16,20.6,14.9,14.901775394117454,14.9,14.901775394117454,14.565735894339994,14.51817028036823,12.306338986694005,12.209906,12.39841225124715,13.340518104467758,9.072972816198922,14.23528247885023
2026-06-09,ITA US 10/16/26 C235 Equity,2026-06-16,17.4,12.7,12.282087140252294,12.7,12.282087140252294,12.245204462027498,12.169949243564366,10.491861217988728,10.456523,9.234226775304549,11.833960108446377,5.701471743478789,12.015809486286917
2026-06-09,ITA US 10/16/26 C245 Equity,2026-06-16,12.65,8.65,8.776617448904148,8.65,8.776617448904148,9.642273621059294,9.117525749681056,6.657227356102009,7.4537005,7.6999021823264195,8.244887018254492,2.4463103325183506,8.12192989792724
2026-06-09,ITA US 12/18/26 C230 Equity,2026-06-16,24.35,18.85,18.28584702897021,18.85,18.28584702897021,17.768086606667406,17.45459159410388,16.513598002088557,17.302553,16.716797986990645,17.553746568262007,14.005127156173701,18.197204756299207
2026-06-09,ITA US 01/15/27 C240 Equity,2026-06-16,20.1,15.2,14.783861516447098,15.2,14.783861516447098,14.975166048868006,14.505605818222811,12.514687661533223,12.536647,12.977389371570112,13.305148935384517,9.753846520879161,14.459778161113462
2026-06-09,ITA US 01/15/27 C230 Equity,2026-06-16,25.9,19.9,19.602061533702564,19.9,19.602061533702564,18.55458797176902,18.373634944596233,17.015589660059295,18.152164,18.23465157980247,18.005524406835494,14.620741582039358,19.0661026537247
2026-06-09,ITA US 07/17/26 C230 Equity,2026-06-16,13.600000000000001,8.1,7.790338733999726,8.1,7.790338733999726,7.693764246989501,8.832216036188097,6.147261314739959,6.762547,6.954232155220318,8.705309157175805,5.200888090420472,7.339159958887438
2026-06-09,ITA US 10/16/26 C250 Equity,2026-06-16,10.350000000000001,7.35,7.425465095801919,7.35,7.425465095801919,9.639502977823554,8.67065810826671,5.865672959227869,6.061996,6.3855322014826115,6.7759837325189025,1.995248030008188,7.129691993063975
2026-06-09,ITA US 01/15/27 C235 Equity,2026-06-16,22.7,17.4,17.169185524716898,17.4,17.169185524716898,16.57919583316145,16.43871815076049,14.429826275727718,15.635146,15.296797991333234,15.906479882778672,12.668756574828802,16.707662304717278
2026-06-09,ITA US 12/18/26 C245 Equity,2026-06-16,16.25,12.0,11.59874046287963,12.0,11.59874046287963,12.592692908325722,11.81790673472289,10.105388296259928,10.831071,9.593474377794983,11.117139210721634,6.377010698190711,11.391614117605169
2026-06-09,ITA US 07/17/26 C250 Equity,2026-06-16,3.4499999999999997,1.9,1.5851327002266644,1.9,1.5851327002266644,4.410300678315416,3.7344385372033457,1.6643685208210224,2.20029,1.7476862681858027,2.4685525039865635,0.9443056986277844,1.5545325575771467
2026-06-09,ITA US 10/16/26 C240 Equity,2026-06-16,14.95,10.600000000000001,10.326494852859597,10.600000000000001,10.326494852859597,10.872964510386591,10.525658820767458,8.146530240131709,8.898998,8.26274236660554,9.583942110582987,4.067439072389043,9.921709011104568
2026-06-09,ITA US 10/16/26 C255 Equity,2026-06-16,9.0,6.1,6.084553864194717,6.1,6.084553864194717,8.256801813010997,7.261793461269695,4.365277099223109,4.8471327,5.162525266857664,4.9740897317270765,1.0527042899400574,5.918882245174043
2026-06-09,ITA US 12/18/26 C240 Equity,2026-06-16,18.75,13.85,13.64175403068207,13.85,13.64175403068207,13.666234549167694,13.293123916248724,11.548353745658032,11.98123,10.787719682951362,12.499470493732286,8.237574748519753,13.170531359353085
2026-06-09,ITA US 12/18/26 C250 Equity,2026-06-16,14.100000000000001,10.9,9.755976293896792,10.9,9.755976293896792,10.959084368518827,9.63415512001525,8.963004577452049,10.153499,9.424054315391938,10.327027004463213,4.874043818512664,9.858415928301532
2026-06-10,ITA US 12/18/26 C240 Equity,2026-06-17,20.7,12.55,11.678302140246386,12.55,11.678302140246386,12.344164013789161,11.308444544133408,10.60299509372521,11.606087,10.759207037151702,10.703531461416379,5.669614350638179,11.78338437458712
2026-06-10,ITA US 07/17/26 C230 Equity,2026-06-17,15.65,6.6,5.689004042532485,6.6,5.689004042532485,8.008284000809892,8.432318921317147,6.582491016735425,6.2484365,6.688155805816107,7.047053170628614,5.756672592213322,6.340002479311935
2026-06-10,ITA US 01/15/27 C240 Equity,2026-06-17,22.2,13.899999999999999,12.834649849917176,13.899999999999999,12.834649849917176,13.459352737768498,12.359622767285861,11.794336423908387,12.4388895,12.385563879178205,11.558212124447692,6.66201592096732,12.966433517983821
2026-06-10,ITA US 01/15/27 C235 Equity,2026-06-17,24.75,15.8,14.621409391810264,15.8,14.621409391810264,14.726554500273858,13.85197492639215,14.689284689834427,14.844347,14.623918624292164,13.953341253485284,9.660435442980091,14.80080657388708
2026-06-10,ITA US 01/15/27 C245 Equity,2026-06-17,19.55,12.2,11.089835722909035,12.2,11.089835722909035,11.931841676571523,10.890370178000222,10.361851873747211,11.090907,10.874394345776585,10.053615982654867,5.058457363650239,11.339499847496525
2026-06-10,ITA US 10/16/26 C240 Equity,2026-06-17,16.799999999999997,9.4,8.693480056973092,9.4,8.693480056973092,9.486341571498375,8.485950796536212,8.137456319277863,8.715112,8.94782838779488,7.79304554231306,3.5967798517335963,8.571040392594638
2026-06-10,ITA US 10/16/26 C255 Equity,2026-06-17,10.15,5.35,4.821532216344796,5.35,4.821532216344796,6.532773335970306,5.013359482259711,4.086052224958059,4.3907647,5.016275816620592,4.108525836467495,0.41696961955829714,4.882865206527183
2026-06-10,ITA US 10/16/26 C250 Equity,2026-06-17,12.25,6.65,6.0412699681689315,6.65,6.0412699681689315,7.775601689879613,6.213591457302387,6.512509157313823,6.176402,7.086047351541261,5.4160821580884235,1.6055723713437557,6.143474491724939
2026-06-10,ITA US 10/16/26 C230 Equity,2026-06-17,22.9,13.45,12.620584364793926,13.45,12.620584364793926,12.316431225475336,12.118934180533568,11.520010925579427,11.831223,11.65263571561048,11.69256498052176,7.32283474469185,12.718889249072545
2026-06-10,ITA US 10/16/26 C235 Equity,2026-06-17,20.0,11.2,10.749590409555324,11.2,10.749590409555324,11.04204401729444,10.504847910197551,9.094690579345386,9.539243,9.448479087755691,9.664440763156207,5.027061882765596,10.411288170573709
2026-06-10,ITA US 07/17/26 C250 Equity,2026-06-17,4.7,1.225,0.8167560570837301,1.225,0.8167560570837301,2.95109776644658,1.4362166124358513,1.6757193116101121,2.099278,1.5513529113432418,2.2810688785879467,1.8131650823553733,0.6341905981538268
2026-06-10,ITA US 12/18/26 C245 Equity,2026-06-17,18.25,11.0,10.088875889303822,11.0,10.088875889303822,11.110322153204855,9.875662613311208,9.250913444422329,10.364152,9.43218629733944,9.951227464031371,3.8970601523609565,10.23324199030574
2026-06-10,ITA US 01/15/27 C230 Equity,2026-06-17,27.85,17.85,16.549612959791332,17.85,16.549612959791332,16.141238470068483,15.711791206344614,16.80906177857365,16.718325,16.84872298094354,16.17928126848692,12.090776182324948,16.78902230503385
2026-06-10,ITA US 12/18/26 C230 Equity,2026-06-17,26.4,16.55,15.43570217648655,16.55,15.43570217648655,14.684458170053851,14.507738947884627,15.775504481440999,16.226192,15.470149154327512,15.296447035747063,11.711506913244946,15.622032751271474
2026-06-10,ITA US 01/15/27 C250 Equity,2026-06-17,16.95,10.9,9.851290809760748,10.9,9.851290809760748,11.061330393221205,9.608246963574153,9.1893323859238,9.713057,9.615481085689776,9.875869849207731,3.360698175203805,10.02020132362035
2026-06-10,ITA US 10/16/26 C245 Equity,2026-06-17,14.5,7.7,7.202492323726973,7.7,7.202492323726973,8.701605128425422,7.416142038930907,6.803716928247483,6.6803274,8.27651705320842,6.925093059509395,2.2337770970496558,7.16646905452536
2026-06-10,ITA US 12/18/26 C235 Equity,2026-06-17,23.4,14.600000000000001,13.555400996943735,14.600000000000001,13.555400996943735,13.712518745101368,12.872569058249788,12.429891790753922,13.568865,12.824459876305786,12.483733666571554,7.326684941612275,13.661572856186508
2026-06-10,ITA US 12/18/26 C250 Equity,2026-06-17,16.0,9.65,8.6820271093714,9.65,8.6820271093714,9.672213404423207,8.444526250375024,8.62723363497536,9.674624,9.166034885094584,8.488305293456012,2.9309781599601807,8.84918719868865
2026-06-11,ITA US 10/16/26 C230 Equity,2026-06-18,19.95,18.4,18.6045881564837,18.4,18.6045881564837,17.27167568323782,16.901226135446084,15.710876044532212,15.783935,16.058450953326883,16.224007948503424,13.072340593053909,16.491715873885838
2026-06-11,ITA US 01/15/27 C240 Equity,2026-06-18,20.15,18.200000000000003,18.426328111703086,18.200000000000003,18.426328111703086,17.2028647247062,16.951629099292038,15.390343841692522,16.25389,16.51882261650528,15.874909274137323,15.328716013864037,16.726325800403263
2026-06-11,ITA US 10/16/26 C240 Equity,2026-06-18,14.6,13.05,13.236698477424449,13.05,13.236698477424449,12.523598883238854,12.476566464472803,10.890751144637312,12.463715,10.514203195151426,12.202064666570454,10.299421566660893,11.643941965586023
2026-06-11,ITA US 01/15/27 C230 Equity,2026-06-18,25.2,23.35,23.750372129188325,23.35,23.750372129188325,21.317874305555016,20.92060530816137,19.250353210403098,19.34562,20.474256287358376,20.577458472616215,16.734029361237095,21.187799863516155
2026-06-11,ITA US 12/18/26 C235 Equity,2026-06-18,21.1,19.4,19.533803699861636,19.4,19.533803699861636,18.089668528535057,17.530917704212545,16.44164343859617,17.741854,17.68803729820578,17.355047497230853,15.834302257790792,17.829797865997357
2026-06-11,ITA US 12/18/26 C230 Equity,2026-06-18,23.8,21.9,22.193159456037684,21.9,22.193159456037684,19.933094646834302,19.57530948066705,17.442819604994217,18.558786,19.28199759196975,19.97645137300081,16.055442434247883,19.765181078806762
2026-06-11,ITA US 10/16/26 C235 Equity,2026-06-18,17.450000000000003,15.5,15.899203911491915,15.5,15.899203911491915,15.132050117836402,14.705421233430725,12.3245290429582,13.625244,13.427599371017555,13.726407976686344,12.151209033511616,14.106204038992043
2026-06-11,ITA US 12/18/26 C240 Equity,2026-06-18,18.4,16.85,16.92948691565915,16.85,16.92948691565915,15.450169608787562,15.281018900109206,13.985458023708482,15.701502,15.466510261087524,15.659265638716722,14.456258715501779,15.402422679985245
2026-06-11,ITA US 10/16/26 C250 Equity,2026-06-18,10.65,9.100000000000001,9.175730051505552,9.100000000000001,9.175730051505552,9.672474091614209,9.188995306525484,6.933400791212751,9.377014,7.79130621257235,7.73882869850642,7.145206347845129,7.843395994609696
2026-06-11,ITA US 10/16/26 C255 Equity,2026-06-18,9.0,7.8500000000000005,7.727568648681592,7.8500000000000005,7.727568648681592,8.932206502909265,8.256786397338413,6.089608386983984,7.6732316,7.302643908055635,7.069596728006505,5.795831358092693,6.73406457349211
2026-06-11,ITA US 12/18/26 C245 Equity,2026-06-18,16.55,14.600000000000001,14.618751093307418,14.600000000000001,14.618751093307418,14.230825138660306,13.776548111154968,11.982246456365864,14.069346,12.457809939559827,13.028630412700329,11.516301863540745,13.218114267632185
2026-06-11,ITA US 01/15/27 C245 Equity,2026-06-18,17.85,15.85,16.00976426193148,15.85,16.00976426193148,15.023708080967353,14.68840123170117,12.813380429883576,14.56318,13.961097914301178,14.115934722810765,12.478283126188403,14.373330245320004
2026-06-11,ITA US 10/16/26 C245 Equity,2026-06-18,12.65,11.05,11.167525819403352,11.05,11.167525819403352,11.122513732499025,10.834787838136766,8.324021223285966,10.4598255,8.700542020227354,10.017186331760316,8.794994164938132,9.757008000031401
2026-06-11,ITA US 01/15/27 C235 Equity,2026-06-18,22.55,20.549999999999997,20.83636645341433,20.549999999999997,20.83636645341433,18.818821905256502,18.421519561262294,17.164169363667067,18.51116,18.792814068314858,18.05598855118059,17.53217161487655,18.888171859754042
2026-06-11,ITA US 01/15/27 C250 Equity,2026-06-18,15.85,14.05,13.926637852779573,14.05,13.926637852779573,14.375278551621832,13.580538594072644,11.6432954880248,13.507529,13.100796797130368,12.485429622497618,11.057712190924374,12.70797703304967
2026-06-11,ITA US 12/18/26 C250 Equity,2026-06-18,14.25,12.7,12.650092025314283,12.7,12.650092025314283,12.723078787297151,12.107320861094848,10.895081222912268,13.016267,10.94718783704244,11.757141576937656,9.923765463988481,11.389079890255728
2026-06-12,ITA US 10/16/26 C240 Equity,2026-06-22,12.75,12.75,12.298829369252395,12.75,12.298829369252395,14.197151119547643,12.770040740689064,12.05370027597169,11.390404,11.754943239666424,11.344985780411555,12.435109177600872,11.941019962093566
2026-06-12,ITA US 10/16/26 C255 Equity,2026-06-22,7.45,7.699999999999999,7.159857994622131,7.699999999999999,7.159857994622131,10.608742039334778,8.373837753380702,7.705820159080694,6.714492,8.10853870884731,6.159734317161617,7.623275182180768,7.110871210723754
2026-06-12,ITA US 12/18/26 C235 Equity,2026-06-22,18.95,18.45,17.872919221712536,18.45,17.872919221712536,18.65629501525232,17.488547514630536,18.194004868745605,17.87994,17.473196144952546,17.727529682351065,18.535891715684745,17.60999393123205
2026-06-12,ITA US 12/18/26 C250 Equity,2026-06-22,12.45,12.35,11.559922290700214,12.35,11.559922290700214,14.047370836222374,11.87039247347449,11.555552394983827,11.790644,11.87345138436997,10.606332217527775,11.902662677549579,11.467274740290318
2026-06-12,ITA US 10/16/26 C250 Equity,2026-06-22,9.1,9.25,8.694039180466342,9.25,8.694039180466342,11.794404912953631,9.682651579450708,9.221336495282117,9.400324,9.098500493314255,7.521893789881635,9.091030683404167,8.566637428651354
2026-06-12,ITA US 10/16/26 C230 Equity,2026-06-22,18.05,17.4,16.982629897250675,17.4,16.982629897250675,17.733486536744458,16.529331283244762,17.305679211902888,17.304245,16.832229971527187,17.435269705038465,16.607893804255035,16.163726470771582
2026-06-12,ITA US 10/16/26 C235 Equity,2026-06-22,14.95,14.850000000000001,14.414545512191465,14.850000000000001,14.414545512191465,15.428442803391102,14.435016591720778,14.156509379792974,13.457537,13.739937330775504,13.2004680364999,14.893646376927427,14.035661684979583
2026-06-12,ITA US 12/18/26 C240 Equity,2026-06-22,16.75,16.3,15.5961549820754,16.3,15.5961549820754,17.147008456238503,15.506054551628331,16.411904399785897,16.024563,15.61243085389268,15.300877484332267,16.34436998795989,15.459031948628972
2026-06-12,ITA US 01/15/27 C250 Equity,2026-06-22,14.1,13.350000000000001,12.662890392726444,13.350000000000001,12.662890392726444,15.234274022296425,13.197147297827751,12.61686088279028,12.3281,13.10109292146712,12.279381246912717,12.564621614046372,12.499976678163325
2026-06-12,ITA US 10/16/26 C245 Equity,2026-06-22,10.8,10.75,10.29424208265998,10.75,10.29424208265998,12.669185642131037,10.911260170387521,9.813229956760356,9.914933,10.009911614400105,8.613044695482003,11.015998890146907,9.995582869801384
2026-06-12,ITA US 12/18/26 C230 Equity,2026-06-22,21.4,21.05,20.34854501626336,21.05,20.34854501626336,21.04760398911782,19.490426149433546,19.702614958079682,20.261816,19.647733116941144,20.086304165580593,19.902827065221764,19.75150421362014
2026-06-12,ITA US 01/15/27 C245 Equity,2026-06-22,15.75,15.3,14.67818081155213,15.3,14.67818081155213,16.724367817756885,14.810006212408007,14.850660110223803,14.431483,14.361052604079081,13.61605713019506,15.144702083586672,14.43189057965451
2026-06-12,ITA US 01/15/27 C240 Equity,2026-06-22,18.05,17.5,16.738177541925833,17.5,16.738177541925833,18.261943757968282,16.61325136891976,17.190399408878108,16.720905,16.787245105809244,16.247651175640385,17.238494451357568,16.595068476756172
2026-06-15,ITA US 10/16/26 C235 Equity,2026-06-23,14.9,16.549999999999997,15.419608420406798,16.549999999999997,15.419608420406798,15.39678705198411,14.755342323750325,11.774327657981477,12.08893,12.461939302473676,12.586902477531755,12.370639578938217,15.481719369835638
2026-06-15,ITA US 10/16/26 C240 Equity,2026-06-23,12.45,14.350000000000001,13.451033589079223,14.350000000000001,13.451033589079223,13.730264630504042,13.274427446357398,9.83056540350875,10.442402,10.863027611992345,10.07736121859126,9.589733463257096,13.677944303143004
2026-06-15,ITA US 10/16/26 C245 Equity,2026-06-23,10.25,11.850000000000001,10.78300005079104,11.850000000000001,10.78300005079104,11.653334817278422,10.902371945948648,8.392388309658495,9.256817,8.78272623589504,8.87240044995837,8.512866030938742,11.080566877657926
2026-06-15,ITA US 01/15/27 C250 Equity,2026-06-23,14.15,15.0,13.782876277788876,15.0,13.782876277788876,15.003947019232983,13.957124586828323,10.92064946977677,11.781115,12.164877254402915,11.87110920625536,10.588522931618817,14.354920014377285
2026-06-15,ITA US 12/18/26 C250 Equity,2026-06-23,11.75,12.75,12.157152856385947,12.75,12.157152856385947,12.343459059387364,11.702993980150966,9.472566421558273,10.770729,10.636482064513187,10.36622772336804,9.302133749186952,11.83771021085368
2026-06-15,ITA US 12/18/26 C235 Equity,2026-06-23,18.950000000000003,20.700000000000003,19.282291772546774,20.700000000000003,19.282291772546774,19.24670027153956,18.17868251755789,15.349581289595655,15.808704,16.050711251865373,16.0864681930328,14.973152054506622,19.598409953312228
2026-06-15,ITA US 01/15/27 C245 Equity,2026-06-23,16.05,17.15,15.905591412271994,17.15,15.905591412271994,16.353205866728967,15.37624139037098,12.262966961575678,13.050067,12.971411598307785,13.086539112109918,12.666666439602041,16.32718113712019
2026-06-15,ITA US 10/16/26 C230 Equity,2026-06-23,17.5,19.4,18.469674493755175,19.4,18.469674493755175,18.321121253175566,17.75040112657825,14.452171855880927,14.821715,15.023231025168396,15.669610084537673,15.51903261778731,17.934687059527956
2026-06-15,ITA US 12/18/26 C240 Equity,2026-06-23,16.2,18.049999999999997,16.791034662241074,18.049999999999997,16.791034662241074,16.743626210164688,16.214361184289608,13.609111936112063,13.937308,13.829074976592503,13.426167802085631,13.93848045402817,17.40778721142121
2026-06-15,ITA US 10/16/26 C255 Equity,2026-06-23,7.05,7.8,6.907782090278549,7.8,6.907782090278549,8.445787696643258,7.384476029121022,5.798584901183621,6.682778,6.039830472157011,6.575473236570867,5.570498120459361,6.953475813402574
2026-06-15,ITA US 12/18/26 C230 Equity,2026-06-23,21.6,23.1,21.696540350681015,23.1,21.696540350681015,20.7351351068113,20.022667944594517,18.58722371563436,18.08147,18.28977074082293,18.72818505812014,16.684579765130405,21.456056690984024
2026-06-15,ITA US 10/16/26 C250 Equity,2026-06-23,8.5,10.0,9.149991574608205,10.0,9.149991574608205,10.68090701775213,9.673911403023688,7.354000240687605,8.273219,7.396866841833018,7.787058677578301,6.999770754677405,9.343502821120621
2026-06-15,ITA US 01/15/27 C240 Equity,2026-06-23,18.25,19.65,18.46413161065541,19.65,18.46413161065541,18.67107842240543,17.976050060823933,14.678951083595482,15.04584,15.25320517770089,15.198993942213773,15.632756848073907,18.95621199853424
2026-06-16,ITA US 01/15/27 C240 Equity,2026-06-24,18.15,20.1,19.30560117878653,20.1,19.30560117878653,15.944698441799368,16.143014280492743,15.247845371738862,14.906144,14.762480170062602,14.417103859501637,11.919131887777596,17.64126456247513
2026-06-16,ITA US 12/18/26 C245 Equity,2026-06-24,14.75,16.25,15.43538120666642,16.25,15.43538120666642,13.1897654114584,12.75906935349117,11.818160735017576,10.780056,11.47110191454692,10.621809821429599,7.253222197894729,13.713438986879893
2026-06-16,ITA US 12/18/26 C235 Equity,2026-06-24,19.15,21.4,20.32644056255392,21.4,20.32644056255392,17.100329715580635,16.763961092191987,15.894043735758395,15.673396,16.10654910920583,14.933108567748862,11.915742557269722,18.305328621900145
2026-06-16,ITA US 01/15/27 C235 Equity,2026-06-24,20.65,22.7,21.792571362062994,22.7,21.792571362062994,18.33674316576073,18.046429603870823,18.220062792274675,17.170517,16.909415615685553,15.784245067028833,14.266441298510209,19.649720983568553
2026-06-16,ITA US 10/16/26 C230 Equity,2026-06-24,18.200000000000003,20.6,20.068296722578793,20.6,20.068296722578793,15.756071633723804,16.07109023546937,15.486269315507778,14.471631,14.555195035125562,14.007768420664714,11.177775691845195,17.15568806963246
2026-06-16,ITA US 12/18/26 C230 Equity,2026-06-24,21.85,24.35,23.603653498926388,24.35,23.603653498926388,19.13125504102751,19.10133396433836,19.67854784753669,18.295841,18.13482665453344,17.3340716828114,14.917138783893286,20.772869392733938
2026-06-16,ITA US 10/16/26 C245 Equity,2026-06-24,10.45,12.65,12.046951405002,12.65,12.046951405002,9.31100607895468,9.36733575187692,9.229485395530133,8.234662,7.670688933110228,8.180598306188841,4.701128297067322,9.954888917762393
2026-06-16,ITA US 10/16/26 C240 Equity,2026-06-24,13.15,14.95,14.367764591662223,14.95,14.367764591662223,11.45702420356784,11.798192996450311,10.748350285427138,9.695282,10.325277498536215,9.596731835148447,7.056130448402546,12.496089086096047
2026-06-16,ITA US 10/16/26 C250 Equity,2026-06-24,9.2,10.350000000000001,9.79998102810307,10.350000000000001,9.79998102810307,7.705749902878001,7.4497941411183355,7.5005160936280175,7.3488407,7.016886187905125,6.592683157507616,3.1343325267497746,7.764044053687936
2026-06-16,ITA US 10/16/26 C235 Equity,2026-06-24,15.1,17.4,16.63723734696819,17.4,16.63723734696819,12.648428049140543,12.861222029812229,12.623055413173596,12.142245,12.107798230178938,12.84023788141252,9.046184497948186,14.169541699222032
2026-06-16,ITA US 12/18/26 C250 Equity,2026-06-24,12.6,14.100000000000001,13.401227894630651,14.100000000000001,13.401227894630651,11.474748573133738,10.880856589310726,10.02396849840223,9.440901,10.051885568250356,8.803417712946478,4.99045231455018,11.547316374239115
2026-06-16,ITA US 01/15/27 C230 Equity,2026-06-24,23.45,25.9,25.15057052393469,25.9,25.15057052393469,20.96837405493249,20.621956964675206,19.917880229728656,18.977375,19.012776970196608,18.348874361449255,15.725301021875037,22.27110575498127
2026-06-16,ITA US 12/18/26 C240 Equity,2026-06-24,16.85,18.75,17.940885988496063,18.75,17.940885988496063,14.068043043346979,14.326873016960272,14.3187226259489,13.448608,13.234514725674105,13.172372889367349,10.987954527101934,16.139426327175464
2026-06-16,ITA US 01/15/27 C250 Equity,2026-06-24,14.0,15.65,14.834225611283088,15.65,14.834225611283088,13.007036957443498,12.50180042920519,11.572707315893542,10.972598,11.613046628291722,10.052573284534017,8.268202553854762,13.280773856243469
2026-06-16,ITA US 10/16/26 C255 Equity,2026-06-24,7.550000000000001,9.0,8.348865419113052,9.0,8.348865419113052,6.833218754508806,6.239098569013119,6.360886020851464,6.754824,5.7471119807763085,5.449085050622335,2.5545979362561386,6.28978513474827
2026-06-16,ITA US 01/15/27 C245 Equity,2026-06-24,16.0,17.7,16.91026189928667,17.7,16.91026189928667,14.219147471367986,13.92535583570667,12.931590281650317,12.399205,12.137876968621601,11.932188205828883,9.137797943918944,15.144726531792388
2026-06-17,ITA US 01/15/27 C250 Equity,2026-06-25,15.25,16.95,15.799010844228672,16.95,15.799010844228672,11.104093195360992,11.333299133234334,14.62826302677662,13.765783,14.027926429819276,12.22813337467403,8.093698424039923,13.147516906865935
2026-06-17,ITA US 01/15/27 C245 Equity,2026-06-25,17.4,19.55,18.463416160880104,19.55,18.463416160880104,13.321162911869763,13.779500861011304,16.48618201046066,16.026167,16.09769227802516,13.611032597125606,11.08680444639566,15.936108816425513
2026-06-17,ITA US 12/18/26 C235 Equity,2026-06-25,21.6,23.4,22.574929148700164,23.4,22.574929148700164,16.18371094587361,16.56093187186956,19.527617489769913,18.062582,18.359369155246725,17.389127584065374,12.832442141127274,18.868432541594444
2026-06-17,ITA US 10/16/26 C250 Equity,2026-06-25,10.2,12.25,11.551499466335292,12.25,11.551499466335292,7.144473419700956,7.6107766683481834,10.300643485641789,9.656219,9.030769984022546,7.889769609726669,4.629957072348302,8.718140530982213
2026-06-17,ITA US 12/18/26 C245 Equity,2026-06-25,16.25,18.25,17.164513822277947,18.25,17.164513822277947,11.780103319908783,12.264377739735933,15.668964900747921,14.4323015,15.08490650107447,12.186947637620285,8.743646159807794,14.535623509301477
2026-06-17,ITA US 01/15/27 C235 Equity,2026-06-25,22.5,24.75,23.8114957154664,24.75,23.8114957154664,17.668305708971666,17.99718829738688,19.97282169345695,18.849262,18.484025477921968,18.434300697144767,15.154927338967381,20.295254311258756
2026-06-17,ITA US 12/18/26 C240 Equity,2026-06-25,18.65,20.7,19.695001518053147,20.7,19.695001518053147,14.204499655720001,14.279062400404818,16.85414130337676,16.387295,16.53457933345094,14.113896932543383,11.362459250011145,16.712464582772295
2026-06-17,ITA US 01/15/27 C230 Equity,2026-06-25,25.85,27.85,26.688885190209287,27.85,26.688885190209287,20.593874262393484,20.770698391358007,22.5410317903136,21.517834,21.12498011412183,20.566941136489,17.530938131985,22.963536576621294
2026-06-17,ITA US 12/18/26 C230 Equity,2026-06-25,24.55,26.4,25.27614175607933,26.4,25.27614175607933,18.630730931404564,18.999653960114756,20.22311673548928,19.381361,19.189933053050176,18.852461070812915,16.530241647817807,21.40289974313174
2026-06-17,ITA US 10/16/26 C255 Equity,2026-06-25,8.55,10.15,9.486693253174534,10.15,9.486693253174534,6.327733452423146,6.477954419306885,8.799178782377973,8.402414,7.801528917466809,7.259271852165582,2.798474798711167,6.738839303432869
2026-06-17,ITA US 10/16/26 C245 Equity,2026-06-25,12.55,14.5,13.779678862069494,14.5,13.779678862069494,8.929836103201454,9.680301151463986,11.893454742013558,10.277415,11.131207845001697,9.91883582174551,6.606971833796992,10.978197813000417
2026-06-17,ITA US 10/16/26 C240 Equity,2026-06-25,14.75,16.799999999999997,16.145403507107112,16.799999999999997,16.145403507107112,10.642968788298504,11.123795628849543,14.660468587341235,13.297682,13.31248069439208,12.379848491597313,8.065113796133788,12.832106840833605
2026-06-17,ITA US 10/16/26 C235 Equity,2026-06-25,17.5,20.0,19.232364130140503,20.0,19.232364130140503,13.295249837558732,13.795970997636667,16.53116254177244,16.006048,15.848705870966048,14.544638287714845,10.898365992845562,15.5898711089824
2026-06-17,ITA US 10/16/26 C230 Equity,2026-06-25,20.7,22.9,22.17326049526316,22.9,22.17326049526316,16.060800574536422,16.599445700164715,19.263268758134636,17.263454,17.83016615318952,16.455469161499206,13.532360810945136,18.037060081503444
2026-06-17,ITA US 01/15/27 C240 Equity,2026-06-25,20.0,22.2,21.137534107407195,22.2,21.137534107407195,15.891327994035667,15.934677474551076,17.853764835422364,17.876148,17.623503368423194,15.959816144002225,12.634223697571118,18.2653781995464
2026-06-17,ITA US 12/18/26 C250 Equity,2026-06-25,13.95,16.0,14.929537434468594,16.0,14.929537434468594,10.664711892976015,10.893396005487164,14.072763356613672,12.168828,12.34251594939176,10.425646547461032,8.17110764742732,12.49057713348517
