date,contract,target_date,target_t1,naive_forecast,crr_forecast,pred_naive_random_walk,pred_crr_binomial_roll-down,pred_ols,pred_ridge,pred_randomforest,pred_xgboost,pred_lightgbm,pred_catboost,pred_mlp,pred_elasticnet_delta
2026-05-07,ITA US 10/16/26 C240 Equity,2026-05-14,8.85,9.1,8.6077786781927,9.1,8.6077786781927,11.014155045572672,9.79024702983386,11.632847557211731,10.340603,10.944349797554997,11.471134211630687,9.638273747231871,10.024096480859672
2026-05-07,ITA US 12/18/26 C245 Equity,2026-05-14,10.35,10.3,9.443326732105538,10.3,9.443326732105538,12.505661516525628,11.077657423737323,11.965036085744693,11.007628,11.155083665797008,11.71959582161441,10.481044656574943,11.110762395950099
2026-05-07,ITA US 10/16/26 C235 Equity,2026-05-14,10.600000000000001,11.0,10.466482480968457,11.0,10.466482480968457,12.693582848411376,11.261870690750055,13.690411396651779,11.705278,12.26691256986044,13.040062618140523,12.2855119058622,11.709190005086395
2026-05-07,ITA US 01/15/27 C230 Equity,2026-05-14,17.6,16.9,15.919735841824412,16.9,15.919735841824412,18.227866226593694,16.797616027009912,18.72939486377587,18.229738,18.275186034642907,20.006392046070975,18.221152697474206,17.651077130435443
2026-05-07,ITA US 07/17/26 C230 Equity,2026-05-14,6.949999999999999,7.25,6.772733954347176,7.25,6.772733954347176,8.990484205829297,7.524563506620117,9.18118607706352,7.969401,7.9282278180917825,8.476867204734038,9.868120899928178,7.968564393990698
2026-05-07,ITA US 10/16/26 C250 Equity,2026-05-14,6.65,6.35,5.87887409868966,6.35,5.87887409868966,8.02997832465837,6.792555365916035,6.006252534283729,6.0338116,5.610116385668292,7.424058704544258,6.869127708873298,7.02658172477501
2026-05-07,ITA US 01/15/27 C245 Equity,2026-05-14,11.3,11.25,10.33437473142885,11.25,10.33437473142885,13.233963059023889,11.896442664349937,13.803897991162568,12.394535,12.483468497992044,12.84442872376974,13.093777031142452,12.158300605284333
2026-05-07,ITA US 12/18/26 C230 Equity,2026-05-14,16.3,15.649999999999999,14.65745751833275,15.649999999999999,14.65745751833275,17.010880565212805,15.777730416396818,17.949758007855404,16.136374,16.979286487039563,17.804894872092643,16.55470417433694,16.352037614684992
2026-05-07,ITA US 10/16/26 C245 Equity,2026-05-14,7.35,7.55,7.049054485276237,7.55,7.049054485276237,9.09516698426241,7.972934622363274,9.176283794234504,7.628006,7.372467108937013,7.886356782411625,7.5999025468314505,8.393275132394843
2026-05-07,ITA US 01/15/27 C235 Equity,2026-05-14,15.399999999999999,14.8,13.836680954985011,14.8,13.836680954985011,16.118971824350883,14.801716842808288,16.618938895800728,15.38221,15.743017911662601,16.53347434673822,17.056465412590985,15.574215477975887
2026-05-07,ITA US 12/18/26 C235 Equity,2026-05-14,14.0,13.6,12.634247865100308,13.6,12.634247865100308,15.089839155885823,13.815630267549071,15.62852356187401,13.949311,14.001796594217117,14.893567797988565,13.366597972313006,14.220125210198322
2026-05-07,ITA US 10/16/26 C230 Equity,2026-05-14,12.85,12.75,12.384772176856856,12.75,12.384772176856856,13.892107069386352,12.566718760087495,15.40399299740929,13.571869,14.540537553198442,16.1790542434528,13.468039519429869,13.353113009730952
2026-05-07,ITA US 01/15/27 C240 Equity,2026-05-14,13.3,12.85,12.065620296343155,12.85,12.065620296343155,14.897176097339704,13.496553094811675,15.48416649583006,14.003708,14.05229541868689,14.790851322042545,14.686525189339363,13.676558271525437
2026-05-07,ITA US 12/18/26 C250 Equity,2026-05-14,8.600000000000001,8.7,7.9113614335302715,8.7,7.9113614335302715,10.822879548124966,9.635941837031382,11.130306584134608,9.471256,10.205590050930654,10.242705528730577,8.997043778697808,9.508019066173796
2026-05-07,ITA US 12/18/26 C240 Equity,2026-05-14,12.75,12.0,11.070441103146244,12.0,11.070441103146244,13.15482029140524,12.005201379113148,14.11378575067757,12.52176,12.951550908336092,13.198945273664592,12.580492982517235,12.663994589301709
2026-05-07,ITA US 10/16/26 C255 Equity,2026-05-14,5.3,5.3,5.110445419282524,5.3,5.110445419282524,7.79904357498225,6.577831669113078,5.535472632233229,5.200786,4.8763041406060745,6.034046808063068,6.393936647121513,6.395663734181827
2026-05-07,ITA US 01/15/27 C250 Equity,2026-05-14,10.0,10.05,9.301772946233449,10.05,9.301772946233449,12.926696717092305,11.33850411623163,11.931291794768246,11.247497,11.023565936742003,12.421749576825434,10.951986383127194,10.986683616332975
2026-05-07,ITA US 07/17/26 C250 Equity,2026-05-14,2.1500000000000004,2.1,1.8183916104115372,2.1,1.8183916104115372,3.85072436091278,2.7393457011804063,2.1800273575485365,2.5492063,2.2053476165681105,3.110996932901454,4.73198966115698,2.682437402214678
2026-05-08,ITA US 01/15/27 C230 Equity,2026-05-15,14.35,17.25,16.39177367285835,17.25,16.39177367285835,18.350805737986338,17.36564296390423,18.856294561244077,19.410742,19.343574855029157,20.60932574927119,18.480828288715212,17.968108091106746
2026-05-08,ITA US 07/17/26 C250 Equity,2026-05-15,0.875,2.4749999999999996,2.1947018265168103,2.4749999999999996,2.1947018265168103,4.917034241593276,4.1579502653440485,2.382518531524808,3.2142043,3.2413911436512204,2.8966661317384332,5.395501916215882,3.5766144037164294
2026-05-08,ITA US 12/18/26 C250 Equity,2026-05-15,6.6,8.85,8.074337550864456,8.85,8.074337550864456,10.997803217530251,10.225054833567043,11.350201982039144,10.646146,11.156525630414409,11.01516355030152,9.26822949721702,9.801993476308805
2026-05-08,ITA US 07/17/26 C230 Equity,2026-05-15,3.95,7.0,6.578986436597179,7.0,6.578986436597179,8.36673110576115,7.21693195080538,9.15365890495642,8.956401,9.025452237618001,8.597637248509422,8.756268940938876,7.085846810504974
2026-05-08,ITA US 12/18/26 C235 Equity,2026-05-15,11.75,14.2,13.253359234690057,14.2,13.253359234690057,16.06691845980492,15.138408458992014,16.04082913840204,15.38575,16.20735717097013,17.08839273680855,14.032038154029024,15.072994046359952
2026-05-08,ITA US 10/16/26 C245 Equity,2026-05-15,4.65,7.6499999999999995,7.158213208230791,7.6499999999999995,7.158213208230791,9.793267864614489,8.881857455438682,9.175168454312324,8.183912,8.586707192336709,8.395496917629881,8.189084569329895,8.62376258243825
2026-05-08,ITA US 12/18/26 C230 Equity,2026-05-15,13.4,16.2,15.276014067908243,16.2,15.276014067908243,17.334266618905865,16.54733642173525,18.64218423429151,17.767097,18.28344390122322,18.94862893168309,16.48926546265631,17.080671773330476
2026-05-08,ITA US 01/15/27 C240 Equity,2026-05-15,10.85,13.4,12.538313660247198,13.4,12.538313660247198,14.976747793481504,13.9945578685093,15.640329485527992,14.842143,15.13197590800265,15.5741105187925,14.346962160371667,14.194196837061604
2026-05-08,ITA US 12/18/26 C240 Equity,2026-05-15,10.25,12.25,11.364204315769651,12.25,11.364204315769651,13.87679184372714,12.989028573655693,14.746994173576502,13.450049,14.084884942909042,14.159813052889554,13.212426129243998,13.206760519285336
2026-05-08,ITA US 10/16/26 C230 Equity,2026-05-15,9.149999999999999,12.8,12.23225049026308,12.8,12.23225049026308,14.136800566214802,13.15446015690421,15.402452335599946,14.803129,15.703978529645573,16.52047360400821,12.822615512049254,13.443709639307473
2026-05-08,ITA US 12/18/26 C245 Equity,2026-05-15,8.15,10.2,9.3325827688241,10.2,9.3325827688241,12.43819315006602,11.47832898663659,11.954702987153235,11.431138,11.736591290006151,12.211987332062836,9.427047023475062,10.992452942394953
2026-05-08,ITA US 01/15/27 C235 Equity,2026-05-15,12.5,15.0,14.19005139552139,15.0,14.19005139552139,16.307881828383003,15.429293197709816,17.21697486951611,16.558887,17.081628610617297,17.306672312186706,17.216481727711454,15.839094914295398
2026-05-08,ITA US 01/15/27 C245 Equity,2026-05-15,9.399999999999999,11.5,10.778884378075752,11.5,10.778884378075752,13.515481366294374,12.571261122817173,13.823897041873543,13.116409,13.334390903790483,13.740643074737084,13.18495026398304,12.441249845993502
2026-05-08,ITA US 10/16/26 C240 Equity,2026-05-15,6.45,9.2,8.735856307969565,9.2,8.735856307969565,10.382007534557365,9.399391735525938,11.627087452882712,10.924396,11.471073944091804,10.899473764232184,8.31363054865205,9.488592615464915
2026-05-08,ITA US 10/16/26 C235 Equity,2026-05-15,7.6,10.8,10.262521943062703,10.8,10.262521943062703,13.064368811097854,11.877145666972295,12.4258680846977,11.976366,12.893820870150655,13.162720182749624,11.782152251492143,11.473217618665402
2026-05-08,ITA US 01/15/27 C250 Equity,2026-05-15,8.2,10.05,9.251950237645952,10.05,9.251950237645952,12.861111796886208,11.731347187396036,11.936009017918387,11.988673,11.940444880442195,12.006171942160712,10.992247423306033,11.102845299049312
2026-05-08,ITA US 10/16/26 C250 Equity,2026-05-15,3.7,6.4,6.044018427410096,6.4,6.044018427410096,8.107667822660652,7.18997153257158,7.238391968639432,7.274778,7.5312135624714465,8.865770171818362,5.897175701999489,6.943927464046351
2026-05-08,ITA US 10/16/26 C255 Equity,2026-05-15,3.0,5.25,4.847896160647052,5.25,4.847896160647052,8.078800844232791,7.009687947497115,5.528560021873602,5.5474215,5.513313627053684,5.927981371129802,6.651612248138451,6.314124353358704
2026-05-11,ITA US 01/15/27 C240 Equity,2026-05-18,11.4,13.75,13.169764235124209,13.75,13.169764235124209,15.183055224813451,14.501619727962462,15.628141634433195,14.609221,14.819075738853364,14.785472436526996,13.891971584781938,14.003470463284078
2026-05-11,ITA US 10/16/26 C245 Equity,2026-05-18,6.0,8.05,7.7031017551525975,8.05,7.7031017551525975,9.146437153258406,8.665568230440961,10.468406192227459,8.773006,8.714858275867677,9.126831819084707,7.544595760901561,8.337726862588385
2026-05-11,ITA US 01/15/27 C235 Equity,2026-05-18,13.15,16.0,15.419431377493831,16.0,15.419431377493831,15.807373905878224,15.313113087707343,18.52552133451756,17.079859,17.22641050850968,18.124853590241237,16.457070767815708,16.021522175109407
2026-05-11,ITA US 01/15/27 C250 Equity,2026-05-18,8.6,10.45,9.89171912240228,10.45,9.89171912240228,11.851509397634258,11.174997685918612,11.948534231641455,11.739752,11.893889481583392,12.099735535084664,9.901589782242356,10.687457087992327
2026-05-11,ITA US 10/16/26 C230 Equity,2026-05-18,10.2,13.75,13.527603695614502,13.75,13.527603695614502,14.22958047994102,13.680725826675284,15.606421603420692,14.868955,16.136312462232503,17.242332899670224,14.05241777201156,13.82607431707074
2026-05-11,ITA US 01/15/27 C230 Equity,2026-05-18,15.0,18.3,17.717832577921154,18.3,17.717832577921154,18.09961239770808,17.44569687340002,18.774172135668927,19.231562,19.29038427034712,21.358207017688493,18.032859954393242,18.297282065556075
2026-05-11,ITA US 12/18/26 C235 Equity,2026-05-18,12.05,14.8,14.283145565346597,14.8,14.283145565346597,15.879189358507068,15.292645887990483,16.58697706084046,15.671907,16.687610971236957,17.001314056212994,13.152010804681938,15.045797716816352
2026-05-11,ITA US 10/16/26 C235 Equity,2026-05-18,8.399999999999999,11.55,11.311869613450071,11.55,11.311869613450071,12.703357585366765,11.969986998368714,13.710480635986611,12.643501,13.329280211824129,14.031142887005394,11.2791200246312,11.734085857333135
2026-05-11,ITA US 12/18/26 C230 Equity,2026-05-18,14.05,17.1,16.6806009972062,17.1,16.6806009972062,17.09706130757342,16.59586794048552,18.780370942907282,18.400536,19.139305122579167,20.64051177506903,16.922577401201483,17.292358484224547
2026-05-11,ITA US 12/18/26 C250 Equity,2026-05-18,7.3,9.350000000000001,8.822161113924373,9.350000000000001,8.822161113924373,9.84675278467537,9.492291008123498,11.589165273352682,10.653513,11.177082252100085,10.839213005016898,8.851136089169191,9.457406142213346
2026-05-11,ITA US 10/16/26 C250 Equity,2026-05-18,4.65,6.35,6.109883490585929,6.35,6.109883490585929,7.765338934094494,7.214645247109994,5.9548077649101385,6.645104,6.727629272431908,8.461804309249612,6.302428551959826,6.717508033771309
2026-05-11,ITA US 12/18/26 C240 Equity,2026-05-18,10.399999999999999,12.850000000000001,12.375117218442965,12.850000000000001,12.375117218442965,13.553743042306564,13.061840770318982,15.379665316191614,13.715037,14.305615286270337,14.44593367173271,12.121492091708397,13.119997242589784
2026-05-11,ITA US 07/17/26 C250 Equity,2026-05-18,1.625,2.375,2.0273566566419357,2.375,2.0273566566419357,2.98920807959451,2.5214338041505506,2.3802765213127413,3.207555,3.3817540136226985,3.4535391265228146,4.408174125240527,2.1137362557082233
2026-05-11,ITA US 07/17/26 C230 Equity,2026-05-18,4.85,7.5,6.982352536187664,7.5,6.982352536187664,7.639646480840698,7.039707319033434,9.14338487138706,8.619545,9.010419017526202,8.656676648038761,9.733624384544104,7.050076090036326
2026-05-11,ITA US 01/15/27 C245 Equity,2026-05-18,9.75,12.15,11.542435235292247,12.15,11.542435235292247,12.9317794084293,12.34285580136431,14.671805057967088,13.47625,14.103163643494849,14.064233578370985,12.137361619068063,12.307675916809403
2026-05-11,ITA US 10/16/26 C240 Equity,2026-05-18,6.75,9.55,9.30496606719968,9.55,9.30496606719968,10.663411698872924,9.895239798218311,11.594905926473851,10.855938,11.41311512745653,11.591386075469309,9.962886680572115,9.754971769700292
2026-05-11,ITA US 12/18/26 C245 Equity,2026-05-18,8.7,10.9,10.378131495339584,10.9,10.378131495339584,11.730573715996663,11.222059336160536,12.574570089017557,11.670756,12.233847692734813,12.634317729048767,9.542998216022237,11.025163180364657
2026-05-11,ITA US 10/16/26 C255 Equity,2026-05-18,3.5250000000000004,5.2,4.871219476199117,5.2,4.871219476199117,7.379215255280577,6.8322141002743,5.4864469306259815,5.404887,5.294656583849612,5.925204344314863,6.3233149852621295,5.872072780279898
2026-05-12,ITA US 10/16/26 C235 Equity,2026-05-19,7.800000000000001,10.9,10.50612774104097,10.9,10.50612774104097,11.59121001955966,10.97125267206274,9.524634051289917,10.504939,10.038929507947937,10.374713534679543,9.83683969695742,10.745760889693642
2026-05-12,ITA US 12/18/26 C240 Equity,2026-05-19,9.8,12.25,11.834830834938446,12.25,11.834830834938446,12.180287173080753,11.742714034166264,10.938222642648087,11.38411,10.834265798129168,11.034981690394059,10.93974770148312,12.004326987196576
2026-05-12,ITA US 10/16/26 C245 Equity,2026-05-19,5.75,7.3999999999999995,7.086478564920609,7.3999999999999995,7.086478564920609,8.036439204071144,7.6250160788396695,7.487758079121826,7.194362,6.3421664451802595,7.5728039669422875,5.301918467251229,7.29255996042141
2026-05-12,ITA US 12/18/26 C245 Equity,2026-05-19,8.3,10.5,9.98406201576194,10.5,9.98406201576194,11.10863219448046,10.556380770066951,9.175108709916378,9.995254,9.053654513045927,10.308270195337563,7.502319602723558,10.333593853035431
2026-05-12,ITA US 01/15/27 C250 Equity,2026-05-19,7.65,10.05,9.599669728253279,10.05,9.599669728253279,10.798093511590544,10.139880717140926,9.129200374773287,9.874467,8.577655918932102,10.2294796741437,8.592618109010271,9.901495535637892
2026-05-12,ITA US 01/15/27 C240 Equity,2026-05-19,10.75,13.45,13.013704252438016,13.45,13.013704252438016,13.809510053242077,13.318827756874908,11.942505412721014,12.229691,11.229230455203052,12.58396408914647,12.029033278438051,13.269352460086067
2026-05-12,ITA US 12/18/26 C250 Equity,2026-05-19,6.9,8.9,8.426756926691878,8.9,8.426756926691878,8.996521023643007,8.593926424908146,8.93480483021538,9.371491,8.495845667227902,8.845744832757347,7.558515457063039,8.784008272082637
2026-05-12,ITA US 10/16/26 C240 Equity,2026-05-19,6.300000000000001,9.05,8.857562565928703,9.05,8.857562565928703,9.827360361212294,9.271624321183642,9.019846218438826,9.448993,9.005685259862515,9.257565849001612,7.396046521778698,8.948977494494795
2026-05-12,ITA US 01/15/27 C245 Equity,2026-05-19,9.4,11.65,11.191486696616101,11.65,11.191486696616101,11.993387473916313,11.435555762475072,10.222972559824944,11.021092,9.94902064096623,11.138644859103092,11.028907496270918,11.486907466441705
2026-05-12,ITA US 01/15/27 C235 Equity,2026-05-19,12.55,15.45,14.881593703538579,15.45,14.881593703538579,14.912804204217498,14.47548895629765,14.224122742490142,14.113808,13.803205927201201,14.173017292924275,14.91679737416076,15.183623118840169
2026-05-12,ITA US 07/17/26 C250 Equity,2026-05-19,1.6749999999999998,2.6,2.3455939759612607,2.6,2.3455939759612607,3.119893359402866,2.686408217529321,2.3687936893425983,2.542074,2.3118477041549848,2.744709264678086,3.8630879989864515,2.383156449342127
2026-05-12,ITA US 12/18/26 C230 Equity,2026-05-19,13.2,16.45,16.0405507510409,16.45,16.0405507510409,15.802555338040264,15.377658437339928,15.690938481545722,15.875064,15.565752234337861,15.732048377462426,15.10700718962536,16.159572968254576
2026-05-12,ITA US 10/16/26 C230 Equity,2026-05-19,9.75,13.25,12.926660444862492,13.25,12.926660444862492,13.84608721795028,13.363063419615706,11.827812784496588,12.894588,12.84046666434203,14.24269189885994,12.877424991298765,12.981813161325915
2026-05-12,ITA US 12/18/26 C235 Equity,2026-05-19,11.1,14.3,13.88622132378409,14.3,13.88622132378409,14.197176421139385,13.725266017911967,12.396541318621884,13.054201,12.619530812058445,13.75588047054357,11.366370224810385,14.001110382395424
2026-05-12,ITA US 10/16/26 C250 Equity,2026-05-19,5.0,6.25,6.042707623634723,6.25,6.042707623634723,6.595912300967687,6.299793028579218,5.317693895500446,5.715244,4.860773238598986,7.042975747905767,4.123651937505906,6.124635293172853
2026-05-12,ITA US 07/17/26 C230 Equity,2026-05-19,4.65,7.65,7.424599171956348,7.65,7.424599171956348,7.222599780686991,6.7311489090114724,7.4860233387833786,7.691417,7.657231070655734,7.544990844229149,8.68514316709028,6.992559888452591
2026-05-12,ITA US 01/15/27 C230 Equity,2026-05-19,14.4,17.55,17.136076661575842,17.55,17.136076661575842,16.89483320938524,16.32748251913935,16.305869300196804,16.579182,16.388939808979895,17.115436796278914,16.23616116433659,17.129522022475594
2026-05-12,ITA US 10/16/26 C255 Equity,2026-05-19,3.75,5.35,5.110646423737449,5.35,5.110646423737449,6.28053864020633,5.952106567046998,5.100492269105109,4.9934263,4.3696306031651275,5.087400427350236,5.120832324832874,5.473386490294576
2026-05-13,ITA US 01/15/27 C250 Equity,2026-05-20,9.15,10.2,9.749693971766247,10.2,9.749693971766247,10.866187783411926,10.383039221675858,9.147958874294915,9.043931,8.628399693607056,9.028817795986871,8.612271906561935,10.111615148384063
2026-05-13,ITA US 10/16/26 C235 Equity,2026-05-20,9.399999999999999,10.9,10.5736684341112,10.9,10.5736684341112,11.04758334331055,10.73286482110581,9.518899117041384,9.918008,9.94981778569867,10.009076982398886,8.520374819513519,10.693463111985833
2026-05-13,ITA US 10/16/26 C240 Equity,2026-05-20,7.5,8.8,8.493571740408177,8.8,8.493571740408177,8.921761735328246,8.669475601062313,8.84070031723732,8.68772,8.84741686122225,8.517879835998034,6.818061159122935,8.549238597591817
2026-05-13,ITA US 07/17/26 C250 Equity,2026-05-20,1.875,2.925,2.658459143239388,2.925,2.658459143239388,4.415895682873842,3.827089077521098,3.3803139869176317,2.6424549,2.7356338932342594,1.8932716543627492,3.8762722084848744,2.789232439336755
2026-05-13,ITA US 10/16/26 C245 Equity,2026-05-20,6.4,7.95,7.65312520440609,7.95,7.65312520440609,7.046457280496707,6.9571607479388575,8.308848661074212,7.2996516,6.6565865835919205,7.812672125764736,6.313798688350987,7.359246630331501
2026-05-13,ITA US 10/16/26 C255 Equity,2026-05-20,4.35,5.0,4.742069324186945,5.0,4.742069324186945,6.1774474867717775,5.874625384687942,4.928759804011959,4.5783315,4.250719080994929,4.032242173845672,5.6368795644993845,5.183591999257905
2026-05-13,ITA US 07/17/26 C230 Equity,2026-05-20,5.9,7.65,7.402858597308873,7.65,7.402858597308873,7.221173760097492,6.601274943744799,7.366375279552302,7.1671166,7.571847332046603,6.277846047169979,8.61482266304212,6.881194691909342
2026-05-13,ITA US 10/16/26 C250 Equity,2026-05-20,5.25,6.55,6.257173805104765,6.55,6.257173805104765,5.806483981041682,5.713903390628377,7.303403139819121,5.9927645,5.551012868080895,6.658640938690577,5.239892853995571,6.038949574602377
2026-05-13,ITA US 10/16/26 C230 Equity,2026-05-20,11.0,13.3,12.99473653631454,13.3,12.99473653631454,12.753325849961954,12.578322802864504,11.833817731973365,12.2955265,12.528144636637096,13.201797001271505,12.623897090836536,12.939260704171797
2026-05-13,ITA US 12/18/26 C240 Equity,2026-05-20,11.1,12.95,12.47680331556833,12.95,12.47680331556833,13.37018296729949,13.061957945757356,11.66175841205623,11.340813,11.326791142990565,11.336779314525726,12.080837987547422,13.186929644262998
2026-05-13,ITA US 12/18/26 C250 Equity,2026-05-20,7.9,8.85,8.257805064776218,8.85,8.257805064776218,8.936822370147912,8.80806735853405,8.9237015158591,8.742108,8.418337065139479,8.071943531048692,7.361574416032525,8.859153357718304
2026-05-13,ITA US 01/15/27 C245 Equity,2026-05-20,10.35,11.5,11.197134855191162,11.5,11.197134855191162,11.924955519549778,11.524001228511862,10.010718979841727,9.934502,9.569654027379928,10.035779933025752,10.647624562882578,11.396937677002684
2026-05-13,ITA US 12/18/26 C230 Equity,2026-05-20,15.35,16.75,16.224616950676264,16.75,16.224616950676264,15.85892111106699,15.616433064268238,16.24663161465769,16.10095,16.416909578473287,16.13747493826668,15.045149647871007,16.551824386395523
2026-05-13,ITA US 01/15/27 C235 Equity,2026-05-20,14.05,15.649999999999999,15.408253534513149,15.649999999999999,15.408253534513149,14.950531265725695,14.658887569195329,14.592316629815448,13.529854,13.913845105771493,13.373446185889861,15.157296241329167,15.345924902651594
2026-05-13,ITA US 01/15/27 C240 Equity,2026-05-20,12.35,13.75,13.467687694642542,13.75,13.467687694642542,13.655548864724121,13.23428931942705,11.957860372502367,11.43494,11.095110605691472,11.27319940516676,12.233427897788356,13.416299949776812
2026-05-13,ITA US 12/18/26 C235 Equity,2026-05-20,13.0,14.75,14.255012133762214,14.75,14.255012133762214,14.541113798423133,14.17220882473973,12.76659579836289,12.777972,12.684164958200773,13.552907322338294,12.530191994322674,14.64100132132007
2026-05-13,ITA US 12/18/26 C245 Equity,2026-05-20,9.4,10.35,9.848313676521295,10.35,9.848313676521295,10.828797701159152,10.532918979788253,9.158046915110015,9.32126,8.962382504433757,9.310073455465657,7.802169652074672,10.279450413447428
2026-05-13,ITA US 01/15/27 C230 Equity,2026-05-20,16.4,18.15,17.916756121002596,18.15,17.916756121002596,17.756377826734457,17.255743070822945,16.638541601598124,16.61232,16.660852755146188,16.451712169558228,17.950980069053497,17.691802768205186
2026-05-14,ITA US 01/15/27 C245 Equity,2026-05-21,10.350000000000001,11.3,10.39761557758344,11.3,10.39761557758344,11.565013891252919,11.291667852127029,9.56180433007291,10.070795,10.022319781915762,10.095061424674771,9.903434005764229,11.49929887935459
2026-05-14,ITA US 01/15/27 C250 Equity,2026-05-21,9.2,10.0,9.15560583215211,10.0,9.15560583215211,11.090279699997415,10.658674717283377,8.857438532633825,9.47149,9.104490114789769,9.698214676820323,8.351300261866646,10.408703542118516
2026-05-14,ITA US 10/16/26 C255 Equity,2026-05-21,4.325,5.3,4.852671302985447,5.3,4.852671302985447,6.349712026131813,6.207267025554392,4.944412876993251,5.087838,4.813254976430523,4.704286213840659,5.1762847038677835,5.850293915115125
2026-05-14,ITA US 10/16/26 C240 Equity,2026-05-21,7.8,8.85,8.114099667486819,8.85,8.114099667486819,8.606822850686438,8.501636604435662,8.77050377885802,9.124114,9.430089691810576,9.937066463590178,6.083829161446972,8.93447631481131
2026-05-14,ITA US 12/18/26 C250 Equity,2026-05-21,7.85,8.600000000000001,7.732265021616247,8.600000000000001,7.732265021616247,8.562089783581001,8.572286279273236,8.620209349320742,8.56535,8.23704871526119,9.251699680324528,6.804715848899185,8.878652596339537
2026-05-14,ITA US 10/16/26 C250 Equity,2026-05-21,5.35,6.65,6.086638928206144,6.65,6.086638928206144,6.096698731253272,5.878394548736673,7.191645411231632,6.5921183,6.392555282051204,6.878151590758228,5.940643753022519,6.571012495447334
2026-05-14,ITA US 01/15/27 C235 Equity,2026-05-21,14.05,15.399999999999999,14.448221296857705,15.399999999999999,14.448221296857705,14.936360750286077,14.676428769250734,14.533845229424571,13.6084795,13.965716901879448,14.041178832194962,14.806772690253775,15.49656735111631
2026-05-14,ITA US 10/16/26 C230 Equity,2026-05-21,11.0,12.85,12.095906895680452,12.85,12.095906895680452,11.871991228755498,11.746688591201247,11.321782014045617,12.267104,12.465727266331955,13.724896747806186,11.06040628861799,12.760247954706989
2026-05-14,ITA US 10/16/26 C245 Equity,2026-05-21,6.25,7.35,6.761630842176382,7.35,6.761630842176382,7.66231604622183,7.347971970356505,7.249215814766466,7.1387963,6.76839641320994,7.44796107677131,6.100762512582585,7.581811615799334
2026-05-14,ITA US 12/18/26 C245 Equity,2026-05-21,9.3,10.35,9.408672097975,10.35,9.408672097975,10.659813593045183,10.48126452765678,8.921990842987093,9.59358,9.463561232009194,10.073253021003694,7.8798668541487595,10.646837088688825
2026-05-14,ITA US 01/15/27 C230 Equity,2026-05-21,16.2,17.6,16.594063180420605,17.6,16.594063180420605,17.3419559569714,16.964298021763536,17.115759302956267,16.920559,16.801465215475627,18.239957872071816,15.719223165114048,17.607786164041226
2026-05-14,ITA US 10/16/26 C235 Equity,2026-05-21,9.5,10.600000000000001,9.90560623444164,10.600000000000001,9.90560623444164,10.69651368346294,10.439248708782046,8.976947359216998,9.945098,10.224269647991303,10.960673967183897,8.982521415020612,10.696567351116313
2026-05-14,ITA US 07/17/26 C250 Equity,2026-05-21,1.75,2.1500000000000004,1.7923451928836003,2.1500000000000004,1.7923451928836003,3.622789663153549,2.9376117144567715,2.685940793523115,2.712552,2.49275168348018,2.7958217170837134,4.512305129064335,2.345713948524535
2026-05-14,ITA US 01/15/27 C240 Equity,2026-05-21,12.05,13.3,12.397470852521,13.3,12.397470852521,13.22508020467566,12.84602372079896,11.596001632341396,11.689444,11.623057097567886,12.37997623807413,11.554884162675112,13.286938105477075
2026-05-14,ITA US 12/18/26 C240 Equity,2026-05-21,10.95,12.75,11.768706491475193,12.75,11.768706491475193,12.588659311040937,12.441299990039955,11.325481016325986,11.381575,11.391908742055062,12.43520308036141,10.731809571417124,12.784050403441055
2026-05-14,ITA US 12/18/26 C230 Equity,2026-05-21,15.15,16.3,15.202916025223082,16.3,15.202916025223082,15.53830488970303,15.440647569649503,16.337741779643096,16.158865,16.031216335488146,16.756974155510754,14.62525255616674,16.437837109820208
2026-05-14,ITA US 12/18/26 C235 Equity,2026-05-21,12.8,14.0,12.986436431588695,14.0,12.986436431588695,14.02346654428822,13.785039181891309,11.851271503909407,12.300458,12.082662112423673,13.172816350800769,11.697138730887003,14.111166912635548
2026-05-14,ITA US 07/17/26 C230 Equity,2026-05-21,5.7,6.949999999999999,6.2964537830708975,6.949999999999999,6.2964537830708975,6.7617378615946,6.273631862888312,7.230335494212822,7.655632,7.5563195821386335,7.766352873220775,7.976875557665125,6.576106741150443
2026-05-15,ITA US 10/16/26 C240 Equity,2026-05-22,8.55,6.45,5.514629512512759,6.45,5.514629512512759,5.607618754602854,5.876351947506176,7.068450530068441,7.606173,8.249668576411546,8.120553983990998,5.942655384191795,6.71729931033874
2026-05-15,ITA US 12/18/26 C240 Equity,2026-05-22,12.05,10.25,9.29855751535887,10.25,9.29855751535887,10.305577314998132,10.362109828685279,10.545800327588019,10.427044,11.249969545381454,11.331738839319252,10.064210268843626,10.842426674786195
2026-05-15,ITA US 01/15/27 C235 Equity,2026-05-22,15.45,12.5,11.591272394626015,12.5,11.591272394626015,11.986929908662692,12.13082410481282,13.045775862549998,12.064297,12.81976884098663,13.904633919089276,13.315986710345,12.846597313595392
2026-05-15,ITA US 10/16/26 C250 Equity,2026-05-22,6.15,3.7,3.3195324665281785,3.7,3.3195324665281785,2.772992565378196,2.8518373866834956,4.634594851856783,4.5717797,4.40477157908213,5.641453762699699,4.991881315980176,3.8972724914721377
2026-05-15,ITA US 10/16/26 C235 Equity,2026-05-22,10.4,7.6,6.886368631769949,7.6,6.886368631769949,6.867499357112848,7.010664204036162,8.416357889800514,8.016724,8.477926358138497,9.422641632457115,7.267389844812682,7.571044037777683
2026-05-15,ITA US 01/15/27 C245 Equity,2026-05-22,11.6,9.399999999999999,8.57025632763832,9.399999999999999,8.57025632763832,9.44035729121386,9.48527157292033,10.336213168339157,9.71561,10.316032677903593,10.369004222370403,9.22358683903474,9.975105840062295
2026-05-15,ITA US 12/18/26 C235 Equity,2026-05-22,14.1,11.75,10.652456466017474,11.75,10.652456466017474,11.381789328411053,11.54158614495095,12.221080660977114,11.627864,12.473416169418334,13.48927321802459,11.08979694009202,12.19413552292963
2026-05-15,ITA US 01/15/27 C240 Equity,2026-05-22,13.35,10.85,9.987976201188076,10.85,9.987976201188076,10.684163864827513,10.66937330459731,10.952634645416701,10.590072,11.417543344884791,11.768835352784894,10.753785438315763,11.247350256117713
2026-05-15,ITA US 12/18/26 C250 Equity,2026-05-22,8.9,6.6,5.924815724421256,6.6,5.924815724421256,5.57877395793543,5.849207871732353,8.879764559303707,7.5084224,8.301887885590496,7.777470573621982,5.558886697851559,6.862297964361628
2026-05-15,ITA US 10/16/26 C255 Equity,2026-05-22,4.65,3.0,2.4096946712766796,3.0,2.4096946712766796,2.6859659151572384,2.837367596499467,4.202028746426549,3.9853709,4.081304548855461,4.005997523883144,5.85210935450437,3.532009302508107
2026-05-15,ITA US 01/15/27 C250 Equity,2026-05-22,10.05,8.2,7.550483567980329,8.2,7.550483567980329,8.785386882959425,8.635252821309404,9.606719934701635,8.502918,8.66198847070814,8.662414478964031,8.493759606500486,8.787425328809075
2026-05-15,ITA US 07/17/26 C250 Equity,2026-05-22,1.5499999999999998,0.875,0.7799906302561044,0.875,0.7799906302561044,-1.0548688310394603,-0.9387730757087027,2.161203775094465,2.355429,2.5216142633617626,2.2280436669989356,3.182649724980496,0.7959142316918009
2026-05-15,ITA US 12/18/26 C230 Equity,2026-05-22,16.2,13.4,12.349256167678531,13.4,12.349256167678531,12.645279484158454,12.926127083928561,13.679247430263967,13.307154,13.704744371496092,15.222038212500468,13.27887336403181,13.79014341392937
2026-05-15,ITA US 07/17/26 C230 Equity,2026-05-22,6.050000000000001,3.95,3.4743850806906607,3.95,3.4743850806906607,2.9224170305280293,3.009770528500935,4.662591864196014,4.991083,5.175768574443798,5.198227941856846,4.531165739727111,3.6912750806542642
2026-05-15,ITA US 01/15/27 C230 Equity,2026-05-22,17.55,14.35,13.399171154496765,14.35,13.399171154496765,13.784710292352205,13.85111388773423,14.227598263521264,13.789163,14.377154729868906,16.361880882869176,14.281084519946566,14.577579731705633
2026-05-15,ITA US 12/18/26 C245 Equity,2026-05-22,10.4,8.15,7.463169382299069,8.15,7.463169382299069,8.297055818215242,8.357496750065188,9.603977178323145,8.556619,8.74634914096349,9.080464100613652,7.730624838668024,8.69259310361755
2026-05-15,ITA US 10/16/26 C230 Equity,2026-05-22,12.8,9.149999999999999,8.575981955070326,9.149999999999999,8.575981955070326,7.524728054741569,7.810823368280864,10.335507133590914,10.203935,11.16283052717527,11.463815901323718,7.793497246850371,8.922401421479202
2026-05-15,ITA US 10/16/26 C245 Equity,2026-05-22,7.35,4.65,4.101240116161079,4.65,4.101240116161079,3.594852415245846,3.8884139296788636,4.906894165275636,5.2499905,5.2486096587144315,6.097981129378799,5.158514931228528,4.8024402662806045
2026-05-18,ITA US 10/16/26 C245 Equity,2026-05-26,8.8,6.0,5.681774255490202,6.0,5.681774255490202,5.863628170015554,6.978976694784168,5.74305380843485,6.5339046,6.298501044123395,6.83435876845294,5.740071280865578,7.168966674892806
2026-05-18,ITA US 12/18/26 C235 Equity,2026-05-26,16.35,12.05,11.213666107657119,12.05,11.213666107657119,13.021909645344962,13.61046342433537,14.210629718531473,13.277802,13.785710123899573,13.603634732302828,11.852031763371386,13.346338738226443
2026-05-18,ITA US 10/16/26 C230 Equity,2026-05-26,15.0,10.2,9.78930759490072,10.2,9.78930759490072,10.610611071731675,11.291803240255025,11.878481682614648,11.987007,12.684119454527371,13.178323110326179,10.342706267675567,11.4560090598379
2026-05-18,ITA US 07/17/26 C230 Equity,2026-05-26,8.2,4.85,4.437649578301565,4.85,4.437649578301565,4.840265248488111,5.6580436273279275,4.9952269209023115,5.7429914,6.046915269157659,5.628985807667634,7.441897416110864,5.51465365675941
2026-05-18,ITA US 10/16/26 C240 Equity,2026-05-26,10.55,6.75,6.404584386713706,6.75,6.404584386713706,7.676968701563352,8.54204765509467,9.03841966394926,8.070662,8.101788391675663,8.151535151561482,5.802140162052314,8.130502500979885
2026-05-18,ITA US 12/18/26 C250 Equity,2026-05-26,10.75,7.3,6.603780702742349,7.3,6.603780702742349,8.261397119220248,9.118670767343776,9.662995393237418,7.9332414,8.662006657329657,8.131866288478498,6.189527019562793,8.77141414844911
2026-05-18,ITA US 07/17/26 C250 Equity,2026-05-26,3.0999999999999996,1.625,1.3412165560504827,1.625,1.3412165560504827,2.1227401413241473,3.6353068463711047,2.158710015875426,2.372602,2.5894267611106714,1.794382827529983,3.901277133232375,3.24603507585674
2026-05-18,ITA US 10/16/26 C250 Equity,2026-05-26,7.25,4.65,4.357986676213217,4.65,4.357986676213217,4.788964062862048,5.995289038302822,4.975152746272532,4.603742,5.1603045497419435,5.317297667439728,3.4926074652517154,5.898525002361971
2026-05-18,ITA US 01/15/27 C230 Equity,2026-05-26,20.1,15.0,14.461728544068201,15.0,14.461728544068201,15.774377072290736,16.17362753613937,17.34541011695358,16.186232,16.814944885624236,16.556168497355724,15.976658832041466,16.176384025429172
2026-05-18,ITA US 10/16/26 C235 Equity,2026-05-26,12.65,8.399999999999999,8.086952977439319,8.399999999999999,8.086952977439319,9.250041649821943,9.879648471608704,10.483888480970343,9.227481,9.037557440541507,10.615209474357124,8.255886070905559,9.598800528892204
2026-05-18,ITA US 12/18/26 C230 Equity,2026-05-26,18.3,14.05,13.307258454079378,14.05,13.307258454079378,14.585213032467069,15.21055415945694,15.713193073579898,15.102775,16.048705785039278,15.922562765565187,14.571665619608964,15.323922234763412
2026-05-18,ITA US 01/15/27 C240 Equity,2026-05-26,15.65,11.4,10.84763544905241,11.4,10.84763544905241,12.892430095993067,13.364991325301096,13.685771457398484,12.310599,12.907951249198458,11.847523511643365,11.42364216306336,12.762589326054377
2026-05-18,ITA US 10/16/26 C255 Equity,2026-05-26,6.05,3.5250000000000004,3.27257125511128,3.5250000000000004,3.27257125511128,4.249698250926915,5.537829899885358,4.671800691801631,3.9036949,4.083896847050584,4.294233110491653,2.7785627548745837,5.106013151083647
2026-05-18,ITA US 01/15/27 C235 Equity,2026-05-26,17.55,13.15,12.318016986068848,13.15,12.318016986068848,13.565322846213306,14.191732646421608,15.503049634393813,14.008677,14.725860613706834,14.580566663049344,14.042380720801809,14.31628779244746
2026-05-18,ITA US 01/15/27 C245 Equity,2026-05-26,13.35,9.75,9.198783882701605,9.75,9.198783882701605,11.709588516414472,12.254802428369803,11.747365442299927,11.002325,11.324471126880187,10.590427876925487,9.909431934131067,11.406657721563988
2026-05-18,ITA US 12/18/26 C245 Equity,2026-05-26,11.899999999999999,8.7,8.035188052413217,8.7,8.035188052413217,10.229436465641953,10.856664218659336,11.032176832588807,9.853952,11.008975375411216,10.047700307924407,6.933861758416429,10.143668127970006
2026-05-18,ITA US 01/15/27 C250 Equity,2026-05-26,11.8,8.6,8.037499214823448,8.6,8.037499214823448,10.711446481707803,11.117457678652372,10.984911072142097,9.241359,9.49544011160025,9.830169459244479,7.8743395655774515,10.17226597118962
2026-05-18,ITA US 12/18/26 C240 Equity,2026-05-26,13.8,10.399999999999999,9.859896315487756,10.399999999999999,9.859896315487756,11.771338521977965,12.365861247392672,11.890409138943491,11.427303,11.891542826838347,11.175911305643027,9.063697233419804,11.651837950820706
2026-05-19,ITA US 07/17/26 C250 Equity,2026-05-27,2.5250000000000004,1.6749999999999998,1.359085012031939,1.6749999999999998,1.359085012031939,4.345448907359417,4.039265765004975,2.1727321937613446,3.146305,3.1316052137111194,1.6267281693870252,3.160141052857092,3.335454623202645
2026-05-19,ITA US 12/18/26 C230 Equity,2026-05-27,19.35,13.2,12.250082115442844,13.2,12.250082115442844,13.822838613145624,13.818411979164013,15.568920956279367,15.255676,15.396925109649054,16.520305022140995,13.327809657327448,14.320539045645374
2026-05-19,ITA US 12/18/26 C240 Equity,2026-05-27,14.45,9.8,8.968040502266552,9.8,8.968040502266552,11.141824125644336,11.075016930701102,11.861048951540637,11.967009,12.202014523013679,11.949885853178321,8.964146222862118,11.090960575269815
2026-05-19,ITA US 10/16/26 C235 Equity,2026-05-27,13.05,7.800000000000001,7.224152431916555,7.800000000000001,7.224152431916555,9.10680287082362,8.989340987932716,10.221694206312735,9.772954,10.048669788624505,10.494704210604931,7.335980706466904,8.89192493502418
2026-05-19,ITA US 12/18/26 C235 Equity,2026-05-27,16.8,11.1,10.158148292195026,11.1,10.158148292195026,12.46357135428639,12.413680984469275,13.732876781777714,13.238064,13.799293638067496,13.961912225945941,11.144074851298171,12.437427265062908
2026-05-19,ITA US 12/18/26 C250 Equity,2026-05-27,10.649999999999999,6.9,6.19668395041014,6.9,6.19668395041014,8.009921906474275,8.172475267850878,9.696470287506386,8.713272,9.181030195848692,9.08899423598366,6.567807904045432,8.284096363422309
2026-05-19,ITA US 12/18/26 C245 Equity,2026-05-27,12.75,8.3,7.532826280985781,8.3,7.532826280985781,9.867357501971041,9.810944045614592,10.681113338658307,9.934024,10.019549265778801,10.410601680025584,7.381534641128634,9.67148352375534
2026-05-19,ITA US 10/16/26 C245 Equity,2026-05-27,9.45,5.75,5.334923461606892,5.75,5.334923461606892,6.702809927679349,6.633890130728436,5.57040371553214,6.94063,6.4958180096224325,8.385809810541598,4.941843461151189,6.786983180398099
2026-05-19,ITA US 07/17/26 C230 Equity,2026-05-27,9.149999999999999,4.65,4.270891111726209,4.65,4.270891111726209,6.093085425564047,5.731479340902318,5.067551880442105,6.2253714,6.511459253198394,6.355626551685658,6.805853488235389,5.557549452051393
2026-05-19,ITA US 01/15/27 C230 Equity,2026-05-27,20.549999999999997,14.4,13.713449706658249,14.4,13.713449706658249,15.395457537888362,15.134784523554512,16.106055522085985,15.964589,16.274350675782305,17.470852120881776,14.862262910302794,15.405087661385629
2026-05-19,ITA US 01/15/27 C240 Equity,2026-05-27,15.549999999999999,10.75,9.968128308077151,10.75,9.968128308077151,12.345049687313253,12.15698252773873,12.407398787124349,12.341613,12.617636681214567,12.692134726593563,10.852521643697894,11.958021927454812
2026-05-19,ITA US 01/15/27 C250 Equity,2026-05-27,12.15,7.65,7.5563462661429766,7.65,7.5563462661429766,10.45440713065561,10.044626252677483,9.720920737194499,8.953275,9.721985023960979,9.525454964190171,8.61173282756678,9.196660045646036
2026-05-19,ITA US 10/16/26 C230 Equity,2026-05-27,16.05,9.75,9.119861275503807,9.75,9.119861275503807,10.272930507444862,10.363314285652713,11.829890237463317,12.131053,12.53240424005518,13.390894832291647,7.9287151235219815,10.722574924940885
2026-05-19,ITA US 10/16/26 C255 Equity,2026-05-27,6.6,3.75,3.339809022237667,3.75,3.339809022237667,4.0487430647193765,4.3357160150595035,4.720037532591636,4.762247,4.594684696248419,5.0825393929854865,4.109251027502147,4.735921644710893
2026-05-19,ITA US 01/15/27 C245 Equity,2026-05-27,13.75,9.4,8.64366199554402,9.4,8.64366199554402,11.64998884243554,11.520352877316276,11.653085368267222,11.587288,11.731141799205755,11.689421449188416,10.025814013719131,10.930733592572794
2026-05-19,ITA US 01/15/27 C235 Equity,2026-05-27,18.1,12.55,11.71919972364103,12.55,11.71919972364103,13.605591043007117,13.54146106883702,15.027174487847292,14.269934,14.870276435723861,15.716309792151506,13.975334042595783,13.854914528618163
2026-05-19,ITA US 10/16/26 C250 Equity,2026-05-27,8.5,5.0,4.553507186991861,5.0,4.553507186991861,6.469995135830688,6.595003591489555,5.404323343634121,6.37291,6.355745441276142,7.034539704366377,3.4260398219182164,6.260658395872582
2026-05-19,ITA US 10/16/26 C240 Equity,2026-05-27,11.100000000000001,6.300000000000001,5.776159893690308,6.300000000000001,5.776159893690308,7.23575903894477,7.341131736574322,6.049838445406319,7.815823,7.473900838036101,8.739219317000174,5.645456569022551,7.460909629490832
2026-05-20,ITA US 10/16/26 C235 Equity,2026-05-28,15.399999999999999,9.399999999999999,9.446898561779493,9.399999999999999,9.446898561779493,12.126169563134242,11.763774014821564,11.747135298297392,12.2613535,12.274382516047272,12.580211640890335,10.7310650781969,11.127646268918879
2026-05-20,ITA US 10/16/26 C250 Equity,2026-05-28,9.25,5.25,5.166139780445243,5.25,5.166139780445243,8.826201831906129,8.611455631253527,5.6818723176802,6.4440618,6.020295952662188,8.353786501010495,4.611064527838308,7.321264099088939
2026-05-20,ITA US 10/16/26 C230 Equity,2026-05-28,18.25,11.0,11.161480935441288,11.0,11.161480935441288,13.660991618034792,13.30967574563304,13.766493686489047,13.972317,14.798171498477688,14.871329401060382,12.639779939982471,12.792429371127623
2026-05-20,ITA US 01/15/27 C230 Equity,2026-05-28,23.15,16.4,16.152645980713906,16.4,16.152645980713906,18.82573943465272,18.190822885304097,19.06139626620169,17.971642,18.543645542647614,19.523612024679487,19.925222391659492,17.899747961555352
2026-05-20,ITA US 12/18/26 C250 Equity,2026-05-28,12.2,7.9,7.6513753374489974,7.9,7.6513753374489974,10.573585477790743,10.481043808509044,10.732108605530668,9.88989,9.76608658217931,10.00920948185917,8.149577582694198,9.873725889754702
2026-05-20,ITA US 12/18/26 C245 Equity,2026-05-28,14.3,9.4,9.059530343871339,9.4,9.059530343871339,12.747895032661747,12.428473386918357,11.729152302905389,11.901996,11.929964867221724,11.9560891603037,10.162565784302124,11.489778261996147
2026-05-20,ITA US 01/15/27 C245 Equity,2026-05-28,15.6,10.35,9.82752254376654,10.35,9.82752254376654,13.46697116181387,13.197519407260934,12.048817201171593,12.448325,12.433848934737322,12.781742806949234,11.175069187634968,12.27721457977242
2026-05-20,ITA US 12/18/26 C235 Equity,2026-05-28,19.5,13.0,12.770328259371745,13.0,12.770328259371745,15.518983461420284,15.188006868015725,15.657013084788508,15.52616,15.785423722626428,15.96351656607213,14.540937205797634,14.857697214697861
2026-05-20,ITA US 01/15/27 C240 Equity,2026-05-28,17.95,12.35,12.073457707621467,12.35,12.073457707621467,14.628456458679763,14.220681035503643,14.970716956180569,14.215762,14.703304158223958,14.52390931870775,13.662436033562424,13.935146266947086
2026-05-20,ITA US 07/17/26 C230 Equity,2026-05-28,11.85,5.9,5.8027592355230615,5.9,5.8027592355230615,8.717744313763848,8.000186484708273,5.6804025959897695,7.2530026,7.0183226964467655,9.203612719247396,9.572081830732943,6.953109847344642
2026-05-20,ITA US 10/16/26 C245 Equity,2026-05-28,11.1,6.4,6.4067645346580795,6.4,6.4067645346580795,9.679506117631465,9.339361316696351,7.360451625780443,7.9168243,7.55697570232394,8.319208832759276,6.240761576275479,8.252816127973144
2026-05-20,ITA US 01/15/27 C250 Equity,2026-05-28,13.7,9.15,8.79154555870778,9.15,8.79154555870778,12.604901422137818,12.120646327212851,11.710924186802435,11.963395,11.977471348606048,11.419724345203333,10.09031994287605,11.091213153309958
2026-05-20,ITA US 12/18/26 C240 Equity,2026-05-28,16.6,11.1,10.566572293249669,11.1,10.566572293249669,13.831961055775448,13.593002858251115,13.821147242557858,13.493845,13.73490316279862,13.636186772468834,12.661992635023424,13.107811840728779
2026-05-20,ITA US 10/16/26 C240 Equity,2026-05-28,13.1,7.5,7.551610760768355,7.5,7.551610760768355,10.435891964123892,10.241094429889479,9.27496643397021,8.797298,7.839347993789948,9.485695983208462,8.433542785450388,9.442786367839288
2026-05-20,ITA US 01/15/27 C235 Equity,2026-05-28,20.25,14.05,13.433827703069051,14.05,13.433827703069051,16.009904538548938,15.727668662846531,15.858170756549592,15.593479,16.413785548516326,16.726240515149836,16.688004670263656,15.745133532474135
2026-05-20,ITA US 07/17/26 C250 Equity,2026-05-28,3.55,1.875,1.6810044225687746,1.875,1.6810044225687746,6.728750058386785,6.072904837547117,2.215766312093325,3.1007485,2.5740430149557647,2.7995897355202732,4.293701095640366,4.12508414953504
2026-05-20,ITA US 10/16/26 C255 Equity,2026-05-28,7.75,4.35,4.072355624217231,4.35,4.072355624217231,7.555703431862177,7.390530116072908,4.970541271646571,4.5008,4.122320100328162,6.002071095229641,4.970302221644926,6.4975122568953125
2026-05-20,ITA US 12/18/26 C230 Equity,2026-05-28,21.85,15.35,15.167508096569184,15.35,15.167508096569184,17.612393355322506,17.20900452044203,17.94243709848604,17.2656,18.276012255568567,18.275677656938235,18.110205061836172,17.28185329581639
2026-05-21,ITA US 01/15/27 C245 Equity,2026-05-29,15.6,10.350000000000001,9.741286005876999,10.350000000000001,9.741286005876999,12.793508180447496,11.788150240993497,11.963361679803524,11.2088375,11.549337314144543,11.185721908523075,11.18408063365488,11.608854676025363
2026-05-21,ITA US 01/15/27 C230 Equity,2026-05-29,22.9,16.2,15.526159743817132,16.2,15.526159743817132,17.961681047639,16.753544967167475,19.033093488604845,17.50831,17.68193828606398,18.63011333300478,16.67931105270938,17.105971724778446
2026-05-21,ITA US 10/16/26 C250 Equity,2026-05-29,9.0,5.35,4.977543194457596,5.35,4.977543194457596,7.79565284864005,7.002052737377024,5.530780906803445,5.8668065,5.868477010345206,6.689023799095521,5.427217390144235,6.752867875704144
2026-05-21,ITA US 01/15/27 C235 Equity,2026-05-29,20.35,14.05,13.369625005364728,14.05,13.369625005364728,15.408783097051824,14.441532857237604,15.766231200258439,14.39293,14.999287434336619,15.651785626824779,15.186621840393343,15.011825431662556
2026-05-21,ITA US 10/16/26 C255 Equity,2026-05-29,7.7,4.325,4.097031383774781,4.325,4.097031383774781,7.452262645233249,6.542975409789278,4.821375779108797,4.1419444,4.053323717302204,4.68020076905626,5.771990873582339,5.885362979284164
2026-05-21,ITA US 01/15/27 C240 Equity,2026-05-29,17.95,12.05,11.408955183135122,12.05,11.408955183135122,14.488929880073748,13.272482355971814,14.270825071136466,12.859229,13.447676409358118,12.962015964582063,13.096281393917845,13.22692608771397
2026-05-21,ITA US 12/18/26 C235 Equity,2026-05-29,19.0,12.8,12.292493852100437,12.8,12.292493852100437,14.959964460586303,13.813880768394892,15.399038296352247,13.78483,14.080939186338966,14.140361163913616,12.876070569709666,13.859363640996794
2026-05-21,ITA US 10/16/26 C240 Equity,2026-05-29,12.6,7.8,7.5722225762963005,7.8,7.5722225762963005,9.569616680704446,8.58104378073663,10.210308986924183,8.656562,8.445290864292486,8.254791973583055,7.169746366639736,8.619285986821767
2026-05-21,ITA US 12/18/26 C245 Equity,2026-05-29,14.2,9.3,8.739265137819514,9.3,8.739265137819514,12.177087801919711,11.13352061300817,11.65403691092016,10.86628,11.171792720289185,10.388889802904588,9.29499618396311,10.656392885359597
2026-05-21,ITA US 07/17/26 C230 Equity,2026-05-29,11.45,5.7,5.2269443671304305,5.7,5.2269443671304305,8.221028190084036,6.775514699981719,5.527103600913041,6.612175,6.459122578059941,8.210526981594235,9.236679335653736,6.2742171335184445
2026-05-21,ITA US 10/16/26 C245 Equity,2026-05-29,10.65,6.25,6.02597306082413,6.25,6.02597306082413,9.81187387656329,8.776678110341829,5.894697660098947,6.710485,6.561278781669358,7.474997088355047,6.108230459669751,7.691244502377776
2026-05-21,ITA US 07/17/26 C250 Equity,2026-05-29,3.2,1.75,1.4371564913207964,1.75,1.4371564913207964,4.359018704564077,3.141451172190351,2.163327674734587,2.553467,2.45933466256071,2.9270191547880966,4.905913928834468,2.614750917662706
2026-05-21,ITA US 10/16/26 C230 Equity,2026-05-29,17.9,11.0,10.804572336154438,11.0,10.804572336154438,12.823401038119545,11.86733141914738,13.6782232257089,12.841666,13.49683066981773,13.107285002152295,10.875805943062787,12.03602267055743
2026-05-21,ITA US 01/15/27 C250 Equity,2026-05-29,13.85,9.2,8.598422596166241,9.2,8.598422596166241,11.92307390127765,10.725388809571514,11.625663414123366,10.4784,10.755986340287896,10.132657379334287,9.054512547948297,10.375278720590925
2026-05-21,ITA US 12/18/26 C250 Equity,2026-05-29,12.1,7.85,7.227455289528625,7.85,7.227455289528625,10.72081830366012,9.810948131752653,10.461988800872708,8.749,9.037105041236929,8.362347446211274,7.7815473235180965,9.341033106128595
2026-05-21,ITA US 12/18/26 C230 Equity,2026-05-29,21.7,15.15,14.645621082954948,15.15,14.645621082954948,17.092160117025987,15.990425247425849,17.433857582179435,16.210497,16.93061450723324,16.595657867267096,16.399032576871267,16.283560879891667
2026-05-21,ITA US 10/16/26 C235 Equity,2026-05-29,15.25,9.5,9.18154521970042,9.5,9.18154521970042,12.071768912817145,10.861985051689395,11.65882602138839,11.065595,11.5506125028233,11.084847564953538,10.615201157408396,10.624389113886284
2026-05-21,ITA US 12/18/26 C240 Equity,2026-05-29,16.450000000000003,10.95,10.353416523597962,10.95,10.353416523597962,13.061950620798052,12.141658902652127,13.066903850630082,11.815439,12.344144850521356,12.165358298690062,11.125197312071226,12.126926087713969
2026-05-22,ITA US 12/18/26 C230 Equity,2026-06-01,19.15,16.2,15.564767247269828,16.2,15.564767247269828,17.157760421389906,16.49544867781889,19.066143438065073,17.870396,18.38117136777675,19.022965954079588,16.45663919940064,16.93474291213139
2026-05-22,ITA US 12/18/26 C245 Equity,2026-06-01,12.3,10.4,9.788211847845865,10.4,9.788211847845865,12.271102120828907,11.665339926786368,11.889572140714643,11.525175,11.937183349205748,12.026035806404463,9.690783592576945,11.312485101134728
2026-05-22,ITA US 01/15/27 C230 Equity,2026-06-01,20.5,17.55,16.928218309611427,17.55,16.928218309611427,18.194997299724676,17.420353864531165,19.302020787081467,19.02559,19.479528458741683,20.719832738189147,17.860822543452006,18.172605141277923
2026-05-22,ITA US 01/15/27 C240 Equity,2026-06-01,15.75,13.35,12.727157333618875,13.35,12.727157333618875,14.641726777725598,13.970829576326945,15.557621809552804,14.008899,14.57182995579174,13.964483349700773,13.141225687071152,14.082372233010132
2026-05-22,ITA US 10/16/26 C230 Equity,2026-06-01,15.6,12.8,12.451890072045627,12.8,12.451890072045627,13.573735059202114,12.999727053990322,15.324184180451859,15.014545,15.775823149926746,16.035952103012946,13.072431151272687,13.52014335061216
2026-05-22,ITA US 07/17/26 C230 Equity,2026-06-01,8.85,6.050000000000001,5.614744701223658,6.050000000000001,5.614744701223658,6.763132804075226,6.045236575568807,5.791861961738214,7.498225,7.728643534628412,8.773226776349851,8.842750227479762,5.991224071558074
2026-05-22,ITA US 01/15/27 C235 Equity,2026-06-01,17.950000000000003,15.45,14.826415860872318,15.45,14.826415860872318,16.539020818129483,15.865587204305974,17.84735752353432,15.966791,16.825888512203726,16.50050844260244,16.69875850053348,16.13438827895212
2026-05-22,ITA US 07/17/26 C250 Equity,2026-06-01,2.325,1.5499999999999998,1.2542070747514977,1.5499999999999998,1.2542070747514977,2.90593036624184,2.164052662452381,2.1677952645277285,2.9551077,2.811193544958322,3.03462656900345,4.377951125045011,1.9064378882081594
2026-05-22,ITA US 12/18/26 C240 Equity,2026-06-01,13.8,12.05,11.431889048881239,12.05,11.431889048881239,13.524395631615853,12.94584673496955,14.210647476216192,13.172611,13.620561577571204,13.439286768427696,11.869660588419467,12.811571356048601
2026-05-22,ITA US 10/16/26 C245 Equity,2026-06-01,9.1,7.35,7.00770549819601,7.35,7.00770549819601,9.596015267003,9.16777051336098,9.129396920631242,8.0198965,7.866581167741062,8.127879434170731,6.222075799229644,8.360023310468968
2026-05-22,ITA US 10/16/26 C240 Equity,2026-06-01,10.8,8.55,8.220288712924114,8.55,8.220288712924114,10.362407951157618,9.615273620136387,10.61508299726177,9.375133,9.539212735545647,10.64740940299022,9.22620672977461,9.347397705899624
2026-05-22,ITA US 10/16/26 C250 Equity,2026-06-01,7.35,6.15,5.922797497709062,6.15,5.922797497709062,7.5709263306055,7.1641143303462655,5.8231846976647015,6.417263,6.5558848177283915,6.974759209567166,5.206294683579415,6.692141327966849
2026-05-22,ITA US 01/15/27 C250 Equity,2026-06-01,11.600000000000001,10.05,9.426039003566574,10.05,9.426039003566574,12.627944301460088,11.777567236093661,11.81184367317658,11.009823,11.340774358248343,11.051617264342068,9.22018625628002,10.809153592789551
2026-05-22,ITA US 12/18/26 C250 Equity,2026-06-01,10.850000000000001,8.9,8.484746433207887,8.9,8.484746433207887,11.2243019312727,10.772650964450971,11.27810766355973,10.800924,11.424811228237324,10.266380374206582,9.970881298437426,9.659524721276219
2026-05-22,ITA US 10/16/26 C255 Equity,2026-06-01,6.5,4.65,4.347334182981122,4.65,4.347334182981122,6.835178807879156,6.345634501909037,4.994693794729579,4.483155,4.8637407950058105,4.209464279062683,4.780261273057323,5.5059126294644924
2026-05-22,ITA US 12/18/26 C235 Equity,2026-06-01,16.35,14.1,13.469066975639496,14.1,13.469066975639496,15.271569640886794,14.56296502713048,15.991583712325859,15.3199415,15.981843186825435,16.002807818231663,13.181512915310982,14.844187169232157
2026-05-22,ITA US 10/16/26 C235 Equity,2026-06-01,12.850000000000001,10.4,10.068239994380633,10.4,10.068239994380633,12.229480782206021,11.456717155731626,11.889790033582031,11.909836,12.580351176354407,12.046475330735744,10.863591708572852,11.144187169232161
2026-05-22,ITA US 01/15/27 C245 Equity,2026-06-01,13.85,11.6,10.965286893373396,11.6,10.965286893373396,13.368160105572251,12.735885177665727,13.781513495406623,12.412929,13.143617104947545,12.447913624702773,11.87141033301737,12.462059189764476
2026-05-26,ITA US 07/17/26 C250 Equity,2026-06-02,1.95,3.0999999999999996,1.8605067443992638,3.0999999999999996,1.8605067443992638,4.25608700995012,4.332993798934252,3.754229172203002,3.8076994,4.140164345677325,3.795659566540369,5.2381601862118545,3.58624288214173
2026-05-26,ITA US 10/16/26 C250 Equity,2026-06-02,6.95,7.25,6.818679176536912,7.25,6.818679176536912,9.500070536575597,8.722687088617505,8.440255853982196,7.919258,7.946116098549303,9.07435718654882,6.743813690225841,7.980358816560661
2026-05-26,ITA US 10/16/26 C235 Equity,2026-06-02,12.0,12.65,12.39039694878289,12.65,12.39039694878289,14.099083066319487,13.127057192021343,13.454943896595491,14.395533,15.409437086148966,15.491079737135857,12.774144561628505,13.063827354962894
2026-05-26,ITA US 07/17/26 C230 Equity,2026-06-02,7.5,8.2,7.763090228359375,8.2,7.763090228359375,9.219625913789871,8.35177569053077,9.537253035494812,10.052381,10.335946699304282,11.145410870387165,12.72207151543638,8.116631921697987
2026-05-26,ITA US 12/18/26 C230 Equity,2026-06-02,17.95,18.3,17.85218164341032,18.3,17.85218164341032,18.36878202078711,17.606405036423645,18.112412139277986,18.195612,18.52936728275442,21.39591010308147,18.121670768683405,18.53445566522307
2026-05-26,ITA US 12/18/26 C235 Equity,2026-06-02,15.7,16.35,15.494571954357463,16.35,15.494571954357463,16.76736218549825,15.978710566154414,17.510604528329466,16.841583,17.343208632613674,18.79818720381144,15.049056403568127,16.74922779344365
2026-05-26,ITA US 12/18/26 C240 Equity,2026-06-02,13.95,13.8,13.255059626198955,13.8,13.255059626198955,15.016409352762457,14.284558796197818,13.85990913342231,13.899995,14.454075238238724,15.293734601452208,12.783020042757276,14.383739311430581
2026-05-26,ITA US 12/18/26 C245 Equity,2026-06-02,11.75,11.899999999999999,12.129101922556666,11.899999999999999,12.129101922556666,14.43916811846757,13.435438970007258,12.366532762006448,12.8794155,13.568528009369027,13.61047207206149,11.94493280597272,12.697563929681616
2026-05-26,ITA US 10/16/26 C230 Equity,2026-06-02,14.5,15.0,14.765554054036716,15.0,14.765554054036716,15.592920418087582,14.721986773863996,15.795606004981817,16.111462,17.07537576709389,17.66917565903411,15.3656726888368,15.299481138112569
2026-05-26,ITA US 01/15/27 C250 Equity,2026-06-02,11.35,11.8,11.221786255582908,11.8,11.221786255582908,14.157406375035336,13.197948212967692,12.352925333528571,12.751365,13.528848011527788,13.52552193295754,10.409541741307677,12.48324651859668
2026-05-26,ITA US 10/16/26 C240 Equity,2026-06-02,10.4,10.55,10.08322315947814,10.55,10.08322315947814,11.994922564068224,11.22280246258028,10.650735217507707,11.718048,12.970457563326828,13.168799161354622,10.872043774543066,11.101226574985844
2026-05-26,ITA US 01/15/27 C245 Equity,2026-06-02,13.3,13.35,12.753483271103928,13.35,12.753483271103928,14.5561304161495,13.750450194522122,13.742178177039676,13.372002,13.963616554365812,14.896804539109763,12.51695610662015,13.789923828789416
2026-05-26,ITA US 01/15/27 C240 Equity,2026-06-02,15.15,15.65,14.711943700295873,15.65,14.711943700295873,15.770309740074687,14.97841474339221,16.67588041944266,15.246229,15.964525335038653,16.468401535387944,14.976015494707628,15.704162549404877
2026-05-26,ITA US 01/15/27 C230 Equity,2026-06-02,19.35,20.1,19.52704559037769,20.1,19.52704559037769,20.22884652900946,19.28316976978985,18.598896863970605,19.209866,19.82310642487829,22.18174710339912,20.840458254804766,20.284029753852824
2026-05-26,ITA US 12/18/26 C250 Equity,2026-06-02,9.8,10.75,10.283123934346618,10.75,10.283123934346618,12.57765600895923,11.843407758783872,10.912418871608542,12.19248,12.573508751251493,12.49838872519606,10.392059298936731,11.124105111288257
2026-05-26,ITA US 01/15/27 C235 Equity,2026-06-02,17.15,17.55,16.8138218391874,17.55,16.8138218391874,18.003502759482487,17.237607400405732,17.997827797499493,17.332136,17.812892179389593,19.769155051156226,17.716236628776723,17.898801882073396
2026-05-26,ITA US 10/16/26 C245 Equity,2026-06-02,8.6,8.8,8.27498805076095,8.8,8.27498805076095,10.60407488695587,9.919090501847412,10.143562236098044,10.841155,11.521480515431104,11.491877870622252,9.132836810524838,9.467512983902644
2026-05-26,ITA US 10/16/26 C255 Equity,2026-06-02,6.35,6.05,5.567479245247985,6.05,5.567479245247985,8.378700274628383,7.768279737107293,5.614555991293837,6.3733735,6.275822035864566,7.882014661292872,6.3096550210258435,6.908699809201376
2026-05-27,ITA US 10/16/26 C245 Equity,2026-06-03,7.550000000000001,9.45,9.096469979267182,9.45,9.096469979267182,10.57794865951055,9.666379714206547,8.660096121057945,9.22817,9.675768529190865,9.353497412544165,8.495204952513646,9.543092365257507
2026-05-27,ITA US 01/15/27 C245 Equity,2026-06-03,11.8,13.75,13.18485862224509,13.75,13.18485862224509,14.375441523173645,13.378301710508346,11.481657519656304,11.56646,11.860902621807933,12.48561103042603,11.678337683915473,13.713041419478525
2026-05-27,ITA US 07/17/26 C230 Equity,2026-06-03,6.45,9.149999999999999,8.726608262651473,9.149999999999999,8.726608262651473,10.16667334325078,8.555791038695698,8.535638218659779,9.741821,9.521117713593199,9.376751037634396,12.645455675188588,8.494765139234673
2026-05-27,ITA US 12/18/26 C230 Equity,2026-06-03,16.6,19.35,18.86057354742827,19.35,18.86057354742827,18.806975582474006,17.537687957894157,18.044674054322105,18.162466,18.967363830697714,18.774346673162235,17.927860209986846,19.05101884450707
2026-05-27,ITA US 12/18/26 C240 Equity,2026-06-03,12.3,14.45,13.978117776637767,14.45,13.978117776637767,14.537726897722195,13.683426685472767,11.990885423955378,12.523915,13.026922025451855,14.075196304106376,12.045952847183123,14.328979634495578
2026-05-27,ITA US 10/16/26 C240 Equity,2026-06-03,9.2,11.100000000000001,10.752928537537857,11.100000000000001,10.752928537537857,11.923827087094786,10.908107608698526,9.026442921801292,10.122076,10.818535285686275,10.596302853705822,10.419260713392797,11.011492370940326
2026-05-27,ITA US 07/17/26 C250 Equity,2026-06-03,1.5,2.5250000000000004,2.1669600781137017,2.5250000000000004,2.1669600781137017,4.384785924385385,3.3107881460034196,2.6892886576088584,3.2774203,3.526325371396657,3.924226608576843,5.543268172506141,2.0977226099913295
2026-05-27,ITA US 10/16/26 C255 Equity,2026-06-03,5.25,6.6,6.261256034022639,6.6,6.261256034022639,8.595127915874516,7.620708220014929,6.989714004809478,6.4918323,6.602384290957571,5.657694391318035,6.589632805955266,6.884821519988506
2026-05-27,ITA US 01/15/27 C240 Equity,2026-06-03,13.649999999999999,15.549999999999999,15.26546225269242,15.549999999999999,15.26546225269242,16.300188395685947,15.212101346925037,14.324495124736103,13.622053,14.105134560379682,14.58514615733867,14.501622224595256,15.559030580274559
2026-05-27,ITA US 10/16/26 C235 Equity,2026-06-03,10.8,13.05,12.575209201159025,13.05,12.575209201159025,13.521102709034192,12.399500828263262,11.221494586958295,12.554882,12.994547423448068,12.722037039658009,11.916246441848706,12.776680480335655
2026-05-27,ITA US 10/16/26 C250 Equity,2026-06-03,5.75,8.5,8.190836962700377,8.5,8.190836962700377,9.685560299338146,8.804000836837607,8.209603753423282,7.760465,8.245565820211091,7.757597546869471,6.456450919477142,8.475737928776745
2026-05-27,ITA US 12/18/26 C245 Equity,2026-06-03,10.7,12.75,12.269460489131129,12.75,12.269460489131129,14.34690366429609,13.173769964289718,11.056253191413608,11.315612,11.536134012712841,11.530851524499182,10.076311553383883,12.807266015406489
2026-05-27,ITA US 12/18/26 C250 Equity,2026-06-03,9.15,10.649999999999999,10.80712843834873,10.649999999999999,10.80712843834873,11.973706292088215,10.851564804665703,8.77505674081307,9.51024,9.883673420204536,10.234550792071545,9.150015447730926,10.564026069293526
2026-05-27,ITA US 12/18/26 C235 Equity,2026-06-03,14.1,16.8,16.32120060481282,16.8,16.32120060481282,17.268374510873176,16.290919178359683,16.89064277861611,16.70141,17.01951835850857,17.479052047943973,16.003862320644128,16.674724874407776
2026-05-27,ITA US 01/15/27 C250 Equity,2026-06-03,10.399999999999999,12.15,11.626679016514867,12.15,11.626679016514867,13.885472259738023,12.719572381091425,10.337974841176019,10.738216,11.433966426343849,11.395492725473632,9.955227723927608,12.32412796085149
2026-05-27,ITA US 10/16/26 C230 Equity,2026-06-03,12.3,16.05,15.779791488282001,16.05,15.779791488282001,16.100626380666373,14.674509806898774,16.156887899490375,15.782518,15.941851710580986,14.968882949405176,15.336875095665217,15.531903103840015
2026-05-27,ITA US 01/15/27 C235 Equity,2026-06-03,14.95,18.1,17.82964853351304,18.1,17.82964853351304,18.2418172380088,17.301410902545417,17.284033688769906,17.358185,17.529307545105564,18.026101190783244,17.753429315324748,18.068869196968112
2026-05-27,ITA US 01/15/27 C230 Equity,2026-06-03,17.799999999999997,20.549999999999997,20.293215245653403,20.549999999999997,20.293215245653403,20.774777084828774,19.295873846500086,18.085573535962656,18.50909,19.01492155968774,19.902352078096868,19.523904334908234,20.265618406026302
2026-05-28,ITA US 12/18/26 C240 Equity,2026-06-04,14.6,16.6,16.444785154018692,16.6,16.444785154018692,16.235988105700354,15.427268204287948,16.64151068004269,16.176765,16.404823444009157,17.875422637077424,15.075275927621167,16.085503033127143
2026-05-28,ITA US 07/17/26 C250 Equity,2026-06-04,2.6,3.55,3.163954020194357,3.55,3.163954020194357,5.028980155849871,4.082297446427159,3.4223146930622845,3.906432,3.8031318746058664,5.205982285514025,6.7080755809727695,2.470390669607915
2026-05-28,ITA US 12/18/26 C235 Equity,2026-06-04,17.0,19.5,19.263039040590318,19.5,19.263039040590318,18.961786624753586,17.71660043459271,17.98538431867694,18.247967,18.588729163452143,19.32697710316029,17.457472801981073,18.7016085931637
2026-05-28,ITA US 10/16/26 C245 Equity,2026-06-04,9.0,11.1,11.156107585592279,11.1,11.156107585592279,12.15261411689658,11.214017615142726,9.037733495020424,11.059552,11.199600814682599,11.352770101626056,11.334174807501359,10.736071596737396
2026-05-28,ITA US 01/15/27 C245 Equity,2026-06-04,13.7,15.6,15.15706352878848,15.6,15.15706352878848,15.77581303076696,14.960894747673102,14.569555790435563,14.052103,14.060034214235154,14.871189045283428,13.698135469026662,15.12062021247765
2026-05-28,ITA US 01/15/27 C240 Equity,2026-06-04,15.95,17.95,17.33450249894863,17.95,17.33450249894863,17.956351035236317,17.100741514715907,17.030687355625556,17.344254,17.06897906422251,19.115469664266925,18.259652213958184,17.17400049736608
2026-05-28,ITA US 10/16/26 C255 Equity,2026-06-04,6.550000000000001,7.75,7.572420749779375,7.75,7.572420749779375,9.958926819559588,9.003023055746034,7.720937716028382,7.7102585,7.775712333942177,7.803515698425135,8.340636517348404,7.595188653199997
2026-05-28,ITA US 10/16/26 C230 Equity,2026-06-04,15.75,18.25,18.459744740345855,18.25,18.459744740345855,18.518455650595637,17.05930556653985,17.152941253610027,18.085499,18.417808908820646,20.10324930119055,15.7235702528702,17.341396824277123
2026-05-28,ITA US 10/16/26 C235 Equity,2026-06-04,13.6,15.399999999999999,15.56585753401123,15.399999999999999,15.56585753401123,15.602187311858952,14.173377444389072,14.222635763033564,14.640361,15.143675957914512,15.134555114113269,15.870597334435995,14.666634066053192
2026-05-28,ITA US 12/18/26 C230 Equity,2026-06-04,19.4,21.85,21.67579064984705,21.85,21.67579064984705,21.393960654114487,20.163748166309432,18.6839630222032,19.662018,19.966842902442522,22.556142970931226,20.103521260106195,21.12187368142636
2026-05-28,ITA US 10/16/26 C240 Equity,2026-06-04,10.85,13.1,13.207101272117077,13.1,13.207101272117077,13.499935780415303,12.491381049175928,11.234067071730845,13.130321,13.279930900170548,14.148307013694884,13.37244196451519,12.52047756023765
2026-05-28,ITA US 07/17/26 C230 Equity,2026-06-04,9.3,11.85,11.523247362954592,11.85,11.523247362954592,12.986166540996662,11.318282413505969,6.795682958611879,10.562277,9.610616777772085,12.142090539623334,11.186073690390216,10.7802195376732
2026-05-28,ITA US 12/18/26 C245 Equity,2026-06-04,12.5,14.3,14.11599576798072,14.3,14.11599576798072,15.519475665175545,14.566120553771208,11.937202870706585,13.065479,13.361041489542213,14.966808631541014,12.372373646979955,13.745388977784316
2026-05-28,ITA US 10/16/26 C250 Equity,2026-06-04,7.699999999999999,9.25,9.265574354963922,9.25,9.265574354963922,10.18527979717153,9.158913264048678,8.648324165695604,9.379136,9.876574642522895,9.865972704059557,8.593421774345428,8.545863672057994
2026-05-28,ITA US 01/15/27 C230 Equity,2026-06-04,20.85,23.15,22.795190797403848,23.15,22.795190797403848,23.143696981887302,21.786140952624084,20.679586007428654,20.616062,21.195318602206346,23.864725193962688,20.103829242674788,22.38604733157534
2026-05-28,ITA US 01/15/27 C250 Equity,2026-06-04,12.05,13.7,13.316285392887597,13.7,13.316285392887597,14.917855452082927,13.930484803689135,11.474361256501545,12.223492,12.333946765032186,13.799427432335975,10.846151342580537,13.252651950209684
2026-05-28,ITA US 12/18/26 C250 Equity,2026-06-04,10.75,12.2,11.987042581466385,12.2,11.987042581466385,13.735954791054567,12.749981447160598,10.37466689475838,11.634678,11.873937250898283,12.923037109310405,12.282622993472202,11.857897572665586
2026-05-28,ITA US 01/15/27 C235 Equity,2026-06-04,18.3,20.25,20.046864188854737,20.25,20.046864188854737,20.329123179730978,19.08405721189581,18.054451650818457,18.471931,18.567904874307388,19.463581382863364,20.646884786834878,19.548247238034318
2026-05-29,ITA US 12/18/26 C245 Equity,2026-06-05,12.100000000000001,14.2,14.04861896079002,14.2,14.04861896079002,14.80708976461343,13.72808703166986,11.814947451394318,11.883523,12.190175895465368,13.12051389569758,11.754637310496104,13.427415461021157
2026-05-29,ITA US 12/18/26 C235 Equity,2026-06-05,16.15,19.0,18.973207420294614,19.0,18.973207420294614,18.70075133527079,17.204043450989637,17.358138289261856,17.408989,17.30627046082334,16.63627365626824,17.49939382477658,18.103557536200654
2026-05-29,ITA US 10/16/26 C245 Equity,2026-06-05,9.0,10.65,10.672490858879,10.65,10.672490858879,11.11985456781694,9.961523770381644,8.712844347514991,9.069026,9.451369486928696,10.060334022546366,9.603331033371495,9.765277690167686
2026-05-29,ITA US 01/15/27 C235 Equity,2026-06-05,17.5,20.35,20.405812112201847,20.35,20.405812112201847,20.49821722153555,19.14287034429082,17.899808881142757,17.938528,18.280652029302658,18.093038384462087,20.71672332768026,19.375012688101044
2026-05-29,ITA US 12/18/26 C250 Equity,2026-06-05,10.9,12.1,11.99789257309375,12.1,11.99789257309375,12.757541370388168,11.845880773864165,10.281900158145742,10.478441,10.783976420164722,11.117427785002098,10.228446976164363,11.460262701855966
2026-05-29,ITA US 10/16/26 C250 Equity,2026-06-05,7.4,9.0,9.042975340179947,9.0,9.042975340179947,9.69052769531095,8.464897183916499,8.572889786767888,8.479785,9.063296329558732,8.613497843822838,7.891867271822602,8.230211756076985
2026-05-29,ITA US 01/15/27 C245 Equity,2026-06-05,13.3,15.6,15.100605242691975,15.6,15.100605242691975,15.84934020149114,14.898070443565633,14.501747696432815,12.911935,13.15294429542444,13.136778321203957,14.253297790753301,14.695957390917377
2026-05-29,ITA US 01/15/27 C240 Equity,2026-06-05,15.5,17.95,17.781826215837476,17.95,17.781826215837476,17.758621097718752,16.791014286466954,16.741110953962874,16.688503,16.575154713260957,17.809318455292654,17.33840499989356,17.008971555441367
2026-05-29,ITA US 07/17/26 C250 Equity,2026-06-05,1.925,3.2,3.048565045406036,3.2,3.048565045406036,5.100669323305359,3.4935789336438976,3.7288050310795198,3.545396,3.4537021369263496,4.102601843925816,6.952768226220448,1.9277974228149515
2026-05-29,ITA US 12/18/26 C240 Equity,2026-06-05,13.899999999999999,16.450000000000003,16.480888491258188,16.450000000000003,16.480888491258188,15.753767513773763,14.769414662521555,15.816687311335743,15.200598,15.219248034100316,16.001939172958163,14.197311425682292,15.429346521032645
2026-05-29,ITA US 10/16/26 C240 Equity,2026-06-05,11.15,12.6,12.829233505283357,12.6,12.829233505283357,13.474337915880653,12.184160913888036,10.525494784840896,11.369429,11.59579669777097,12.060865681513405,12.013775464279897,11.76504996079133
2026-05-29,ITA US 10/16/26 C255 Equity,2026-06-05,6.2,7.7,7.79667640329372,7.7,7.79667640329372,8.670551399037855,7.418108968395432,7.1281719874637135,6.407869,6.960334105307231,7.188521715259679,7.228884746692642,6.634170694317386
2026-05-29,ITA US 10/16/26 C230 Equity,2026-06-05,14.8,17.9,18.151613534980395,17.9,18.151613534980395,17.80906911789802,16.30314138217295,16.748520030555508,17.269762,17.843652594509408,17.786317261687895,15.924566285483303,16.781249154236946
2026-05-29,ITA US 10/16/26 C235 Equity,2026-06-05,12.5,15.25,15.627427352652488,15.25,15.627427352652488,16.468376450306145,14.754229956571162,14.10740722711889,13.940561,14.408954148973569,13.54278052507613,15.761286650123404,14.397662240336919
2026-05-29,ITA US 12/18/26 C230 Equity,2026-06-05,18.35,21.7,21.840409086041852,21.7,21.840409086041852,21.13996171436638,19.80212628641007,18.42673090191216,19.179039,19.634807863190836,21.384517418630026,19.49527792431177,20.595848715756183
2026-05-29,ITA US 01/15/27 C230 Equity,2026-06-05,19.7,22.9,22.935553242729682,22.9,22.935553242729682,22.6534290811158,21.293875218614883,20.491302968734885,20.678537,21.653798871636127,22.157002837306123,20.41783120994121,21.860874188645674
2026-05-29,ITA US 01/15/27 C250 Equity,2026-06-05,11.5,13.85,13.730033604977212,13.85,13.730033604977212,13.796792042755403,12.64011338076721,11.482067713534827,11.040512,11.113539735051964,12.021426372095066,9.729309001688742,12.722571655184783
2026-05-29,ITA US 07/17/26 C230 Equity,2026-06-05,7.6,11.45,11.539051045422575,11.45,11.539051045422575,12.601319710895895,10.696674213226277,6.6595531392080884,9.030859,8.55686221408152,10.438299751084255,10.103614228326373,10.16868547201322
2026-06-01,ITA US 10/16/26 C230 Equity,2026-06-08,13.8,15.6,14.735335156649796,15.6,14.735335156649796,11.709329470525795,11.690093131598816,13.444952007332951,12.461798,10.77789394299388,12.45460474817997,12.929156332251077,13.37479467877246
2026-06-01,ITA US 10/16/26 C250 Equity,2026-06-08,7.199999999999999,7.35,6.671061873167752,7.35,6.671061873167752,5.335842276457548,5.231731498141553,6.851169196326153,5.8320537,4.922529020667192,6.128126695352308,4.920783092587216,5.457801336995349
2026-06-01,ITA US 01/15/27 C250 Equity,2026-06-08,11.15,11.600000000000001,11.425840118390346,11.600000000000001,11.425840118390346,10.148428243121156,9.658282953976366,9.190615740358645,9.126823,8.453897133381117,10.068260184363275,7.82178467168344,9.66674840453489
2026-06-01,ITA US 07/17/26 C250 Equity,2026-06-08,1.5499999999999998,2.325,1.6034452324406456,2.325,1.6034452324406456,0.2815624577875617,-0.17748869005492907,2.506619756137179,2.4333422,1.622302751829351,3.079182473303959,3.660886779266129,-0.1455445296974731
2026-06-01,ITA US 01/15/27 C235 Equity,2026-06-08,16.4,17.950000000000003,16.88036788747725,17.950000000000003,16.88036788747725,14.190682294981922,14.386366246854603,14.979431393296064,14.234766,12.749508322556707,14.399910854762227,14.131877473585398,15.71776311713696
2026-06-01,ITA US 10/16/26 C240 Equity,2026-06-08,9.649999999999999,10.8,10.027707138187484,10.8,10.027707138187484,8.660224447911302,8.553157807543366,8.652893029673749,8.347703,7.276675232691379,9.282488171995606,7.458389313470655,8.832027100340131
2026-06-01,ITA US 01/15/27 C245 Equity,2026-06-08,12.55,13.85,12.868729619815541,13.85,12.868729619815541,10.963549181845472,11.068338339756464,11.35353510488591,10.527563,9.57420977510989,10.462660744026621,9.701531391238117,11.788759758619307
2026-06-01,ITA US 12/18/26 C230 Equity,2026-06-08,17.45,19.15,18.146732206356607,19.15,18.146732206356607,15.008978975090972,15.076102368820143,15.710994698973858,15.394899,14.019398410749808,15.511839848900852,15.029935929354613,16.957307415217205
2026-06-01,ITA US 01/15/27 C230 Equity,2026-06-08,18.5,20.5,19.37810747065363,20.5,19.37810747065363,16.19364648388377,16.252646747565617,15.784649095360228,15.846262,14.724156154816574,16.519848867995634,15.096343721506575,18.209769205882978
2026-06-01,ITA US 12/18/26 C240 Equity,2026-06-08,13.15,13.8,13.745982743380354,13.8,13.745982743380354,12.08870133728196,11.909619625991276,11.310624794115917,11.407515,10.388056078080186,11.795566320040157,9.72847375665678,11.930951705294174
2026-06-01,ITA US 12/18/26 C250 Equity,2026-06-08,9.0,10.850000000000001,10.140888537171001,10.850000000000001,10.140888537171001,7.893852352906772,7.938576133018999,8.659247890790898,9.098859,8.256842756781932,9.209733080717731,6.628267870890636,8.804610633681408
2026-06-01,ITA US 01/15/27 C240 Equity,2026-06-08,14.4,15.75,14.731889537707378,15.75,14.731889537707378,12.396648307490041,12.424761643290386,13.819717617345148,12.537803,11.681276117666108,12.931239697524777,10.178809166966063,13.539838383707686
2026-06-01,ITA US 10/16/26 C235 Equity,2026-06-08,11.85,12.850000000000001,12.083609201229217,12.850000000000001,12.083609201229217,10.465239303781441,10.3901684603876,10.791339825737648,10.409781,8.624095240263996,10.123050975019861,10.68427564880994,10.812839535805423
2026-06-01,ITA US 10/16/26 C245 Equity,2026-06-08,8.15,9.1,8.368300567543296,9.1,8.368300567543296,6.61854585257873,6.52612328628583,8.34305832468987,7.6967955,6.705532830535924,8.236863641006888,6.356120692042514,7.136297967953535
2026-06-01,ITA US 10/16/26 C255 Equity,2026-06-08,5.75,6.5,5.848980876078258,6.5,5.848980876078258,5.0609758870872295,4.59119242496979,6.401326070956423,5.2866683,4.787085481381587,5.326462791574894,6.575349908371073,4.695202135960605
2026-06-01,ITA US 07/17/26 C230 Equity,2026-06-08,6.55,8.85,7.921968614734395,8.85,7.921968614734395,7.039820341001114,6.321806815370516,8.322489258013045,7.956304,6.559667053713247,7.237059707770412,7.908941299631804,6.503217147439653
2026-06-01,ITA US 12/18/26 C235 Equity,2026-06-08,15.25,16.35,15.308283519147508,16.35,15.308283519147508,13.161816337663733,13.239639199804088,14.283884244881301,13.85581,12.447046267668863,13.38020909509283,12.359610653740905,14.377865008694913
2026-06-01,ITA US 12/18/26 C245 Equity,2026-06-08,11.25,12.3,11.395200200561677,12.3,11.395200200561677,9.629399746074068,9.60784352821836,10.081080707712076,10.138271,9.319608786963311,9.80620773136681,7.887597682751427,10.271272495064045
2026-06-02,ITA US 12/18/26 C250 Equity,2026-06-09,10.9,9.8,8.9701839081134,9.8,8.9701839081134,6.381404842322297,7.265621017701033,8.357226096947299,9.228685,9.309447518467614,8.900935960899906,5.22317379717992,7.581236723618075
2026-06-02,ITA US 10/16/26 C235 Equity,2026-06-09,12.7,12.0,11.307050448223844,12.0,11.307050448223844,8.145438360022801,9.030372631349206,9.784001011665831,10.498791,10.404369622372956,11.390735814720543,7.58657911273261,9.758400292644437
2026-06-02,ITA US 12/18/26 C230 Equity,2026-06-09,18.85,17.95,16.946946039281176,17.95,16.946946039281176,13.704582633668517,14.74764879024562,15.376468870821155,16.25607,16.079557441594734,16.19984971115105,13.762005855984022,16.14797063225314
2026-06-02,ITA US 12/18/26 C235 Equity,2026-06-09,16.05,15.7,14.618800749674664,15.7,14.618800749674664,11.698299136443365,12.742411486992465,14.06407783729413,14.700438,14.745818859792061,14.789164632835838,9.62907458531376,13.825413372446421
2026-06-02,ITA US 01/15/27 C240 Equity,2026-06-09,15.2,15.15,14.108862116412782,15.15,14.108862116412782,11.439398698967487,12.305022691088972,12.952046010602574,12.79804,13.083577786927032,12.915424619970283,10.088690974215563,13.264496520010761
2026-06-02,ITA US 10/16/26 C230 Equity,2026-06-09,14.9,14.5,13.745983593091674,14.5,13.745983593091674,10.446124653885988,11.360314377489509,11.82749342214464,12.51699,12.549665325928784,13.077617686361219,11.848366648668856,12.535406950029413
2026-06-02,ITA US 07/17/26 C250 Equity,2026-06-09,1.9,1.95,1.4742015625001796,1.95,1.4742015625001796,-0.801092213407868,-0.2307746594707396,2.0952569983823603,2.6909418,2.6912237343077003,3.700637465794191,2.7431755912308335,-0.37808851356859985
2026-06-02,ITA US 01/15/27 C235 Equity,2026-06-09,17.4,17.15,16.109948105983495,17.15,16.109948105983495,12.862661205825138,13.884645374705185,15.183076269215874,15.424792,15.222597733112202,15.706029547977616,12.180079111617053,15.19247472463142
2026-06-02,ITA US 10/16/26 C250 Equity,2026-06-09,7.35,6.95,6.474494406467383,6.95,6.474494406467383,3.1548376750459752,4.135926221952829,6.817699272210402,6.209149,6.35597284156112,6.60190023879005,3.994193244438295,4.708163747652674
2026-06-02,ITA US 01/15/27 C230 Equity,2026-06-09,19.9,19.35,18.255603054077007,19.35,18.255603054077007,14.817538806706011,15.777259946346033,16.190760927707068,16.894257,17.27055767289137,16.95237529125233,13.990637298105888,17.191716926980746
2026-06-02,ITA US 10/16/26 C240 Equity,2026-06-09,10.600000000000001,10.4,9.729706321179028,10.4,9.729706321179028,7.4325775450937694,8.243427529053964,8.454134958918887,8.815199,8.955842649893206,9.787876651726302,7.260000013078721,8.547009256455507
2026-06-02,ITA US 10/16/26 C255 Equity,2026-06-09,6.1,6.35,5.910260297901054,6.35,5.910260297901054,4.434756319665357,5.015373044455927,4.488469292157296,5.071698,5.260951714473495,5.8414744976747945,6.4236169959835125,4.705971238251889
2026-06-02,ITA US 12/18/26 C240 Equity,2026-06-09,13.85,13.95,12.974297159127511,13.95,12.974297159127511,10.685981574717943,11.564833841356302,11.346777450154336,11.764552,11.76251077861663,11.419102324023498,8.567872453210391,12.028670170159742
2026-06-02,ITA US 01/15/27 C250 Equity,2026-06-09,11.55,11.35,10.433298191590408,11.35,10.433298191590408,9.01099008188355,9.604678341050153,8.981810845529578,9.506375,9.708784043641398,9.822263208188517,6.500309402399575,9.577941619398347
2026-06-02,ITA US 10/16/26 C245 Equity,2026-06-09,8.65,8.6,7.974959653625897,8.6,7.974959653625897,5.90260807734907,6.724353029296429,8.134948051205146,7.6249743,7.576812401409211,9.182945532070852,6.379451095332285,6.895470815440653
2026-06-02,ITA US 07/17/26 C230 Equity,2026-06-09,8.1,7.5,6.780656582217473,7.5,6.780656582217473,5.061599289447704,5.393775665381863,6.873035511698091,7.395031,7.316976953622908,7.176294613214596,6.507687261033328,5.073601412990429
2026-06-02,ITA US 12/18/26 C245 Equity,2026-06-09,12.0,11.75,10.797895157162932,11.75,10.797895157162932,9.307517843138807,10.141408572539856,9.578848911038927,10.757755,11.020863391799946,11.095021388528291,6.249198084809927,10.172208147813363
2026-06-02,ITA US 01/15/27 C245 Equity,2026-06-09,13.7,13.3,12.322117517083699,13.3,12.322117517083699,10.13422451329877,10.999122910187838,11.109355458137538,11.240378,11.498509628063522,11.610523077528917,9.134096400301939,11.595470815440654
2026-06-03,ITA US 10/16/26 C255 Equity,2026-06-10,5.35,5.25,4.767114781798684,5.25,4.767114781798684,3.7469948033047746,4.39726080127253,4.152538720033553,4.001439,3.7579229782862336,3.493566220964656,5.501106567228573,3.814904656084484
2026-06-03,ITA US 10/16/26 C240 Equity,2026-06-10,9.4,9.2,8.59707871260774,9.2,8.59707871260774,6.52374227884569,7.368721402039135,8.347395412721255,7.6544933,7.438190668658193,7.6132605057685145,5.218681804780865,7.203933901538056
2026-06-03,ITA US 07/17/26 C230 Equity,2026-06-10,6.6,6.45,5.604070663440957,6.45,5.604070663440957,3.9982335262175077,4.473192815928474,5.508703568108779,6.395552,6.192473389508876,5.33889077796894,5.444640193101783,4.27669318720192
2026-06-03,ITA US 12/18/26 C230 Equity,2026-06-10,16.55,16.6,15.328483347729426,16.6,15.328483347729426,12.083188163506446,13.464658512246604,15.153059180582863,14.92185,14.763578896338489,14.755932163270929,11.682048619487134,14.826219003448653
2026-06-03,ITA US 12/18/26 C240 Equity,2026-06-10,12.55,12.3,11.268240085462008,12.3,11.268240085462008,8.813538036906971,9.991031331651053,10.081080707712076,10.345407,10.245593441420244,9.637127483529557,8.005833718038609,10.570663019908576
2026-06-03,ITA US 01/15/27 C245 Equity,2026-06-10,12.2,11.8,10.932776537228321,11.8,10.932776537228321,8.729607711274754,9.807899901401324,9.68579577931779,9.525949,9.470832346386858,9.366440370861794,8.339104730584802,10.153097987784568
2026-06-03,ITA US 01/15/27 C235 Equity,2026-06-10,15.8,14.95,14.578412922192758,14.95,14.578412922192758,11.258982351509601,12.37220324321431,12.997510472825953,12.221,12.25153588215252,12.450528244607504,10.59842855280222,12.665183785187681
2026-06-03,ITA US 07/17/26 C250 Equity,2026-06-10,1.225,1.5,1.5201761956345377,1.5,1.5201761956345377,0.8975577346956367,1.03433742923729,2.0890359787027712,1.9913342,1.6145585825424587,2.2501039094888426,1.41977035399822,-0.2379784265578342
2026-06-03,ITA US 10/16/26 C230 Equity,2026-06-10,13.45,12.3,12.226662565491727,12.3,12.226662565491727,7.720820344837776,8.758938382585328,10.076946664823607,10.085611,9.951106837004687,10.229215767765115,8.166805460244142,9.70402761342022
2026-06-03,ITA US 10/16/26 C245 Equity,2026-06-10,7.7,7.550000000000001,7.043827712695451,7.550000000000001,7.043827712695451,4.5449437711508285,5.51658057336288,6.855185674658138,5.705857,5.342328351252369,5.692329547383881,5.586538083266606,5.740534305560832
2026-06-03,ITA US 10/16/26 C235 Equity,2026-06-10,11.2,10.8,10.152916211508085,10.8,10.152916211508085,7.091505861497926,8.061704888207244,8.652893029673749,8.320152,8.079548184386041,9.116703740030978,6.768308414594288,8.790008963336488
2026-06-03,ITA US 10/16/26 C250 Equity,2026-06-10,6.65,5.75,6.314190425445908,5.75,6.314190425445908,3.4943606555137574,4.108283543719905,4.148614471368995,4.49209,4.294118997328262,4.865061973647162,3.7779241896610025,3.9695822453618823
2026-06-03,ITA US 12/18/26 C250 Equity,2026-06-10,9.65,9.15,8.265693086122132,9.15,8.265693086122132,5.6929208497068515,6.8543827275684635,8.344353306236137,8.664608,8.324666516282052,7.868272942954289,5.006464187467345,7.485033629621637
2026-06-03,ITA US 12/18/26 C245 Equity,2026-06-10,11.0,10.7,9.791425183772827,10.7,9.791425183772827,7.487839831713293,8.631943506051755,8.476697424470082,9.179984,8.802476462375065,8.917582742034725,6.0637845324923525,8.923047042005583
2026-06-03,ITA US 01/15/27 C250 Equity,2026-06-10,10.9,10.399999999999999,9.455382266735969,10.399999999999999,9.455382266735969,7.5187009752009555,8.47246204874672,8.450249378149136,8.426858,8.23722411163972,8.256985378534226,6.263587747381879,8.702520893176889
2026-06-03,ITA US 12/18/26 C235 Equity,2026-06-10,14.600000000000001,14.1,13.024272467184808,14.1,13.024272467184808,10.304761812713846,11.523941173137171,11.603223530438159,12.019445,11.410667681874255,11.789138279952645,9.455002747308178,12.35011085489446
2026-06-03,ITA US 01/15/27 C240 Equity,2026-06-10,13.899999999999999,13.649999999999999,12.67073919649658,13.649999999999999,12.67073919649658,10.162535823299368,11.240432946113513,11.227154506568594,10.606126,10.382435366828789,10.7581462191948,9.640403029182483,11.88815028346383
2026-06-03,ITA US 01/15/27 C230 Equity,2026-06-10,17.85,17.799999999999997,16.593366904378676,17.799999999999997,16.593366904378676,13.2398053478957,14.466593597366943,15.382349524393565,14.986535,14.865200508022554,15.073184226444354,11.851574342565831,15.831142584780174
2026-06-04,ITA US 10/16/26 C245 Equity,2026-06-11,11.05,9.0,8.632418443982651,9.0,8.632418443982651,7.392022000230975,8.307490043014631,8.406180187566717,8.844432,8.499124076218925,9.231914356566595,9.222476168313,7.488313489104079
2026-06-04,ITA US 10/16/26 C255 Equity,2026-06-11,7.8500000000000005,6.550000000000001,6.1196490223855635,6.550000000000001,6.1196490223855635,4.761589717133836,5.797893986791365,6.839942070972342,5.5573425,5.46596243676434,4.610586214864,5.266834494983576,4.764702069262054
2026-06-04,ITA US 01/15/27 C250 Equity,2026-06-11,14.05,12.05,11.497124756348152,12.05,11.497124756348152,10.01388727840471,10.9084539421021,10.022078521462362,10.644004,10.72881074995516,11.07336772414914,9.945609513409703,10.488216269492607
2026-06-04,ITA US 01/15/27 C235 Equity,2026-06-11,20.549999999999997,18.3,17.850056775698516,18.3,17.850056775698516,14.464832726527355,15.399949081652052,15.649182075456572,15.63633,15.4815509688079,16.22975749624478,16.857270720974586,16.452380016936242
2026-06-04,ITA US 12/18/26 C245 Equity,2026-06-11,14.600000000000001,12.5,11.826662323987295,12.5,11.826662323987295,9.908981331064213,10.922374772748851,10.272804617208726,11.461191,11.385637177959872,11.45850736139019,10.321394878805279,10.88938888415003
2026-06-04,ITA US 01/15/27 C245 Equity,2026-06-11,15.85,13.7,13.214703000776417,13.7,13.214703000776417,10.80077476677787,11.833619132964584,11.321506693756712,11.550976,11.494065074732426,11.699743353936737,11.372551115164946,11.959337938371046
2026-06-04,ITA US 10/16/26 C240 Equity,2026-06-11,13.05,10.85,10.49959409006001,10.85,10.49959409006001,8.703993297082945,9.52901638699436,8.746897307683607,9.761946,9.266643907436285,10.293107897308435,10.714851679075316,9.122497147937626
2026-06-04,ITA US 01/15/27 C240 Equity,2026-06-11,18.200000000000003,15.95,15.336654093836998,15.95,15.336654093836998,13.026374454418082,14.001109627002823,14.346912350040071,13.511077,13.282558191257325,14.314209581671257,12.76814104997738,14.245636905472587
2026-06-04,ITA US 12/18/26 C235 Equity,2026-06-11,19.4,17.0,16.46645737663278,17.0,16.46645737663278,13.27725791560546,14.337918764794328,15.279983757459446,15.5185995,15.188360828244793,15.87261400991088,13.095975752625892,15.166979578455479
2026-06-04,ITA US 12/18/26 C250 Equity,2026-06-11,12.7,10.75,10.031961578092394,10.75,10.031961578092394,8.187365613222765,9.396195691463362,8.60029579373926,10.589124,10.25900495030729,10.439175212722036,9.103234906241784,9.202815831011833
2026-06-04,ITA US 07/17/26 C230 Equity,2026-06-11,11.25,9.3,8.73845694931034,9.3,8.73845694931034,8.054332059076627,8.007657710291607,8.028627405273612,9.022805,9.197398995421327,7.852350791593023,10.217731775494023,7.153584805108908
2026-06-04,ITA US 10/16/26 C235 Equity,2026-06-11,15.5,13.6,13.244333093540483,13.6,13.244333093540483,10.460210623035891,11.274276499792633,11.29069238306624,12.123206,11.720494714447804,11.955019836284725,13.584903619032097,11.598289749158688
2026-06-04,ITA US 07/17/26 C250 Equity,2026-06-11,3.0,2.6,2.158909559825553,2.6,2.158909559825553,2.9512257249735097,3.479883419841915,2.313445467060534,2.531477,2.411388005000282,2.9340968925223923,4.489966135489275,0.7560548067087902
2026-06-04,ITA US 12/18/26 C230 Equity,2026-06-11,21.9,19.4,18.871001326100213,19.4,18.871001326100213,15.267477770396148,16.028480017649937,16.348138111166744,16.712223,16.60941587316461,17.663601405744885,14.671587074131446,17.39632234320395
2026-06-04,ITA US 10/16/26 C250 Equity,2026-06-11,9.100000000000001,7.699999999999999,7.354807597823763,7.699999999999999,7.354807597823763,5.662153584274211,6.511758198281225,7.019381699155693,5.984014,6.470702482688232,5.737342531416876,7.630294456727475,5.925226675898623
2026-06-04,ITA US 01/15/27 C230 Equity,2026-06-11,23.35,20.85,20.41154132157921,20.85,20.41154132157921,17.084530098926383,17.647371887735847,16.40582608699044,16.806164,16.646019569996305,18.68367563962438,16.266342226667938,18.943860552538194
2026-06-04,ITA US 12/18/26 C240 Equity,2026-06-11,16.85,14.6,13.8710524517901,14.6,13.8710524517901,11.120720727564496,12.306060449084237,11.936091104003317,13.023131,12.724878463431814,13.587253712778796,11.490363956324977,12.905009884382363
2026-06-04,ITA US 10/16/26 C230 Equity,2026-06-11,18.4,15.75,15.417869365406517,15.75,15.417869365406517,12.848002519743686,13.169140639382368,14.196514688083495,13.760721,13.564749241873718,13.314149059495326,15.951428024607372,13.988511059836412
2026-06-05,ITA US 07/17/26 C250 Equity,2026-06-12,2.425,1.925,1.6330972797508863,1.925,1.6330972797508863,1.8588541377045988,0.7581352361487177,2.1225715253974213,2.7325625,2.706303564471577,3.660608774071422,4.572547084757362,-0.29978696704834973
2026-06-05,ITA US 12/18/26 C245 Equity,2026-06-12,14.3,12.100000000000001,11.414713336738005,12.100000000000001,11.414713336738005,10.096298200729855,9.897546481626879,10.049638815870582,10.869005,10.997469011214116,11.461723328640485,8.603150249730255,10.470416058237898
2026-06-05,ITA US 07/17/26 C230 Equity,2026-06-12,9.65,7.6,7.344190158927231,7.6,7.344190158927231,6.6450472376839915,5.5754360273783234,6.877942416825988,7.3618565,7.122039834625446,7.398872784102783,8.992533732104786,5.384204477352488
2026-06-05,ITA US 12/18/26 C250 Equity,2026-06-12,12.35,10.9,10.187521851483849,10.9,10.187521851483849,8.870116238619254,8.803033845463563,8.659247890790898,9.810896,9.743706909187784,9.807548117591852,7.749916563899215,9.416189363437766
2026-06-05,ITA US 10/16/26 C235 Equity,2026-06-12,14.850000000000001,12.5,11.727280267732558,12.5,11.727280267732558,9.792084009657838,9.488876127532098,10.199864342553127,10.572054,10.450776336626625,11.150481729170673,9.539223268611071,10.439590962732098
2026-06-05,ITA US 10/16/26 C230 Equity,2026-06-12,17.4,14.8,14.355353591346761,14.8,14.355353591346761,11.469453080376354,11.31601121639451,12.391445071766578,12.601596,13.065404341424333,13.405621461815066,11.929686938699925,12.714255423131466
2026-06-05,ITA US 01/15/27 C240 Equity,2026-06-12,17.5,15.5,14.770502305955281,15.5,14.770502305955281,13.363839401256751,13.16009161002947,13.494888433292068,12.869823,13.089749135752012,14.230361506924714,11.113425836207018,13.916704972454358
2026-06-05,ITA US 01/15/27 C230 Equity,2026-06-12,22.15,19.7,18.893761459317385,19.7,18.893761459317385,16.549114584297556,16.371229481129745,16.495797901146567,17.01536,17.059534038574597,17.77736679668532,16.0108663741268,17.939382787578925
2026-06-05,ITA US 01/15/27 C250 Equity,2026-06-12,13.350000000000001,11.5,10.861201164199915,11.5,10.861201164199915,10.415676917074641,10.029623671154866,9.059636052754998,9.650276,9.803357678263563,10.784471002057401,8.524040381680887,10.08121483632726
2026-06-05,ITA US 01/15/27 C235 Equity,2026-06-12,19.8,17.5,16.597156907624502,17.5,16.597156907624502,14.494917660823804,14.405434729699687,15.513066538917117,15.430061,15.096290309018753,16.646824329965522,14.062386243856949,15.829743800069048
2026-06-05,ITA US 12/18/26 C235 Equity,2026-06-12,18.45,16.15,15.446078296326673,16.15,15.446078296326673,13.474395229009975,13.274900315370884,14.832326891204287,14.878696,14.642754892159246,15.327434246102964,11.720583575907327,14.382205590734806
2026-06-05,ITA US 10/16/26 C250 Equity,2026-06-12,9.25,7.4,6.950354056102548,7.4,6.950354056102548,6.248776418668388,5.915195816610565,6.8523074267011035,6.1522546,6.261281212749895,5.976506480224652,4.994714631858941,5.930788924957001
2026-06-05,ITA US 01/15/27 C245 Equity,2026-06-12,15.3,13.3,12.64611979510453,13.3,12.64611979510453,11.426998483352504,11.18189219588081,11.121299676773093,11.205198,11.219330669752125,12.555834369341447,10.036542619224535,11.800467004016884
2026-06-05,ITA US 12/18/26 C230 Equity,2026-06-12,21.05,18.35,17.548421427580305,18.35,17.548421427580305,14.705175068623838,14.653648891049832,15.797374263238003,16.20561,15.841644802138404,17.178975621206202,14.31480632935869,16.491844578244685
2026-06-05,ITA US 10/16/26 C240 Equity,2026-06-12,12.75,11.15,9.600804558197403,11.15,9.600804558197403,8.807766351785553,8.715838471829839,8.714578854854514,9.010717,9.10798631133294,9.612766641452778,7.0170751455415346,9.49836588615859
2026-06-05,ITA US 10/16/26 C255 Equity,2026-06-12,7.699999999999999,6.2,5.7736966849476,6.2,5.7736966849476,5.655953476555584,5.149835167697802,4.4133836881878885,5.0777044,5.24100517977247,5.5364566155755135,5.955158223015185,4.859119180570572
2026-06-05,ITA US 10/16/26 C245 Equity,2026-06-12,10.75,9.0,8.53799354073044,9.0,8.53799354073044,7.660877027889761,7.43188220310034,8.33585016639592,8.35393,8.228100384200836,8.551246442753108,6.28845864310746,7.500467004016878
2026-06-05,ITA US 12/18/26 C240 Equity,2026-06-12,16.3,13.899999999999999,13.183314934530966,13.899999999999999,13.183314934530966,11.091520177321673,11.041682807813089,11.368766972082096,11.653018,11.536402395954749,12.732543875070261,10.086360349796237,12.12162855378588
2026-06-08,ITA US 10/16/26 C240 Equity,2026-06-15,14.350000000000001,9.649999999999999,8.915511505932704,9.649999999999999,8.915511505932704,7.834055879330468,8.059712041699957,8.355931115401031,8.386666,8.209179581765355,8.684045597600873,6.445851258329794,8.06538782113908
2026-06-08,ITA US 10/16/26 C250 Equity,2026-06-15,10.0,7.199999999999999,6.542709774956595,7.199999999999999,6.542709774956595,5.6790860220425605,5.739127321480748,6.844707499587086,6.065433,6.191323633089748,5.830337849888397,6.123657181349844,5.79656167393572
2026-06-08,ITA US 07/17/26 C230 Equity,2026-06-15,12.15,6.55,5.72824912271776,6.55,5.72824912271776,5.567764959029882,4.91444009492189,6.791594868067108,7.074963,7.003833572976353,6.78022298273848,6.595770693273596,4.513822429594317
2026-06-08,ITA US 07/17/26 C250 Equity,2026-06-15,2.925,1.5499999999999998,1.1285998388283007,1.5499999999999998,1.1285998388283007,0.6509533016626126,0.035264465755144414,2.0959323835408674,2.568342,2.4872485004619445,3.72532376110823,4.343022596648551,-0.4094684590312254
2026-06-08,ITA US 12/18/26 C230 Equity,2026-06-15,23.1,17.45,16.314817138678155,17.45,16.314817138678155,13.6602483571221,14.053385243141996,15.491662551745902,15.869958,15.478531046126655,16.514409249995186,13.19776263174071,15.739849358505392
2026-06-08,ITA US 01/15/27 C250 Equity,2026-06-15,15.0,11.15,10.057278829899191,11.15,10.057278829899191,8.973344227630058,9.075952834045786,8.710693274084763,9.364527,9.723368274150419,9.93005347382062,8.175958247015993,9.518972518822505
2026-06-08,ITA US 12/18/26 C235 Equity,2026-06-15,20.700000000000003,15.25,14.279464231921704,15.25,14.279464231921704,12.492896698604843,12.665388419757221,13.46664406422502,13.446516,13.509887598517714,14.136115668881342,11.083007288840882,13.57909110939301
2026-06-08,ITA US 10/16/26 C255 Equity,2026-06-15,7.8,5.75,5.132136250491369,5.75,5.132136250491369,4.557648689714414,4.497641857280977,4.188105788339307,4.566317,4.577593900248342,4.7867597513922036,6.7342627063697735,4.326339956608673
2026-06-08,ITA US 01/15/27 C230 Equity,2026-06-15,24.5,18.5,17.266608031586873,18.5,17.266608031586873,14.874217967479982,15.222266266054124,15.871326208153231,16.256193,15.844753617200617,16.866603497716728,13.821419346872144,16.75733662206065
2026-06-08,ITA US 12/18/26 C245 Equity,2026-06-15,15.25,11.25,10.44911644793651,11.25,10.44911644793651,9.564633908604145,9.635314646325808,8.917903100669568,10.073723,10.160412227520045,10.451116030277829,9.36562614138571,9.86396389716453
2026-06-08,ITA US 12/18/26 C250 Equity,2026-06-15,12.75,9.0,8.197707599585742,9.0,8.197707599585742,6.265717553443629,6.503769537032583,8.337145147942188,9.194119,9.235655333724578,9.150587246709211,6.462031609256617,7.076357890819793
2026-06-08,ITA US 01/15/27 C240 Equity,2026-06-15,19.65,14.4,13.271093233972866,14.4,13.271093233972866,12.084660381144491,12.268709401510984,11.738198517678518,12.02368,12.00043615915924,12.543927211816767,10.964701265595156,12.898326468954082
2026-06-08,ITA US 10/16/26 C235 Equity,2026-06-15,16.549999999999997,11.85,11.04587598066084,11.85,11.04587598066084,9.291488031777938,9.337467446590132,9.73579365494591,9.798637,9.633042902407569,10.95579974299518,8.0617607622176,10.007154448259499
2026-06-08,ITA US 10/16/26 C230 Equity,2026-06-15,19.4,13.8,13.201637900458929,13.8,13.201637900458929,10.950897696397465,10.985184891761637,11.327030117294266,11.56778,11.205668573331524,12.140128572837881,11.125065390708768,11.956484799320137
2026-06-08,ITA US 01/15/27 C235 Equity,2026-06-15,22.1,16.4,15.39134723291428,16.4,15.39134723291428,13.13389538833989,13.504807077891762,14.85448712034726,14.264567,13.820557761712815,15.011728571743632,13.01073677232623,14.747004284318518
2026-06-08,ITA US 10/16/26 C245 Equity,2026-06-15,11.850000000000001,8.15,7.4204994309645445,8.15,7.4204994309645445,6.367449058909747,6.3990764427893465,7.779440754248464,7.0207767,6.822789919795613,7.14083736598486,7.415264236527623,6.568887478496057
2026-06-08,ITA US 12/18/26 C240 Equity,2026-06-15,18.049999999999997,13.15,12.098907036414843,13.15,12.098907036414843,10.56367407955384,10.823056309645635,11.008002897535453,11.572718,11.464149278126616,11.950883216023726,10.408374257113795,11.680839205398827
2026-06-08,ITA US 01/15/27 C245 Equity,2026-06-15,17.15,12.55,11.684387872138736,12.55,11.684387872138736,10.487369705039036,10.657273415902889,10.318935592002205,10.56128,10.713531036071645,11.558705822660594,9.67168313094243,11.098938424275039
2026-06-09,ITA US 01/15/27 C245 Equity,2026-06-16,17.7,13.7,12.886064716880794,13.7,12.886064716880794,11.3529106807099,11.871363587534189,11.25114618298552,10.726944,10.651196108086653,11.13205527544383,9.884271468739989,12.007461729562767
2026-06-09,ITA US 12/18/26 C235 Equity,2026-06-16,21.4,16.05,15.737561241178692,16.05,15.737561241178692,12.790552920266943,13.219000570580885,14.844774937110328,14.153035,14.146475367984504,13.948813862936538,11.895534843497453,13.893529468189366
2026-06-09,ITA US 01/15/27 C250 Equity,2026-06-16,15.65,11.55,11.08362017546065,11.55,11.08362017546065,9.529395547502626,9.854651580136675,9.06780842678857,9.161479,9.343524941555222,9.971232822040811,9.703567464851435,9.696300227069436
2026-06-09,ITA US 10/16/26 C230 Equity,2026-06-16,20.6,14.9,14.901775394117454,14.9,14.901775394117454,12.726113892752034,12.575826722499347,12.98577975355543,12.201537,12.205923566497981,11.723520297306473,13.309696154381072,12.786296689972563
2026-06-09,ITA US 10/16/26 C235 Equity,2026-06-16,17.4,12.7,12.282087140252294,12.7,12.282087140252294,9.869365122921943,10.160316907200981,10.794920800282888,10.444447,10.371657437489088,10.79667462309603,11.604818780775101,10.561442643114873
2026-06-09,ITA US 10/16/26 C245 Equity,2026-06-16,12.65,8.65,8.776617448904148,8.65,8.776617448904148,6.551250953829708,6.826549346149413,8.143963154537131,7.1016994,6.768789620391476,7.601753166651027,8.623320937529211,6.585222067151332
2026-06-09,ITA US 12/18/26 C230 Equity,2026-06-16,24.35,18.85,18.28584702897021,18.85,18.28584702897021,15.318423302179292,15.526050458290502,16.25900341544949,16.28555,15.833815183770053,15.992141265924435,14.987970477725188,16.913379660347896
2026-06-09,ITA US 01/15/27 C240 Equity,2026-06-16,20.1,15.2,14.783861516447098,15.2,14.783861516447098,11.943358047308235,12.454315312935613,13.407565891604012,11.93568,12.211869331937464,12.722754945069957,11.03348048519536,13.083681749295277
2026-06-09,ITA US 01/15/27 C230 Equity,2026-06-16,25.9,19.9,19.602061533702564,19.9,19.602061533702564,16.13786479572559,16.273079697013902,16.541267852101633,16.657944,16.610826839213416,16.758981298388093,15.627401965141736,17.735790505234675
2026-06-09,ITA US 07/17/26 C230 Equity,2026-06-16,13.600000000000001,8.1,7.790338733999726,8.1,7.790338733999726,6.961591171641191,6.310796135929019,7.396546821747091,7.4335113,7.415870780362792,6.4507145545711655,11.010598795243414,5.740714086566204
2026-06-09,ITA US 10/16/26 C250 Equity,2026-06-16,10.350000000000001,7.35,7.425465095801919,7.35,7.425465095801919,6.123753331603965,6.320746326603596,6.85287987362066,5.719563,5.884156255094599,4.964677453756236,6.303969769216162,5.403988600344649
2026-06-09,ITA US 01/15/27 C235 Equity,2026-06-16,22.7,17.4,17.169185524716898,17.4,17.169185524716898,13.553497083431557,14.101833184601938,15.53501208029964,14.941915,14.84885127102867,15.70686238088905,13.924817776665444,15.261442643114872
2026-06-09,ITA US 12/18/26 C245 Equity,2026-06-16,16.25,12.0,11.59874046287963,12.0,11.59874046287963,9.533519860661208,9.969042539730737,9.794273824466467,10.374505,10.098080848285555,10.42204730684119,9.606730750102491,10.032760276485568
2026-06-09,ITA US 07/17/26 C250 Equity,2026-06-16,3.4499999999999997,1.9,1.5851327002266644,1.9,1.5851327002266644,0.5132037400663645,0.47396185238420685,2.096272136004985,2.2773483,2.1417996464839812,2.6287640682010878,5.931275218540698,-0.441390819601748
2026-06-09,ITA US 10/16/26 C240 Equity,2026-06-16,14.95,10.600000000000001,10.326494852859597,10.600000000000001,10.326494852859597,8.365223869856248,8.679163333836986,8.489598108571816,8.38877,8.30737156540791,8.820503453008914,9.364452493767093,8.50682150683024
2026-06-09,ITA US 10/16/26 C255 Equity,2026-06-16,9.0,6.1,6.084553864194717,6.1,6.084553864194717,5.0419849804296675,5.233527001565097,4.397738412904687,4.4267573,4.374530927971211,3.9237697814851753,7.309400034167353,4.356985733436092
2026-06-09,ITA US 12/18/26 C240 Equity,2026-06-16,18.75,13.85,13.64175403068207,13.85,13.64175403068207,10.658619974466848,11.214136759407172,11.36874921439738,11.281254,10.959743972234417,11.91099557068507,10.780735259281078,11.766194485740023
2026-06-09,ITA US 12/18/26 C250 Equity,2026-06-16,14.100000000000001,10.9,9.755976293896792,10.9,9.755976293896792,6.271395831475305,7.081686426519508,8.69295064231551,9.824597,9.728467997754063,9.623119631294541,8.063803384731305,8.443157796138507
2026-06-10,ITA US 12/18/26 C240 Equity,2026-06-17,20.7,12.55,11.678302140246386,12.55,11.678302140246386,9.61773276554609,9.887734131325288,10.32806580585487,10.445028,10.245593441420244,10.155628136931611,10.08133410923032,10.826651287534073
2026-06-10,ITA US 07/17/26 C230 Equity,2026-06-17,15.65,6.6,5.689004042532485,6.6,5.689004042532485,6.261436269203987,5.1308794921352625,6.799251394120949,6.478222,6.179002386825105,5.78254050486678,9.937125570552558,4.4745795702812305
2026-06-10,ITA US 01/15/27 C240 Equity,2026-06-17,22.2,13.899999999999999,12.834649849917176,13.899999999999999,12.834649849917176,10.478434252941422,10.76061303240176,11.368766972082096,10.730177,10.479738815148645,10.807609624392903,10.504755868563866,11.949062132420853
2026-06-10,ITA US 01/15/27 C235 Equity,2026-06-17,24.75,15.8,14.621409391810264,15.8,14.621409391810264,11.588308577765893,12.020347323348547,14.290678432415591,12.871161,12.854152883854027,12.842473153088102,12.689501273157425,13.69846508976145
2026-06-10,ITA US 01/15/27 C245 Equity,2026-06-17,19.55,12.2,11.089835722909035,12.2,11.089835722909035,9.39673862608658,9.797987215779635,10.063326881275668,9.724749,9.74569832387653,9.562207065662843,7.85598332386767,10.35463103737704
2026-06-10,ITA US 10/16/26 C240 Equity,2026-06-17,16.799999999999997,9.4,8.693480056973092,9.4,8.693480056973092,6.734740152466388,6.7457241352858555,8.355931115401031,7.617,7.467224789176886,7.000342621338946,6.986884751825762,7.319011186641873
2026-06-10,ITA US 10/16/26 C255 Equity,2026-06-17,10.15,5.35,4.821532216344796,5.35,4.821532216344796,3.576187746144397,3.4521695643360353,4.183002115163672,3.966773,3.817176424274958,2.8753991651311726,6.637329849001886,3.605121761567408
2026-06-10,ITA US 10/16/26 C250 Equity,2026-06-17,12.25,6.65,6.0412699681689315,6.65,6.0412699681689315,4.394473977323745,4.379148421995122,6.773616403996063,5.242272,5.361821465706138,3.9765582790198817,4.8998970574222875,4.763421334042575
2026-06-10,ITA US 10/16/26 C230 Equity,2026-06-17,22.9,13.45,12.620584364793926,13.45,12.620584364793926,10.449913162878707,10.60688547542581,11.180128074026735,10.923688,10.517480542356521,10.13968500456225,11.616706696924965,11.487143252504957
2026-06-10,ITA US 10/16/26 C235 Equity,2026-06-17,20.0,11.2,10.749590409555324,11.2,10.749590409555324,8.631152764113725,8.620429134831138,8.902744170518995,8.468866,8.388384848066012,8.049063908585548,8.509376678245378,9.12160484729641
2026-06-10,ITA US 07/17/26 C250 Equity,2026-06-17,4.7,1.225,0.8167560570837301,1.225,0.8167560570837301,-0.5789219707905051,-1.2132436920521474,2.0959323835408674,1.9706709,1.6134391992154182,1.6254397270102512,5.099668762119955,-0.9054241892930159
2026-06-10,ITA US 12/18/26 C245 Equity,2026-06-17,18.25,11.0,10.088875889303822,11.0,10.088875889303822,8.36495245589564,8.558535462358861,8.705063938080448,9.337325,9.270584862280302,8.76546971375658,8.26780783329911,9.261542225621062
2026-06-10,ITA US 01/15/27 C230 Equity,2026-06-17,27.85,17.85,16.549612959791332,17.85,16.549612959791332,13.708039702114633,14.10208205791192,15.625217813171895,15.003634,14.859640858618526,14.761936736922529,13.091158271812686,15.706666395355724
2026-06-10,ITA US 12/18/26 C230 Equity,2026-06-17,26.4,16.55,15.43570217648655,16.55,15.43570217648655,12.615707372349297,13.13232354766285,14.965864629645868,14.4679785,14.763578896338489,14.43833443770886,13.293943788777689,14.587143252504958
2026-06-10,ITA US 01/15/27 C250 Equity,2026-06-17,16.95,10.9,9.851290809760748,10.9,9.851290809760748,7.737495928957261,7.903653605482879,8.659247890790898,8.566129,8.542873476911355,8.245784824302584,7.54930704063651,8.850857651818849
2026-06-10,ITA US 10/16/26 C245 Equity,2026-06-17,14.5,7.7,7.202492323726973,7.7,7.202492323726973,5.894054891491776,5.783382036034772,6.947488314137283,5.6306725,5.862972671131236,5.074749799277152,7.144629199253173,6.026567698510554
2026-06-10,ITA US 12/18/26 C235 Equity,2026-06-17,23.4,14.600000000000001,13.555400996943735,14.600000000000001,13.555400996943735,10.968764177204488,11.27021011762583,11.861228294396755,12.114242,11.900089883378165,12.121137597140583,10.967135013670081,12.56349056265094
2026-06-10,ITA US 12/18/26 C250 Equity,2026-06-17,16.0,9.65,8.6820271093714,9.65,8.6820271093714,6.33681760985898,6.661823375269916,8.357226096947299,8.627201,8.324666516282052,7.854360948817131,6.4334864089945585,7.8284468069320665
2026-06-11,ITA US 10/16/26 C230 Equity,2026-06-18,19.95,18.4,18.6045881564837,18.4,18.6045881564837,16.431087963576385,16.291166121940286,15.781822219338112,16.030558,15.343063002635738,17.051422728248347,18.494542523100904,16.404460667048433
2026-06-11,ITA US 01/15/27 C240 Equity,2026-06-18,20.15,18.200000000000003,18.426328111703086,18.200000000000003,18.426328111703086,15.550246079231881,15.985325441140105,15.66761541412183,16.118092,16.313667450438324,17.268452447215775,18.403527836584082,16.231778416860056
2026-06-11,ITA US 10/16/26 C240 Equity,2026-06-18,14.6,13.05,13.236698477424449,13.05,13.236698477424449,11.182878589460312,11.406497621678753,11.082984786049668,12.365283,11.974460990983292,11.905634646664943,16.759019250465833,11.087904563933126
2026-06-11,ITA US 01/15/27 C230 Equity,2026-06-18,25.2,23.35,23.750372129188325,23.35,23.750372129188325,20.26958788554402,20.287331184629505,20.117255442939296,19.171999,19.440648626889367,21.828659298803345,20.84348379144185,21.191896984824705
2026-06-11,ITA US 12/18/26 C235 Equity,2026-06-18,21.1,19.4,19.533803699861636,19.4,19.533803699861636,16.399692982387087,16.427666032276424,16.412567056856986,17.10506,16.946062101118443,17.63270072922521,18.755539621177064,17.36685711642191
2026-06-11,ITA US 12/18/26 C230 Equity,2026-06-18,23.8,21.9,22.193159456037684,21.9,22.193159456037684,18.970349340861627,19.074522958843254,17.249107650943206,18.358093,17.75769868521382,21.12056603232049,19.666940985279123,19.789009282788687
2026-06-11,ITA US 10/16/26 C235 Equity,2026-06-18,17.450000000000003,15.5,15.899203911491915,15.5,15.899203911491915,13.81535672016349,13.493987124823764,13.51491712971879,13.442046,13.294018016686227,13.489174679175932,17.73730958494068,13.466857116421913
2026-06-11,ITA US 12/18/26 C240 Equity,2026-06-18,18.4,16.85,16.92948691565915,16.85,16.92948691565915,13.79507319449067,14.397419100227129,15.334120129518805,15.708413,15.338989958733976,16.450313821690983,16.95205745239163,14.938330475303383
2026-06-11,ITA US 10/16/26 C250 Equity,2026-06-18,10.65,9.100000000000001,9.175730051505552,9.100000000000001,9.175730051505552,7.776791272591199,8.238593231563378,8.418166623957472,9.045866,8.799665602733011,8.455617800805335,12.121282796973947,7.324086568828189
2026-06-11,ITA US 10/16/26 C255 Equity,2026-06-18,9.0,7.8500000000000005,7.727568648681592,7.8500000000000005,7.727568648681592,7.284553717188756,7.778277520801667,7.598308713924812,6.804462,6.5238030434411325,5.514294258434128,11.584874213060822,6.3163235205171855
2026-06-11,ITA US 12/18/26 C245 Equity,2026-06-18,16.55,14.600000000000001,14.618751093307418,14.600000000000001,14.618751093307418,12.668835022869082,13.162317698892311,11.953266154005592,13.415621,13.049015781771516,14.077794336506155,14.781736851542526,12.821122644675118
2026-06-11,ITA US 01/15/27 C245 Equity,2026-06-18,17.85,15.85,16.00976426193148,15.85,16.00976426193148,13.327838347458862,13.905803313346901,14.234174707088249,14.069324,14.315566459506336,15.049067889118945,15.99061658218421,13.958984873821644
2026-06-11,ITA US 10/16/26 C245 Equity,2026-06-18,12.65,11.05,11.167525819403352,11.05,11.167525819403352,9.66511563704141,10.087435985211217,8.784154243437632,10.05038,9.845518992276322,9.892107808550747,13.526145046062243,9.238609908230371
2026-06-11,ITA US 01/15/27 C235 Equity,2026-06-18,22.55,20.549999999999997,20.83636645341433,20.549999999999997,20.83636645341433,17.070162165398084,17.221716407587216,16.47026630357188,17.266008,17.493274783310305,19.20285720368576,20.3082607422394,18.484344379977166
2026-06-11,ITA US 01/15/27 C250 Equity,2026-06-18,15.85,14.05,13.926637852779573,14.05,13.926637852779573,12.292296642156014,12.684287706785014,11.499754546371925,12.716656,12.927878134204862,14.2588437888524,15.68805697916248,12.306599305272934
2026-06-11,ITA US 12/18/26 C250 Equity,2026-06-18,14.25,12.7,12.650092025314283,12.7,12.650092025314283,10.637824291120127,11.288682431214218,10.902426343757455,12.385399,11.913754503613363,12.23444855813488,14.300816012923889,10.989112041717679
2026-06-12,ITA US 10/16/26 C240 Equity,2026-06-22,12.75,12.75,12.298829369252395,12.75,12.298829369252395,12.27763006560372,10.898897972610593,10.786126507032742,10.704118,10.46583638225288,10.858282043046508,11.5398541886045,11.006285918161442
2026-06-12,ITA US 10/16/26 C255 Equity,2026-06-22,7.45,7.699999999999999,7.159857994622131,7.699999999999999,7.159857994622131,8.130543639449314,6.7458638350773095,6.942603628716138,6.132662,6.629580296673989,5.665248337775245,8.801223643451536,6.211713628453414
2026-06-12,ITA US 12/18/26 C235 Equity,2026-06-22,18.95,18.45,17.872919221712536,18.45,17.872919221712536,16.567198341785414,15.495347443278595,15.673027888309024,16.41218,15.915993298863821,16.480711538081614,16.21975503403387,16.724919149009065
2026-06-12,ITA US 12/18/26 C250 Equity,2026-06-22,12.45,12.35,11.559922290700214,12.35,11.559922290700214,11.024519789643357,10.062045334837109,10.102443018116817,10.79001,10.946350750520258,11.196461901871803,9.699298900935117,10.68510610743076
2026-06-12,ITA US 10/16/26 C250 Equity,2026-06-22,9.1,9.25,8.694039180466342,9.25,8.694039180466342,9.084301671604111,7.817606021533825,8.35217369081806,8.164285,8.246273746608068,7.691038403537399,7.844783623338899,7.673271337855203
2026-06-12,ITA US 10/16/26 C230 Equity,2026-06-22,18.05,17.4,16.982629897250675,17.4,16.982629897250675,16.249369944624576,14.713350413465538,15.35480274103706,15.607825,14.923481158794544,16.03758724476164,14.475560583809676,15.48564589065138
2026-06-12,ITA US 10/16/26 C235 Equity,2026-06-22,14.95,14.850000000000001,14.414545512191465,14.850000000000001,14.414545512191465,13.675607866087482,12.318466623177148,12.507957258627856,12.576229,12.722032417675472,12.323996831535553,15.75370180397878,13.059893676119568
2026-06-12,ITA US 12/18/26 C240 Equity,2026-06-22,16.75,16.3,15.5961549820754,16.3,15.5961549820754,14.564593091458509,13.57625035441253,14.687006194028593,14.882898,14.654608284377378,14.999766882923035,13.756051846723908,14.630684369960727
2026-06-12,ITA US 01/15/27 C250 Equity,2026-06-22,14.1,13.350000000000001,12.662890392726444,13.350000000000001,12.662890392726444,12.985044464757259,11.807018549536545,11.167010399409014,11.150351,11.201647072375955,11.853630449238011,10.766609797778013,11.880182526099235
2026-06-12,ITA US 10/16/26 C245 Equity,2026-06-22,10.8,10.75,10.29424208265998,10.75,10.29424208265998,10.324218386373959,9.009632869451982,8.505512782459968,8.81792,8.670594283455216,9.19040774035048,9.833635450424765,9.068171230873117
2026-06-12,ITA US 12/18/26 C230 Equity,2026-06-22,21.4,21.05,20.34854501626336,21.05,20.34854501626336,19.09446179025184,17.79297998862136,16.492984888129595,17.622223,17.085652429457653,18.71641202095724,16.72821069678667,19.168158627096133
2026-06-12,ITA US 01/15/27 C245 Equity,2026-06-22,15.75,15.3,14.67818081155213,15.3,14.67818081155213,14.110299732494802,13.040163843876318,13.387406992004157,12.754032,13.049677503335321,13.494412423094676,12.488852747720259,13.715709440207362
2026-06-12,ITA US 01/15/27 C240 Equity,2026-06-22,18.05,17.5,16.738177541925833,17.5,16.738177541925833,15.929567022770852,14.887634524042738,15.276815926714338,15.279985,14.893700786722864,15.505521132856686,13.711870535403062,15.765658897071235
2026-06-15,ITA US 10/16/26 C235 Equity,2026-06-23,14.9,16.549999999999997,15.419608420406798,16.549999999999997,15.419608420406798,14.361019322872,13.553722612523103,14.384072052753371,12.375942,11.905587598040814,11.389221063509103,14.151887655348098,14.34508683770013
2026-06-15,ITA US 10/16/26 C240 Equity,2026-06-23,12.45,14.350000000000001,13.451033589079223,14.350000000000001,13.451033589079223,11.909685048681443,11.35340442743098,11.727133421514283,10.06576,9.548952086921863,8.698117588143294,12.99648316103837,12.024784113040182
2026-06-15,ITA US 10/16/26 C245 Equity,2026-06-23,10.25,11.850000000000001,10.78300005079104,11.850000000000001,10.78300005079104,9.607564464526632,9.165410784432545,9.788169939112752,8.621117,8.023434989020682,8.105598971254157,11.784812985486877,9.610859775371988
2026-06-15,ITA US 01/15/27 C250 Equity,2026-06-23,14.15,15.0,13.782876277788876,15.0,13.782876277788876,13.23064239374498,12.940937621146258,12.840900755078026,11.050077,10.871333467915086,9.9063487870135,10.650073944565703,13.20146879411308
2026-06-15,ITA US 12/18/26 C250 Equity,2026-06-23,11.75,12.75,12.157152856385947,12.75,12.157152856385947,10.168763746486611,9.954452712986884,10.824525629843022,9.79769,9.575997337871062,8.757655450740486,9.955041600321941,10.463777747441895
2026-06-15,ITA US 12/18/26 C235 Equity,2026-06-23,18.950000000000003,20.700000000000003,19.282291772546774,20.700000000000003,19.282291772546774,17.20297800863352,16.66306519040211,15.790178015095487,15.159276,14.512399827080891,14.730738881470524,14.363716923399048,18.33252315547641
2026-06-15,ITA US 01/15/27 C245 Equity,2026-06-23,16.05,17.15,15.905591412271994,17.15,15.905591412271994,13.769674585203402,13.633268547134286,14.773646071836941,12.576217,12.350855174361676,11.729483460060196,11.789523110261978,14.910859775371986
2026-06-15,ITA US 10/16/26 C230 Equity,2026-06-23,17.5,19.4,18.469674493755175,19.4,18.469674493755175,17.870095474844867,17.054269642777264,15.757895701415162,15.076685,14.096189316115465,14.220721289693975,16.159572139646603,17.192451137624833
2026-06-15,ITA US 12/18/26 C240 Equity,2026-06-23,16.2,18.049999999999997,16.791034662241074,18.049999999999997,16.791034662241074,14.92905785698585,14.794414824396505,15.035610206250261,13.965333,13.26716604674398,12.405731960916038,14.08236263355477,16.114936950377125
2026-06-15,ITA US 10/16/26 C255 Equity,2026-06-23,7.05,7.8,6.907782090278549,7.8,6.907782090278549,6.404387999238381,5.875347077387977,7.567013185201449,5.5863447,5.34007010910318,4.293818133721073,9.552462545899719,5.496277866495821
2026-06-15,ITA US 12/18/26 C230 Equity,2026-06-23,21.6,23.1,21.696540350681015,23.1,21.696540350681015,19.583339808144082,19.192243293816162,19.89777572610937,17.298351,16.450572164999297,16.826778251586468,18.96364174300115,20.82012204381297
2026-06-15,ITA US 10/16/26 C250 Equity,2026-06-23,8.5,10.0,9.149991574608205,10.0,9.149991574608205,8.277576902911942,7.815837439005355,8.436565517975108,7.3716936,6.934114055472763,6.784612009440978,8.372967852252689,7.6958645725163874
2026-06-15,ITA US 01/15/27 C240 Equity,2026-06-23,18.25,19.65,18.46413161065541,19.65,18.46413161065541,16.681447331465552,16.453274213454755,15.687562485962827,14.41893,14.234233380699306,13.10718507240308,14.722518625087872,17.566140046778575
2026-06-16,ITA US 01/15/27 C240 Equity,2026-06-24,18.15,20.1,19.30560117878653,20.1,19.30560117878653,16.45778377650674,16.207755927741665,15.7790676037423,15.278553,14.975601861485606,13.78076247426691,14.55184118692623,17.317451733224942
2026-06-16,ITA US 12/18/26 C245 Equity,2026-06-24,14.75,16.25,15.43538120666642,16.25,15.43538120666642,12.985876393916726,12.533251653099052,14.335123996922123,12.569242,12.270774948653752,11.011021929636835,11.193762344410917,13.456606154427654
2026-06-16,ITA US 12/18/26 C235 Equity,2026-06-24,19.15,21.4,20.32644056255392,21.4,20.32644056255392,17.621643635318406,17.08207798628455,16.427661553374715,16.24764,15.709627256637056,15.684675820897738,15.354354910992559,18.46240978263637
2026-06-16,ITA US 01/15/27 C235 Equity,2026-06-24,20.65,22.7,21.792571362062994,22.7,21.792571362062994,18.611805000881276,18.18640670314421,19.574449811895157,17.24206,16.875573305269498,17.096693186248334,17.246758662454294,19.762409782636368
2026-06-16,ITA US 10/16/26 C230 Equity,2026-06-24,18.200000000000003,20.6,20.068296722578793,20.6,20.068296722578793,17.826476158194033,17.163704909987928,15.854964017881183,15.2338295,14.405437234431464,15.449249512706011,16.855312936986422,17.67577181371504
2026-06-16,ITA US 12/18/26 C230 Equity,2026-06-24,21.85,24.35,23.603653498926388,24.35,23.603653498926388,20.04883560311748,19.66752672893245,21.09135092111264,19.224588,18.653298319812276,18.286452265586046,19.980444715669076,21.328233604380806
2026-06-16,ITA US 10/16/26 C245 Equity,2026-06-24,10.45,12.65,12.046951405002,12.65,12.046951405002,9.448157401398463,8.978246479589561,10.717691551195683,9.539388,9.320058685446373,9.274325466480951,10.59602823113458,9.60726363739928
2026-06-16,ITA US 10/16/26 C240 Equity,2026-06-24,13.15,14.95,14.367764591662223,14.95,14.367764591662223,12.143184732529825,11.498543558371928,12.851384928999765,11.165173,11.155649031398882,9.435641658115864,13.781071284000351,12.140998362283707
2026-06-16,ITA US 10/16/26 C250 Equity,2026-06-24,9.2,10.350000000000001,9.79998102810307,10.350000000000001,9.79998102810307,7.634580490583251,7.106588253332334,8.452719448016666,7.9118567,7.721852750124,7.65986018961111,9.122200252315618,7.48697665843954
2026-06-16,ITA US 10/16/26 C235 Equity,2026-06-24,15.1,17.4,16.63723734696819,17.4,16.63723734696819,14.124124963221579,13.452850459637244,14.945190692418894,14.056122,13.244111017190706,13.979051521484449,13.473556938942496,14.439270025101411
2026-06-16,ITA US 12/18/26 C250 Equity,2026-06-24,12.6,14.100000000000001,13.401227894630651,14.100000000000001,13.401227894630651,11.172182361591695,10.82582574359656,11.587517360892633,10.204312,10.150132694778451,10.356177747447394,10.460700101449682,11.443339025220975
2026-06-16,ITA US 01/15/27 C230 Equity,2026-06-24,23.45,25.9,25.15057052393469,25.9,25.15057052393469,21.151379214521306,20.652708824786032,21.317647032108457,19.527159,18.69862434131345,19.069787425772798,19.928850409081978,22.585618976378093
2026-06-16,ITA US 12/18/26 C240 Equity,2026-06-24,16.85,18.75,17.940885988496063,18.75,17.940885988496063,14.091431751874637,14.000229147306214,15.532787340754716,14.448429,14.316128428355963,13.419222749125323,12.970820044504801,15.78174829346625
2026-06-16,ITA US 01/15/27 C250 Equity,2026-06-24,14.0,15.65,14.834225611283088,15.65,14.834225611283088,13.207335100463245,12.829594995817164,13.528678747069845,11.894054,12.00908461489549,11.1629625517989,11.070175576542796,13.177129495776484
2026-06-16,ITA US 10/16/26 C255 Equity,2026-06-24,7.550000000000001,9.0,8.348865419113052,9.0,8.348865419113052,6.567764395921623,6.003089546648637,8.340360583596693,7.31245,7.289858049702979,7.089928830313338,7.180091917756728,6.023894026217656
2026-06-16,ITA US 01/15/27 C245 Equity,2026-06-24,16.0,17.7,16.91026189928667,17.7,16.91026189928667,13.720113975000242,13.4554739577456,14.939114531859742,13.917251,13.709543323507246,13.33778803093081,12.265797399061235,14.850953660447942
2026-06-17,ITA US 01/15/27 C250 Equity,2026-06-25,15.25,16.95,15.799010844228672,16.95,15.799010844228672,11.554901659168781,11.790372889300658,14.85892609146609,13.519744,13.349318656029194,13.647533844661577,9.826582036626858,12.881120634798092
2026-06-17,ITA US 01/15/27 C245 Equity,2026-06-25,17.4,19.55,18.463416160880104,19.55,18.463416160880104,13.878712961433795,14.168270678598546,15.76956104708849,15.379642,15.231704278796387,14.671796986093408,12.33946413499881,15.741072783885045
2026-06-17,ITA US 12/18/26 C235 Equity,2026-06-25,21.6,23.4,22.574929148700164,23.4,22.574929148700164,17.48084040705217,17.49107360957096,20.063039402002907,17.946613,17.073184427315095,18.41099028299346,16.80608356948995,19.21595707714799
2026-06-17,ITA US 10/16/26 C250 Equity,2026-06-25,10.2,12.25,11.551499466335292,12.25,11.551499466335292,7.789181655195531,7.806267247851017,10.081116236436532,9.7697115,9.589539984223688,8.96515891835718,11.09705833638531,8.441222526356057
2026-06-17,ITA US 12/18/26 C245 Equity,2026-06-25,16.25,18.25,17.164513822277947,18.25,17.164513822277947,12.33740416295368,12.604316702198878,15.179343215782259,14.145961,14.001986770798338,13.126714021536742,11.003870988698354,14.226696794671255
2026-06-17,ITA US 01/15/27 C235 Equity,2026-06-25,22.5,24.75,23.8114957154664,24.75,23.8114957154664,19.053577365889872,19.149429303483288,21.13487963442158,19.482092,18.84167920061867,19.345478059706256,18.511122666904768,20.757719882410193
2026-06-17,ITA US 12/18/26 C240 Equity,2026-06-25,18.65,20.7,19.695001518053147,20.7,19.695001518053147,14.488953174620853,14.451617451848703,15.846596043429843,15.51803,15.055274199626814,15.252222101781744,14.307792247867415,16.606965694705657
2026-06-17,ITA US 01/15/27 C230 Equity,2026-06-25,25.85,27.85,26.688885190209287,27.85,26.688885190209287,21.88470534185352,21.823723592530655,25.97115484729413,22.170238,20.949693467103543,21.833435348993206,22.574776932516453,23.733936325832186
2026-06-17,ITA US 12/18/26 C230 Equity,2026-06-25,24.55,26.4,25.27614175607933,26.4,25.27614175607933,20.116001284406494,20.231720686461045,21.38956314351014,20.001698,18.911824133782766,19.251060255681562,20.96138173432706,22.186398116497944
2026-06-17,ITA US 10/16/26 C255 Equity,2026-06-25,8.55,10.15,9.486693253174534,10.15,9.486693253174534,7.29920515726817,7.03623246517504,8.405747419004923,7.8639317,7.680406768883634,8.40234937404546,8.752208643000124,6.451906792190329
2026-06-17,ITA US 10/16/26 C245 Equity,2026-06-25,12.55,14.5,13.779678862069494,14.5,13.779678862069494,9.981383727293366,9.911023469491786,11.798041270883502,10.813561,10.730727089881201,10.3741601856816,12.11552641988142,10.597374761540454
2026-06-17,ITA US 10/16/26 C240 Equity,2026-06-25,14.75,16.799999999999997,16.145403507107112,16.799999999999997,16.145403507107112,11.942749588612504,11.557222401839393,14.934887494578822,13.50498,13.071650211708727,13.075780747588082,12.783488945710939,12.641940221816164
2026-06-17,ITA US 10/16/26 C235 Equity,2026-06-25,17.5,20.0,19.232364130140503,20.0,19.232364130140503,14.917204159250185,14.66480907566177,15.89076182601439,16.234537,15.097552163360286,15.549419887053638,15.884492284420972,15.946008022926975
2026-06-17,ITA US 10/16/26 C230 Equity,2026-06-25,20.7,22.9,22.17326049526316,22.9,22.17326049526316,18.09924536859242,17.872446728731774,19.70580581519119,16.932877,17.467972134188116,17.761472696262256,17.228597738241117,18.67187882834634
2026-06-17,ITA US 01/15/27 C240 Equity,2026-06-25,20.0,22.2,21.137534107407195,22.2,21.137534107407195,16.68577733133376,16.612917058882257,16.909797494004486,16.522856,15.912179424918179,16.828963640201632,14.057734182361106,18.2058902996597
2026-06-17,ITA US 12/18/26 C250 Equity,2026-06-25,13.95,16.0,14.929537434468594,16.0,14.929537434468594,11.518692899573713,11.821367200443937,14.247839862563621,12.153788,11.904595271460952,10.951756834146085,10.862734760016876,12.333836339379484
