date,contract,target_date,target_t1,naive_forecast,crr_forecast,pred_naive_random_walk,pred_crr_binomial_roll-down,pred_ols,pred_ridge,pred_randomforest,pred_xgboost,pred_lightgbm,pred_catboost,pred_mlp,pred_elasticnet_delta
2026-05-07,ITA US 10/16/26 C240 Equity,2026-05-14,8.85,9.1,8.6077786781927,9.1,8.6077786781927,11.866148066237876,10.412355225940972,8.722325918366163,10.253356,10.467390835190882,10.200683621290999,6.539452648493141,10.354219431779896
2026-05-07,ITA US 12/18/26 C245 Equity,2026-05-14,10.35,10.3,9.443326732105538,10.3,9.443326732105538,13.631043505474135,11.75745500551402,10.032011305852615,11.775173,12.51753114564431,11.88799468941594,8.762258319035883,11.5930450819064
2026-05-07,ITA US 10/16/26 C235 Equity,2026-05-14,10.600000000000001,11.0,10.466482480968457,11.0,10.466482480968457,13.783467666878902,12.109512240853496,10.063784794570592,12.095647,12.282567764545158,12.028213938314666,8.16617302483058,12.151950556893492
2026-05-07,ITA US 01/15/27 C230 Equity,2026-05-14,17.6,16.9,15.919735841824412,16.9,15.919735841824412,19.059001831886413,17.621887475082513,19.195862012486128,19.597359,18.72367827532,18.68611645514688,17.16907376763095,18.046982656421786
2026-05-07,ITA US 07/17/26 C230 Equity,2026-05-14,6.949999999999999,7.25,6.772733954347176,7.25,6.772733954347176,9.280783884358058,8.721216841597457,7.529956057520746,8.379988,7.049494313633233,8.59959221882274,7.684636284822782,8.430386017345795
2026-05-07,ITA US 10/16/26 C250 Equity,2026-05-14,6.65,6.35,5.87887409868966,6.35,5.87887409868966,9.55051401445602,7.697115593520865,6.2398150434605935,7.2339525,7.251089643819219,7.096291584379547,5.085362499313715,7.609599700888797
2026-05-07,ITA US 01/15/27 C245 Equity,2026-05-14,11.3,11.25,10.33437473142885,11.25,10.33437473142885,14.025582791500062,12.526375054939747,10.889718083736387,12.727838,13.207107343205793,12.848618246070252,10.338478559087282,12.507270692811026
2026-05-07,ITA US 12/18/26 C230 Equity,2026-05-14,16.3,15.649999999999999,14.65745751833275,15.649999999999999,14.65745751833275,17.59047068437748,16.382526653412263,16.69022708353876,17.744041,18.445970860564604,16.551792615724892,14.618701856010816,16.78494172393239
2026-05-07,ITA US 10/16/26 C245 Equity,2026-05-14,7.35,7.55,7.049054485276237,7.55,7.049054485276237,10.203121357829216,8.694831858093918,7.603590471429712,7.7911596,7.417499176293215,8.51722552669515,5.756909295269122,8.732081770887298
2026-05-07,ITA US 01/15/27 C235 Equity,2026-05-14,15.399999999999999,14.8,13.836680954985011,14.8,13.836680954985011,17.25079896629421,15.707450766217587,14.353172557004001,15.614553,16.314308904614403,16.20251852589974,15.376998104326345,15.985317832613235
2026-05-07,ITA US 12/18/26 C235 Equity,2026-05-14,14.0,13.6,12.634247865100308,13.6,12.634247865100308,15.920766819855283,14.445492115125273,12.966675897198906,14.758687,15.223599727203524,14.972550551609924,11.687664619059877,14.63954446699316
2026-05-07,ITA US 10/16/26 C230 Equity,2026-05-14,12.85,12.75,12.384772176856856,12.75,12.384772176856856,14.970883070015205,13.651420467730524,12.304833443720623,14.796451,15.037322722186456,13.540403356838441,11.205116008450489,13.879549062639834
2026-05-07,ITA US 01/15/27 C240 Equity,2026-05-14,13.3,12.85,12.065620296343155,12.85,12.065620296343155,15.849294755277262,14.253113544198321,12.557773192912727,14.402904,15.351523682344334,14.32288412768371,12.243878643721299,14.108738820298008
2026-05-07,ITA US 12/18/26 C250 Equity,2026-05-14,8.600000000000001,8.7,7.9113614335302715,8.7,7.9113614335302715,11.402839095469254,10.052959211364824,8.852137625616619,10.323442,10.486345571045739,9.992548764921809,6.944365520747348,9.955766915934285
2026-05-07,ITA US 12/18/26 C240 Equity,2026-05-14,12.75,12.0,11.070441103146244,12.0,11.070441103146244,14.521275940072309,12.856727532453185,11.364867559135794,13.132193,13.600173761030122,12.614523549329464,10.31381152940514,13.043985478643032
2026-05-07,ITA US 10/16/26 C255 Equity,2026-05-14,5.3,5.3,5.110445419282524,5.3,5.110445419282524,8.506418211111487,7.085107963530546,5.799519863955793,6.199903,5.711171674971873,6.058876613138095,3.5777164661525225,6.835471328286326
2026-05-07,ITA US 01/15/27 C250 Equity,2026-05-14,10.0,10.05,9.301772946233449,10.05,9.301772946233449,13.558444799300993,11.84800070155471,9.902128839020705,11.55972,12.062806861474392,12.038065929591003,7.911103300007776,11.51742426287876
2026-05-07,ITA US 07/17/26 C250 Equity,2026-05-14,2.1500000000000004,2.1,1.8183916104115372,2.1,1.8183916104115372,5.208442096032757,3.5547264197726847,2.0547616912634195,2.2971318,2.204133870207287,3.2701363731339583,2.8683504038211356,3.329043557522594
2026-05-08,ITA US 01/15/27 C230 Equity,2026-05-15,14.35,17.25,16.39177367285835,17.25,16.39177367285835,18.08615152056471,17.127450295554205,19.255835590123386,18.921638,18.857842659054253,17.88707553928399,15.573198592221582,17.53712994345383
2026-05-08,ITA US 07/17/26 C250 Equity,2026-05-15,0.875,2.4749999999999996,2.1947018265168103,2.4749999999999996,2.1947018265168103,5.307556271135374,4.069121168411844,2.290459393754456,2.094692,2.1518913414046565,2.758287428780486,3.0415548071029725,3.447098187731304
2026-05-08,ITA US 12/18/26 C250 Equity,2026-05-15,6.6,8.85,8.074337550864456,8.85,8.074337550864456,10.461261375847313,9.519210405747575,8.421876544717101,8.473251,8.576100308158471,9.043595797754325,6.362768442833693,9.361796756366726
2026-05-08,ITA US 07/17/26 C230 Equity,2026-05-15,3.95,7.0,6.578986436597179,7.0,6.578986436597179,7.695806025805513,7.505074765697437,7.060672518234481,6.4268093,6.081755457653936,7.488161950430026,6.652510686190618,6.96978580078654
2026-05-08,ITA US 12/18/26 C235 Equity,2026-05-15,11.75,14.2,13.253359234690057,14.2,13.253359234690057,15.663913846962338,14.52826891813423,13.005271410335334,14.162381,14.940691951055578,14.1895579648844,10.128835031662529,14.683897518279744
2026-05-08,ITA US 10/16/26 C245 Equity,2026-05-15,4.65,7.6499999999999995,7.158213208230791,7.6499999999999995,7.158213208230791,9.812806283152234,8.522535958479502,7.146329751001779,6.9798756,7.379761833821459,8.384723035922246,5.712299339906538,8.268257840324749
2026-05-08,ITA US 12/18/26 C230 Equity,2026-05-15,13.4,16.2,15.276014067908243,16.2,15.276014067908243,16.947087809323747,16.14554688457439,18.18244325005077,17.388498,17.378236635034714,16.143466397906305,13.53155121230212,16.60134596208732
2026-05-08,ITA US 01/15/27 C240 Equity,2026-05-15,10.85,13.4,12.538313660247198,13.4,12.538313660247198,15.077108488916739,13.72825134437551,12.345170325787183,12.470924,12.952744265199442,13.606549406981276,10.8643654040056,13.798852165578218
2026-05-08,ITA US 12/18/26 C240 Equity,2026-05-15,10.25,12.25,11.364204315769651,12.25,11.364204315769651,13.978028615536566,12.658039505020886,11.308736010139416,11.463412,11.95201671803395,11.768589671763321,9.949658175951505,12.78750279126739
2026-05-08,ITA US 10/16/26 C230 Equity,2026-05-15,9.149999999999999,12.8,12.23225049026308,12.8,12.23225049026308,13.846746527172964,13.022768446021454,11.741307017889131,12.382094,12.477306074580389,12.873441863224077,10.241306360794647,13.167896060529822
2026-05-08,ITA US 12/18/26 C245 Equity,2026-05-15,8.15,10.2,9.3325827688241,10.2,9.3325827688241,11.945301608881662,10.787779134486176,9.46354703972603,9.415862,9.36071158322291,10.773473199691281,6.618394939932252,10.597419716055567
2026-05-08,ITA US 01/15/27 C235 Equity,2026-05-15,12.5,15.0,14.19005139552139,15.0,14.19005139552139,16.14504812483274,15.155346277272063,15.162331912505298,15.599872,16.004523144037865,15.259128657280032,13.713138118823949,15.37783430911498
2026-05-08,ITA US 01/15/27 C245 Equity,2026-05-15,9.399999999999999,11.5,10.778884378075752,11.5,10.778884378075752,13.276785871362506,12.13668736153506,10.509125351567569,10.68014,10.823152332342438,11.905590423258701,9.034808032881434,11.993166297678822
2026-05-08,ITA US 10/16/26 C240 Equity,2026-05-15,6.45,9.2,8.735856307969565,9.2,8.735856307969565,11.107439128285424,9.541808847819382,8.09807289662842,8.238764,8.088245941105695,9.835503910520405,5.9499601317471695,9.309717712846465
2026-05-08,ITA US 10/16/26 C235 Equity,2026-05-15,7.6,10.8,10.262521943062703,10.8,10.262521943062703,12.75660446583862,11.522448950146924,9.353846348622692,9.849895,10.12252193031152,10.980401232881068,7.696769434374377,11.22893522798133
2026-05-08,ITA US 01/15/27 C250 Equity,2026-05-15,8.2,10.05,9.251950237645952,10.05,9.251950237645952,12.341186975416989,11.12688091334427,9.358321536433733,9.778147,9.495967494822239,10.854450846381932,7.640931539374762,10.725295848009209
2026-05-08,ITA US 10/16/26 C250 Equity,2026-05-15,3.7,6.4,6.044018427410096,6.4,6.044018427410096,8.606704989448048,7.060794031623143,6.237958951522485,6.7939477,6.794199619165821,6.506239588625313,4.256603616147598,6.818827149135769
2026-05-08,ITA US 10/16/26 C255 Equity,2026-05-15,3.0,5.25,4.847896160647052,5.25,4.847896160647052,7.917626505385295,6.511535134789522,5.596838003123972,6.187705,5.757637893621844,5.6416130352450455,4.010433307737405,6.080284716056566
2026-05-11,ITA US 01/15/27 C240 Equity,2026-05-18,11.4,13.75,13.169764235124209,13.75,13.169764235124209,15.725338498807547,14.745663812164587,12.894015649573719,13.632184,15.003142659290226,16.09109934482665,12.346365468648536,14.387016210247499
2026-05-11,ITA US 10/16/26 C245 Equity,2026-05-18,6.0,8.05,7.7031017551525975,8.05,7.7031017551525975,10.2304998749006,9.162802206852287,7.975385843134623,8.203784,9.089155154871001,9.69883350753638,6.936542905535506,8.662629252762727
2026-05-11,ITA US 01/15/27 C235 Equity,2026-05-18,13.15,16.0,15.419431377493831,16.0,15.419431377493831,17.149467737515856,16.1427515683787,18.263892237139917,19.102211,18.823369102733874,17.46872695936895,15.469280532404191,16.354587826000795
2026-05-11,ITA US 01/15/27 C250 Equity,2026-05-18,8.6,10.45,9.89171912240228,10.45,9.89171912240228,12.704985665974416,11.566512452410645,9.889131791421951,11.094128,11.705493514852183,12.61836369624083,9.25224231589521,10.999095054237372
2026-05-11,ITA US 10/16/26 C230 Equity,2026-05-18,10.2,13.75,13.527603695614502,13.75,13.527603695614502,14.612825280409982,14.22646140102972,12.702751492018301,14.340779,14.909220360949638,15.593894292109134,11.998901963175625,14.251240969909558
2026-05-11,ITA US 01/15/27 C230 Equity,2026-05-18,15.0,18.3,17.717832577921154,18.3,17.717832577921154,19.16367579549969,18.249897368838816,20.451440750147665,20.613155,20.45410827269223,20.54260146482062,17.678586655969614,18.659936207649896
2026-05-11,ITA US 12/18/26 C235 Equity,2026-05-18,12.05,14.8,14.283145565346597,14.8,14.283145565346597,16.54373264129677,15.63759354633985,14.564788853076635,16.029736,16.434217667272073,16.720597224422963,12.329347505600115,15.435551380560367
2026-05-11,ITA US 10/16/26 C235 Equity,2026-05-18,8.399999999999999,11.55,11.311869613450071,11.55,11.311869613450071,13.283017762883985,12.424876143602003,10.519873792925035,12.830683,12.776325194465153,13.089876010473127,9.455213065564621,12.058327053521165
2026-05-11,ITA US 12/18/26 C230 Equity,2026-05-18,14.05,17.1,16.6806009972062,17.1,16.6806009972062,18.068948956614843,17.356353477908453,19.70961095276024,20.36471,18.720378659347944,19.576650113720852,15.878254012671917,17.658066433841487
2026-05-11,ITA US 12/18/26 C250 Equity,2026-05-18,7.3,9.350000000000001,8.822161113924373,9.350000000000001,8.822161113924373,11.127676041125557,10.06994669319311,9.067855236416333,9.891832,10.051394372236045,11.498254831501722,7.827924116309802,9.744408483208277
2026-05-11,ITA US 10/16/26 C250 Equity,2026-05-18,4.65,6.35,6.109883490585929,6.35,6.109883490585929,8.665293897801247,7.557633508639877,6.1539600981007165,7.099611,7.626712459350916,7.696820392036642,4.7023921508874995,7.025961237057897
2026-05-11,ITA US 12/18/26 C240 Equity,2026-05-18,10.399999999999999,12.850000000000001,12.375117218442965,12.850000000000001,12.375117218442965,14.784351155970493,13.674619308417396,12.307361608006895,13.688654,14.50448054808667,14.490244984892275,11.667789764219105,13.464241128467695
2026-05-11,ITA US 07/17/26 C250 Equity,2026-05-18,1.625,2.375,2.0273566566419357,2.375,2.0273566566419357,4.967489887501545,3.577064829180369,2.3184806157626277,3.242327,2.38698867578229,4.247799425651094,2.453220058563521,2.826574623438896
2026-05-11,ITA US 07/17/26 C230 Equity,2026-05-18,4.85,7.5,6.982352536187664,7.5,6.982352536187664,7.064274031716825,7.575364968790303,7.3944457897974445,7.422593,7.134683341021625,9.4637338612091,8.184374766285215,7.327251188546354
2026-05-11,ITA US 01/15/27 C245 Equity,2026-05-18,9.75,12.15,11.542435235292247,12.15,11.542435235292247,14.179142791266496,12.962061800442031,11.492704581548262,12.199782,13.986480365694531,13.564286754316411,11.348062888883689,12.649849356573625
2026-05-11,ITA US 10/16/26 C240 Equity,2026-05-18,6.75,9.55,9.30496606719968,9.55,9.30496606719968,11.658536981664493,10.464423917656159,8.928011789889137,10.356636,11.038037462147573,11.556659722210476,8.59526961732586,10.105059845661751
2026-05-11,ITA US 12/18/26 C245 Equity,2026-05-18,8.7,10.9,10.378131495339584,10.9,10.378131495339584,12.738745082428089,11.61808820965496,10.04422140147125,10.793677,11.645485945824667,13.073335152260956,8.725780494257883,11.269476926557235
2026-05-11,ITA US 10/16/26 C255 Equity,2026-05-18,3.5250000000000004,5.2,4.871219476199117,5.2,4.871219476199117,7.609988502674385,6.713146494435765,5.653001469665153,6.845032,6.233365324170044,6.533662036698893,3.5730826320118885,6.069510914202417
2026-05-12,ITA US 10/16/26 C235 Equity,2026-05-19,7.800000000000001,10.9,10.50612774104097,10.9,10.50612774104097,11.589050034903687,11.173633354344744,8.427852395066791,8.770931,8.275953532535583,10.215372730652637,8.1662925094807,10.863617466401777
2026-05-12,ITA US 12/18/26 C240 Equity,2026-05-19,9.8,12.25,11.834830834938446,12.25,11.834830834938446,13.19852459230695,12.367188364983132,10.18281983211332,10.815452,9.78496763100734,10.896876450357706,9.718017377945197,12.202802074611117
2026-05-12,ITA US 10/16/26 C245 Equity,2026-05-19,5.75,7.3999999999999995,7.086478564920609,7.3999999999999995,7.086478564920609,8.36275585780728,7.791255452604635,6.173307515990293,6.4889975,6.192590797951407,6.704931331171251,4.048833241040774,7.394862429638976
2026-05-12,ITA US 12/18/26 C245 Equity,2026-05-19,8.3,10.5,9.98406201576194,10.5,9.98406201576194,11.635749919797737,10.78477439255342,8.699429423457497,9.048297,8.847314523453845,9.74187173316235,6.632556988810119,10.503233892936246
2026-05-12,ITA US 01/15/27 C250 Equity,2026-05-19,7.65,10.05,9.599669728253279,10.05,9.599669728253279,11.32190986606184,10.469078136917355,8.525483146113487,8.916243,8.679438523704064,9.942379442196284,7.0185119535409015,10.047328048152142
2026-05-12,ITA US 01/15/27 C240 Equity,2026-05-19,10.75,13.45,13.013704252438016,13.45,13.013704252438016,14.386444313293492,13.681622343054931,11.247247204946774,11.704465,10.92571521462252,13.259837437414609,9.867022577399876,13.406377297401654
2026-05-12,ITA US 12/18/26 C250 Equity,2026-05-19,6.9,8.9,8.426756926691878,8.9,8.426756926691878,9.797181946472056,9.03217600027753,7.445337781535511,7.9410677,7.676946055383459,8.784287820276871,6.723116378636085,8.888363605952836
2026-05-12,ITA US 10/16/26 C240 Equity,2026-05-19,6.300000000000001,9.05,8.857562565928703,9.05,8.857562565928703,10.060784024979549,9.514456107047684,7.004697161104275,7.3770576,7.082333420403591,8.477367089885604,5.848062954711663,9.08045311170697
2026-05-12,ITA US 01/15/27 C245 Equity,2026-05-19,9.4,11.65,11.191486696616101,11.65,11.191486696616101,12.802979650839891,11.927762330739181,9.59260514417256,10.207453,9.320602123563521,10.824980558272156,9.202574130731168,11.654031536882744
2026-05-12,ITA US 01/15/27 C235 Equity,2026-05-19,12.55,15.45,14.881593703538579,15.45,14.881593703538579,15.859120799420163,15.158479401182136,14.299618184398799,14.123851,13.770259667459804,14.216671870266152,14.156385886303338,15.347482080011131
2026-05-12,ITA US 07/17/26 C250 Equity,2026-05-19,1.6749999999999998,2.6,2.3455939759612607,2.6,2.3455939759612607,4.606171474717046,3.55147918447018,2.194569414122254,2.3918397,2.506733495589215,3.2319313764834803,3.055351565789892,2.9072497492472227
2026-05-12,ITA US 12/18/26 C230 Equity,2026-05-19,13.2,16.45,16.0405507510409,16.45,16.0405507510409,16.601210492661746,16.143070602901464,16.697510567681775,16.329315,15.5852633707065,16.283232493721897,15.088282989109068,16.395222571824828
2026-05-12,ITA US 10/16/26 C230 Equity,2026-05-19,9.75,13.25,12.926660444862492,13.25,12.926660444862492,13.513813799524378,13.505297991507573,10.90158688382296,11.896274,10.710209053852742,12.931368511079022,9.978207089747686,13.332358212960196
2026-05-12,ITA US 12/18/26 C235 Equity,2026-05-19,11.1,14.3,13.88622132378409,14.3,13.88622132378409,15.025236458247974,14.29969197282485,11.686629353422003,12.6592,12.527592167467885,13.409296157367406,10.931182916401582,14.209393035666666
2026-05-12,ITA US 10/16/26 C250 Equity,2026-05-19,5.0,6.25,6.042707623634723,6.25,6.042707623634723,7.185711908519279,6.555678238498364,5.301893865113762,6.0394173,6.00059722493025,5.731774401822355,2.774151064940896,6.254918548097437
2026-05-12,ITA US 07/17/26 C230 Equity,2026-05-19,4.65,7.65,7.424599171956348,7.65,7.424599171956348,6.880905412162454,7.521487049679194,5.92010355751118,6.31642,5.78725540694529,8.115237832764002,6.309426010152659,7.138597768677342
2026-05-12,ITA US 01/15/27 C230 Equity,2026-05-19,14.4,17.55,17.136076661575842,17.55,17.136076661575842,17.636695813035796,17.076851596824056,17.684645084787768,17.495842,16.732153877280012,17.195834744294558,16.24384466026715,17.33895902572619
2026-05-12,ITA US 10/16/26 C255 Equity,2026-05-19,3.75,5.35,5.110646423737449,5.35,5.110646423737449,6.604460074480962,5.969305455493042,4.9211129938517715,5.89074,5.206045807263064,5.162557870371307,2.7385868500033554,5.550720660463886
2026-05-13,ITA US 01/15/27 C250 Equity,2026-05-20,9.15,10.2,9.749693971766247,10.2,9.749693971766247,11.53087570812912,10.608222874585465,8.586633135189016,8.359425,9.037820004356652,9.985203833058936,5.2128757468436815,10.19029433323785
2026-05-13,ITA US 10/16/26 C235 Equity,2026-05-20,9.399999999999999,10.9,10.5736684341112,10.9,10.5736684341112,11.120920265612517,10.836259780742049,8.45504913529474,7.991303,8.873041336205485,10.592734135071783,5.026308057486056,10.609400246113738
2026-05-13,ITA US 10/16/26 C240 Equity,2026-05-20,7.5,8.8,8.493571740408177,8.8,8.493571740408177,9.23288425157683,8.818814402319447,6.912435104268798,6.5774393,7.7430935958487686,8.701216486666684,3.4133443202687554,8.468576258108412
2026-05-13,ITA US 07/17/26 C250 Equity,2026-05-20,1.875,2.925,2.658459143239388,2.925,2.658459143239388,6.512716167370256,4.994876701391448,3.0754745399415673,2.5166466,2.390332252253248,2.620996727235296,0.6430381535446444,3.6965379783672594
2026-05-13,ITA US 10/16/26 C245 Equity,2026-05-20,6.4,7.95,7.65312520440609,7.95,7.65312520440609,8.654615846550472,7.65595846648926,6.319970984004271,5.5880823,6.373131559645885,7.578190340492691,3.021384453356255,7.474354063517632
2026-05-13,ITA US 10/16/26 C255 Equity,2026-05-20,4.35,5.0,4.742069324186945,5.0,4.742069324186945,6.4324997110387825,5.709004315075026,4.633296405572952,4.6873155,4.8039480431668675,4.840668892551559,1.5043046251656826,5.187619675197646
2026-05-13,ITA US 07/17/26 C230 Equity,2026-05-20,5.9,7.65,7.402858597308873,7.65,7.402858597308873,7.633006216651141,7.7891514206353385,5.8166065081913985,4.683708,6.057955433485726,8.082492050382566,5.769162374934616,7.2398898783360455
2026-05-13,ITA US 10/16/26 C250 Equity,2026-05-20,5.25,6.55,6.257173805104765,6.55,6.257173805104765,7.5241175593855,6.416939267519902,5.856008198254648,5.029037,6.009797562660403,6.477437929701121,2.4547113670533873,6.209191507028306
2026-05-13,ITA US 10/16/26 C230 Equity,2026-05-20,11.0,13.3,12.99473653631454,13.3,12.99473653631454,13.128207368866175,13.014557756753431,11.151644489082905,10.33237,10.68429861392118,12.497523181978675,7.761766558690696,13.014411664321578
2026-05-13,ITA US 12/18/26 C240 Equity,2026-05-20,11.1,12.95,12.47680331556833,12.95,12.47680331556833,14.280825084703736,13.34512952461544,11.032676703065029,10.412902,10.158913812429628,12.380803721450356,8.326300996170628,13.303933263482113
2026-05-13,ITA US 12/18/26 C250 Equity,2026-05-20,7.9,8.85,8.257805064776218,8.85,8.257805064776218,9.53165626105481,8.947868107222758,7.457207762536748,7.181705,7.995077498828171,8.748262979143153,4.1599835775207055,8.787622289056237
2026-05-13,ITA US 01/15/27 C245 Equity,2026-05-20,10.35,11.5,11.197134855191162,11.5,11.197134855191162,12.61398568960821,11.847436238161416,9.608120029332087,9.492902,10.03261518509686,10.868395700502752,7.014186157489139,11.460424527415187
2026-05-13,ITA US 12/18/26 C230 Equity,2026-05-20,15.35,16.75,16.224616950676264,16.75,16.224616950676264,16.72475670148202,16.213393918478904,17.337873213775776,16.832895,16.374861746783683,16.609564818334878,13.601797814548547,16.66460904510749
2026-05-13,ITA US 01/15/27 C235 Equity,2026-05-20,14.05,15.649999999999999,15.408253534513149,15.649999999999999,15.408253534513149,16.14721748133302,15.367740577872997,14.640661023906866,13.372967,13.845944038492002,13.97685199612158,12.541671564654633,15.494969665321483
2026-05-13,ITA US 01/15/27 C240 Equity,2026-05-20,12.35,13.75,13.467687694642542,13.75,13.467687694642542,14.870342772727113,13.820681470025663,11.450060057624805,10.796223,11.322503845704173,13.198257514587882,9.06481013943173,13.637691572418198
2026-05-13,ITA US 12/18/26 C235 Equity,2026-05-20,13.0,14.75,14.255012133762214,14.75,14.255012133762214,15.598897577522237,14.66686820374348,12.346715421900015,12.182061,12.313114766571685,14.030302712598667,10.400559547198418,14.792412839429913
2026-05-13,ITA US 12/18/26 C245 Equity,2026-05-20,9.4,10.35,9.848313676521295,10.35,9.848313676521295,11.296337038164411,10.593846661642624,8.74677087826703,8.470873,9.425228718501364,10.155257927167385,4.2366100413368235,10.241129946701298
2026-05-13,ITA US 01/15/27 C230 Equity,2026-05-20,16.4,18.15,17.916756121002596,18.15,17.916756121002596,18.515787640182456,17.778072208533235,18.123592047151732,17.767773,18.291871535182867,17.135355123433353,14.654107229652162,18.049848705849296
2026-05-14,ITA US 01/15/27 C245 Equity,2026-05-21,10.350000000000001,11.3,10.39761557758344,11.3,10.39761557758344,12.365374811679079,11.69680552295785,10.30387733909051,10.64948,10.850238742973161,10.39661832141837,8.151878790169308,11.638916032972103
2026-05-14,ITA US 01/15/27 C250 Equity,2026-05-21,9.2,10.0,9.15560583215211,10.0,9.15560583215211,11.617924993184126,10.870767471056023,9.055451010738363,9.183332,9.962996385981995,9.644822823551095,6.2534484096468175,10.595987847269354
2026-05-14,ITA US 10/16/26 C255 Equity,2026-05-21,4.325,5.3,4.852671302985447,5.3,4.852671302985447,6.893705543616419,6.272354277116597,4.931407352881132,4.856142,5.010872558851281,5.390283820670538,2.270792569358308,6.0168873681192165
2026-05-14,ITA US 10/16/26 C240 Equity,2026-05-21,7.8,8.85,8.114099667486819,8.85,8.114099667486819,9.249729473075606,8.804122652955373,8.606240135796137,7.9220676,8.245238230989385,7.991963836922914,4.567442362765713,8.920520056945545
2026-05-14,ITA US 12/18/26 C250 Equity,2026-05-21,7.85,8.600000000000001,7.732265021616247,8.600000000000001,7.732265021616247,9.214862529254841,8.826852383974165,8.58674017440215,8.292633,8.836022406957252,8.678645956681063,5.379480754072275,8.888897135240924
2026-05-14,ITA US 10/16/26 C250 Equity,2026-05-21,5.35,6.65,6.086638928206144,6.65,6.086638928206144,8.239936346311545,6.875245069364956,7.10390953207969,6.1495457,6.926865681370882,6.619011920068055,4.112893266007458,6.980356218010193
2026-05-14,ITA US 01/15/27 C235 Equity,2026-05-21,14.05,15.399999999999999,14.448221296857705,15.399999999999999,14.448221296857705,16.336853256052446,15.47484213158164,14.672926698232018,13.96048,14.885107163593187,14.027788056135561,13.498603331655895,15.796843683435347
2026-05-14,ITA US 10/16/26 C230 Equity,2026-05-21,11.0,12.85,12.095906895680452,12.85,12.095906895680452,12.732355247424826,12.506237564010753,11.603219029899616,11.330013,11.4606135713598,12.067687948695422,9.306844278100584,12.923394511520195
2026-05-14,ITA US 10/16/26 C245 Equity,2026-05-21,6.25,7.35,6.761630842176382,7.35,6.761630842176382,8.713738050818431,7.815783293267078,7.341697730867205,6.0767903,7.025401060033425,6.978738961401702,4.980736003534507,7.771079470440572
2026-05-14,ITA US 12/18/26 C245 Equity,2026-05-21,9.3,10.35,9.408672097975,10.35,9.408672097975,11.37661975410398,10.707862371009703,9.426528546977986,9.137858,9.98724818480891,9.916214289231679,5.883082582662982,10.715884426965307
2026-05-14,ITA US 01/15/27 C230 Equity,2026-05-21,16.2,17.6,16.594063180420605,17.6,16.594063180420605,18.45496064956683,17.671748964952872,17.71687499244781,17.53552,17.182542147703206,16.68285814908168,15.367616665220318,17.97243020261323
2026-05-14,ITA US 10/16/26 C235 Equity,2026-05-21,9.5,10.600000000000001,9.90560623444164,10.600000000000001,9.90560623444164,11.048882237822175,10.721915725534435,9.32706810339058,9.275521,9.848905998660166,9.788411112477238,6.650968854485378,10.73538668464398
2026-05-14,ITA US 07/17/26 C250 Equity,2026-05-21,1.75,2.1500000000000004,1.7923451928836003,2.1500000000000004,1.7923451928836003,5.409600101127282,3.9409452121328528,2.6641763354405326,2.4703374,1.9135049270867548,2.8349492689950466,2.35417637899283,3.1757651685242037
2026-05-14,ITA US 01/15/27 C240 Equity,2026-05-21,12.05,13.3,12.397470852521,13.3,12.397470852521,14.641669299004388,13.578589891624993,12.204771345311826,12.124724,12.819863753759334,12.691739974230156,10.301342648144956,13.598895075223895
2026-05-14,ITA US 12/18/26 C240 Equity,2026-05-21,10.95,12.75,11.768706491475193,12.75,11.768706491475193,14.418124084469769,13.265465840143024,11.752873054558236,11.753537,12.318611396316536,11.810329034633185,8.548732809116649,13.238700675534194
2026-05-14,ITA US 12/18/26 C230 Equity,2026-05-21,15.15,16.3,15.202916025223082,16.3,15.202916025223082,16.54225174285554,16.09677634416661,16.76732994080564,16.150864,16.259082730118877,16.121325366467143,13.97481676971515,16.64048188097409
2026-05-14,ITA US 12/18/26 C235 Equity,2026-05-21,12.8,14.0,12.986436431588695,14.0,12.986436431588695,15.002952374159507,14.290097808235926,12.44820250559196,12.611963,13.513958849938739,13.428009819907649,10.410306487709692,14.37422748240276
2026-05-14,ITA US 07/17/26 C230 Equity,2026-05-21,5.7,6.949999999999999,6.2964537830708975,6.949999999999999,6.2964537830708975,6.738240102255347,7.153124393329639,7.1431423421987565,5.445857,5.947929502521041,6.663244574116553,6.226634248210222,6.899506463314905
2026-05-15,ITA US 10/16/26 C240 Equity,2026-05-22,8.55,6.45,5.514629512512759,6.45,5.514629512512759,6.146328798715417,5.383859190357965,6.92965149241295,7.253454,7.511622264446564,6.561428679024776,3.9668903169366514,5.911043998982389
2026-05-15,ITA US 12/18/26 C240 Equity,2026-05-22,12.05,10.25,9.29855751535887,10.25,9.29855751535887,11.66572236221885,10.29937601463783,9.70937758484571,10.260428,10.605691246942824,10.475322171215861,7.828002320888106,10.489401481571136
2026-05-15,ITA US 01/15/27 C235 Equity,2026-05-22,15.45,12.5,11.591272394626015,12.5,11.591272394626015,13.20457754610838,12.160391723768784,11.763540244224455,12.316105,12.50008301925244,12.110110660321922,10.358903082384607,12.380620517121294
2026-05-15,ITA US 10/16/26 C250 Equity,2026-05-22,6.15,3.7,3.3195324665281785,3.7,3.3195324665281785,3.4785443270454177,2.601615154257763,5.042464548377959,4.253633,4.6612870759534,4.086495632703963,4.498129187629655,3.274781832204094
2026-05-15,ITA US 10/16/26 C235 Equity,2026-05-22,10.4,7.6,6.886368631769949,7.6,6.886368631769949,7.3408018836185125,6.637572459641808,7.96477905869336,7.413439,7.415598937009605,7.90379440012088,4.849855518218615,6.848362486624977
2026-05-15,ITA US 01/15/27 C245 Equity,2026-05-22,11.6,9.399999999999999,8.57025632763832,9.399999999999999,8.57025632763832,9.935046024644638,9.15345929032316,9.140001971608898,8.881303,9.439580409625577,9.382630413256484,7.0871033142791395,9.406549206545371
2026-05-15,ITA US 12/18/26 C235 Equity,2026-05-22,14.1,11.75,10.652456466017474,11.75,10.652456466017474,12.539797544310646,11.361221290604067,11.03224446225056,11.600457,11.611052656293293,11.83703647223791,8.02311678158524,11.686252637140587
2026-05-15,ITA US 01/15/27 C240 Equity,2026-05-22,13.35,10.85,9.987976201188076,10.85,9.987976201188076,11.654856092494718,10.5475300426171,9.966160282315316,10.478595,10.824536661860867,10.4498291238617,8.445709350917847,10.755111288923837
2026-05-15,ITA US 12/18/26 C250 Equity,2026-05-22,8.9,6.6,5.924815724421256,6.6,5.924815724421256,6.089972135803684,5.62213649934937,8.125854763267764,7.371602,7.943839534976362,7.222725568097277,5.292371797397898,6.190897438938299
2026-05-15,ITA US 10/16/26 C255 Equity,2026-05-22,4.65,3.0,2.4096946712766796,3.0,2.4096946712766796,2.3830892640421926,1.9293473755371693,4.118452694824077,3.3557096,3.7989453618967666,3.5611294845995367,3.1752082325088935,2.740216363684052
2026-05-15,ITA US 01/15/27 C250 Equity,2026-05-22,10.05,8.2,7.550483567980329,8.2,7.550483567980329,9.0464007199266,8.294785652168155,8.554897862696311,8.079763,7.4261555556208085,8.39388426456523,5.560489704661043,8.339671895840228
2026-05-15,ITA US 07/17/26 C250 Equity,2026-05-22,1.5499999999999998,0.875,0.7799906302561044,0.875,0.7799906302561044,0.9513045650514034,-0.6500556783997276,1.9523069410926044,1.5919563,1.735255225694191,2.3232165369157514,3.8168288952385616,0.434933873722513
2026-05-15,ITA US 12/18/26 C230 Equity,2026-05-22,16.2,13.4,12.349256167678531,13.4,12.349256167678531,13.848216964537787,12.891820273612884,12.55185615671302,13.368527,13.445072444104861,13.662227908987,10.232114887555037,13.280773031990119
2026-05-15,ITA US 07/17/26 C230 Equity,2026-05-22,6.050000000000001,3.95,3.4743850806906607,3.95,3.4743850806906607,2.8129216116754687,2.8590955717539472,4.894228601467526,3.6891325,4.0462925574184245,4.425743804077644,5.394794497669346,2.983756092928708
2026-05-15,ITA US 01/15/27 C230 Equity,2026-05-22,17.55,14.35,13.399171154496765,14.35,13.399171154496765,14.97945741069174,13.901109021892635,13.125667584081839,14.409604,14.291171834726859,13.986680048958567,11.667409301930926,14.125987115232972
2026-05-15,ITA US 12/18/26 C245 Equity,2026-05-22,10.4,8.15,7.463169382299069,8.15,7.463169382299069,8.750396040115973,7.950790056680217,8.662567984392979,8.39417,7.997904341368599,8.97859901412551,5.538451005722011,8.110176378292172
2026-05-15,ITA US 10/16/26 C230 Equity,2026-05-22,12.8,9.149999999999999,8.575981955070326,9.149999999999999,8.575981955070326,8.492227246386822,7.931312761750804,9.268753059349285,8.977076,8.83304337328211,9.71582069316269,7.065214672357079,8.251026307319366
2026-05-15,ITA US 10/16/26 C245 Equity,2026-05-22,7.35,4.65,4.101240116161079,4.65,4.101240116161079,3.9836071561068653,3.422184200640512,5.218476886668482,4.5524445,5.14209766667302,5.186667766201452,3.833680379053967,3.9763002247009505
2026-05-18,ITA US 10/16/26 C245 Equity,2026-05-26,8.8,6.0,5.681774255490202,6.0,5.681774255490202,8.67521732928848,8.47431599706674,6.017154640541282,7.2587056,6.854387299391178,6.8480891813374045,7.0151216630135185,8.203551726149623
2026-05-18,ITA US 12/18/26 C235 Equity,2026-05-26,16.35,12.05,11.213666107657119,12.05,11.213666107657119,15.82806402784308,15.179717387269049,12.133807812442564,14.133865,13.832910513063796,13.220079394282495,12.108180796722179,14.661786518718419
2026-05-18,ITA US 10/16/26 C230 Equity,2026-05-26,15.0,10.2,9.78930759490072,10.2,9.78930759490072,12.355323301422692,12.603312234908312,10.622006901145935,12.259021,12.556114393258195,12.048549984784445,11.147065801002235,12.462796549299835
2026-05-18,ITA US 07/17/26 C230 Equity,2026-05-26,8.2,4.85,4.437649578301565,4.85,4.437649578301565,6.479114799646533,7.382880253087466,5.029697204786082,5.7569785,4.706612716862963,6.093566225369224,8.563101165579189,6.644030430585747
2026-05-18,ITA US 10/16/26 C240 Equity,2026-05-26,10.55,6.75,6.404584386713706,6.75,6.404584386713706,9.532867102144808,9.591368550088742,8.39235655553957,8.391596,8.237193204049607,8.246754014790021,6.781389933009073,9.043741335970644
2026-05-18,ITA US 12/18/26 C250 Equity,2026-05-26,10.75,7.3,6.603780702742349,7.3,6.603780702742349,10.403716671779488,10.291566946822218,8.929621864045885,8.59142,8.34629495287189,8.821025762594836,7.884499788499142,9.933292077859658
2026-05-18,ITA US 07/17/26 C250 Equity,2026-05-26,3.0999999999999996,1.625,1.3412165560504827,1.625,1.3412165560504827,5.963113175972136,5.699792070291052,1.896262954839848,1.8551359,1.1507602952414624,2.8296897945000072,5.5290406306538955,4.76817356579518
2026-05-18,ITA US 10/16/26 C250 Equity,2026-05-26,7.25,4.65,4.357986676213217,4.65,4.357986676213217,7.153265178645073,7.192111024007245,5.038984403871384,5.2067385,5.055508302605293,5.23768568539732,5.802628374477816,6.947029652567446
2026-05-18,ITA US 01/15/27 C230 Equity,2026-05-26,20.1,15.0,14.461728544068201,15.0,14.461728544068201,18.3894355323596,17.886677824615994,15.842769218966275,18.057384,16.900570662365116,16.990566841013404,16.035659558185927,17.517296026235996
2026-05-18,ITA US 10/16/26 C235 Equity,2026-05-26,12.65,8.399999999999999,8.086952977439319,8.399999999999999,8.086952977439319,11.172357871725211,11.101007875476341,9.34054917094725,9.610394,9.539431905190948,9.85346502120472,8.481747755542791,10.595364862310209
2026-05-18,ITA US 12/18/26 C230 Equity,2026-05-26,18.3,14.05,13.307258454079378,14.05,13.307258454079378,17.382415037077223,16.928071606538303,13.638239228329414,16.284615,16.230342476962193,16.251153987638546,14.669048038607574,16.658312193088154
2026-05-18,ITA US 01/15/27 C240 Equity,2026-05-26,15.65,11.4,10.84763544905241,11.4,10.84763544905241,15.448354739968016,14.84670180545535,11.607601130911542,13.397671,13.287572558555944,12.784216085927296,11.847421454888046,14.122602569894294
2026-05-18,ITA US 10/16/26 C255 Equity,2026-05-26,6.05,3.5250000000000004,3.27257125511128,3.5250000000000004,3.27257125511128,5.702019616818057,6.157623721017265,4.5375302189609785,4.3219185,4.053715883635814,4.490723882641836,3.3410859467120813,5.905781194278405
2026-05-18,ITA US 01/15/27 C235 Equity,2026-05-26,17.55,13.15,12.318016986068848,13.15,12.318016986068848,16.534385291953722,15.944630939887633,12.995501887456786,14.438523,15.148422859534625,14.689625498656852,14.28462887645556,15.621029644589871
2026-05-18,ITA US 01/15/27 C245 Equity,2026-05-26,13.35,9.75,9.198783882701605,9.75,9.198783882701605,13.849065705819456,13.523703415417401,10.384007411677022,11.449567,11.073794880447158,11.083883679236099,9.88177656704029,12.673826835363862
2026-05-18,ITA US 12/18/26 C245 Equity,2026-05-26,11.899999999999999,8.7,8.035188052413217,8.7,8.035188052413217,12.560862933111325,12.111236271868663,9.675185133911013,9.987046,10.18498233280342,10.304774518101704,8.198095528569066,11.40786670127872
2026-05-18,ITA US 01/15/27 C250 Equity,2026-05-26,11.8,8.6,8.037499214823448,8.6,8.037499214823448,12.949779830081482,12.451522536148191,9.626395818061996,10.058673,9.42508664058043,9.80764390474723,8.117719270772247,11.547226016498902
2026-05-18,ITA US 12/18/26 C240 Equity,2026-05-26,13.8,10.399999999999999,9.859896315487756,10.399999999999999,9.859896315487756,14.690863161328286,13.97452274452094,10.625835718526327,11.779736,11.733313070958317,12.00199649925167,10.656924659742387,13.158472915881152
2026-05-19,ITA US 07/17/26 C250 Equity,2026-05-27,2.5250000000000004,1.6749999999999998,1.359085012031939,1.6749999999999998,1.359085012031939,8.111785812147271,6.009819107644514,1.788763728894877,1.5270507,1.4910142535586175,1.934576559305004,2.3737853935717546,4.709815808213433
2026-05-19,ITA US 12/18/26 C230 Equity,2026-05-27,19.35,13.2,12.250082115442844,13.2,12.250082115442844,16.33214655096445,15.077746822123352,12.848098341249333,14.209869,14.159177343462355,14.779559203162533,11.715353592531585,14.827751586212928
2026-05-19,ITA US 12/18/26 C240 Equity,2026-05-27,14.45,9.8,8.968040502266552,9.8,8.968040502266552,13.605149707359718,12.153982364310545,9.790698942474098,10.364622,10.267893417247008,11.045415980380898,7.284005385658786,11.639946550849364
2026-05-19,ITA US 10/16/26 C235 Equity,2026-05-27,13.05,7.800000000000001,7.224152431916555,7.800000000000001,7.224152431916555,10.714722726926551,9.733164269568418,8.686989643476593,9.4095335,9.797966145449642,9.41694720689874,4.979949094111147,9.20200937591509
2026-05-19,ITA US 12/18/26 C235 Equity,2026-05-27,16.8,11.1,10.158148292195026,11.1,10.158148292195026,14.437252239733473,13.276002842708767,10.718202008581121,11.899776,11.975150946825986,12.49624385616126,8.854088022381607,12.814993965888496
2026-05-19,ITA US 12/18/26 C250 Equity,2026-05-27,10.649999999999999,6.9,6.19668395041014,6.9,6.19668395041014,9.871109058076055,9.009111004524549,8.479324649259052,8.427255,8.314859744714436,7.576351745297195,4.328274251606721,8.666587168861232
2026-05-19,ITA US 12/18/26 C245 Equity,2026-05-27,12.75,8.3,7.532826280985781,8.3,7.532826280985781,11.905022333686286,10.658341483276379,8.956233921183461,9.081492,9.508597649884884,9.653000033813953,4.782482296115286,10.122627826906895
2026-05-19,ITA US 10/16/26 C245 Equity,2026-05-27,9.45,5.75,5.334923461606892,5.75,5.334923461606892,9.52836068273275,7.912305666464914,5.595742266308644,7.0573664,7.069286389139623,7.009948699314769,3.6714777652678796,7.461916766366707
2026-05-19,ITA US 07/17/26 C230 Equity,2026-05-27,9.149999999999999,4.65,4.270891111726209,4.65,4.270891111726209,7.860909979186008,7.304674643735537,4.8972748737610505,4.7961903,5.423599616177032,6.213194548405784,5.780985292675894,6.2219274615479385
2026-05-19,ITA US 01/15/27 C230 Equity,2026-05-27,20.549999999999997,14.4,13.713449706658249,14.4,13.713449706658249,17.845336316141207,16.431749773391388,13.624751303094406,15.037189,15.084950198193471,14.878823516837498,12.807844112392702,16.0282898228167
2026-05-19,ITA US 01/15/27 C240 Equity,2026-05-27,15.549999999999999,10.75,9.968128308077151,10.75,9.968128308077151,14.515092407306494,13.165602494196582,10.21072774378519,10.950718,11.189817284273758,11.504111064379618,8.303864220595798,12.518018594182983
2026-05-19,ITA US 01/15/27 C250 Equity,2026-05-27,12.15,7.65,7.5563462661429766,7.65,7.5563462661429766,11.784714760241286,10.850998168559087,8.475070588196177,8.697196,9.057860831252261,9.525942414409084,5.190173909558196,9.772196881104012
2026-05-19,ITA US 10/16/26 C230 Equity,2026-05-27,16.05,9.75,9.119861275503807,9.75,9.119861275503807,12.170074809504104,11.408647375834082,9.819237100766376,10.292148,10.3175183494737,10.948003720231007,6.732769780294242,11.082080134528056
2026-05-19,ITA US 10/16/26 C255 Equity,2026-05-27,6.6,3.75,3.339809022237667,3.75,3.339809022237667,6.408719252412121,5.320697066054899,4.329168871950292,4.204657,3.899852326721897,4.087794493374291,1.5954099753992255,5.213485704010326
2026-05-19,ITA US 01/15/27 C245 Equity,2026-05-27,13.75,9.4,8.64366199554402,9.4,8.64366199554402,13.24815538039162,12.215642784420666,9.566259872003432,9.918967,10.190640744502712,10.50364312089031,6.294802991694792,11.475443282392948
2026-05-19,ITA US 01/15/27 C235 Equity,2026-05-27,18.1,12.55,11.71919972364103,12.55,11.71919972364103,15.974974956131614,14.674255602308563,12.029678087383173,13.150381,13.542639668825645,13.227355985957466,11.400606918376425,14.33168383362468
2026-05-19,ITA US 10/16/26 C250 Equity,2026-05-27,8.5,5.0,4.553507186991861,5.0,4.553507186991861,8.727672841853733,7.4530309157057255,5.233126162046524,6.3235006,5.7218043966811,5.208755255744666,3.3264225412326143,7.001983491102419
2026-05-19,ITA US 10/16/26 C240 Equity,2026-05-27,11.100000000000001,6.300000000000001,5.776159893690308,6.300000000000001,5.776159893690308,8.993400685033786,8.08836087591012,6.358460027959082,7.1521626,7.18458548222117,7.448372960487503,3.8677509182193948,7.679570605233255
2026-05-20,ITA US 10/16/26 C235 Equity,2026-05-28,15.399999999999999,9.399999999999999,9.446898561779493,9.399999999999999,9.446898561779493,12.316434239614814,11.892516687198698,10.151856492436181,10.351011,11.176591399194338,10.15517409712594,6.890981063754729,11.226870453095572
2026-05-20,ITA US 10/16/26 C250 Equity,2026-05-28,9.25,5.25,5.166139780445243,5.25,5.166139780445243,9.665516199322504,8.717138287498267,6.078699180379799,6.491158,6.8533524854245025,6.445762898806443,2.70241317883816,7.6840370731373415
2026-05-20,ITA US 10/16/26 C230 Equity,2026-05-28,18.25,11.0,11.161480935441288,11.0,11.161480935441288,13.29202466170031,13.395018774290266,10.686342454098327,12.380948,12.492607516106984,12.795313177893618,8.670398869225831,12.910411267940022
2026-05-20,ITA US 01/15/27 C230 Equity,2026-05-28,23.15,16.4,16.152645980713906,16.4,16.152645980713906,19.623886079776593,18.657961766184904,18.387038241948513,17.88112,18.03327243955423,16.97567870701222,15.080193114856957,18.432389024579333
2026-05-20,ITA US 12/18/26 C250 Equity,2026-05-28,12.2,7.9,7.6513753374489974,7.9,7.6513753374489974,11.384472254909477,10.68915033179065,9.476527692429032,8.902479,9.797776647367064,9.074977674349027,5.604145987391571,10.062870616508398
2026-05-20,ITA US 12/18/26 C245 Equity,2026-05-28,14.3,9.4,9.059530343871339,9.4,9.059530343871339,13.320230044233845,12.45665705946551,10.141727911456842,10.13458,11.069472565923315,10.72354009569025,6.511666205694044,11.692739266075208
2026-05-20,ITA US 01/15/27 C245 Equity,2026-05-28,15.6,10.35,9.82752254376654,10.35,9.82752254376654,13.996558456189735,13.266448525374628,10.596569546145432,10.8695,11.81600436787009,11.34824280118508,7.344027681888115,12.470831130460844
2026-05-20,ITA US 12/18/26 C235 Equity,2026-05-28,19.5,13.0,12.770328259371745,13.0,12.770328259371745,16.281355042226743,15.497934992466753,12.775834644971008,14.436947,15.134560183555912,14.079035550095627,10.051564416205887,15.089707643714572
2026-05-20,ITA US 01/15/27 C240 Equity,2026-05-28,17.95,12.35,12.073457707621467,12.35,12.073457707621467,15.96742875231617,14.790644492073895,11.968677230851009,13.176157,14.037986637832082,12.513178337421417,9.986478202946586,14.277799057299323
2026-05-20,ITA US 07/17/26 C230 Equity,2026-05-28,11.85,5.9,5.8027592355230615,5.9,5.8027592355230615,9.07991605601573,9.132057476491841,5.818548332793137,5.6158977,5.77962681901192,6.7239540931918595,7.876133214727822,7.716501661698571
2026-05-20,ITA US 10/16/26 C245 Equity,2026-05-28,11.1,6.4,6.4067645346580795,6.4,6.4067645346580795,10.51069355783838,9.55132750642602,7.302982724722252,7.8496523,8.320658190366455,7.4917763544417815,4.369996738980152,8.617786151039201
2026-05-20,ITA US 01/15/27 C250 Equity,2026-05-28,13.7,9.15,8.79154555870778,9.15,8.79154555870778,13.280285183897984,12.32081593041651,10.017036822680765,10.051096,10.838678542924962,10.082883416524904,6.233501930465195,11.43122321066364
2026-05-20,ITA US 12/18/26 C240 Equity,2026-05-28,16.6,11.1,10.566572293249669,11.1,10.566572293249669,14.654424188164768,13.793082000987509,10.781817216040363,11.696403,12.502746280913032,12.10987511032843,8.719378864336782,13.313639411765955
2026-05-20,ITA US 10/16/26 C240 Equity,2026-05-28,13.1,7.5,7.551610760768355,7.5,7.551610760768355,10.514147946218646,10.181697083698902,8.69751523423349,8.164776,8.263729642839662,8.388842336876674,5.439270524585637,9.4454714439357
2026-05-20,ITA US 01/15/27 C235 Equity,2026-05-28,20.25,14.05,13.433827703069051,14.05,13.433827703069051,17.042226211260854,16.210672295106285,13.283509304664697,14.501448,15.706813547799754,13.950311261886128,12.791332575713405,15.989941485969569
2026-05-20,ITA US 07/17/26 C250 Equity,2026-05-28,3.55,1.875,1.6810044225687746,1.875,1.6810044225687746,8.902628003080933,7.190809746474814,2.082166417451227,2.0363622,2.2115520834104,2.8314297124531986,1.7625443433140253,5.287364042406987
2026-05-20,ITA US 10/16/26 C255 Equity,2026-05-28,7.75,4.35,4.072355624217231,4.35,4.072355624217231,8.237852374038859,7.285656895341836,4.868754352539475,5.2719097,5.1546614452473225,4.3149627611041765,2.713482934838464,6.690160068186176
2026-05-20,ITA US 12/18/26 C230 Equity,2026-05-28,21.85,15.35,15.167508096569184,15.35,15.167508096569184,18.475218616189444,17.712105959389298,16.33632653583065,16.208748,17.131888147793497,16.004590044994387,13.70712903351256,17.620020270920485
2026-05-21,ITA US 01/15/27 C245 Equity,2026-05-29,15.6,10.350000000000001,9.741286005876999,10.350000000000001,9.741286005876999,14.079243176709785,12.513898643497694,9.968452483348905,10.1427,10.53964510575512,10.564433290460215,9.02824303520428,12.044962971424285
2026-05-21,ITA US 01/15/27 C230 Equity,2026-05-29,22.9,16.2,15.526159743817132,16.2,15.526159743817132,19.668517168488023,17.902750026504368,18.480603959370207,17.83407,17.929637826342415,16.488416951854266,15.78816472461098,17.775116067599726
2026-05-21,ITA US 10/16/26 C250 Equity,2026-05-29,9.0,5.35,4.977543194457596,5.35,4.977543194457596,9.316665902844392,7.71954254628055,5.534224379759015,5.8003044,5.932226962776426,6.1941718335421685,3.697343140995761,7.251941862938193
2026-05-21,ITA US 01/15/27 C235 Equity,2026-05-29,20.35,14.05,13.369625005364728,14.05,13.369625005364728,17.311643227163003,15.60730762975922,13.07997314619356,14.163315,14.574971563231216,13.695512756143374,13.679048291004086,15.54347385014324
2026-05-21,ITA US 10/16/26 C255 Equity,2026-05-29,7.7,4.325,4.097031383774781,4.325,4.097031383774781,8.534604593685813,6.964946857238264,4.34489576456129,4.387034,4.4431744192988845,3.9296195502880984,2.684260369372373,6.3692569351803785
2026-05-21,ITA US 01/15/27 C240 Equity,2026-05-29,17.95,12.05,11.408955183135122,12.05,11.408955183135122,16.109335214924638,14.214832525243224,11.657210684607627,12.14755,12.184310845739027,11.608797716685622,11.814034082176022,13.799138825595753
2026-05-21,ITA US 12/18/26 C235 Equity,2026-05-29,19.0,12.8,12.292493852100437,12.8,12.292493852100437,16.69859918012546,14.896403281257324,12.347734653856854,13.532196,13.730196988942991,12.882884515457647,11.575446336507241,14.494762636727614
2026-05-21,ITA US 10/16/26 C240 Equity,2026-05-29,12.6,7.8,7.5722225762963005,7.8,7.5722225762963005,11.29087489162659,9.649065802038807,8.405141114167307,8.160657,8.835507838147866,8.332180996283617,5.565521230244467,9.133747640841554
2026-05-21,ITA US 12/18/26 C245 Equity,2026-05-29,14.2,9.3,8.739265137819514,9.3,8.739265137819514,13.442001784244514,11.780777635529223,9.441254111523913,8.938112,10.174743436700753,10.193866810293214,7.308367904600352,11.151585289082293
2026-05-21,ITA US 07/17/26 C230 Equity,2026-05-29,11.45,5.7,5.2269443671304305,5.7,5.2269443671304305,8.663594147418598,7.992324967632445,5.5407328611990065,5.3396964,5.0861005938058295,7.015309910187626,7.878451931782365,7.060424702854283
2026-05-21,ITA US 10/16/26 C245 Equity,2026-05-29,10.65,6.25,6.02597306082413,6.25,6.02597306082413,10.43889431375747,9.059551068849691,5.915353665348124,6.0677247,6.705019258875584,6.807598645212085,4.445492732698106,8.24465069688934
2026-05-21,ITA US 07/17/26 C250 Equity,2026-05-29,3.2,1.75,1.4371564913207964,1.75,1.4371564913207964,7.659082190367541,5.060019613953585,1.961436957049454,1.761598,1.5676319565955545,2.793973377116977,2.886735290642446,3.9251826006067905
2026-05-21,ITA US 10/16/26 C230 Equity,2026-05-29,17.9,11.0,10.804572336154438,11.0,10.804572336154438,13.401831046511917,12.669685863537206,10.377702060222708,11.458109,11.093955208530488,11.80334407875932,8.985901845394924,12.388091289892374
2026-05-21,ITA US 01/15/27 C250 Equity,2026-05-29,13.85,9.2,8.598422596166241,9.2,8.598422596166241,13.48674661710124,11.584046600695764,9.324970695668007,9.107197,9.776207191875061,9.635650394880326,7.273739130645542,10.981166396423056
2026-05-21,ITA US 12/18/26 C250 Equity,2026-05-29,12.1,7.85,7.227455289528625,7.85,7.227455289528625,11.723328324531257,10.30068300735228,8.624932055913558,7.918818,8.802812737576133,8.432591548336239,6.758158251092817,9.823601534472978
2026-05-21,ITA US 12/18/26 C230 Equity,2026-05-29,21.7,15.15,14.645621082954948,15.15,14.645621082954948,18.90697304594741,17.23864902377285,15.817621669789444,15.649651,16.152371820826772,15.856727211266133,15.204963422523864,17.022595841546188
2026-05-21,ITA US 10/16/26 C235 Equity,2026-05-29,15.25,9.5,9.18154521970042,9.5,9.18154521970042,13.128614537161297,11.65277021743119,9.512159357451777,9.301919,10.277714331084798,9.96357103179967,7.664150687153383,11.113827527099717
2026-05-21,ITA US 12/18/26 C240 Equity,2026-05-29,16.450000000000003,10.95,10.353416523597962,10.95,10.353416523597962,14.704897300949309,13.051908649965759,10.265345813773674,11.031528,11.207780069706596,11.175763727865554,9.51804224506557,12.636988087630627
2026-05-22,ITA US 12/18/26 C230 Equity,2026-06-01,19.15,16.2,15.564767247269828,16.2,15.564767247269828,17.105003969001828,16.278320369508883,16.69376986096818,16.122736,15.733550190732892,15.330249494694474,14.548464105612116,16.665251106740318
2026-05-22,ITA US 12/18/26 C245 Equity,2026-06-01,12.3,10.4,9.788211847845865,10.4,9.788211847845865,12.317224257355893,11.12959122556719,9.72316095349868,9.04782,9.751996523855563,9.119764719763838,7.932659997936039,10.912980816207295
2026-05-22,ITA US 01/15/27 C230 Equity,2026-06-01,20.5,17.55,16.928218309611427,17.55,16.928218309611427,18.345747796282634,17.30254117964898,17.27218167467276,16.935028,15.958742456947553,16.2242531757362,15.778644814401078,17.86025510963639
2026-05-22,ITA US 01/15/27 C240 Equity,2026-06-01,15.75,13.35,12.727157333618875,13.35,12.727157333618875,14.925174365403796,13.66954552764267,12.32348602372725,11.881403,12.256648702233065,11.774730881639949,10.740613877833459,13.717644862524388
2026-05-22,ITA US 10/16/26 C230 Equity,2026-06-01,15.6,12.8,12.451890072045627,12.8,12.451890072045627,13.041264070591712,12.724461904155795,11.976403116631053,12.157842,12.627201995942668,11.865099570761068,10.7227464674029,13.055720338066937
2026-05-22,ITA US 07/17/26 C230 Equity,2026-06-01,8.85,6.050000000000001,5.614744701223658,6.050000000000001,5.614744701223658,5.321099324752993,5.942242220196054,5.665968442877315,5.143809,5.152247579510549,6.009028883004069,6.752209950675588,5.5269400576004015
2026-05-22,ITA US 01/15/27 C235 Equity,2026-06-01,17.950000000000003,15.45,14.826415860872318,15.45,14.826415860872318,16.742148853028507,15.585096996280562,14.896247136590341,14.180062,14.637037171640868,13.600210569527771,13.345504933350831,15.890397452795474
2026-05-22,ITA US 07/17/26 C250 Equity,2026-06-01,2.325,1.5499999999999998,1.2542070747514977,1.5499999999999998,1.2542070747514977,4.055407956752623,2.393471595407119,2.034086854462991,1.5671117,1.4721188316474336,2.2118214820152033,3.4147768352730243,1.9054184121921596
2026-05-22,ITA US 12/18/26 C240 Equity,2026-06-01,13.8,12.05,11.431889048881239,12.05,11.431889048881239,13.59727468847025,12.49588091886978,11.20921400366403,11.122966,11.379374983909416,10.007506090358527,9.26302470066021,12.481855578676697
2026-05-22,ITA US 10/16/26 C245 Equity,2026-06-01,9.1,7.35,7.00770549819601,7.35,7.00770549819601,9.271551329835484,8.482303949840139,7.841343758496271,6.51676,7.374069713861041,6.401744444735044,5.6180881820659385,7.935731638579832
2026-05-22,ITA US 10/16/26 C240 Equity,2026-06-01,10.8,8.55,8.220288712924114,8.55,8.220288712924114,10.074580020524188,9.128530146318887,8.597373799285583,7.782571,8.200954538130475,7.3430613288273054,7.19277323808051,8.897007402681941
2026-05-22,ITA US 10/16/26 C250 Equity,2026-06-01,7.35,6.15,5.922797497709062,6.15,5.922797497709062,8.168722418089194,6.94990991395287,5.6112878328168945,5.6033554,6.436724831238992,5.37067967816693,4.612772875139582,6.519440486785299
2026-05-22,ITA US 01/15/27 C250 Equity,2026-06-01,11.600000000000001,10.05,9.426039003566574,10.05,9.426039003566574,12.381143905432932,11.06333951241769,9.488991786904025,8.9868765,9.43603850998298,8.700204673439881,6.634841931816664,10.613350904759312
2026-05-22,ITA US 12/18/26 C250 Equity,2026-06-01,10.850000000000001,8.9,8.484746433207887,8.9,8.484746433207887,10.847285118702818,9.95645039368367,8.974539496910545,8.050279,8.789478084921287,7.907328712234855,7.341967159826991,9.472788202462977
2026-05-22,ITA US 10/16/26 C255 Equity,2026-06-01,6.5,4.65,4.347334182981122,4.65,4.347334182981122,6.639496906565725,5.622676401239395,4.511623197409421,4.509238,4.982935871623599,3.1280428518653576,3.604313426712194,5.134897286890478
2026-05-22,ITA US 12/18/26 C235 Equity,2026-06-01,16.35,14.1,13.469066975639496,14.1,13.469066975639496,15.473538509060763,14.299658390971985,12.935757985649992,13.397997,14.09631047425609,12.40199409867423,11.796137058864588,14.508634640089548
2026-05-22,ITA US 10/16/26 C235 Equity,2026-06-01,12.850000000000001,10.4,10.068239994380633,10.4,10.068239994380633,11.606830771942594,10.931384494402495,9.624447001900695,9.473447,9.813776818708044,9.057852222626007,8.763223979765513,10.68963025672918
2026-05-22,ITA US 01/15/27 C245 Equity,2026-06-01,13.85,11.6,10.965286893373396,11.6,10.965286893373396,13.411907555571513,12.239104072592676,10.765503189875092,10.835786,11.0006158086157,9.621372804455355,8.857591580940236,12.100114892437755
2026-05-26,ITA US 07/17/26 C250 Equity,2026-06-02,1.95,3.0999999999999996,1.8605067443992638,3.0999999999999996,1.8605067443992638,5.638009206712909,5.132280804468117,3.6327630673831806,2.3113518,2.669341321302743,2.879431106431772,6.112660588178637,4.3308412260085545
2026-05-26,ITA US 10/16/26 C250 Equity,2026-06-02,6.95,7.25,6.818679176536912,7.25,6.818679176536912,10.615294504625698,9.32625504665734,7.644898104170602,6.7727566,7.2498173790385065,6.972688537877559,5.144538663615371,8.698684327682928
2026-05-26,ITA US 10/16/26 C235 Equity,2026-06-02,12.0,12.65,12.39039694878289,12.65,12.39039694878289,14.681653417017067,13.905898039712374,11.557960902086615,12.583511,11.945346121075959,12.237550381223643,9.698727206482236,13.741761014410535
2026-05-26,ITA US 07/17/26 C230 Equity,2026-06-02,7.5,8.2,7.763090228359375,8.2,7.763090228359375,7.866887143865615,9.023790222421173,8.401743049333804,7.4877257,6.806809535519619,10.040778036770288,10.076561343099968,8.681117236278016
2026-05-26,ITA US 12/18/26 C230 Equity,2026-06-02,17.95,18.3,17.85218164341032,18.3,17.85218164341032,19.35856561922879,18.65917367715843,18.39492401774842,17.21821,17.793299206124388,18.564133330390085,15.745190377443315,19.273037443091987
2026-05-26,ITA US 12/18/26 C235 Equity,2026-06-02,15.7,16.35,15.494571954357463,16.35,15.494571954357463,18.261797107912614,16.97826319337662,17.133992523837364,16.137287,15.954429023915415,16.027647940867173,13.900366400160884,17.436768086839432
2026-05-26,ITA US 12/18/26 C240 Equity,2026-06-02,13.95,13.8,13.255059626198955,13.8,13.255059626198955,16.173895653185973,15.03984487470726,12.511852206224278,13.668985,13.37956262275629,12.766715930474986,10.531467905806492,15.001546169719516
2026-05-26,ITA US 12/18/26 C245 Equity,2026-06-02,11.75,11.899999999999999,12.129101922556666,11.899999999999999,12.129101922556666,15.507294413573087,14.173031931695533,11.016537489632912,11.89619,11.49029676276695,10.852504496529768,8.880491996918561,13.462829611969072
2026-05-26,ITA US 10/16/26 C230 Equity,2026-06-02,14.5,15.0,14.765554054036716,15.0,14.765554054036716,16.26592385290667,15.815833467586323,14.589229578683392,14.618776,15.116155301800026,14.902626128373793,12.637239922399615,16.08430379057911
2026-05-26,ITA US 01/15/27 C250 Equity,2026-06-02,11.35,11.8,11.221786255582908,11.8,11.221786255582908,15.369522447684062,13.754916033916166,10.929538998823608,12.052787,11.42229825447997,10.670645122841563,7.427250542509106,13.20149818877617
2026-05-26,ITA US 10/16/26 C240 Equity,2026-06-02,10.4,10.55,10.08322315947814,10.55,10.08322315947814,12.777710980373465,11.90761461393985,9.453315727589874,9.612327,9.959529232564748,10.005876287020612,7.717355119909131,11.656571889664656
2026-05-26,ITA US 01/15/27 C245 Equity,2026-06-02,13.3,13.35,12.753483271103928,13.35,12.753483271103928,16.21175566513614,14.678085088578682,12.241864185328836,13.020844,12.67830657979222,12.233897985222955,9.879637795167238,14.500351654653926
2026-05-26,ITA US 01/15/27 C240 Equity,2026-06-02,15.15,15.65,14.711943700295873,15.65,14.711943700295873,17.94693598951423,16.1750956130749,15.555669090389108,14.65886,15.130112398133091,14.395318000514944,12.126855340544845,16.51632036192766
2026-05-26,ITA US 01/15/27 C230 Equity,2026-06-02,19.35,20.1,19.52704559037769,20.1,19.52704559037769,21.56127872346798,20.413705859529436,19.679158782337037,18.46034,19.407372175080326,19.5789957291843,18.118704472989187,21.16271054268683
2026-05-26,ITA US 12/18/26 C250 Equity,2026-06-02,9.8,10.75,10.283123934346618,10.75,10.283123934346618,14.234641077794922,12.614971246034575,9.602591281094954,10.449021,10.54411857357321,10.17024969470991,8.688598996863432,12.060963328044261
2026-05-26,ITA US 01/15/27 C235 Equity,2026-06-02,17.15,17.55,16.8138218391874,17.55,16.8138218391874,19.499300128694642,18.255498451220596,17.791639917294617,17.150795,16.421066775302975,16.51032533058735,15.030448104568732,18.66144063489311
2026-05-26,ITA US 10/16/26 C245 Equity,2026-06-02,8.6,8.8,8.27498805076095,8.8,8.27498805076095,11.630962554355792,10.594737322112534,8.762565491027194,8.61068,8.61906801543616,7.918914867504618,6.321236134466971,10.085816502285878
2026-05-26,ITA US 10/16/26 C255 Equity,2026-06-02,6.35,6.05,5.567479245247985,6.05,5.567479245247985,9.22267000099419,8.095626047132253,5.519047817881183,5.897888,6.2439563195923355,5.357084607322802,3.9794729290020143,7.449235629424388
2026-05-27,ITA US 10/16/26 C245 Equity,2026-06-03,7.550000000000001,9.45,9.096469979267182,9.45,9.096469979267182,12.069869543928135,10.971247654275276,8.834973769672551,8.264452,8.62065425839393,9.897999265195164,5.91717138125015,10.566403337023191
2026-05-27,ITA US 01/15/27 C245 Equity,2026-06-03,11.8,13.75,13.18485862224509,13.75,13.18485862224509,16.267619492723917,14.791467046040971,12.47241228682834,12.659075,12.642094714680844,13.203555746449345,10.000909227178695,14.752286513593514
2026-05-27,ITA US 07/17/26 C230 Equity,2026-06-03,6.45,9.149999999999999,8.726608262651473,9.149999999999999,8.726608262651473,9.819753354603122,10.219722207510047,8.473909630431281,8.1456995,8.319848431775782,9.792031858809985,9.595428961410624,9.571056177249075
2026-05-27,ITA US 12/18/26 C230 Equity,2026-06-03,16.6,19.35,18.86057354742827,19.35,18.86057354742827,20.59167492998927,19.290750442655508,19.671100899298885,19.218204,20.215780835781143,19.64135049591026,16.02838346246187,20.130938060114417
2026-05-27,ITA US 12/18/26 C240 Equity,2026-06-03,12.3,14.45,13.978117776637767,14.45,13.978117776637767,16.395913282096714,15.195356514090545,12.888465115712973,13.626631,14.162853166677513,13.891656142759265,10.418350195751486,15.353625143941855
2026-05-27,ITA US 10/16/26 C240 Equity,2026-06-03,9.2,11.100000000000001,10.752928537537857,11.100000000000001,10.752928537537857,13.245734022409486,12.277353561651179,9.439407317903502,9.58377,9.628803092175927,11.24546489104082,7.171130919443523,12.024158496601654
2026-05-27,ITA US 07/17/26 C250 Equity,2026-06-03,1.5,2.5250000000000004,2.1669600781137017,2.5250000000000004,2.1669600781137017,5.496723440068388,4.64202126098731,2.531747608036737,3.0445457,2.555389602144682,3.8025636831970218,4.293849688180474,3.372080888221865
2026-05-27,ITA US 10/16/26 C255 Equity,2026-06-03,5.25,6.6,6.261256034022639,6.6,6.261256034022639,9.972501725820246,8.650154350265149,7.1102388522923485,6.542008,6.651733438563641,7.004552616603745,3.0588923973426567,7.936698592232711
2026-05-27,ITA US 01/15/27 C240 Equity,2026-06-03,13.649999999999999,15.549999999999999,15.26546225269242,15.549999999999999,15.26546225269242,17.93519418321607,16.591213392167038,15.186447743204983,14.122793,14.95805210554615,15.323217950029596,12.22102767464914,16.603724839757547
2026-05-27,ITA US 10/16/26 C235 Equity,2026-06-03,10.8,13.05,12.575209201159025,13.05,12.575209201159025,14.638077279353647,13.821351471800945,11.957023497107777,11.887532,11.492224294510125,13.351902603462884,8.530269215903136,13.805387152549859
2026-05-27,ITA US 10/16/26 C250 Equity,2026-06-03,5.75,8.5,8.190836962700377,8.5,8.190836962700377,11.848326511292315,10.319740786562523,8.142159939306696,7.7321863,8.123518774444754,8.12362218199863,5.111327366220764,9.772547380244507
2026-05-27,ITA US 12/18/26 C245 Equity,2026-06-03,10.7,12.75,12.269460489131129,12.75,12.269460489131129,16.044126477586573,14.46695849452427,11.909599942789123,11.562532,11.901522582313492,12.69488560921617,8.08122519870742,14.075652517689372
2026-05-27,ITA US 12/18/26 C250 Equity,2026-06-03,9.15,10.649999999999999,10.80712843834873,10.649999999999999,10.80712843834873,14.121133218843612,12.484971890166076,9.311273042184352,9.546506,10.193320847430012,10.375307617836981,6.773162994308035,11.834541060109832
2026-05-27,ITA US 12/18/26 C235 Equity,2026-06-03,14.1,16.8,16.32120060481282,16.8,16.32120060481282,18.634600157827304,17.579337598190325,17.759413705791204,16.979153,16.86852369437509,17.349089384814377,12.930363748306638,17.83899006037622
2026-05-27,ITA US 01/15/27 C250 Equity,2026-06-03,10.399999999999999,12.15,11.626679016514867,12.15,11.626679016514867,15.490281873878999,13.89785841070107,11.154470542054952,11.220221,11.264999351958712,11.48409116787122,7.489070009228002,13.423072098529282
2026-05-27,ITA US 10/16/26 C230 Equity,2026-06-03,12.3,16.05,15.779791488282001,16.05,15.779791488282001,17.646025495583583,16.510347506079675,17.008340009927373,15.883762,15.656196614168897,16.260143188131856,11.932323132403107,16.83462071854743
2026-05-27,ITA US 01/15/27 C235 Equity,2026-06-03,14.95,18.1,17.82964853351304,18.1,17.82964853351304,19.934812371364647,18.839578291218444,18.62970719870521,17.874289,18.62697865283014,17.9639040284726,15.676468286261702,19.20863812704384
2026-05-27,ITA US 01/15/27 C230 Equity,2026-06-03,17.799999999999997,20.549999999999997,20.293215245653403,20.549999999999997,20.293215245653403,22.394523751571008,20.95629860967103,19.976518373221197,19.927717,20.89884416354804,20.4446339685367,17.86043613677671,21.473201414020842
2026-05-28,ITA US 12/18/26 C240 Equity,2026-06-04,14.6,16.6,16.444785154018692,16.6,16.444785154018692,18.262311517470483,17.296288149440734,16.94638248204065,16.31253,15.643996735615806,16.578820114477104,14.285817813913136,17.4728897667883
2026-05-28,ITA US 07/17/26 C250 Equity,2026-06-04,2.6,3.55,3.163954020194357,3.55,3.163954020194357,6.420859467964859,6.016601238803013,3.163381007340696,3.5220318,3.457005752326322,4.517952158269468,4.566811865337962,4.213190344477505
2026-05-28,ITA US 12/18/26 C235 Equity,2026-06-04,17.0,19.5,19.263039040590318,19.5,19.263039040590318,21.206549027420696,19.755032886474837,18.898324493881788,19.2632,19.235908743134,19.434151286639164,15.498826597863776,20.191480452483802
2026-05-28,ITA US 10/16/26 C245 Equity,2026-06-04,9.0,11.1,11.156107585592279,11.1,11.156107585592279,13.873113219371483,12.972062573806422,9.4039836016252,11.013688,9.755353997655181,11.482264529017911,8.700085702231748,12.205200371636332
2026-05-28,ITA US 01/15/27 C245 Equity,2026-06-04,13.7,15.6,15.15706352878848,15.6,15.15706352878848,17.651119857276868,16.538990231115644,15.098323385976325,15.648869,14.13463840713178,15.163242262330302,13.09360871065832,16.446574956342943
2026-05-28,ITA US 01/15/27 C240 Equity,2026-06-04,15.95,17.95,17.33450249894863,17.95,17.33450249894863,19.45741477002983,18.518063213561533,17.330511260696067,16.654497,16.61614686862418,18.097007348625134,16.14221987378981,18.705443855837974
2026-05-28,ITA US 10/16/26 C255 Equity,2026-06-04,6.550000000000001,7.75,7.572420749779375,7.75,7.572420749779375,11.480131754980501,10.30185662102977,7.732783505832825,7.561022,7.6762973458834365,8.515334160200766,5.0232267071809735,9.053037959873457
2026-05-28,ITA US 10/16/26 C230 Equity,2026-06-04,15.75,18.25,18.459744740345855,18.25,18.459744740345855,19.786599040614036,18.762957487228206,17.58366599886227,17.099691,17.600367107921816,18.019050509424318,13.51126662448419,18.538231666125046
2026-05-28,ITA US 10/16/26 C235 Equity,2026-06-04,13.6,15.399999999999999,15.56585753401123,15.399999999999999,15.56585753401123,16.790523019301908,15.9887158031665,14.616101006693855,15.966465,14.188690501566539,15.242454956927837,12.324499037732043,15.986482760750924
2026-05-28,ITA US 12/18/26 C230 Equity,2026-06-04,19.4,21.85,21.67579064984705,21.85,21.67579064984705,22.98114438686722,21.764589709636326,19.533668866982108,19.85329,20.60637268103063,21.582888526390235,18.07911821794213,22.150479116339017
2026-05-28,ITA US 10/16/26 C240 Equity,2026-06-04,10.85,13.1,13.207101272117077,13.1,13.207101272117077,15.064352456718607,14.348686037270811,11.893135319498938,13.477192,11.10194463550314,13.566587848713088,10.338505452552381,13.958718536541534
2026-05-28,ITA US 07/17/26 C230 Equity,2026-06-04,9.3,11.85,11.523247362954592,11.85,11.523247362954592,12.701464400206817,12.96658508311165,6.878623539069876,8.798398,8.806040324900733,11.775100085866208,10.248512247889325,11.951556179776338
2026-05-28,ITA US 12/18/26 C245 Equity,2026-06-04,12.5,14.3,14.11599576798072,14.3,14.11599576798072,16.974440996181123,15.891998622240594,12.772347616491937,15.006507,13.9243370054431,13.87579602980065,10.720974349168156,15.290418947868925
2026-05-28,ITA US 10/16/26 C250 Equity,2026-06-04,7.699999999999999,9.25,9.265574354963922,9.25,9.265574354963922,12.822603182126183,11.300740629018282,8.641576280515977,9.130704,8.588705492699557,10.060842169169552,6.463895794329645,10.239562681712686
2026-05-28,ITA US 01/15/27 C230 Equity,2026-06-04,20.85,23.15,22.795190797403848,23.15,22.795190797403848,24.400245437429184,23.12298177062257,20.744200604511597,20.746065,20.825849798818755,22.324607185358218,18.91490969426975,23.46147801026045
2026-05-28,ITA US 01/15/27 C250 Equity,2026-06-04,12.05,13.7,13.316285392887597,13.7,13.316285392887597,16.671444067212686,15.32696671181415,12.369853849839133,13.784463,12.807998596886344,13.620881240186026,10.341157825283272,14.683836078682486
2026-05-28,ITA US 12/18/26 C250 Equity,2026-06-04,10.75,12.2,11.987042581466385,12.2,11.987042581466385,15.231636262484445,14.09007658679373,11.031768001505656,12.365423,11.594795712913234,12.240098670208816,10.725510586966752,13.409665245600289
2026-05-28,ITA US 01/15/27 C235 Equity,2026-06-04,18.3,20.25,20.046864188854737,20.25,20.046864188854737,21.786269070851734,20.753845039981268,19.062739809518032,19.167475,19.493304316913097,19.594842350174417,18.57333151750461,21.07690000322827
2026-05-29,ITA US 12/18/26 C245 Equity,2026-06-05,12.100000000000001,14.2,14.04861896079002,14.2,14.04861896079002,14.290562245085034,13.670618052072012,12.45249684511127,13.072662,13.997040381594266,12.74319739004952,8.903994134897522,13.58129481736123
2026-05-29,ITA US 12/18/26 C235 Equity,2026-06-05,16.15,19.0,18.973207420294614,19.0,18.973207420294614,18.624336523920185,17.741783293777445,17.901994521675803,17.383718,17.971642139943803,18.014056851142534,14.564624032408938,18.368801724632018
2026-05-29,ITA US 10/16/26 C245 Equity,2026-06-05,9.0,10.65,10.672490858879,10.65,10.672490858879,10.724926608671549,10.298498819616764,9.081801666945774,9.319589,9.44360582223871,10.003716652729914,6.382533094167443,9.97456525395018
2026-05-29,ITA US 01/15/27 C235 Equity,2026-06-05,17.5,20.35,20.405812112201847,20.35,20.405812112201847,19.703171357291946,19.180697758699083,18.805156227320786,19.308128,19.386224207863883,18.59813993786236,18.340157817636726,19.72690166019287
2026-05-29,ITA US 12/18/26 C250 Equity,2026-06-05,10.9,12.1,11.99789257309375,12.1,11.99789257309375,12.240754120599043,11.765739594993638,10.708763798551267,11.005186,11.461927955779807,10.665837021802014,7.3163705583446905,11.520474059560668
2026-05-29,ITA US 10/16/26 C250 Equity,2026-06-05,7.4,9.0,9.042975340179947,9.0,9.042975340179947,9.58805416818555,8.815962399248841,8.53570685626011,8.332214,8.607399696781503,8.90073636306457,4.788886408632454,8.46936512730822
2026-05-29,ITA US 01/15/27 C245 Equity,2026-06-05,13.3,15.6,15.100605242691975,15.6,15.100605242691975,15.246502583965288,14.699591265247218,14.847757550016864,13.616555,14.819743575465687,13.678434569901109,11.510721865666802,14.894422670297052
2026-05-29,ITA US 01/15/27 C240 Equity,2026-06-05,15.5,17.95,17.781826215837476,17.95,17.781826215837476,17.380511722160705,16.838134142628462,17.082215224885633,15.626266,17.281652258496237,17.038474011199373,13.949545590984973,17.201329514385318
2026-05-29,ITA US 07/17/26 C250 Equity,2026-06-05,1.925,3.2,3.048565045406036,3.2,3.048565045406036,3.8086378071024303,3.7139282873701998,2.980554797935784,3.3417914,2.9207414734272885,3.678200253069434,4.770857557473223,2.4187431229424874
2026-05-29,ITA US 12/18/26 C240 Equity,2026-06-05,13.899999999999999,16.450000000000003,16.480888491258188,16.450000000000003,16.480888491258188,15.872353417279573,15.301875056128475,15.96895531985621,14.682931,16.118197613789203,15.53934112301407,11.312111792594033,15.697658410434519
2026-05-29,ITA US 10/16/26 C240 Equity,2026-06-05,11.15,12.6,12.829233505283357,12.6,12.829233505283357,12.3240589207543,12.269044440207576,10.885719017401048,11.132948,10.72669616296782,12.207682162861904,8.336309648393824,12.022076193965777
2026-05-29,ITA US 10/16/26 C255 Equity,2026-06-05,6.2,7.7,7.79667640329372,7.7,7.79667640329372,8.847883093678607,7.772456438454214,7.176842829431505,6.318472,7.316128860903328,7.611143348239848,3.329936533535502,7.0149942361449344
2026-05-29,ITA US 10/16/26 C230 Equity,2026-06-05,14.8,17.9,18.151613534980395,17.9,18.151613534980395,16.828222459314187,16.488316085934485,16.932238646255108,15.641323,17.003664432474107,16.947724583646913,12.1518055331272,16.628555972502586
2026-05-29,ITA US 10/16/26 C235 Equity,2026-06-05,12.5,15.25,15.627427352652488,15.25,15.627427352652488,14.973316550287404,14.785861216001699,14.534318750326278,13.704955,14.62326851162774,14.62942571358973,12.157635123214723,14.764613882457892
2026-05-29,ITA US 12/18/26 C230 Equity,2026-06-05,18.35,21.7,21.840409086041852,21.7,21.840409086041852,20.693929446134526,19.99149656622148,19.231137273447782,19.477304,20.122120525095823,20.55024317595266,16.104815096375543,20.49023132019826
2026-05-29,ITA US 01/15/27 C230 Equity,2026-06-05,19.7,22.9,22.935553242729682,22.9,22.935553242729682,21.80419006194297,21.183935909907994,20.00023159552367,20.629827,20.439882062402546,21.438618674249355,16.748142198879673,21.654289997011887
2026-05-29,ITA US 01/15/27 C250 Equity,2026-06-05,11.5,13.85,13.730033604977212,13.85,13.730033604977212,14.296084482073642,13.063569668744384,12.076949914368626,12.671218,13.37034864476703,12.671466027989856,6.858212055978719,12.976520534805308
2026-05-29,ITA US 07/17/26 C230 Equity,2026-06-05,7.6,11.45,11.539051045422575,11.45,11.539051045422575,10.327004594664462,11.072829861591835,6.561158721045526,8.32058,8.24333952406596,10.468417664465854,8.8450883330105,10.080582991530735
2026-06-01,ITA US 10/16/26 C230 Equity,2026-06-08,13.8,15.6,14.735335156649796,15.6,14.735335156649796,14.40582317783201,14.516042234205539,14.45681544456639,13.983309,14.307674975107853,15.131731847970062,12.4481697477553,15.217020391424853
2026-06-01,ITA US 10/16/26 C250 Equity,2026-06-08,7.199999999999999,7.35,6.671061873167752,7.35,6.671061873167752,7.7600740439308105,7.376210094191881,6.782148007993904,6.244056,6.296643345727074,7.058708792649426,4.712352781595486,7.224869872494781
2026-06-01,ITA US 01/15/27 C250 Equity,2026-06-08,11.15,11.600000000000001,11.425840118390346,11.600000000000001,11.425840118390346,12.899359821697711,12.010367449086301,9.296198036873328,9.96125,9.336446584445051,11.217108168383877,9.067570024884231,11.6083105607559
2026-06-01,ITA US 07/17/26 C250 Equity,2026-06-08,1.5499999999999998,2.325,1.6034452324406456,2.325,1.6034452324406456,2.6214463032431556,2.2871737695688257,2.1787229104940025,2.1816738,2.3189507406419225,2.559127354150382,3.573879974877663,1.8243456584098554
2026-06-01,ITA US 01/15/27 C235 Equity,2026-06-08,16.4,17.950000000000003,16.88036788747725,17.950000000000003,16.88036788747725,17.457711662840328,17.029790625551016,17.445555248354776,16.119219,16.445009895569484,16.617142120857558,15.364444311502945,17.579395742387746
2026-06-01,ITA US 10/16/26 C240 Equity,2026-06-08,9.649999999999999,10.8,10.027707138187484,10.8,10.027707138187484,10.733186116801456,10.662688613785928,8.614020016739392,9.238496,8.55632691662498,9.602184869479569,6.669391938138286,10.556394058268204
2026-06-01,ITA US 01/15/27 C245 Equity,2026-06-08,12.55,13.85,12.868729619815541,13.85,12.868729619815541,14.018994785682816,13.359481334820986,11.048326915999143,11.043461,11.121547138834508,12.577967520413978,9.991508838231704,13.522730447376922
2026-06-01,ITA US 12/18/26 C230 Equity,2026-06-08,17.45,19.15,18.146732206356607,19.15,18.146732206356607,18.217924585261,17.93405576353006,18.65136804574154,18.562134,18.55252998658212,18.455809770368255,17.059775722086332,18.863801028863236
2026-06-01,ITA US 01/15/27 C230 Equity,2026-06-08,18.5,20.5,19.37810747065363,20.5,19.37810747065363,19.400793385001194,19.04924911628348,19.020603350043736,19.72407,19.201951765373977,19.25558336152136,18.438100661638412,20.067577978273462
2026-06-01,ITA US 12/18/26 C240 Equity,2026-06-08,13.15,13.8,13.745982743380354,13.8,13.745982743380354,14.338431756430253,14.123637148804105,11.063910501172717,12.316334,11.62134872580538,13.376163975655222,11.444726155498993,13.865568639442927
2026-06-01,ITA US 12/18/26 C250 Equity,2026-06-08,9.0,10.850000000000001,10.140888537171001,10.850000000000001,10.140888537171001,11.225656708102424,10.494130029131394,8.739437744092864,9.342773,8.975139755764012,9.59618142295021,7.750334314403118,10.620530533695167
2026-06-01,ITA US 01/15/27 C240 Equity,2026-06-08,14.4,15.75,14.731889537707378,15.75,14.731889537707378,15.755523329324875,15.007641199859005,15.064773551429333,14.317206,14.688631690505456,14.884041027176348,12.3516465739052,15.364790783773909
2026-06-01,ITA US 10/16/26 C235 Equity,2026-06-08,11.85,12.850000000000001,12.083609201229217,12.850000000000001,12.083609201229217,12.550576605973161,12.676856763779558,10.405388192898855,9.956309,9.739394539580466,12.159197171246669,8.621819424026267,12.60589071087919
2026-06-01,ITA US 10/16/26 C245 Equity,2026-06-08,8.15,9.1,8.368300567543296,9.1,8.368300567543296,9.27503416719306,8.873248349114023,8.003642212885492,7.8859644,7.759404701113465,8.60681763245907,6.055640537392771,8.86373236386919
2026-06-01,ITA US 10/16/26 C255 Equity,2026-06-08,5.75,6.5,5.848980876078258,6.5,5.848980876078258,7.932458383320203,6.877760476846552,6.04940668414097,5.7719655,6.113458145504197,5.995145387261863,3.7576792761439863,6.6349165346791885
2026-06-01,ITA US 07/17/26 C230 Equity,2026-06-08,6.55,8.85,7.921968614734395,8.85,7.921968614734395,8.06055017274946,9.221042944109406,7.847958644658058,7.351011,6.713630829763435,8.366300148913306,8.208072229944129,8.584245881176892
2026-06-01,ITA US 12/18/26 C235 Equity,2026-06-08,15.25,16.35,15.308283519147508,16.35,15.308283519147508,15.852795351645302,15.64053257390804,16.190406287242958,15.761923,16.303896069166115,15.73573779792538,14.075339732448855,16.11889203306265
2026-06-01,ITA US 12/18/26 C245 Equity,2026-06-08,11.25,12.3,11.395200200561677,12.3,11.395200200561677,12.521837838534143,11.908194728479389,9.930299574747302,10.033207,9.518154329466057,11.323551613714946,8.471162500245475,11.998104953741251
2026-06-02,ITA US 12/18/26 C250 Equity,2026-06-09,10.9,9.8,8.9701839081134,9.8,8.9701839081134,9.452108018382713,9.408683363673612,8.65611765796804,9.039146,9.152938807108615,9.990076334064218,5.3664376942688135,9.254282974519606
2026-06-02,ITA US 10/16/26 C235 Equity,2026-06-09,12.7,12.0,11.307050448223844,12.0,11.307050448223844,10.553389537328218,11.241299569188888,9.83261187074672,10.728239,10.110451170538077,11.576588942760331,7.595997969952359,11.270946463929794
2026-06-02,ITA US 12/18/26 C230 Equity,2026-06-09,18.85,17.95,16.946946039281176,17.95,16.946946039281176,16.20461183193719,16.937717871872447,17.862080368743456,17.57267,17.358046736924937,17.662454822059118,15.12217467279607,17.62446857452895
2026-06-02,ITA US 12/18/26 C235 Equity,2026-06-09,16.05,15.7,14.618800749674664,15.7,14.618800749674664,14.335851373990726,14.788497323136557,15.619930320652387,15.8497095,16.266285440206037,15.287061431933026,10.976286626744127,15.228573666534611
2026-06-02,ITA US 01/15/27 C240 Equity,2026-06-09,15.2,15.15,14.108862116412782,15.15,14.108862116412782,14.638542293870096,14.506404697005944,13.753847112545687,14.677879,14.769196742201967,14.919866945653602,10.885190768056534,14.796639781829386
2026-06-02,ITA US 10/16/26 C230 Equity,2026-06-09,14.9,14.5,13.745983593091674,14.5,13.745983593091674,12.765533247973394,13.706248556879036,12.167295943615105,13.2921715,13.506811470264553,14.404424485670171,10.474667042725034,14.064730616529532
2026-06-02,ITA US 07/17/26 C250 Equity,2026-06-09,1.9,1.95,1.4742015625001796,1.95,1.4742015625001796,1.889301631680281,2.1710437863755168,1.7124662042388543,1.9125726,2.123281126194974,2.9855089968126496,1.7348085555467438,1.3986315860489602
2026-06-02,ITA US 01/15/27 C235 Equity,2026-06-09,17.4,17.15,16.109948105983495,17.15,16.109948105983495,15.947493357368145,16.166783366607955,17.347450378804,16.547655,16.797688069664176,16.541749422649243,13.847258823705115,16.736272700565618
2026-06-02,ITA US 10/16/26 C250 Equity,2026-06-09,7.35,6.95,6.474494406467383,6.95,6.474494406467383,6.460820068146341,6.524599267268197,6.773491346333146,5.899053,6.105881451153323,6.818549063131835,2.7642427914344374,6.269860322634547
2026-06-02,ITA US 01/15/27 C230 Equity,2026-06-09,19.9,19.35,18.255603054077007,19.35,18.255603054077007,17.550382028836676,18.02180494098764,19.133288581738146,19.45095,19.59015003140374,18.389851107518258,16.122004473739363,18.77665712126959
2026-06-02,ITA US 10/16/26 C240 Equity,2026-06-09,10.600000000000001,10.4,9.729706321179028,10.4,9.729706321179028,9.962660607924978,10.317642137003954,8.871354204939163,9.985571,9.02701948644135,10.491783924421807,5.610017714948623,10.067649678244369
2026-06-02,ITA US 10/16/26 C255 Equity,2026-06-09,6.1,6.35,5.910260297901054,6.35,5.910260297901054,7.545697413249595,7.186473211008473,4.608752469042876,4.856276,4.815681374607761,6.227399035436993,2.691427214369399,6.517317133757806
2026-06-02,ITA US 12/18/26 C240 Equity,2026-06-09,13.85,13.95,12.974297159127511,13.95,12.974297159127511,13.665711644502014,13.677854092637505,11.435657281887561,12.26017,12.353631206350274,13.80834229390809,8.773629238548693,13.725733011242113
2026-06-02,ITA US 01/15/27 C250 Equity,2026-06-09,11.55,11.35,10.433298191590408,11.35,10.433298191590408,11.66742235919498,11.491954396106113,9.470692672912143,10.575909,10.250129651636087,11.581853602981278,5.424677917037634,11.195965422803708
2026-06-02,ITA US 10/16/26 C245 Equity,2026-06-09,8.65,8.6,7.974959653625897,8.6,7.974959653625897,8.515620075350384,8.754345780607999,8.096447380358596,8.245012,7.74803928851688,8.82575088212494,4.350027043912688,8.419865322665618
2026-06-02,ITA US 07/17/26 C230 Equity,2026-06-09,8.1,7.5,6.780656582217473,7.5,6.780656582217473,5.640511867033488,7.7623282294001905,6.891648851411504,5.9864016,5.524128128095967,8.042659188368233,6.527640625175573,6.8091071759982755
2026-06-02,ITA US 12/18/26 C245 Equity,2026-06-09,12.0,11.75,10.797895157162932,11.75,10.797895157162932,11.580006019345229,11.764675710060322,9.847847646827061,11.050412,10.796155085263813,11.82979767236153,6.334997443449699,11.639296219060183
2026-06-02,ITA US 01/15/27 C245 Equity,2026-06-09,13.7,13.3,12.322117517083699,13.3,12.322117517083699,13.226351352636975,13.082502020548919,11.20081371053859,12.08634,11.97591266561669,13.328452493311458,8.445107801394244,13.13606827878045
2026-06-03,ITA US 10/16/26 C255 Equity,2026-06-10,5.35,5.25,4.767114781798684,5.25,4.767114781798684,7.084011578507598,6.857499152690314,4.177122321579608,4.3156548,3.8156652931382298,4.68437529136888,1.8857373992936384,6.063486303506286
2026-06-03,ITA US 10/16/26 C240 Equity,2026-06-10,9.4,9.2,8.59707871260774,9.2,8.59707871260774,9.972466837918327,10.034669328806118,8.051645057984034,8.373693,7.475726953306737,9.19266655646005,4.308497374882274,9.384687218775412
2026-06-03,ITA US 07/17/26 C230 Equity,2026-06-10,6.6,6.45,5.604070663440957,6.45,5.604070663440957,5.859061982021515,7.565748124115151,5.308865372337335,5.2688646,4.874197563708201,5.973793014869574,5.3883952370981545,6.383387343302468
2026-06-03,ITA US 12/18/26 C230 Equity,2026-06-10,16.55,16.6,15.328483347729426,16.6,15.328483347729426,15.581021377905794,16.163638947380143,17.534862009127604,16.540663,16.701045537513288,15.628983346831289,13.69151501209644,16.63293057507078
2026-06-03,ITA US 12/18/26 C240 Equity,2026-06-10,12.55,12.3,11.268240085462008,12.3,11.268240085462008,12.534684126102688,12.616540603478636,10.16697148649446,10.792988,10.122569311026208,11.640077123144799,8.323739892705788,12.467277561513592
2026-06-03,ITA US 01/15/27 C245 Equity,2026-06-10,12.2,11.8,10.932776537228321,11.8,10.932776537228321,12.339643541786819,12.39319069283537,9.835337348010034,10.54522,10.024016764490444,10.867589120452319,8.412683814822728,12.065932323459931
2026-06-03,ITA US 01/15/27 C235 Equity,2026-06-10,15.8,14.95,14.578412922192758,14.95,14.578412922192758,14.708747659143864,15.104626391300371,13.744169563220503,14.465747,14.231294267002276,14.6547979815398,11.48953857257056,14.789821992669257
2026-06-03,ITA US 07/17/26 C250 Equity,2026-06-10,1.225,1.5,1.5201761956345377,1.5,1.5201761956345377,4.327900839935044,4.229216406209181,1.6125991883514692,1.5905126,1.272492559790215,2.0868449509425986,2.8459084324408948,2.4708744985935365
2026-06-03,ITA US 10/16/26 C230 Equity,2026-06-10,13.45,12.3,12.226662565491727,12.3,12.226662565491727,11.377030198110639,12.113539236464328,9.911244499170326,10.344505,9.496832752602321,11.643701514240636,8.53695480470933,11.791407283403727
2026-06-03,ITA US 10/16/26 C245 Equity,2026-06-10,7.7,7.550000000000001,7.043827712695451,7.550000000000001,7.043827712695451,8.308569387717148,8.342710007966286,6.723855975336398,5.7726903,5.3300058667542505,7.2307424053624505,4.277111703490768,7.774685728245526
2026-06-03,ITA US 10/16/26 C235 Equity,2026-06-10,11.2,10.8,10.152916211508085,10.8,10.152916211508085,10.539673013801819,10.890780132605808,8.6945378494604,9.640423,8.311460550816378,9.896182632512541,6.290020042519227,10.693966565979625
2026-06-03,ITA US 10/16/26 C250 Equity,2026-06-10,6.65,5.75,6.314190425445908,5.75,6.314190425445908,7.166588742007075,7.106035688934927,4.2229670396182435,4.6413198,4.057139848142546,5.562619551952962,3.2305942590724257,6.198602841993505
2026-06-03,ITA US 12/18/26 C250 Equity,2026-06-10,9.65,9.15,8.265693086122132,9.15,8.265693086122132,9.22880580333415,9.327875045201287,8.159581330892594,8.074383,8.130989649250212,9.302667022435752,4.495890811710625,9.299764943451743
2026-06-03,ITA US 12/18/26 C245 Equity,2026-06-10,11.0,10.7,9.791425183772827,10.7,9.791425183772827,11.09733986444601,11.145203032961666,8.886893843662445,9.496864,8.713709055830686,10.126719648032534,5.516247443071696,10.807068880872386
2026-06-03,ITA US 01/15/27 C250 Equity,2026-06-10,10.9,10.399999999999999,9.455382266735969,10.399999999999999,9.455382266735969,10.975113464291459,10.927901997217745,8.820193278202094,9.439807,8.715517494170209,10.161089452053378,5.7135381490679675,10.600029177505993
2026-06-03,ITA US 12/18/26 C235 Equity,2026-06-10,14.600000000000001,14.1,13.024272467184808,14.1,13.024272467184808,13.665973534333657,14.051938590152668,11.930292881003336,13.856183,12.933371172613228,13.466774241306062,10.582100901607514,14.122907808173256
2026-06-03,ITA US 01/15/27 C240 Equity,2026-06-10,13.899999999999999,13.649999999999999,12.67073919649658,13.649999999999999,12.67073919649658,13.953665050528091,13.912238166431932,11.3920718944032,11.565495,11.562178923711045,13.247484539381865,10.408209324928132,13.79695274521325
2026-06-03,ITA US 01/15/27 C230 Equity,2026-06-10,17.85,17.799999999999997,16.593366904378676,17.799999999999997,16.593366904378676,16.86233058415932,17.210489120226377,17.93671154104456,17.044962,17.219490830474264,16.32390705732498,14.398259005063403,17.669761422086253
2026-06-04,ITA US 10/16/26 C245 Equity,2026-06-11,11.05,9.0,8.632418443982651,9.0,8.632418443982651,10.034230171798269,10.372271528895109,7.826353688474786,9.011455,8.072855080521558,9.812552320878723,6.738730909771353,9.437605279706233
2026-06-04,ITA US 10/16/26 C255 Equity,2026-06-11,7.8500000000000005,6.550000000000001,6.1196490223855635,6.550000000000001,6.1196490223855635,8.447026070500016,8.144140690083256,6.295945397461619,5.8693957,5.5232265483446,7.348519457201806,3.302808899974306,6.900055459305717
2026-06-04,ITA US 01/15/27 C250 Equity,2026-06-11,14.05,12.05,11.497124756348152,12.05,11.497124756348152,13.323730268631905,13.069671489014716,10.214210312561542,11.531161,10.83489015910407,12.213387862933827,9.831642607202237,12.368969423625396
2026-06-04,ITA US 01/15/27 C235 Equity,2026-06-11,20.549999999999997,18.3,17.850056775698516,18.3,17.850056775698516,17.909826052443133,17.980720782297443,17.37284449992897,17.281107,19.217330305444467,17.985691909265576,16.52332344612037,18.406164446002375
2026-06-04,ITA US 12/18/26 C245 Equity,2026-06-11,14.600000000000001,12.5,11.826662323987295,12.5,11.826662323987295,13.205017139692247,13.12963283360837,10.406286084854857,11.612908,10.77903328358727,13.234669684530973,10.362338574084365,12.71540067555159
2026-06-04,ITA US 01/15/27 C245 Equity,2026-06-11,15.85,13.7,13.214703000776417,13.7,13.214703000776417,14.310261872886494,14.237745635951278,11.5532314362701,12.2104435,12.013468008679071,13.671914150210435,11.944367415018691,13.836122699161159
2026-06-04,ITA US 10/16/26 C240 Equity,2026-06-11,13.05,10.85,10.49959409006001,10.85,10.49959409006001,11.43942626504734,11.79858605692916,8.638108622688488,10.28795,9.236773363630345,11.363389058420346,7.720924235867609,11.04265850744879
2026-06-04,ITA US 01/15/27 C240 Equity,2026-06-11,18.200000000000003,15.95,15.336654093836998,15.95,15.336654093836998,16.274081927509258,16.27452343227009,15.341623221974046,15.249227,16.31658848111915,16.07592978175477,13.886018686027796,16.164971103440777
2026-06-04,ITA US 12/18/26 C235 Equity,2026-06-11,19.4,17.0,16.46645737663278,17.0,16.46645737663278,16.507703314040448,16.78844581559542,16.50407885827381,15.722627,17.346884219338264,17.69503560555593,14.572010144670735,17.062314756167588
2026-06-04,ITA US 12/18/26 C250 Equity,2026-06-11,12.7,10.75,10.031961578092394,10.75,10.031961578092394,11.521731941731616,11.549529856685087,8.786082881933321,10.3661785,9.146465764570669,11.186222278981488,8.367624910454639,11.03317116504961
2026-06-04,ITA US 07/17/26 C230 Equity,2026-06-11,11.25,9.3,8.73845694931034,9.3,8.73845694931034,9.483290376579436,10.934242029148102,7.230967978535373,7.0401297,6.7167637615913,9.684279206688966,8.543357654715368,9.42068357299939
2026-06-04,ITA US 10/16/26 C235 Equity,2026-06-11,15.5,13.6,13.244333093540483,13.6,13.244333093540483,13.564494678343358,13.909189398769191,11.352194510964623,12.364959,11.433293986737013,13.889215686725793,10.943481431445958,13.71745717501475
2026-06-04,ITA US 07/17/26 C250 Equity,2026-06-11,3.0,2.6,2.158909559825553,2.6,2.158909559825553,6.476126219192563,6.619872117135001,2.076152974285572,2.3566754,2.30363402728235,2.9521681041873684,3.778092009277871,3.7252741562318974
2026-06-04,ITA US 12/18/26 C230 Equity,2026-06-11,21.9,19.4,18.871001326100213,19.4,18.871001326100213,18.51284496394168,18.6309179011139,18.46056027209743,18.959717,20.865690338027477,19.442016014967017,16.608138085161762,19.17117392136225
2026-06-04,ITA US 10/16/26 C250 Equity,2026-06-11,9.100000000000001,7.699999999999999,7.354807597823763,7.699999999999999,7.354807597823763,9.494737396011208,9.198330973685907,6.537306003922575,5.828955,6.2050710231883,8.801123249782663,6.516718169800401,8.154270460497326
2026-06-04,ITA US 01/15/27 C230 Equity,2026-06-11,23.35,20.85,20.41154132157921,20.85,20.41154132157921,20.259889806855476,20.169426813275436,18.996744997488513,19.791342,21.93334208876621,20.384350047612415,18.416804226705658,20.744315229281856
2026-06-04,ITA US 12/18/26 C240 Equity,2026-06-11,16.85,14.6,13.8710524517901,14.6,13.8710524517901,14.509951617982095,14.679855655269522,12.261981695195523,14.317374,13.805876202593577,14.913204654774328,12.607377913398064,14.705910842303554
2026-06-04,ITA US 10/16/26 C230 Equity,2026-06-11,18.4,15.75,15.417869365406517,15.75,15.417869365406517,15.193271522518142,15.560620859111282,15.062192442926158,15.6207485,15.760196614980934,15.07518883180041,13.24732765501468,15.816160858121656
2026-06-05,ITA US 07/17/26 C250 Equity,2026-06-12,2.425,1.925,1.6330972797508863,1.925,1.6330972797508863,4.771398954492652,3.4345332795167494,1.7538475617341458,1.9837599,1.4414267315304337,2.624620140476301,5.456765773000754,1.6786044308188939
2026-06-05,ITA US 12/18/26 C245 Equity,2026-06-12,14.3,12.100000000000001,11.414713336738005,12.100000000000001,11.414713336738005,13.02914660999388,11.827392493686398,10.315470360913183,10.640091,10.358998489849775,11.178887996101055,12.273178581141762,11.638571389484685
2026-06-05,ITA US 07/17/26 C230 Equity,2026-06-12,9.65,7.6,7.344190158927231,7.6,7.344190158927231,7.698686605516254,8.42566555683741,6.535248508765839,5.957468,5.367916600389426,9.12013782311258,10.758138453792132,6.9661518393065505
2026-06-05,ITA US 12/18/26 C250 Equity,2026-06-12,12.35,10.9,10.187521851483849,10.9,10.187521851483849,12.129650921406533,10.815217385844933,8.822215550951974,9.854466,9.277497988345706,10.217789122448668,11.047383344454111,10.65705289087854
2026-06-05,ITA US 10/16/26 C235 Equity,2026-06-12,14.850000000000001,12.5,11.727280267732558,12.5,11.727280267732558,12.616565458576288,11.807196922746082,10.167578618123446,10.670127,9.943870146174316,12.57354747140494,12.409732481893643,11.727856370077806
2026-06-05,ITA US 10/16/26 C230 Equity,2026-06-12,17.4,14.8,14.355353591346761,14.8,14.355353591346761,14.07239042658576,13.82754002634825,12.128681796453028,12.792135,13.04943197057566,15.109796029570742,15.128988668950447,14.0064098017435
2026-06-05,ITA US 01/15/27 C240 Equity,2026-06-12,17.5,15.5,14.770502305955281,15.5,14.770502305955281,16.355096749034328,15.152539546373657,13.033644183258643,13.548289,13.50032506177255,14.65421433241991,15.651661804938088,15.150161371608858
2026-06-05,ITA US 01/15/27 C230 Equity,2026-06-12,22.15,19.7,18.893761459317385,19.7,18.893761459317385,19.25033341627764,18.59234141167733,17.071395508305557,18.066467,17.43506146760193,19.291322142567065,21.303337950453194,19.180352778757666
2026-06-05,ITA US 01/15/27 C250 Equity,2026-06-12,13.350000000000001,11.5,10.861201164199915,11.5,10.861201164199915,12.93085156382299,11.72559570741516,9.584807382573892,10.788502,10.195364484263774,10.75360512669491,12.222288972830224,11.256342429292976
2026-06-05,ITA US 01/15/27 C235 Equity,2026-06-12,19.8,17.5,16.597156907624502,17.5,16.597156907624502,17.588652820219664,16.626098253579006,14.941933451670373,15.868719,14.955246208338464,16.810145667081144,19.018298963974,17.06079061067802
2026-06-05,ITA US 12/18/26 C235 Equity,2026-06-12,18.45,16.15,15.446078296326673,16.15,15.446078296326673,16.47877192212943,15.475892432993286,14.202395024986876,14.646201,14.661117186374266,16.193787768633193,16.3601731498791,15.653884179881912
2026-06-05,ITA US 10/16/26 C250 Equity,2026-06-12,9.25,7.4,6.950354056102548,7.4,6.950354056102548,9.02386546271497,7.855853071791357,6.553831073027967,6.040003,5.843467971636027,6.878823603827561,8.034592746080632,7.264306857164113
2026-06-05,ITA US 01/15/27 C245 Equity,2026-06-12,15.3,13.3,12.64611979510453,13.3,12.64611979510453,14.279187836189362,13.101105069705108,11.28438812027665,11.444914,11.34021989846228,12.856871641049588,13.975485313039766,12.976144071423365
2026-06-05,ITA US 12/18/26 C230 Equity,2026-06-12,21.05,18.35,17.548421427580305,18.35,17.548421427580305,17.552042700736816,16.989748692009307,15.708059579079832,16.60468,15.719843322208522,18.556884585232034,19.437774248603848,17.698088422749795
2026-06-05,ITA US 10/16/26 C240 Equity,2026-06-12,12.75,11.15,9.600804558197403,11.15,9.600804558197403,11.296285273127085,10.411127671743643,8.71571459800602,9.596399,8.965664975923614,10.59206092689961,10.695804380769353,10.604923677182061
2026-06-05,ITA US 10/16/26 C255 Equity,2026-06-12,7.699999999999999,6.2,5.7736966849476,6.2,5.7736966849476,8.373936794660988,6.963270361573289,4.66356723067322,5.0805154,4.695799524183271,5.558780512345805,6.706993807528829,6.21868345673401
2026-06-05,ITA US 10/16/26 C245 Equity,2026-06-12,10.75,9.0,8.53799354073044,9.0,8.53799354073044,10.2335988399861,9.338945238615008,7.638416723807603,7.929149,7.972877222935984,8.734949228216548,9.343719657868029,8.740565137564982
2026-06-05,ITA US 12/18/26 C240 Equity,2026-06-12,16.3,13.899999999999999,13.183314934530966,13.899999999999999,13.183314934530966,14.226468116472919,13.202097644362167,11.485988131670638,12.319646,12.085874408993801,13.340750113351131,14.269681187025553,13.29344651914543
2026-06-08,ITA US 10/16/26 C240 Equity,2026-06-15,14.350000000000001,9.649999999999999,8.915511505932704,9.649999999999999,8.915511505932704,11.046450201097596,10.25195564503988,8.447861068386045,9.86702,8.974994020617975,10.627872184856093,8.141223897080275,9.633267836940808
2026-06-08,ITA US 10/16/26 C250 Equity,2026-06-15,10.0,7.199999999999999,6.542709774956595,7.199999999999999,6.542709774956595,9.906133906135059,8.383292817857779,6.5128532477999315,6.155965,6.15195329666781,7.54238144701481,5.937976072260349,7.69705433182659
2026-06-08,ITA US 07/17/26 C230 Equity,2026-06-15,12.15,6.55,5.72824912271776,6.55,5.72824912271776,6.881242034112774,7.64117153741987,6.322005130387796,6.0801244,6.206520091922655,7.811079987157222,8.742183124372144,6.405059593106956
2026-06-08,ITA US 07/17/26 C250 Equity,2026-06-15,2.925,1.5499999999999998,1.1285998388283007,1.5499999999999998,1.1285998388283007,4.642829774003152,3.138687207299199,1.751613435908524,1.8827705,2.1283376892475414,3.5163026459063893,2.2982929465677007,1.8175950837204882
2026-06-08,ITA US 12/18/26 C230 Equity,2026-06-15,23.1,17.45,16.314817138678155,17.45,16.314817138678155,17.436119634090236,16.700501203964407,17.865673950740742,18.366333,17.689839867840657,18.713348627778345,15.859881642752658,17.314117854995448
2026-06-08,ITA US 01/15/27 C250 Equity,2026-06-15,15.0,11.15,10.057278829899191,11.15,10.057278829899191,12.998022096582527,11.465008794313789,9.125430491180348,10.641925,9.846302169116514,11.981958896525164,9.236798598364311,11.177579766362555
2026-06-08,ITA US 12/18/26 C235 Equity,2026-06-15,20.700000000000003,15.25,14.279464231921704,15.25,14.279464231921704,16.39785541591947,15.213225793460502,14.765114988880594,15.680918,14.96398787451951,16.132636558877206,13.4878784731849,15.288699403846515
2026-06-08,ITA US 10/16/26 C255 Equity,2026-06-15,7.8,5.75,5.132136250491369,5.75,5.132136250491369,8.520705319762957,6.955069746078282,4.40205320589312,4.9962883,4.767893876749552,6.383794524179886,4.355479724581938,6.199716607679021
2026-06-08,ITA US 01/15/27 C230 Equity,2026-06-15,24.5,18.5,17.266608031586873,18.5,17.266608031586873,18.389649053456544,17.71565201982375,18.76714228875903,18.989996,18.967710935284884,19.369749470001686,17.070884313558754,18.26990781401064
2026-06-08,ITA US 12/18/26 C245 Equity,2026-06-15,15.25,11.25,10.44911644793651,11.25,10.44911644793651,13.244678027738631,11.921166091941505,9.632712869922617,11.3609295,10.529980429563496,12.409728474116228,9.444271992148966,11.505291940215807
2026-06-08,ITA US 12/18/26 C250 Equity,2026-06-15,12.75,9.0,8.197707599585742,9.0,8.197707599585742,10.46971718817601,9.18796759856454,8.18374120259003,9.406982,8.757838172832338,9.851164306326552,8.14768073191038,8.747341967946758
2026-06-08,ITA US 01/15/27 C240 Equity,2026-06-15,19.65,14.4,13.271093233972866,14.4,13.271093233972866,15.94551873270501,14.661466946223253,12.571871214162533,14.031401,13.421943956701616,14.818602632976555,12.481737749430984,14.529842661935321
2026-06-08,ITA US 10/16/26 C235 Equity,2026-06-15,16.549999999999997,11.85,11.04587598066084,11.85,11.04587598066084,12.847643081834562,11.899087177706853,10.016600270423943,11.607716,10.503932871645777,12.016705019486805,10.832270461591975,11.749589221373869
2026-06-08,ITA US 10/16/26 C230 Equity,2026-06-15,19.4,13.8,13.201637900458929,13.8,13.201637900458929,14.297005460383268,13.745395810222831,11.846568634125482,12.98637,12.06145134771151,14.640231326796679,13.057640906693823,13.747118010639031
2026-06-08,ITA US 01/15/27 C235 Equity,2026-06-15,22.1,16.4,15.39134723291428,16.4,15.39134723291428,17.11884114486127,16.116664959895175,16.7527158638227,17.300964,16.31625179504204,16.873746918706548,15.109018895931726,16.35006718233943
2026-06-08,ITA US 10/16/26 C245 Equity,2026-06-15,11.850000000000001,8.15,7.4204994309645445,8.15,7.4204994309645445,10.32058254072346,9.001095807123587,7.40181005959912,7.8832216,7.375204768881064,9.353365371848968,7.136723985609469,8.358262625253282
2026-06-08,ITA US 12/18/26 C240 Equity,2026-06-15,18.049999999999997,13.15,12.098907036414843,13.15,12.098907036414843,14.452495645187769,13.25034442438075,11.667741214612791,12.330111,11.438871549990255,14.375323623701695,11.555653960962077,13.270515456857499
2026-06-08,ITA US 01/15/27 C245 Equity,2026-06-15,17.15,12.55,11.684387872138736,12.55,11.684387872138736,14.334012476340618,13.041560691846886,10.769004930904094,11.875475,10.684373207476003,13.168099120579043,10.870620828074887,12.740038015754363
2026-06-09,ITA US 01/15/27 C245 Equity,2026-06-16,17.7,13.7,12.886064716880794,13.7,12.886064716880794,14.006027416333946,13.825745677620315,11.90375702036556,11.87338,11.34984212281282,12.350781114973723,9.406975997530058,13.699885158073776
2026-06-09,ITA US 12/18/26 C235 Equity,2026-06-16,21.4,16.05,15.737561241178692,16.05,15.737561241178692,15.387293296384184,15.566348358217622,16.463515070935173,15.338086,15.91559291479636,15.171930516479172,11.673646779738458,15.668529548544829
2026-06-09,ITA US 01/15/27 C250 Equity,2026-06-16,15.65,11.55,11.08362017546065,11.55,11.08362017546065,12.214382453192469,11.878188192619744,9.765300513701309,10.762582,9.962899098327156,10.557618682573247,7.578155912254645,11.383598137037138
2026-06-09,ITA US 10/16/26 C230 Equity,2026-06-16,20.6,14.9,14.901775394117454,14.9,14.901775394117454,14.269307426769236,14.833819941122384,13.819807416429487,14.003155,14.101478716686653,14.104806750932765,10.06379378109721,14.678214423179508
2026-06-09,ITA US 10/16/26 C235 Equity,2026-06-16,17.4,12.7,12.282087140252294,12.7,12.282087140252294,12.221844164259648,12.570482211006277,11.092722017307416,10.958052,10.12227074187955,11.759106358328467,8.561137527042197,12.359194747405223
2026-06-09,ITA US 10/16/26 C245 Equity,2026-06-16,12.65,8.65,8.776617448904148,8.65,8.776617448904148,9.415213323850853,9.35337564942218,7.461386059725853,7.5562415,7.3873194269313,8.086213026656598,5.487249973546211,8.477121173127106
2026-06-09,ITA US 12/18/26 C230 Equity,2026-06-16,24.35,18.85,18.28584702897021,18.85,18.28584702897021,17.690202229480317,17.852151772986346,18.901853196114423,18.567339,19.289184980136067,17.811502917558272,15.891224419482317,18.555355821111736
2026-06-09,ITA US 01/15/27 C240 Equity,2026-06-16,20.1,15.2,14.783861516447098,15.2,14.783861516447098,14.799885786111574,14.762630727280309,14.456681666998298,14.065653,14.522790807257277,13.914648468905346,11.231674651787447,14.756463749698439
2026-06-09,ITA US 01/15/27 C230 Equity,2026-06-16,25.9,19.9,19.602061533702564,19.9,19.602061533702564,18.497717358456494,18.63967356228489,19.75865380435295,20.043348,20.777946894871153,18.615516598661934,16.735890581900986,19.339117256375022
2026-06-09,ITA US 07/17/26 C230 Equity,2026-06-16,13.600000000000001,8.1,7.790338733999726,8.1,7.790338733999726,7.556133861459022,9.258710088527526,6.57112293752376,6.744897,6.363743044004566,8.582448120395785,6.761605999064506,7.727244078481089
2026-06-09,ITA US 10/16/26 C250 Equity,2026-06-16,10.350000000000001,7.35,7.425465095801919,7.35,7.425465095801919,9.1210195218091,8.764024760148988,6.33440771824414,5.5104527,5.315481804707393,6.656045605792017,3.049631771304706,7.5553485479153135
2026-06-09,ITA US 01/15/27 C235 Equity,2026-06-16,22.7,17.4,17.169185524716898,17.4,17.169185524716898,16.43659489395058,16.632794822580678,17.545516686334263,16.845282,17.34351049742311,16.08681597976569,14.762924942112644,16.98608508662908
2026-06-09,ITA US 12/18/26 C245 Equity,2026-06-16,16.25,12.0,11.59874046287963,12.0,11.59874046287963,12.32567197026234,12.155117895514945,10.166703133695952,10.701069,10.049209592126713,11.145243639303693,8.12917612878201,11.753111215033336
2026-06-09,ITA US 07/17/26 C250 Equity,2026-06-16,3.4499999999999997,1.9,1.5851327002266644,1.9,1.5851327002266644,3.7347634087883694,3.6870851390682695,1.5624610588462795,1.8433106,1.551857001165346,2.1097979726319487,2.651873942380076,1.8531063343716045
2026-06-09,ITA US 10/16/26 C240 Equity,2026-06-16,14.95,10.600000000000001,10.326494852859597,10.600000000000001,10.326494852859597,10.69399834090508,10.915720869398442,8.581198878475758,9.042026,8.522141740037856,9.82928455583874,5.9170097435625495,10.328431394482902
2026-06-09,ITA US 10/16/26 C255 Equity,2026-06-16,9.0,6.1,6.084553864194717,6.1,6.084553864194717,7.937662417641381,7.493414018059758,4.4645477721268705,4.652133,4.379766439252095,5.498282765787565,3.7755747365679926,6.340237256245312
2026-06-09,ITA US 12/18/26 C240 Equity,2026-06-16,18.75,13.85,13.64175403068207,13.85,13.64175403068207,13.562038272904053,13.624696288488606,11.994877030692727,12.156905,12.123313103203053,12.49394490922304,9.92189282324836,13.489450294555464
2026-06-09,ITA US 12/18/26 C250 Equity,2026-06-16,14.100000000000001,10.9,9.755976293896792,10.9,9.755976293896792,10.169635082762884,9.61795943307462,8.81033762095417,9.681723,9.402279184190101,10.33262372387141,5.961408662746968,10.085710572394863
2026-06-10,ITA US 12/18/26 C240 Equity,2026-06-17,20.7,12.55,11.678302140246386,12.55,11.678302140246386,12.729458365298179,11.78051879353594,10.21636103013242,10.230709,10.188462505396963,11.710130331712328,9.097056155272686,12.162156195390144
2026-06-10,ITA US 07/17/26 C230 Equity,2026-06-17,15.65,6.6,5.689004042532485,6.6,5.689004042532485,8.329906786941535,8.37160974887646,6.411498627811168,5.5957904,5.5020200824771575,5.920458275945842,7.465007491295275,6.667010333722948
2026-06-10,ITA US 01/15/27 C240 Equity,2026-06-17,22.2,13.899999999999999,12.834649849917176,13.899999999999999,12.834649849917176,13.821315078780401,12.709895424540079,11.385806536806177,11.566826,11.721313585914778,12.709493023485093,10.260600287406739,13.25174417179545
2026-06-10,ITA US 01/15/27 C235 Equity,2026-06-17,24.75,15.8,14.621409391810264,15.8,14.621409391810264,15.178895086188778,14.213966675048253,15.41683487785033,15.537034,14.857735437840002,14.58236035147546,13.095738929358465,15.028734144311452
2026-06-10,ITA US 01/15/27 C245 Equity,2026-06-17,19.55,12.2,11.089835722909035,12.2,11.089835722909035,12.410411304027466,11.48535839927424,10.090415633646533,10.248699,10.190668030836633,11.016008407324797,7.539616168798559,11.695679231823418
2026-06-10,ITA US 10/16/26 C240 Equity,2026-06-17,16.799999999999997,9.4,8.693480056973092,9.4,8.693480056973092,10.053478900974447,8.952281011583032,7.8950723064365,7.9864473,7.99422326296437,8.471234117974955,5.447488589999312,8.853700461336201
2026-06-10,ITA US 10/16/26 C255 Equity,2026-06-17,10.15,5.35,4.821532216344796,5.35,4.821532216344796,6.701290470870834,5.439703083212262,4.264064691296826,4.5017323,4.014796653033748,4.579805300027273,2.8519587003981304,5.242016727556894
2026-06-10,ITA US 10/16/26 C250 Equity,2026-06-17,12.25,6.65,6.0412699681689315,6.65,6.0412699681689315,7.988562923619577,6.635633515516319,6.353085791994083,5.7700415,5.678778255351951,5.601135979283575,3.3181434206569893,6.461093381598915
2026-06-10,ITA US 10/16/26 C230 Equity,2026-06-17,22.9,13.45,12.620584364793926,13.45,12.620584364793926,13.326688959084507,12.842049020472999,11.008654121135436,11.047478,11.217282374398971,12.204040426865681,9.271503481046844,13.030576016425963
2026-06-10,ITA US 10/16/26 C235 Equity,2026-06-17,20.0,11.2,10.749590409555324,11.2,10.749590409555324,11.684757688132553,10.858812679014513,8.932049853801026,9.683563,9.251280321018363,10.067173730088342,7.133405432150449,10.727629187372154
2026-06-10,ITA US 07/17/26 C250 Equity,2026-06-17,4.7,1.225,0.8167560570837301,1.225,0.8167560570837301,2.7645088144672307,1.4545607866449703,1.701561723692035,1.9207109,1.8248008917214666,1.8418541404636581,3.115782092577723,0.9527485117182655
2026-06-10,ITA US 12/18/26 C245 Equity,2026-06-17,18.25,11.0,10.088875889303822,11.0,10.088875889303822,11.462678535834284,10.347449235085541,8.80975597882533,9.050084,9.036118260966157,10.271884491447148,6.750624883492151,10.601468686795304
2026-06-10,ITA US 01/15/27 C230 Equity,2026-06-17,27.85,17.85,16.549612959791332,17.85,16.549612959791332,16.797154433922287,16.121989132578832,17.81477418914412,17.717514,16.703359554825166,16.463657912587728,14.798051001534944,17.02390927251006
2026-06-10,ITA US 12/18/26 C230 Equity,2026-06-17,26.4,16.55,15.43570217648655,16.55,15.43570217648655,15.66430130737887,15.193269656062318,16.68616319418503,16.528006,16.49051813316355,15.525646790775944,13.793351994630731,15.900177924542259
2026-06-10,ITA US 01/15/27 C250 Equity,2026-06-17,16.95,10.9,9.851290809760748,10.9,9.851290809760748,11.239949273129561,9.90028940797492,8.778583535414393,9.297679,9.134250434489791,10.168264947069796,6.111747186883811,10.25365147369956
2026-06-10,ITA US 10/16/26 C245 Equity,2026-06-17,14.5,7.7,7.202492323726973,7.7,7.202492323726973,8.891606774395413,7.814345618319933,6.617958846135052,6.028903,6.580633683719337,7.483169311231676,4.7830246253005475,7.588230286903697
2026-06-10,ITA US 12/18/26 C235 Equity,2026-06-17,23.4,14.600000000000001,13.555400996943735,14.600000000000001,13.555400996943735,14.341425981589497,13.335490220282004,11.990369347325032,13.52161,13.03380996275503,13.834937767804599,10.434680213044558,13.923025904583206
2026-06-10,ITA US 12/18/26 C250 Equity,2026-06-17,16.0,9.65,8.6820271093714,9.65,8.6820271093714,9.881086830834404,8.640957600855584,8.255007113482923,8.606588,8.527823536566935,8.76253253102708,6.490492235329098,9.168432391952074
2026-06-11,ITA US 10/16/26 C230 Equity,2026-06-18,19.95,18.4,18.6045881564837,18.4,18.6045881564837,17.79650775104912,17.678210258448907,16.817385321001037,15.83655,16.08778512702055,16.289334299341473,14.822371037025754,17.499339541343147
2026-06-11,ITA US 01/15/27 C240 Equity,2026-06-18,20.15,18.200000000000003,18.426328111703086,18.200000000000003,18.426328111703086,17.845839837331084,17.475570606264007,16.908268175489887,16.015774,16.0217723125802,16.220289019658903,14.69280970595358,17.706652487010047
2026-06-11,ITA US 10/16/26 C240 Equity,2026-06-18,14.6,13.05,13.236698477424449,13.05,13.236698477424449,13.174225597972834,13.12614233178331,10.841501112609208,10.383443,9.275371257474669,12.10543002965124,10.928073657295085,12.644177162611447
2026-06-11,ITA US 01/15/27 C230 Equity,2026-06-18,25.2,23.35,23.750372129188325,23.35,23.750372129188325,22.015809194763698,21.51231549521649,19.968588227051615,20.100016,21.117896036159035,21.071239501137658,17.108601265562942,22.082899391073028
2026-06-11,ITA US 12/18/26 C235 Equity,2026-06-18,21.1,19.4,19.533803699861636,19.4,19.533803699861636,18.787668626405626,18.16317149004176,18.138112103173928,17.629147,18.408080031403788,16.99387346599735,16.08565349343613,18.7309837985717
2026-06-11,ITA US 12/18/26 C230 Equity,2026-06-18,23.8,21.9,22.193159456037684,21.9,22.193159456037684,20.56553325645544,20.284575401626647,19.062388924347996,18.513329,20.512884039204934,20.166125551555208,16.755063783003845,20.723282101616267
2026-06-11,ITA US 10/16/26 C235 Equity,2026-06-18,17.450000000000003,15.5,15.899203911491915,15.5,15.899203911491915,15.69355741914417,15.375865072092664,13.604447275225214,13.132785,13.270372526391373,13.160582236980117,12.741510073178674,15.052096892898605
2026-06-11,ITA US 12/18/26 C240 Equity,2026-06-18,18.4,16.85,16.92948691565915,16.85,16.92948691565915,16.36081621542965,16.118737675504487,16.19889074356102,14.849674,15.414774080668932,15.210595290540736,13.946652146070747,16.346707177378814
2026-06-11,ITA US 10/16/26 C250 Equity,2026-06-18,10.65,9.100000000000001,9.175730051505552,9.100000000000001,9.175730051505552,10.342696290610943,9.928635454689598,7.852083642222134,7.3929987,7.650665542663042,7.930933564326779,7.4832649894819925,8.864498559569785
2026-06-11,ITA US 10/16/26 C255 Equity,2026-06-18,9.0,7.8500000000000005,7.727568648681592,7.8500000000000005,7.727568648681592,9.682745221869936,9.133101897874486,6.854282712375946,6.374206,6.448015656825492,7.030884926188611,6.1696756912364075,7.822177575413337
2026-06-11,ITA US 12/18/26 C245 Equity,2026-06-18,16.55,14.600000000000001,14.618751093307418,14.600000000000001,14.618751093307418,15.023290019174405,14.554272469141237,11.849333503972158,12.5179205,12.263615390343775,13.191559013949387,10.922726774748984,14.23535783275349
2026-06-11,ITA US 01/15/27 C245 Equity,2026-06-18,17.85,15.85,16.00976426193148,15.85,16.00976426193148,15.928493666987631,15.43828760729979,14.688463169161961,14.042944,13.614049987096307,13.94398550403139,12.146908860783018,15.312498037843222
2026-06-11,ITA US 10/16/26 C245 Equity,2026-06-18,12.65,11.05,11.167525819403352,11.05,11.167525819403352,11.845333214666857,11.716383491185907,8.7164539512844,8.086768,8.111921549348859,9.666871570974177,8.959387209865024,10.804470050674544
2026-06-11,ITA US 01/15/27 C235 Equity,2026-06-18,22.55,20.549999999999997,20.83636645341433,20.549999999999997,20.83636645341433,19.49454086588592,18.996112921422483,18.726093120329324,18.45574,19.96221695985397,17.668428760041948,17.637555270738513,19.77154131740178
2026-06-11,ITA US 01/15/27 C250 Equity,2026-06-18,15.85,14.05,13.926637852779573,14.05,13.926637852779573,14.971678722891431,14.068683939485286,11.389181334247585,11.526852,12.182624388440754,12.471015888530587,11.079284387213029,13.686268232608905
2026-06-11,ITA US 12/18/26 C250 Equity,2026-06-18,14.25,12.7,12.650092025314283,12.7,12.650092025314283,13.455904629215173,12.83228463435383,10.726004366391857,10.521858,9.84174460190269,11.26063676251821,9.721751253603916,12.392910646194878
2026-06-12,ITA US 10/16/26 C240 Equity,2026-06-22,12.75,12.75,12.298829369252395,12.75,12.298829369252395,13.258752956186251,11.885499487763287,10.259399105858519,9.613377,9.323762448427678,10.961800278432174,5.307433875342958,11.73138209343429
2026-06-12,ITA US 10/16/26 C255 Equity,2026-06-22,7.45,7.699999999999999,7.159857994622131,7.699999999999999,7.159857994622131,9.531634193704507,7.585667616366792,6.413099207049603,5.5958967,6.578645042060604,7.1202624292569245,2.455448318929423,6.93089238902458
2026-06-12,ITA US 12/18/26 C235 Equity,2026-06-22,18.95,18.45,17.872919221712536,18.45,17.872919221712536,17.899984604457067,16.567634990314136,17.192897731120432,15.972807,16.03635958350248,16.614332936114984,13.429649470547268,17.301852203519317
2026-06-12,ITA US 12/18/26 C250 Equity,2026-06-22,12.45,12.35,11.559922290700214,12.35,11.559922290700214,12.878664553827608,11.007010102736029,9.916941978300438,10.055455,9.809667441042924,10.128018902692117,5.0910832577280845,11.208879988439751
2026-06-12,ITA US 10/16/26 C250 Equity,2026-06-22,9.1,9.25,8.694039180466342,9.25,8.694039180466342,10.533237905538599,8.776191615541164,7.709763867276194,7.403048,7.438878664179773,8.110354019009115,2.5156587879338024,8.412231358151415
2026-06-12,ITA US 10/16/26 C230 Equity,2026-06-22,18.05,17.4,16.982629897250675,17.4,16.982629897250675,16.93137788390682,15.71683615567613,16.26722202156079,14.936378,15.736633730935145,15.669754271830868,10.620859585255966,15.866052831810869
2026-06-12,ITA US 10/16/26 C235 Equity,2026-06-22,14.95,14.850000000000001,14.414545512191465,14.850000000000001,14.414545512191465,14.630190947498669,13.547502814856408,12.289841658631351,11.594317,12.160744798497896,13.182562072748583,8.823778316948465,13.758876616397568
2026-06-12,ITA US 12/18/26 C240 Equity,2026-06-22,16.75,16.3,15.5961549820754,16.3,15.5961549820754,16.220115150261623,14.621761877064834,15.314984888956976,14.077994,15.343150706024026,14.595578962085334,10.092704675055092,15.184257095035724
2026-06-12,ITA US 01/15/27 C250 Equity,2026-06-22,14.1,13.350000000000001,12.662890392726444,13.350000000000001,12.662890392726444,14.10081706792168,12.325865235787692,10.905663360978355,10.413661,10.964437881759059,12.073031238095956,6.167949201844268,12.3048561816849
2026-06-12,ITA US 10/16/26 C245 Equity,2026-06-22,10.8,10.75,10.29424208265998,10.75,10.29424208265998,11.70524321124037,10.09811016905717,8.419768508419779,8.661788,8.250852827754969,9.402915243933268,3.9215323140689984,9.767120417639692
2026-06-12,ITA US 12/18/26 C230 Equity,2026-06-22,21.4,21.05,20.34854501626336,21.05,20.34854501626336,20.15689731544857,18.620585980842506,18.757857619210927,18.414722,19.31714555403849,19.066320738635557,13.894003845381011,19.420351126082245
2026-06-12,ITA US 01/15/27 C245 Equity,2026-06-22,15.75,15.3,14.67818081155213,15.3,14.67818081155213,15.57484931539912,13.859042500894022,13.535864416369396,12.933326,13.79997578082414,13.454949788431085,8.942810403352095,14.191021427749527
2026-06-12,ITA US 01/15/27 C240 Equity,2026-06-22,18.05,17.5,16.738177541925833,17.5,16.738177541925833,17.40764529720831,15.767775705210326,16.353303074485986,14.8609915,15.489834882579157,15.737488343792904,10.82588259155545,16.286931974160428
2026-06-15,ITA US 10/16/26 C235 Equity,2026-06-23,14.9,16.549999999999997,15.419608420406798,16.549999999999997,15.419608420406798,16.45480754946999,15.537427953319705,15.630613655739939,13.841589,14.036545759916663,13.892290791074412,12.16272802906005,15.549623326520281
2026-06-15,ITA US 10/16/26 C240 Equity,2026-06-23,12.45,14.350000000000001,13.451033589079223,14.350000000000001,13.451033589079223,15.027644652414514,13.9247372352213,10.814209270106167,11.815064,9.933428318527541,11.56319798159794,10.73677100432912,13.628182443306162
2026-06-15,ITA US 10/16/26 C245 Equity,2026-06-23,10.25,11.850000000000001,10.78300005079104,11.850000000000001,10.78300005079104,12.723894810559887,11.566690808819008,8.6931163258668,8.249058,7.687145039871054,10.27605366677058,9.69560913706504,11.08653374464436
2026-06-15,ITA US 01/15/27 C250 Equity,2026-06-23,14.15,15.0,13.782876277788876,15.0,13.782876277788876,16.17295258381892,14.709978134827631,13.118675469764021,13.618423,12.175008835134253,13.067434549821382,11.093976009495705,14.454994840658077
2026-06-15,ITA US 12/18/26 C250 Equity,2026-06-23,11.75,12.75,12.157152856385947,12.75,12.157152856385947,13.517035656077951,12.262204904926756,9.953454242041119,9.704227,9.450377109368269,11.175889440914546,9.7230304289784,11.791746534673017
2026-06-15,ITA US 12/18/26 C235 Equity,2026-06-23,18.950000000000003,20.700000000000003,19.282291772546774,20.700000000000003,19.282291772546774,20.34817202294011,18.814618669183442,18.62975520881682,18.372528,19.710845795576333,17.419809156795154,15.660029366511857,19.537886582482084
2026-06-15,ITA US 01/15/27 C245 Equity,2026-06-23,16.05,17.15,15.905591412271994,17.15,15.905591412271994,17.50226803299035,15.96664825440263,16.351452507999483,14.237401,14.924988392188908,14.774077388884452,13.906550141149538,16.261973285454825
2026-06-15,ITA US 10/16/26 C230 Equity,2026-06-23,17.5,19.4,18.469674493755175,19.4,18.469674493755175,19.062852730042653,18.366936674612315,18.117555528260613,17.259277,18.60923945467216,16.240378025191234,12.724257555656049,18.13824633459199
2026-06-15,ITA US 12/18/26 C240 Equity,2026-06-23,16.2,18.049999999999997,16.791034662241074,18.049999999999997,16.791034662241074,18.06770158341332,16.979721624770413,17.1287642091428,16.051104,16.748022059196675,14.915134478636697,15.418247416191932,17.455120923579965
2026-06-15,ITA US 10/16/26 C255 Equity,2026-06-23,7.05,7.8,6.907782090278549,7.8,6.907782090278549,9.496161030592656,8.044870607232026,5.903756794412838,5.261587,4.850181217114788,7.083227443529949,6.301638200903603,6.939187712096838
2026-06-15,ITA US 12/18/26 C230 Equity,2026-06-23,21.6,23.1,21.696540350681015,23.1,21.696540350681015,21.885220352455722,20.773150916488714,19.263200014777524,18.613586,19.548561765668705,20.045772546532056,16.311234424029323,21.45647675672076
2026-06-15,ITA US 10/16/26 C250 Equity,2026-06-23,8.5,10.0,9.149991574608205,10.0,9.149991574608205,11.72925349314452,10.280263571911018,7.50678331350925,7.226177,6.69981466500521,9.143707506076964,6.283686779302168,9.332451000132588
2026-06-15,ITA US 01/15/27 C240 Equity,2026-06-23,18.25,19.65,18.46413161065541,19.65,18.46413161065541,19.75647588831942,18.482622625025613,18.360196574312507,17.64871,18.260004368318874,16.711926909579738,15.556040070476856,19.012297181713055
2026-06-16,ITA US 01/15/27 C240 Equity,2026-06-24,18.15,20.1,19.30560117878653,20.1,19.30560117878653,17.42774234589271,17.679217588864862,18.04259507634751,17.534763,16.586974129585098,16.695407224704738,13.826363957688656,18.577080291112267
2026-06-16,ITA US 12/18/26 C245 Equity,2026-06-24,14.75,16.25,15.43538120666642,16.25,15.43538120666642,14.094684311006596,14.034957867383419,15.033915952581983,13.451092,13.031112082462515,13.353276055134167,10.053103571660733,14.69593552455955
2026-06-16,ITA US 12/18/26 C235 Equity,2026-06-24,19.15,21.4,20.32644056255392,21.4,20.32644056255392,18.25494382460805,18.197540583281096,18.225256957994134,18.665344,18.236709898482463,17.772544718638706,11.845862952943412,19.253029219551465
2026-06-16,ITA US 01/15/27 C235 Equity,2026-06-24,20.65,22.7,21.792571362062994,22.7,21.792571362062994,19.448123082802,19.444804197680895,18.73362111360093,19.023678,18.85338663940491,18.64415201257463,14.612996513884116,20.575746814238283
2026-06-16,ITA US 10/16/26 C230 Equity,2026-06-24,18.200000000000003,20.6,20.068296722578793,20.6,20.068296722578793,17.348064065309195,17.95351916349098,18.034846577582822,17.31401,17.2477702920229,16.21449948344557,11.152482426716755,18.1526126545742
2026-06-16,ITA US 12/18/26 C230 Equity,2026-06-24,21.85,24.35,23.603653498926388,24.35,23.603653498926388,20.451882087002804,20.607325702103747,19.36742367691984,19.77469,19.37568681330771,19.984882147845994,14.616989372938008,21.68203037461641
2026-06-16,ITA US 10/16/26 C245 Equity,2026-06-24,10.45,12.65,12.046951405002,12.65,12.046951405002,10.393890004099907,10.709103159468263,9.661896843134445,8.837105,8.211087684920157,10.610405554135514,6.139065778694783,10.919283492509035
2026-06-16,ITA US 10/16/26 C240 Equity,2026-06-24,13.15,14.95,14.367764591662223,14.95,14.367764591662223,12.595914090068195,13.14521237397028,12.791354782196505,12.790585,11.363093767926221,12.788899965493139,8.777894929057236,13.513056816429543
2026-06-16,ITA US 10/16/26 C250 Equity,2026-06-24,9.2,10.350000000000001,9.79998102810307,10.350000000000001,9.79998102810307,8.720222568039024,8.832596553001023,7.932379461689223,7.9863877,7.140972236989194,9.069855323887541,5.160427895475729,8.737776625019514
2026-06-16,ITA US 10/16/26 C235 Equity,2026-06-24,15.1,17.4,16.63723734696819,17.4,16.63723734696819,14.05574043228752,14.615197205530658,15.970538273125022,14.671303,14.845087390282444,14.764244534734788,8.529994057162925,15.146792378711009
2026-06-16,ITA US 12/18/26 C250 Equity,2026-06-24,12.6,14.100000000000001,13.401227894630651,14.100000000000001,13.401227894630651,12.127082439965205,12.14092856490016,10.904689633542802,11.691542,10.57187161034593,11.350802047905688,7.395981280495351,12.63539024798741
2026-06-16,ITA US 01/15/27 C230 Equity,2026-06-24,23.45,25.9,25.15057052393469,25.9,25.15057052393469,22.12726251402286,21.84782233410787,19.645963308787515,20.28683,20.04165827976955,20.78445653702062,15.684932262954934,23.047369562853053
2026-06-16,ITA US 12/18/26 C240 Equity,2026-06-24,16.85,18.75,17.940885988496063,18.75,17.940885988496063,15.594478343002148,15.884741881265654,17.175960183852084,16.251175,15.144508222789446,15.260574182982577,13.315545177382631,16.991923411666612
2026-06-16,ITA US 01/15/27 C250 Equity,2026-06-24,14.0,15.65,14.834225611283088,15.65,14.834225611283088,14.221330341954493,14.057413195368127,13.993843543450117,13.790406,12.896926218907453,13.12327150169132,9.5567031461291,14.3113281265828
2026-06-16,ITA US 10/16/26 C255 Equity,2026-06-24,7.550000000000001,9.0,8.348865419113052,9.0,8.348865419113052,7.654222946563689,7.480161405200337,6.707782200359887,6.5542364,5.750086191995198,7.571752432405361,3.56002382448931,7.285517919340144
2026-06-16,ITA US 01/15/27 C245 Equity,2026-06-24,16.0,17.7,16.91026189928667,17.7,16.91026189928667,15.337596616879578,15.181833335872769,16.16926398324464,15.030694,14.731526063913208,14.81198324885255,12.251306921031171,16.034566376263914
2026-06-17,ITA US 01/15/27 C250 Equity,2026-06-25,15.25,16.95,15.799010844228672,16.95,15.799010844228672,12.753317943406472,12.801099020165756,15.458831378963163,13.365892,13.70458844208225,12.726276039394135,10.091437158714317,13.545168873894376
2026-06-17,ITA US 01/15/27 C245 Equity,2026-06-25,17.4,19.55,18.463416160880104,19.55,18.463416160880104,14.83208901126779,15.12694578582062,17.397770155838675,16.416903,16.388983636931698,14.612484294857047,11.913128674024335,16.442110914701555
2026-06-17,ITA US 12/18/26 C235 Equity,2026-06-25,21.6,23.4,22.574929148700164,23.4,22.574929148700164,17.982669058666794,18.079457636779786,19.003439414559047,18.771793,18.922575046641054,17.208279848258595,14.032110208782665,19.25015965211981
2026-06-17,ITA US 10/16/26 C250 Equity,2026-06-25,10.2,12.25,11.551499466335292,12.25,11.551499466335292,8.612069453356339,9.033450736456789,9.028157543216336,8.060411,8.033309064674796,8.74120496449072,6.246153755997102,9.265072240023176
2026-06-17,ITA US 12/18/26 C245 Equity,2026-06-25,16.25,18.25,17.164513822277947,18.25,17.164513822277947,13.557307342091832,13.753020913581393,16.340144250590708,14.300707,14.407706690152436,12.974875115062774,10.309741969313265,14.946686647293559
2026-06-17,ITA US 01/15/27 C235 Equity,2026-06-25,22.5,24.75,23.8114957154664,24.75,23.8114957154664,19.222849102326865,19.480197387202708,19.073061138963062,19.300806,19.258903797527147,18.818582511055716,15.54904591082163,20.785728227887073
2026-06-17,ITA US 12/18/26 C240 Equity,2026-06-25,18.65,20.7,19.695001518053147,20.7,19.695001518053147,15.731357700579213,15.639304184882187,17.720927184967522,17.541582,17.63027871876997,14.34370450358496,13.022738471621818,17.087920492287797
2026-06-17,ITA US 01/15/27 C230 Equity,2026-06-25,25.85,27.85,26.688885190209287,27.85,26.688885190209287,21.912507175706892,21.94909850159265,21.83655164462976,21.10901,21.880490049199715,21.61319893591166,18.772684947086944,23.37811304584177
2026-06-17,ITA US 12/18/26 C230 Equity,2026-06-25,24.55,26.4,25.27614175607933,26.4,25.27614175607933,20.150721379495195,20.44235816904647,19.30635114318089,19.637121,20.016324462399226,19.000650126889354,18.162121641107063,21.809956534713454
2026-06-17,ITA US 10/16/26 C255 Equity,2026-06-25,8.55,10.15,9.486693253174534,10.15,9.486693253174534,7.653366531277797,7.807140555266242,7.712790125154982,7.19811,6.717242596759715,7.968380667955647,3.19675869336129,7.371264989849751
2026-06-17,ITA US 10/16/26 C245 Equity,2026-06-25,12.55,14.5,13.779678862069494,14.5,13.779678862069494,10.491647014250717,11.07117655697221,10.921077879836877,10.193797,9.554288526646621,10.471479328860283,6.8700503136605375,11.518946728463732
2026-06-17,ITA US 10/16/26 C240 Equity,2026-06-25,14.75,16.799999999999997,16.145403507107112,16.799999999999997,16.145403507107112,12.387863596164294,12.715093127006256,15.40260026460197,12.840116,13.398233668726022,12.942732479080506,9.286844447743398,13.241990237613408
2026-06-17,ITA US 10/16/26 C235 Equity,2026-06-25,17.5,20.0,19.232364130140503,20.0,19.232364130140503,14.95124756955223,15.327284083364505,17.613942018687883,16.413887,16.824216430092655,14.909323004613725,12.369560873530634,16.06972170620449
2026-06-17,ITA US 10/16/26 C230 Equity,2026-06-25,20.7,22.9,22.17326049526316,22.9,22.17326049526316,17.387422444634787,18.005250777538066,18.653797155951036,18.070124,17.983765468295122,16.75378414923957,15.662754765150167,18.57293287870845
2026-06-17,ITA US 01/15/27 C240 Equity,2026-06-25,20.0,22.2,21.137534107407195,22.2,21.137534107407195,17.439296630901495,17.38661546195408,18.221311045814574,18.101871,18.229706335247663,16.867170311254966,13.453211500221713,18.718350742794645
2026-06-17,ITA US 12/18/26 C250 Equity,2026-06-25,13.95,16.0,14.929537434468594,16.0,14.929537434468594,12.190854213421346,12.489982392925773,14.427279715513363,11.846262,12.124806520763157,10.90864804310236,7.15494189807336,13.117871469230264
