date,contract,target_date,target_t1,naive_forecast,crr_forecast,pred_naive_random_walk,pred_crr_binomial_roll-down,pred_ols,pred_ridge,pred_randomforest,pred_xgboost,pred_lightgbm,pred_catboost,pred_mlp,pred_elasticnet_delta
2026-05-07,ITA US 10/16/26 C240 Equity,2026-05-14,8.85,9.1,8.6077786781927,9.1,8.6077786781927,10.806538657187104,9.540435786518122,8.224090032168796,11.150514,9.502732546065815,10.250363477955934,8.199038311387701,9.45470272484937
2026-05-07,ITA US 12/18/26 C245 Equity,2026-05-14,10.35,10.3,9.443326732105538,10.3,9.443326732105538,12.379935126703433,10.814607307830595,9.570327243493974,12.737906,11.178924998625043,11.909719943447378,9.855512630239005,10.58861939906832
2026-05-07,ITA US 10/16/26 C235 Equity,2026-05-14,10.600000000000001,11.0,10.466482480968457,11.0,10.466482480968457,12.579693412462781,11.15500847618064,9.627894349927077,12.790431,10.253320776713547,11.795471897695894,10.4118956020469,11.259064682326972
2026-05-07,ITA US 01/15/27 C230 Equity,2026-05-14,17.6,16.9,15.919735841824412,16.9,15.919735841824412,18.23053462645762,16.76651579988992,18.882426465325874,19.832706,17.715213297331097,18.52680664618239,17.120036900514492,17.051951229959307
2026-05-07,ITA US 07/17/26 C230 Equity,2026-05-14,6.949999999999999,7.25,6.772733954347176,7.25,6.772733954347176,9.135939115736441,8.201042351944018,7.1987808193306915,7.4811354,7.286200034435298,8.666344045968424,8.639042184533684,7.655114589790015
2026-05-07,ITA US 10/16/26 C250 Equity,2026-05-14,6.65,6.35,5.87887409868966,6.35,5.87887409868966,8.370743530753225,6.822731022757557,6.299802968155541,6.7724733,6.601478038089566,7.044729402882427,6.043873861213736,6.673188573343446
2026-05-07,ITA US 01/15/27 C245 Equity,2026-05-14,11.3,11.25,10.33437473142885,11.25,10.33437473142885,13.079000881106927,11.711264874203714,10.540287309879268,13.862768,12.2593862832224,12.76521166919717,10.43689965242949,11.504668532454158
2026-05-07,ITA US 12/18/26 C230 Equity,2026-05-14,16.3,15.649999999999999,14.65745751833275,15.649999999999999,14.65745751833275,16.81362309384503,15.547342011898248,16.701161962143356,17.917692,15.828958386954916,16.8825307766545,15.686858891287164,15.811743541574305
2026-05-07,ITA US 10/16/26 C245 Equity,2026-05-14,7.35,7.55,7.049054485276237,7.55,7.049054485276237,9.228831913828497,7.918336462469896,7.320777523170139,7.278973,6.908126400050588,8.364799559734038,6.624881263150461,7.869380288261854
2026-05-07,ITA US 01/15/27 C235 Equity,2026-05-14,15.399999999999999,14.8,13.836680954985011,14.8,13.836680954985011,16.47664102358239,14.959437474385933,14.331299568576114,16.791203,14.85011865637838,15.979528988495765,14.967345165415326,14.983383207744449
2026-05-07,ITA US 12/18/26 C235 Equity,2026-05-14,14.0,13.6,12.634247865100308,13.6,12.634247865100308,14.957779512323409,13.589781750570236,12.784047464166987,15.7690525,13.934180725722213,14.504741690426224,12.673747605922497,13.71586206581403
2026-05-07,ITA US 10/16/26 C230 Equity,2026-05-14,12.85,12.75,12.384772176856856,12.75,12.384772176856856,14.229953249201776,12.858867684540787,11.821402871968717,14.072464,11.732162898803685,13.580620663007288,11.949160043760411,12.970743406517855
2026-05-07,ITA US 01/15/27 C240 Equity,2026-05-14,13.3,12.85,12.065620296343155,12.85,12.065620296343155,14.81610442999566,13.362692027083398,12.125058445412062,15.136881,14.006184328739666,14.646646665171822,12.353164467241394,13.082129224262022
2026-05-07,ITA US 12/18/26 C250 Equity,2026-05-14,8.600000000000001,8.7,7.9113614335302715,8.7,7.9113614335302715,10.392726917777289,9.18217424866701,8.492511150152033,10.958731,10.677738710485,9.79433745838873,8.486571260171763,8.959844434937516
2026-05-07,ITA US 12/18/26 C240 Equity,2026-05-14,12.75,12.0,11.070441103146244,12.0,11.070441103146244,13.59034363906312,12.07293715322233,11.10262650365597,14.046327,12.55334941864789,13.287774737581877,10.974158659828118,12.138560244253105
2026-05-07,ITA US 10/16/26 C255 Equity,2026-05-14,5.3,5.3,5.110445419282524,5.3,5.110445419282524,7.081348380868048,5.955273596524413,5.764267853797837,5.4047494,4.634350565535561,5.181344734564009,4.864487481170342,5.804402699725669
2026-05-07,ITA US 01/15/27 C250 Equity,2026-05-14,10.0,10.05,9.301772946233449,10.05,9.301772946233449,12.112484610875391,10.735061460559102,9.4037506861151,12.8901825,10.537532688521933,11.264955660739883,9.396845907307803,10.386369676062422
2026-05-07,ITA US 07/17/26 C250 Equity,2026-05-14,2.1500000000000004,2.1,1.8183916104115372,2.1,1.8183916104115372,4.166250709654882,2.77533863637991,2.094670635429508,2.781023,2.660233000520278,3.061696485324095,3.711662004943959,2.5118336870567246
2026-05-08,ITA US 01/15/27 C230 Equity,2026-05-15,14.35,17.25,16.39177367285835,17.25,16.39177367285835,16.852830313308857,15.980722829281873,19.055899964194662,18.422085,16.733335599673655,17.793464405234054,15.181247136993504,16.3617994887009
2026-05-08,ITA US 07/17/26 C250 Equity,2026-05-15,0.875,2.4749999999999996,2.1947018265168103,2.4749999999999996,2.1947018265168103,3.5396819805051223,2.850597603919862,2.323058501578753,2.2823415,2.3946050978369833,2.6217080152949137,2.0615480415449396,2.2066297097288614
2026-05-08,ITA US 12/18/26 C250 Equity,2026-05-15,6.6,8.85,8.074337550864456,8.85,8.074337550864456,9.067579435710098,8.404942398232063,8.105520146498206,9.965614,9.511307324355894,9.028293745536264,6.373867362510385,8.168605977504223
2026-05-08,ITA US 07/17/26 C230 Equity,2026-05-15,3.95,7.0,6.578986436597179,7.0,6.578986436597179,6.96767243030078,6.691174042713418,6.5754194665671175,6.781294,6.635173198576248,7.960230936053494,5.826505167764581,6.138016250778959
2026-05-08,ITA US 12/18/26 C235 Equity,2026-05-15,11.75,14.2,13.253359234690057,14.2,13.253359234690057,14.05037055526561,13.272719663793737,12.780740964402247,14.736403,13.334007045222823,14.23265129774946,10.840676351999013,13.457232542058899
2026-05-08,ITA US 10/16/26 C245 Equity,2026-05-15,4.65,7.6499999999999995,7.158213208230791,7.6499999999999995,7.158213208230791,8.285483119041709,7.408253213499768,6.926289915229154,6.5792565,7.093981309388365,7.721215127064907,4.92881370696454,7.107683919638365
2026-05-08,ITA US 12/18/26 C230 Equity,2026-05-15,13.4,16.2,15.276014067908243,16.2,15.276014067908243,15.728885229877946,15.015676402301729,17.76942064004891,17.32097,15.335822079705913,16.532886896878466,14.040020359009441,15.42814793920675
2026-05-08,ITA US 01/15/27 C240 Equity,2026-05-15,10.85,13.4,12.538313660247198,13.4,12.538313660247198,13.586813191544486,12.588795134360327,12.007679730072107,14.246489,13.422454586256702,13.521651959769173,10.51644347664915,12.589634968138089
2026-05-08,ITA US 12/18/26 C240 Equity,2026-05-15,10.25,12.25,11.364204315769651,12.25,11.364204315769651,12.623745324229517,11.606000404809983,10.930071407194367,13.028425,12.125995530891263,12.421300741013951,9.372119859022861,11.571653897595993
2026-05-08,ITA US 10/16/26 C230 Equity,2026-05-15,9.149999999999999,12.8,12.23225049026308,12.8,12.23225049026308,12.670848748951075,11.977362823167246,11.1851222579353,12.722193,11.329815773280608,12.938053422416774,10.23860491308172,12.069944771525357
2026-05-08,ITA US 12/18/26 C245 Equity,2026-05-15,8.15,10.2,9.3325827688241,10.2,9.3325827688241,10.417824532287497,9.629333347398159,9.103434638786503,11.023784,10.240391986451533,10.8276901730716,7.236519095851872,9.436403426619284
2026-05-08,ITA US 01/15/27 C235 Equity,2026-05-15,12.5,15.0,14.19005139552139,15.0,14.19005139552139,15.016390605199518,14.136992450801806,14.806002263133001,16.333506,15.05352598995169,15.477624323213474,13.165795416663098,14.188203049883862
2026-05-08,ITA US 01/15/27 C245 Equity,2026-05-15,9.399999999999999,11.5,10.778884378075752,11.5,10.778884378075752,11.881974268560878,11.016438850446482,10.20425407205895,12.1247835,11.426281427451233,11.794539145728654,8.65280979876867,10.76649334199131
2026-05-08,ITA US 10/16/26 C240 Equity,2026-05-15,6.45,9.2,8.735856307969565,9.2,8.735856307969565,9.490877286750624,8.402040882128844,7.51031585412579,9.472445,9.343521786292937,9.70986876428596,6.6761622507080745,8.298127784301274
2026-05-08,ITA US 10/16/26 C235 Equity,2026-05-15,7.6,10.8,10.262521943062703,10.8,10.262521943062703,11.088001799366511,10.272903486708929,9.00608025794288,10.924015,10.082527578172934,10.929384960750689,8.056834534822766,10.106865818313452
2026-05-08,ITA US 01/15/27 C250 Equity,2026-05-15,8.2,10.05,9.251950237645952,10.05,9.251950237645952,10.643947938187338,9.828804816409258,8.877480520591137,11.251706,10.001235760748369,10.422938446806452,7.4926688966546156,9.426227178365668
2026-05-08,ITA US 10/16/26 C250 Equity,2026-05-15,3.7,6.4,6.044018427410096,6.4,6.044018427410096,6.957703972965757,5.8976895411592025,6.097149628947324,6.493367,6.481802191741572,6.342245763248114,3.650859380224476,5.671039111590275
2026-05-08,ITA US 10/16/26 C255 Equity,2026-05-15,3.0,5.25,4.847896160647052,5.25,4.847896160647052,5.9751842338106975,5.133508800384742,5.5117430449022935,5.089919,5.238053330617413,4.882587165021766,3.670085562751725,4.825398972166899
2026-05-11,ITA US 01/15/27 C240 Equity,2026-05-18,11.4,13.75,13.169764235124209,13.75,13.169764235124209,14.296072402950834,13.83537983970275,12.741676977715068,15.84044,14.466043864410311,14.880189382081694,13.150934323933111,13.509811687567959
2026-05-11,ITA US 10/16/26 C245 Equity,2026-05-18,6.0,8.05,7.7031017551525975,8.05,7.7031017551525975,8.88132091766403,8.392511243211008,7.653695582784838,8.985577,8.019451265751764,9.110812693397843,6.651269943838465,7.958564639212151
2026-05-11,ITA US 01/15/27 C235 Equity,2026-05-18,13.15,16.0,15.419431377493831,16.0,15.419431377493831,16.094541554756944,15.426074867818715,17.80900642799445,18.907455,17.036101353246874,17.403011535103115,15.684696946571316,15.5931823431017
2026-05-11,ITA US 01/15/27 C250 Equity,2026-05-18,8.6,10.45,9.89171912240228,10.45,9.89171912240228,11.22662900018906,10.660637049681362,9.594870872370787,12.818151,11.173059704746198,12.24438892190792,8.990252561439615,10.196767904079852
2026-05-11,ITA US 10/16/26 C230 Equity,2026-05-18,10.2,13.75,13.527603695614502,13.75,13.527603695614502,13.549887290294055,13.401925065240722,12.44962148243055,14.86201,13.324891842612395,15.078770959150148,12.938748746653413,13.518558521294318
2026-05-11,ITA US 01/15/27 C230 Equity,2026-05-18,15.0,18.3,17.717832577921154,18.3,17.717832577921154,18.04167293774735,17.403881116228636,20.186802667249594,20.41295,18.245608474851387,19.930239544895542,17.922981207491794,17.877722508846887
2026-05-11,ITA US 12/18/26 C235 Equity,2026-05-18,12.05,14.8,14.283145565346597,14.8,14.283145565346597,15.046183965531732,14.643825490990615,14.397673617354396,16.748032,14.765620655695496,16.19591412443386,13.445111189913865,14.585027985743373
2026-05-11,ITA US 10/16/26 C235 Equity,2026-05-18,8.399999999999999,11.55,11.311869613450071,11.55,11.311869613450071,11.876652820208559,11.514710368572585,10.42009845387075,13.3742285,11.392724971538522,13.02699985704556,10.598040542739481,11.373063638034946
2026-05-11,ITA US 12/18/26 C230 Equity,2026-05-18,14.05,17.1,16.6806009972062,17.1,16.6806009972062,17.009343953251587,16.52198914461232,19.490850025320672,19.234116,16.98413539922597,19.27440438471284,16.719693627969317,16.83376102471884
2026-05-11,ITA US 12/18/26 C250 Equity,2026-05-18,7.3,9.350000000000001,8.822161113924373,9.350000000000001,8.822161113924373,9.958707476546266,9.36618360095208,8.843008997180812,11.566753,11.033233544861062,11.239320906576124,7.394033129036955,9.042908909336617
2026-05-11,ITA US 10/16/26 C250 Equity,2026-05-18,4.65,6.35,6.109883490585929,6.35,6.109883490585929,7.432157302414149,6.861306937628661,6.28610800760409,6.532683,6.957593701673551,7.882513784196586,4.937915104710595,6.3195254089718045
2026-05-11,ITA US 12/18/26 C240 Equity,2026-05-18,10.399999999999999,12.850000000000001,12.375117218442965,12.850000000000001,12.375117218442965,13.48510750782723,12.865529906960845,12.007668543588897,14.420748,13.62388183761167,14.33084920835492,12.125850015135107,12.64736747001222
2026-05-11,ITA US 07/17/26 C250 Equity,2026-05-18,1.625,2.375,2.0273566566419357,2.375,2.0273566566419357,3.5419334183189584,2.8830136227470042,2.358862715105209,3.1531353,3.1221178828693055,4.312469459578811,1.30282315168497,2.2473673351228416
2026-05-11,ITA US 07/17/26 C230 Equity,2026-05-18,4.85,7.5,6.982352536187664,7.5,6.982352536187664,6.913732055968146,7.303484030277247,6.9987822758445555,7.354459,7.234592156261356,9.906005228674621,6.924394920399969,7.0655344347687725
2026-05-11,ITA US 01/15/27 C245 Equity,2026-05-18,9.75,12.15,11.542435235292247,12.15,11.542435235292247,12.838886114035414,12.16254105216606,11.339384764851008,13.828432,13.342989656741686,13.715658206275105,11.145619620745093,11.851316777519841
2026-05-11,ITA US 10/16/26 C240 Equity,2026-05-18,6.75,9.55,9.30496606719968,9.55,9.30496606719968,10.418402964061428,9.747548851695214,8.58168521315434,11.384916,10.781369460251945,11.211291563928546,9.221844743298282,9.414395975723954
2026-05-11,ITA US 12/18/26 C245 Equity,2026-05-18,8.7,10.9,10.378131495339584,10.9,10.378131495339584,11.359626773954844,10.793364703293271,9.877567742520325,12.811563,11.506682013191046,12.312622953662792,8.856215624142772,10.577829970691662
2026-05-11,ITA US 10/16/26 C255 Equity,2026-05-18,3.5250000000000004,5.2,4.871219476199117,5.2,4.871219476199117,6.121416625623896,5.811142270486152,5.727885555071398,5.8513575,5.642403446852648,5.7648512105024325,3.940598595372535,5.314722977180574
2026-05-12,ITA US 10/16/26 C235 Equity,2026-05-19,7.800000000000001,10.9,10.50612774104097,10.9,10.50612774104097,10.145375666246265,10.128703527080791,7.933678769541178,9.358878,9.186735983080629,9.795361154575826,6.938310478755135,10.011987897654071
2026-05-12,ITA US 12/18/26 C240 Equity,2026-05-19,9.8,12.25,11.834830834938446,12.25,11.834830834938446,11.83093576589103,11.416210975322358,9.907224665857315,11.054349,11.243555429852115,11.43941803011308,9.053109026821078,11.246977341249476
2026-05-12,ITA US 10/16/26 C245 Equity,2026-05-19,5.75,7.3999999999999995,7.086478564920609,7.3999999999999995,7.086478564920609,6.994575960296585,6.873319292614295,5.946592277236595,6.4894767,6.124052301686646,6.821315988467722,3.1894668642619184,6.544886022583407
2026-05-12,ITA US 12/18/26 C245 Equity,2026-05-19,8.3,10.5,9.98406201576194,10.5,9.98406201576194,10.058731335401571,9.743722999908828,8.373092622993843,9.538176,9.703054164360296,10.060757570151802,6.091445524848885,9.532514119302071
2026-05-12,ITA US 01/15/27 C250 Equity,2026-05-19,7.65,10.05,9.599669728253279,10.05,9.599669728253279,9.756201717539698,9.399330792782745,8.086056242861973,9.499211,8.855716384610798,9.645760742245878,6.306911510227749,9.057007677733122
2026-05-12,ITA US 01/15/27 C240 Equity,2026-05-19,10.75,13.45,13.013704252438016,13.45,13.013704252438016,12.832455794646242,12.582874833539547,10.984049514834611,12.102421,12.402288495243056,12.061452204432156,9.962295375335573,12.41547593629166
2026-05-12,ITA US 12/18/26 C250 Equity,2026-05-19,6.9,8.9,8.426756926691878,8.9,8.426756926691878,8.602928497158427,8.204798247816804,7.243613152971498,8.446151,8.514728498074172,8.942655164015232,5.827303194687159,7.954163861424443
2026-05-12,ITA US 10/16/26 C240 Equity,2026-05-19,6.300000000000001,9.05,8.857562565928703,9.05,8.857562565928703,8.60553850524304,8.510715644076058,6.5086106717525505,7.9870915,8.287038813155478,8.705034910038872,4.689664744486728,8.199495886825304
2026-05-12,ITA US 01/15/27 C245 Equity,2026-05-19,9.4,11.65,11.191486696616101,11.65,11.191486696616101,11.389646687236713,10.953086400286677,9.391217173996713,10.266283,10.359748764103923,10.848922698186644,8.500579583521015,10.65027931372368
2026-05-12,ITA US 01/15/27 C235 Equity,2026-05-19,12.55,15.45,14.881593703538579,15.45,14.881593703538579,14.72676721280025,14.273771253486133,13.940265086603628,14.330561,13.802020475012995,14.009351904852185,13.684116064585071,14.370209710196924
2026-05-12,ITA US 07/17/26 C250 Equity,2026-05-19,1.6749999999999998,2.6,2.3455939759612607,2.6,2.3455939759612607,2.8264199802815337,2.479749323680039,2.2177672773654926,2.2330365,2.348670032697185,2.600137956341255,0.9105037995156213,1.9246968862718212
2026-05-12,ITA US 12/18/26 C230 Equity,2026-05-19,13.2,16.45,16.0405507510409,16.45,16.0405507510409,15.444114494813343,15.153148974276958,16.51486127104567,15.954125,14.833856260892901,15.827352257938134,14.640127582508667,15.412379823719313
2026-05-12,ITA US 10/16/26 C230 Equity,2026-05-19,9.75,13.25,12.926660444862492,13.25,12.926660444862492,12.033098769053629,12.325180645925679,10.430588243930968,11.569536,11.715396278301686,11.91238322932554,9.731545903641779,12.340772160542526
2026-05-12,ITA US 12/18/26 C235 Equity,2026-05-19,11.1,14.3,13.88622132378409,14.3,13.88622132378409,13.534593622160047,13.21226022283669,11.419851807439777,13.116102,13.063781473355311,13.157376360278308,10.987988729769677,13.253768951396873
2026-05-12,ITA US 10/16/26 C250 Equity,2026-05-19,5.0,6.25,6.042707623634723,6.25,6.042707623634723,5.74242670758526,5.607828467728999,5.423647513226532,5.5326085,5.069326643611312,5.612026536658448,1.7202564976593449,5.383449982722992
2026-05-12,ITA US 07/17/26 C230 Equity,2026-05-19,4.65,7.65,7.424599171956348,7.65,7.424599171956348,6.413505850655327,6.847014707387305,5.5690233936308955,6.1879816,5.760540505565914,7.5527582933326585,6.672775345775562,6.5511468061280365
2026-05-12,ITA US 01/15/27 C230 Equity,2026-05-19,14.4,17.55,17.136076661575842,17.55,17.136076661575842,16.47394171205587,16.068569123915868,17.565205216176853,16.466604,15.992878253957379,16.554020744185486,16.019738292254985,16.382174915348056
2026-05-12,ITA US 10/16/26 C255 Equity,2026-05-19,3.75,5.35,5.110646423737449,5.35,5.110646423737449,4.777408648498183,4.761827975082639,4.881751852877129,4.814214,4.573141109598735,4.09945662535409,2.260100810047494,4.612431738706456
2026-05-13,ITA US 01/15/27 C250 Equity,2026-05-20,9.15,10.2,9.749693971766247,10.2,9.749693971766247,10.114452122531944,9.70741935800286,8.174831331484953,8.78428,8.674030952986538,9.805119616512007,5.436479189571465,9.309555621959184
2026-05-13,ITA US 10/16/26 C235 Equity,2026-05-20,9.399999999999999,10.9,10.5736684341112,10.9,10.5736684341112,10.063520724041414,10.054441322691076,8.077953709533572,8.715909,9.361529707125168,9.710227711654909,5.603031415567062,9.991088639850352
2026-05-13,ITA US 10/16/26 C240 Equity,2026-05-20,7.5,8.8,8.493571740408177,8.8,8.493571740408177,8.245572803621117,8.157442401592679,6.359210597458508,7.3070493,8.46381319909795,8.591956736439833,3.4776473106326065,7.887603929590008
2026-05-13,ITA US 07/17/26 C250 Equity,2026-05-20,1.875,2.925,2.658459143239388,2.925,2.658459143239388,4.1784964538395215,3.7107048703016154,3.0875017456914087,2.2211049,2.8569279668400855,2.562711536421281,0.46174126685620615,2.545436513167529
2026-05-13,ITA US 10/16/26 C245 Equity,2026-05-20,6.4,7.95,7.65312520440609,7.95,7.65312520440609,7.409323098598572,6.941051236392759,5.932306112117061,5.684282,6.058867540578465,7.0236379643221785,2.5849520421093963,6.878991431026996
2026-05-13,ITA US 10/16/26 C255 Equity,2026-05-20,4.35,5.0,4.742069324186945,5.0,4.742069324186945,4.968970912673752,4.788104622825724,4.6563747042278525,4.4591875,4.387698911414377,4.274087186831144,1.859978809523379,4.39468456636411
2026-05-13,ITA US 07/17/26 C230 Equity,2026-05-20,5.9,7.65,7.402858597308873,7.65,7.402858597308873,7.173989872696367,7.286304492723935,5.376691951843882,5.0675025,5.527285692036741,7.551927829618161,4.410314700307301,6.6984477050940665
2026-05-13,ITA US 10/16/26 C250 Equity,2026-05-20,5.25,6.55,6.257173805104765,6.55,6.257173805104765,6.250040172821495,5.705292677800768,5.459751243965103,5.188348,5.171963535100742,6.163897920986372,1.6983461542290113,5.561833020018033
2026-05-13,ITA US 10/16/26 C230 Equity,2026-05-20,11.0,13.3,12.99473653631454,13.3,12.99473653631454,12.18099606726,12.211485748145439,10.53954859010069,10.776612,11.28360621271459,11.97912023150695,9.31229120086499,12.344275050917584
2026-05-13,ITA US 12/18/26 C240 Equity,2026-05-20,11.1,12.95,12.47680331556833,12.95,12.47680331556833,12.838650206717993,12.432898302962734,10.461537965982643,10.683193,11.81999737926308,12.005330312689795,8.089744064696495,12.28187287006013
2026-05-13,ITA US 12/18/26 C250 Equity,2026-05-20,7.9,8.85,8.257805064776218,8.85,8.257805064776218,8.60016957010844,8.32868780125116,7.285993537302876,7.84045,8.335164761952809,8.693907043913343,3.883684158905431,8.01091569684722
2026-05-13,ITA US 01/15/27 C245 Equity,2026-05-20,10.35,11.5,11.197134855191162,11.5,11.197134855191162,11.446453449377206,11.061815130883609,9.441486320446003,9.564205,10.266699756051937,10.748047432195092,6.902499746632289,10.593133541105676
2026-05-13,ITA US 12/18/26 C230 Equity,2026-05-20,15.35,16.75,16.224616950676264,16.75,16.224616950676264,15.78415433095594,15.432342729197286,17.02611698873499,15.811145,16.21449424947192,16.255783664463703,13.782248721424843,15.808261408111699
2026-05-13,ITA US 01/15/27 C235 Equity,2026-05-20,14.05,15.649999999999999,15.408253534513149,15.649999999999999,15.408253534513149,15.123443622366011,14.598397386224956,14.286025907713944,13.250411,13.31170820490345,14.126350754856288,12.504487536261246,14.621504530028933
2026-05-13,ITA US 01/15/27 C240 Equity,2026-05-20,12.35,13.75,13.467687694642542,13.75,13.467687694642542,13.461588843824357,12.912370101689143,11.075278025156928,11.358531,11.792260421152545,12.388487545776261,9.119384724510065,12.737405987121681
2026-05-13,ITA US 12/18/26 C235 Equity,2026-05-20,13.0,14.75,14.255012133762214,14.75,14.255012133762214,14.26302171328128,13.771144210277846,12.066933846834578,12.335946,12.522480467654946,13.410015886695284,10.390984776405453,13.88252706687387
2026-05-13,ITA US 12/18/26 C245 Equity,2026-05-20,9.4,10.35,9.848313676521295,10.35,9.848313676521295,10.062434082587798,9.79352362540961,8.417185812886563,9.129428,9.512240001926704,10.061413153772659,4.6093244145914785,9.467842182495437
2026-05-13,ITA US 01/15/27 C230 Equity,2026-05-20,16.4,18.15,17.916756121002596,18.15,17.916756121002596,17.09345666603357,16.709438385972028,18.14296897679523,16.968096,16.947704285861185,16.79645353218942,14.920587684138088,17.070231708213587
2026-05-14,ITA US 01/15/27 C245 Equity,2026-05-21,10.350000000000001,11.3,10.39761557758344,11.3,10.39761557758344,11.046211107354114,10.846087543336832,10.697856043299259,10.12463,10.713964230636794,10.329583929122013,7.48377532168075,10.76757780059939
2026-05-14,ITA US 01/15/27 C250 Equity,2026-05-21,9.2,10.0,9.15560583215211,10.0,9.15560583215211,9.992743774389943,9.821542005563938,9.06086171337603,9.479328,9.257302353093658,9.205071372161882,5.572750279512941,9.611948055371421
2026-05-14,ITA US 10/16/26 C255 Equity,2026-05-21,4.325,5.3,4.852671302985447,5.3,4.852671302985447,5.050603390178825,5.111984639836585,4.896990845640077,4.527625,4.431742558360058,3.9899717106374677,2.119526421829704,5.102611431298519
2026-05-14,ITA US 10/16/26 C240 Equity,2026-05-21,7.8,8.85,8.114099667486819,8.85,8.114099667486819,8.13896274400375,8.089349993593768,8.609027054265907,8.026273,8.83392030627942,7.912509818704995,4.197177362603877,8.305365418795393
2026-05-14,ITA US 12/18/26 C250 Equity,2026-05-21,7.85,8.600000000000001,7.732265021616247,8.600000000000001,7.732265021616247,8.182563111346493,8.116379130992152,8.554355843876502,7.900629,8.67680811956395,8.474679401409851,4.578657848657885,8.10802276286672
2026-05-14,ITA US 10/16/26 C250 Equity,2026-05-21,5.35,6.65,6.086638928206144,6.65,6.086638928206144,6.7447833657392575,6.048822913314025,6.815346747595223,5.5677257,6.051806380970731,6.023142108630414,3.041380113607621,6.1641481896914945
2026-05-14,ITA US 01/15/27 C235 Equity,2026-05-21,14.05,15.399999999999999,14.448221296857705,15.399999999999999,14.448221296857705,15.037305542624097,14.60005071416364,14.212320391569488,13.739503,13.481438900661631,13.542658358738258,13.17976479911939,14.84386703761134
2026-05-14,ITA US 10/16/26 C230 Equity,2026-05-21,11.0,12.85,12.095906895680452,12.85,12.095906895680452,11.914100271284877,11.817267242641108,11.348039640432615,11.009112,11.191180581278124,11.576377544286899,9.524975699801875,12.25425557147478
2026-05-14,ITA US 10/16/26 C245 Equity,2026-05-21,6.25,7.35,6.761630842176382,7.35,6.761630842176382,7.4879421424614225,7.088146002417001,7.258615823075986,5.910823,6.562868596298057,6.619418865976587,4.1182500360782415,6.99094497898203
2026-05-14,ITA US 12/18/26 C245 Equity,2026-05-21,9.3,10.35,9.408672097975,10.35,9.408672097975,9.96301532895027,9.813850394404295,9.732785434543159,9.539567,10.128598388597293,9.627579371389373,5.387767140929366,9.8800762969978
2026-05-14,ITA US 01/15/27 C230 Equity,2026-05-21,16.2,17.6,16.594063180420605,17.6,16.594063180420605,16.926409103174116,16.579467384828703,17.69403710866624,16.591398,16.20568029324012,16.055933955475467,15.545635925885124,17.007667293428153
2026-05-14,ITA US 10/16/26 C235 Equity,2026-05-21,9.5,10.600000000000001,9.90560623444164,10.600000000000001,9.90560623444164,9.849861756914084,9.879314026963506,9.65067221624773,9.539985,9.746550472838782,9.344775692909241,6.554779600284009,10.07944043697804
2026-05-14,ITA US 07/17/26 C250 Equity,2026-05-21,1.75,2.1500000000000004,1.7923451928836003,2.1500000000000004,1.7923451928836003,3.4243942269098007,2.868778319458958,2.658312006898106,2.6182187,2.5889131723506984,2.401149837901116,0.7809192974586177,2.167645344082467
2026-05-14,ITA US 01/15/27 C240 Equity,2026-05-21,12.05,13.3,12.397470852521,13.3,12.397470852521,13.160053636304355,12.657077362871242,11.991004453694014,12.24881,11.961359342945423,11.709341160455251,10.233918461989536,12.696116831585302
2026-05-14,ITA US 12/18/26 C240 Equity,2026-05-21,10.95,12.75,11.768706491475193,12.75,11.768706491475193,12.60919405974578,12.174964736192608,11.505089374439171,11.284483,11.85351417171687,11.218952285803834,8.3527143787081,12.250996113431652
2026-05-14,ITA US 12/18/26 C230 Equity,2026-05-21,15.15,16.3,15.202916025223082,16.3,15.202916025223082,15.445811940720898,15.232635195975927,16.48796265609439,15.76317,15.048812730347239,15.385811517850366,13.960608873827772,15.76080970632911
2026-05-14,ITA US 12/18/26 C235 Equity,2026-05-21,12.8,14.0,12.986436431588695,14.0,12.986436431588695,13.571492566253635,13.323113299021713,12.409939381499465,12.540257,12.479614235520081,12.517217444153998,10.348028065136203,13.482333271345734
2026-05-14,ITA US 07/17/26 C230 Equity,2026-05-21,5.7,6.949999999999999,6.2964537830708975,6.949999999999999,6.2964537830708975,6.333442487825034,6.690831770625878,6.898777273104363,5.597763,6.011636883584232,6.937933895863418,4.850898687883847,6.394397185196489
2026-05-15,ITA US 10/16/26 C240 Equity,2026-05-22,8.55,6.45,5.514629512512759,6.45,5.514629512512759,5.612066322941132,5.1191384569621015,6.988163531265282,7.0181074,7.577604084817198,6.464476594239027,6.4599785368139795,5.547927447321385
2026-05-15,ITA US 12/18/26 C240 Equity,2026-05-22,12.05,10.25,9.29855751535887,10.25,9.29855751535887,10.40430958076089,9.596350844461949,10.03762865441513,10.426943,10.104681135433909,9.636386250964968,9.604388928698286,9.599735845584943
2026-05-15,ITA US 01/15/27 C235 Equity,2026-05-22,15.45,12.5,11.591272394626015,12.5,11.591272394626015,12.328637720141755,11.61431958718741,12.153451988619587,12.117207,12.189480653749333,11.485651824471114,12.638110514804007,11.615766966305792
2026-05-15,ITA US 10/16/26 C250 Equity,2026-05-22,6.15,3.7,3.3195324665281785,3.7,3.3195324665281785,3.2085647819724183,2.4521673703873965,5.204247628478811,4.156332,4.740935859984306,3.7475656077038373,5.768188923061004,2.8623715246733585
2026-05-15,ITA US 10/16/26 C235 Equity,2026-05-22,10.4,7.6,6.886368631769949,7.6,6.886368631769949,6.7497879573865145,6.293416534256061,7.88649059468851,6.94872,7.933238201962973,7.416381226485157,7.801407582425442,6.541029656270656
2026-05-15,ITA US 01/15/27 C245 Equity,2026-05-22,11.6,9.399999999999999,8.57025632763832,9.399999999999999,8.57025632763832,9.00153748170288,8.551477746582698,9.224953570084017,8.306645,8.950789932826886,8.526821752190665,9.104195054738463,8.622681665298613
2026-05-15,ITA US 12/18/26 C235 Equity,2026-05-22,14.1,11.75,10.652456466017474,11.75,10.652456466017474,11.3692677028466,10.684722096309645,11.493541244919665,11.685826,11.737815406950705,10.600888559746906,10.689645040414883,10.936140737926406
2026-05-15,ITA US 01/15/27 C240 Equity,2026-05-22,13.35,10.85,9.987976201188076,10.85,9.987976201188076,10.667786253405156,9.960248008336789,10.482958504644031,10.408339,10.02240910653943,9.866935061884472,10.539112751692121,9.992645376347634
2026-05-15,ITA US 12/18/26 C250 Equity,2026-05-22,8.9,6.6,5.924815724421256,6.6,5.924815724421256,5.706404879360031,5.301470148701711,7.896874273578273,7.0652423,7.138053685010273,6.349210620905883,7.080058509422882,5.64973327294591
2026-05-15,ITA US 10/16/26 C255 Equity,2026-05-22,4.65,3.0,2.4096946712766796,3.0,2.4096946712766796,1.8029282342818007,1.5280655798326706,4.173700844523743,3.7176971,4.284404669870377,3.1661946766554756,5.563583136385083,2.3080246192790446
2026-05-15,ITA US 01/15/27 C250 Equity,2026-05-22,10.05,8.2,7.550483567980329,8.2,7.550483567980329,7.831233252741951,7.47287491458845,8.42646355728266,7.407293,7.425964680103503,7.4408929855236625,8.032197683649352,7.479024341665007
2026-05-15,ITA US 07/17/26 C250 Equity,2026-05-22,1.5499999999999998,0.875,0.7799906302561044,0.875,0.7799906302561044,0.3798179790795295,-0.8554349863369808,1.9113483029164025,1.765683,1.5541522294202412,1.735431704025217,4.490148532134095,0.0710781120362598
2026-05-15,ITA US 12/18/26 C230 Equity,2026-05-22,16.2,13.4,12.349256167678531,13.4,12.349256167678531,12.969174413274144,12.311723775418644,12.69962422599843,13.675493,13.609111063695831,12.824584530965932,13.205470048306765,12.5487061645011
2026-05-15,ITA US 07/17/26 C230 Equity,2026-05-22,6.050000000000001,3.95,3.4743850806906607,3.95,3.4743850806906607,3.1239536140906488,2.9535097191236126,5.012332164815331,4.525671,4.686620222713078,4.1017223666471665,5.783046593582989,2.8923213855847707
2026-05-15,ITA US 01/15/27 C230 Equity,2026-05-22,17.55,14.35,13.399171154496765,14.35,13.399171154496765,14.019527814059867,13.264534641536962,13.184519977564797,14.010954,14.0042194918542,13.355332969277892,14.042380064873278,13.389249381080653
2026-05-15,ITA US 12/18/26 C245 Equity,2026-05-22,10.4,8.15,7.463169382299069,8.15,7.463169382299069,7.7665618150801965,7.323026024658907,8.565745197941109,7.6338243,8.112907094148536,7.546575436937774,8.017118533557188,7.391389531446323
2026-05-15,ITA US 10/16/26 C230 Equity,2026-05-22,12.8,9.149999999999999,8.575981955070326,9.149999999999999,8.575981955070326,8.39476518979927,7.806881690813697,9.335757254429923,8.984888,9.73754922267289,8.865616097683386,9.749347317530576,7.9871058119960185
2026-05-15,ITA US 10/16/26 C245 Equity,2026-05-22,7.35,4.65,4.101240116161079,4.65,4.101240116161079,3.7501414380937934,3.2929100456315368,5.378094094363484,4.648464,5.463904444997318,4.219673197299647,6.099652138830512,3.6933753565637364
2026-05-18,ITA US 10/16/26 C245 Equity,2026-05-26,8.8,6.0,5.681774255490202,6.0,5.681774255490202,7.720429874639539,7.9958130498075715,6.07894760534092,7.238098,7.422676431107091,7.11098922509522,6.968140570748995,7.846696102247002
2026-05-18,ITA US 12/18/26 C235 Equity,2026-05-26,16.35,12.05,11.213666107657119,12.05,11.213666107657119,14.442022468088611,14.418204505310236,12.284910976502143,14.332264,13.465307732214468,13.635365042149038,13.469149258216389,14.019610821962184
2026-05-18,ITA US 10/16/26 C230 Equity,2026-05-26,15.0,10.2,9.78930759490072,10.2,9.78930759490072,11.795424601128069,12.243747237012203,10.81499734537058,12.700639,12.226031100355492,12.591253968796249,12.423232741070944,12.100967389348192
2026-05-18,ITA US 07/17/26 C230 Equity,2026-05-26,8.2,4.85,4.437649578301565,4.85,4.437649578301565,6.263095374785353,7.206107952672919,5.062593638405392,5.793853,6.479082937720113,6.6174347101780375,7.922642116288457,6.562688056773613
2026-05-18,ITA US 10/16/26 C240 Equity,2026-05-26,10.55,6.75,6.404584386713706,6.75,6.404584386713706,8.751617560874,9.132991077447215,8.105944786053348,7.974255,8.480129565314657,8.858852960542666,7.8247930430522175,8.707063004471996
2026-05-18,ITA US 12/18/26 C250 Equity,2026-05-26,10.75,7.3,6.603780702742349,7.3,6.603780702742349,9.404296459419584,9.709487150300284,8.454943821643177,8.44081,9.010225586411334,8.482536785960175,8.660397837214537,9.317342727303622
2026-05-18,ITA US 07/17/26 C250 Equity,2026-05-26,3.0999999999999996,1.625,1.3412165560504827,1.625,1.3412165560504827,4.2057173216922905,4.88967003925389,1.849020466926607,2.7566247,2.8069388286833736,2.5786222174029927,4.453844777597562,4.0434612043781355
2026-05-18,ITA US 10/16/26 C250 Equity,2026-05-26,7.25,4.65,4.357986676213217,4.65,4.357986676213217,6.249588154960843,6.704661829702958,5.110018959531492,4.9121404,6.3030507257675765,5.324670242424347,5.629353155764049,6.557151456083596
2026-05-18,ITA US 01/15/27 C230 Equity,2026-05-26,20.1,15.0,14.461728544068201,15.0,14.461728544068201,17.122903194429874,17.110433319436137,15.572343902256549,18.007895,15.719377906787635,16.677469092400578,17.183510791267633,16.85140009860328
2026-05-18,ITA US 10/16/26 C235 Equity,2026-05-26,12.65,8.399999999999999,8.086952977439319,8.399999999999999,8.086952977439319,10.230576130327139,10.567111566016683,9.132067954788784,9.623452,8.882633151381771,10.004376186574113,9.429792797581507,10.268349100975207
2026-05-18,ITA US 12/18/26 C230 Equity,2026-05-26,18.3,14.05,13.307258454079378,14.05,13.307258454079378,16.162863637723454,16.200911903416912,13.625150958392432,15.891973,14.450508685672206,15.647283981179424,16.195812145136877,15.997292096401798
2026-05-18,ITA US 01/15/27 C240 Equity,2026-05-26,15.65,11.4,10.84763544905241,11.4,10.84763544905241,13.96944809871437,14.014175203636698,11.740865138739307,13.557229,12.83940883482803,12.802103676487361,13.050115205202639,13.381382095307018
2026-05-18,ITA US 10/16/26 C255 Equity,2026-05-26,6.05,3.5250000000000004,3.27257125511128,3.5250000000000004,3.27257125511128,4.8588604996041145,5.561580039885997,4.4977833107140395,4.401218,4.150915090041119,4.185112669277952,4.2000050392186665,5.546493661990921
2026-05-18,ITA US 01/15/27 C235 Equity,2026-05-26,17.55,13.15,12.318016986068848,13.15,12.318016986068848,15.384992731265093,15.31735537051861,12.863586949807154,15.22757,13.619550968654252,14.497120384625399,15.300511886612126,14.994941114671983
2026-05-18,ITA US 01/15/27 C245 Equity,2026-05-26,13.35,9.75,9.198783882701605,9.75,9.198783882701605,12.466965739861251,12.699439298593687,10.356174537990585,11.294077,11.190223044953512,11.333820831971813,11.340655666632673,11.888155759252665
2026-05-18,ITA US 12/18/26 C245 Equity,2026-05-26,11.899999999999999,8.7,8.035188052413217,8.7,8.035188052413217,11.09409146090149,11.301393764300546,9.225832787692317,10.662906,10.317988804388412,10.158346940899943,9.622185699372933,10.74411659754579
2026-05-18,ITA US 01/15/27 C250 Equity,2026-05-26,11.8,8.6,8.037499214823448,8.6,8.037499214823448,11.323788708919784,11.488849609103228,9.121176304995764,10.095119,9.408512807741284,9.672114269466135,9.599805814183417,10.733226029246762
2026-05-18,ITA US 12/18/26 C240 Equity,2026-05-26,13.8,10.399999999999999,9.859896315487756,10.399999999999999,9.859896315487756,13.096053804825315,13.098598986635285,10.921722704564557,12.489615,12.011897811432856,12.207468101302442,12.193838884730898,12.40749506257006
2026-05-19,ITA US 07/17/26 C250 Equity,2026-05-27,2.5250000000000004,1.6749999999999998,1.359085012031939,1.6749999999999998,1.359085012031939,5.389598450935496,4.686002184648327,1.6915513347606626,1.7757314,2.236680042210897,2.300932849450936,2.8134766612784845,3.568096636321112
2026-05-19,ITA US 12/18/26 C230 Equity,2026-05-27,19.35,13.2,12.250082115442844,13.2,12.250082115442844,15.005649888804362,14.43843952630307,12.896902372985876,15.277766,14.329239200694582,15.261447186354658,12.567453717388561,14.23574892853563
2026-05-19,ITA US 12/18/26 C240 Equity,2026-05-27,14.45,9.8,8.968040502266552,9.8,8.968040502266552,11.98948574462597,11.425094696457325,10.008988438689752,10.927325,11.67012623738016,11.256949464219005,7.977061713533102,10.971594311834187
2026-05-19,ITA US 10/16/26 C235 Equity,2026-05-27,13.05,7.800000000000001,7.224152431916555,7.800000000000001,7.224152431916555,9.398236862390792,9.155697425131237,8.691770377055304,9.209467,9.291398500317673,9.346470403807047,6.227339026190521,8.849605551936284
2026-05-19,ITA US 12/18/26 C235 Equity,2026-05-27,16.8,11.1,10.158148292195026,11.1,10.158148292195026,13.055601487475206,12.621205263603231,11.358380585805595,12.981644,13.137033503050812,12.802871738801436,9.681156207572412,12.23160911935458
2026-05-19,ITA US 12/18/26 C250 Equity,2026-05-27,10.649999999999999,6.9,6.19668395041014,6.9,6.19668395041014,8.644158958549072,8.387882908033777,8.121546181729862,7.986799,8.835541183855437,8.117068905394383,4.973022552140183,8.068834826091503
2026-05-19,ITA US 12/18/26 C245 Equity,2026-05-27,12.75,8.3,7.532826280985781,8.3,7.532826280985781,10.282561833022472,9.87888153573879,8.832177959994613,9.254709,9.710078065490936,9.363448542191207,5.901653990292396,9.482370372242208
2026-05-19,ITA US 10/16/26 C245 Equity,2026-05-27,9.45,5.75,5.334923461606892,5.75,5.334923461606892,7.877378962629061,7.207957191310456,5.734639330308831,6.3033457,7.307846191141471,6.880762756501713,3.38093143528716,6.892565340923216
2026-05-19,ITA US 07/17/26 C230 Equity,2026-05-27,9.149999999999999,4.65,4.270891111726209,4.65,4.270891111726209,6.911895529603932,6.833258224635235,4.968222415852262,5.3465905,6.4025474285591715,6.243463257936766,5.662545748866763,5.819844435205921
2026-05-19,ITA US 01/15/27 C230 Equity,2026-05-27,20.549999999999997,14.4,13.713449706658249,14.4,13.713449706658249,16.243189288697796,15.62245068985487,13.875328713974204,15.471336,14.994659959812417,16.0762691160435,13.586864062407086,15.35822701971887
2026-05-19,ITA US 01/15/27 C240 Equity,2026-05-27,15.549999999999999,10.75,9.968128308077151,10.75,9.968128308077151,12.850225644400838,12.37084017333904,10.786984756075876,11.679175,11.826490180061514,11.984417783313996,8.985232282570317,11.832773768606046
2026-05-19,ITA US 01/15/27 C250 Equity,2026-05-27,12.15,7.65,7.5563462661429766,7.65,7.5563462661429766,10.110701076338346,9.881938058230562,8.378376628569246,7.981534,8.850210668117215,8.918189313831414,6.203050998195621,8.951852284436093
2026-05-19,ITA US 10/16/26 C230 Equity,2026-05-27,16.05,9.75,9.119861275503807,9.75,9.119861275503807,11.103735630404927,10.913007225857008,10.136022989738757,11.022051,11.606224630229983,11.616264248176561,8.029878560798382,10.727317145388024
2026-05-19,ITA US 10/16/26 C255 Equity,2026-05-27,6.6,3.75,3.339809022237667,3.75,3.339809022237667,4.827829059672048,4.538298005331644,4.305166050338588,4.0836024,4.562497412274021,4.539773776980926,1.6387160276952566,4.781297027788515
2026-05-19,ITA US 01/15/27 C245 Equity,2026-05-27,13.75,9.4,8.64366199554402,9.4,8.64366199554402,11.479785987579344,11.309282018425797,9.57674404968653,10.247331,10.947557713126892,10.757371218053326,7.359839254798533,10.668701665391945
2026-05-19,ITA US 01/15/27 C235 Equity,2026-05-27,18.1,12.55,11.71919972364103,12.55,11.71919972364103,14.622398674777463,14.033013755483239,12.407359930522878,13.83091,13.718794454021795,13.731632855641244,11.719084468685658,13.646808678555251
2026-05-19,ITA US 10/16/26 C250 Equity,2026-05-27,8.5,5.0,4.553507186991861,5.0,4.553507186991861,6.751437378477977,6.503075330270927,5.273702667133858,5.497805,5.889087799457937,5.586226611759945,3.620252079428019,6.272213932332483
2026-05-19,ITA US 10/16/26 C240 Equity,2026-05-27,11.100000000000001,6.300000000000001,5.776159893690308,6.300000000000001,5.776159893690308,7.8498437280949585,7.616200099079034,6.535515226477885,6.759599,7.876813724453685,7.574727045423658,4.698158203120581,7.362885438667914
2026-05-20,ITA US 10/16/26 C235 Equity,2026-05-28,15.399999999999999,9.399999999999999,9.446898561779493,9.399999999999999,9.446898561779493,11.989492316520185,11.706724272777555,10.143462423004909,10.879988,10.222582228143539,10.60527771515218,8.565058214403678,11.041514438157087
2026-05-20,ITA US 10/16/26 C250 Equity,2026-05-28,9.25,5.25,5.166139780445243,5.25,5.166139780445243,8.98514696339076,8.39984239280996,6.039064665311946,5.8950734,7.187733667990627,6.225206519402425,4.179356167001681,7.240644368650139
2026-05-20,ITA US 10/16/26 C230 Equity,2026-05-28,18.25,11.0,11.161480935441288,11.0,11.161480935441288,13.419177315791696,13.353396895044225,11.021825773155115,12.538346,11.450796068890988,12.955358254912394,10.706461684071078,12.688620228455001
2026-05-20,ITA US 01/15/27 C230 Equity,2026-05-28,23.15,16.4,16.152645980713906,16.4,16.152645980713906,18.877058884483134,18.198900669553318,18.132511693221584,18.02806,15.812425585447409,17.78001452138885,16.418662633474757,17.91136402958433
2026-05-20,ITA US 12/18/26 C250 Equity,2026-05-28,12.2,7.9,7.6513753374489974,7.9,7.6513753374489974,11.121951908361119,10.558678030018957,9.171420601079511,9.545376,9.799561654757044,8.790579444356919,6.1448183151954625,9.656146971729795
2026-05-20,ITA US 12/18/26 C245 Equity,2026-05-28,14.3,9.4,9.059530343871339,9.4,9.059530343871339,12.711007035359497,12.152683816180865,9.932311658153298,11.218775,11.397431993750095,10.481606869461965,7.737072170629118,11.230101172855894
2026-05-20,ITA US 01/15/27 C245 Equity,2026-05-28,15.6,10.35,9.82752254376654,10.35,9.82752254376654,13.491370456995591,13.004423155872477,11.011252387584289,12.224157,11.691527688209687,11.91424542536126,8.358932446184701,12.050333291877804
2026-05-20,ITA US 12/18/26 C235 Equity,2026-05-28,19.5,13.0,12.770328259371745,13.0,12.770328259371745,15.760454034977656,15.19690181961143,12.667567236247878,14.842281,14.111788447126768,14.331537458461797,11.106431749169802,14.670156023713554
2026-05-20,ITA US 01/15/27 C240 Equity,2026-05-28,17.95,12.35,12.073457707621467,12.35,12.073457707621467,15.389345687365637,14.528904378734058,12.096840862909854,13.873699,13.055404709817145,13.423528414858367,10.845633534146591,13.872931699498308
2026-05-20,ITA US 07/17/26 C230 Equity,2026-05-28,11.85,5.9,5.8027592355230615,5.9,5.8027592355230615,8.895786194557624,9.014017301503566,5.851305260687337,5.4966354,6.202852334210903,7.808124024185798,8.63879978087181,7.519771555273957
2026-05-20,ITA US 10/16/26 C245 Equity,2026-05-28,11.1,6.4,6.4067645346580795,6.4,6.4067645346580795,9.926130005282877,9.315214924908739,7.264440005648634,6.771889,7.600680152499443,7.618502255353122,5.449769612092398,8.240490628507938
2026-05-20,ITA US 01/15/27 C250 Equity,2026-05-28,13.7,9.15,8.79154555870778,9.15,8.79154555870778,12.399863950730367,11.885940394729557,9.68448148956487,10.968257,10.766847281564173,9.9761361111242,7.334826678337421,10.914370839133351
2026-05-20,ITA US 12/18/26 C240 Equity,2026-05-28,16.6,11.1,10.566572293249669,11.1,10.566572293249669,14.233535456603935,13.61274002747692,11.248789821139335,13.114573,12.730200091636974,12.415980662193626,9.708360676538137,12.878200490124117
2026-05-20,ITA US 10/16/26 C240 Equity,2026-05-28,13.1,7.5,7.551610760768355,7.5,7.551610760768355,10.349574153848494,10.110551504116831,8.48029433434671,7.268233,7.981814121305081,9.081872141613111,6.841170346715991,9.248489145000821
2026-05-20,ITA US 01/15/27 C235 Equity,2026-05-28,20.25,14.05,13.433827703069051,14.05,13.433827703069051,16.789883212297717,16.09071600588706,13.144219344615735,15.049904,14.133970252335079,15.052033682830807,13.362580982239939,15.609436206042504
2026-05-20,ITA US 07/17/26 C250 Equity,2026-05-28,3.55,1.875,1.6810044225687746,1.875,1.6810044225687746,7.227024555019661,6.420333774173522,2.01760578844343,2.5416787,2.661780653957102,3.0823770235658436,3.3688358316554115,4.403743742609363
2026-05-20,ITA US 10/16/26 C255 Equity,2026-05-28,7.75,4.35,4.072355624217231,4.35,4.072355624217231,7.657590125453919,7.024665368576079,4.8391365621716576,4.635246,4.588668805455969,4.8901152180594405,3.67833771489955,6.312645971540523
2026-05-20,ITA US 12/18/26 C230 Equity,2026-05-28,21.85,15.35,15.167508096569184,15.35,15.167508096569184,18.03947409711956,17.40200447669193,16.021446112995903,16.766708,15.436574648480276,16.44687742453039,14.73658145633674,17.092160305680554
2026-05-21,ITA US 01/15/27 C245 Equity,2026-05-29,15.6,10.350000000000001,9.741286005876999,10.350000000000001,9.741286005876999,12.91776971751722,11.702221442659829,10.455476748349604,11.091673,10.710442946544525,10.539799310124462,8.551297768183863,11.182067490590764
2026-05-21,ITA US 01/15/27 C230 Equity,2026-05-29,22.9,16.2,15.526159743817132,16.2,15.526159743817132,18.359269219339417,16.939447363688043,18.18351203960025,17.8023,15.971265878211916,16.452243865099295,16.1866985107177,16.88799482596953
2026-05-21,ITA US 10/16/26 C250 Equity,2026-05-29,9.0,5.35,4.977543194457596,5.35,4.977543194457596,8.028365144846337,6.9066793242915745,5.550701600546272,5.476226,6.079083626048552,4.951062596592044,3.137121003104738,6.429918796101655
2026-05-21,ITA US 01/15/27 C235 Equity,2026-05-29,20.35,14.05,13.369625005364728,14.05,13.369625005364728,16.338471942177456,14.882535853536302,13.181178148548614,14.356057,12.97500907233616,14.000057122222993,13.670548543796166,14.718921621862675
2026-05-21,ITA US 10/16/26 C255 Equity,2026-05-29,7.7,4.325,4.097031383774781,4.325,4.097031383774781,6.989781204240345,5.92499950833898,4.296986467333596,4.0114775,4.230032279878661,3.7674074072425174,2.951145478135442,5.4877932341121
2026-05-21,ITA US 01/15/27 C240 Equity,2026-05-29,17.95,12.05,11.408955183135122,12.05,11.408955183135122,14.85459054213127,13.387190043543736,12.014694524075287,12.764,12.257674352614663,12.277820896625371,11.461304832070063,12.888159331806047
2026-05-21,ITA US 12/18/26 C235 Equity,2026-05-29,19.0,12.8,12.292493852100437,12.8,12.292493852100437,15.346742199432008,13.978316421648628,12.270589681667484,13.598296,12.569231040753268,13.055307620328582,11.623739506310924,13.617602412271106
2026-05-21,ITA US 10/16/26 C240 Equity,2026-05-29,12.6,7.8,7.5722225762963005,7.8,7.5722225762963005,10.076746122696125,8.880729548417333,8.21475330457634,8.208145,7.742547650898325,7.841765085409549,5.532638503553293,8.51806689513517
2026-05-21,ITA US 12/18/26 C245 Equity,2026-05-29,14.2,9.3,8.739265137819514,9.3,8.739265137819514,12.006001796192045,10.837883229430414,9.229287368107832,9.961706,10.214801044470361,9.772193260218732,6.77212709735756,10.257775746757785
2026-05-21,ITA US 07/17/26 C230 Equity,2026-05-29,11.45,5.7,5.2269443671304305,5.7,5.2269443671304305,8.03554767551599,7.4315266856892706,5.5216516626975976,5.264461,5.4390275548061116,6.647801246377427,6.99391554197394,6.511702573936578
2026-05-21,ITA US 10/16/26 C245 Equity,2026-05-29,10.65,6.25,6.02597306082413,6.25,6.02597306082413,8.955608005269575,8.105834802740524,6.096146307356025,5.754592,6.647537701567201,6.298522644180648,4.771168308276313,7.364031002877244
2026-05-21,ITA US 07/17/26 C250 Equity,2026-05-29,3.2,1.75,1.4371564913207964,1.75,1.4371564913207964,5.593802618299221,3.938801815604709,1.8885360568618743,2.1315322,2.996043231362361,2.294890732674599,1.9430446460251334,2.942115806985851
2026-05-21,ITA US 10/16/26 C230 Equity,2026-05-29,17.9,11.0,10.804572336154438,11.0,10.804572336154438,12.755359933988492,12.0319516256449,10.780734909196571,11.683113,10.984402856992672,11.344801635444473,9.369317663687957,11.786474852254635
2026-05-21,ITA US 01/15/27 C250 Equity,2026-05-29,13.85,9.2,8.598422596166241,9.2,8.598422596166241,11.955425931717702,10.58852606344539,9.095102131577308,9.419083,9.747071059815884,9.234440483474675,7.060446223704848,10.050788559425245
2026-05-21,ITA US 12/18/26 C250 Equity,2026-05-29,12.1,7.85,7.227455289528625,7.85,7.227455289528625,10.507490569444895,9.470306379891813,8.426386962040702,8.323146,8.448303636018867,7.721068942111637,6.0320038573494035,8.887582453238792
2026-05-21,ITA US 12/18/26 C230 Equity,2026-05-29,21.7,15.15,14.645621082954948,15.15,14.645621082954948,17.580673793300697,16.258004891735347,15.747281665173213,15.703142,14.626676275073601,15.46687494292974,15.15734055773484,16.039236965098045
2026-05-21,ITA US 10/16/26 C235 Equity,2026-05-29,15.25,9.5,9.18154521970042,9.5,9.18154521970042,11.857548715161972,10.78992247601616,9.457849643462257,9.934445,9.808180037679323,9.826269399795928,7.543467633896624,10.394763159309017
2026-05-21,ITA US 12/18/26 C240 Equity,2026-05-29,16.450000000000003,10.95,10.353416523597962,10.95,10.353416523597962,13.514568646495661,12.237896262134605,10.74201839356185,11.7047615,11.36496781062881,11.039444849688046,9.092553774365326,11.793838803523625
2026-05-22,ITA US 12/18/26 C230 Equity,2026-06-01,19.15,16.2,15.564767247269828,16.2,15.564767247269828,16.00769904573666,15.464761579999982,16.640026847088283,16.45693,14.155746466306626,15.1762042873169,14.19449928668534,15.774760500935475
2026-05-22,ITA US 12/18/26 C245 Equity,2026-06-01,12.3,10.4,9.788211847845865,10.4,9.788211847845865,10.849715438908305,10.267302857389975,9.99003730673037,10.053519,9.457647942161069,9.235627901979434,6.159515392897416,10.055181859948718
2026-05-22,ITA US 01/15/27 C230 Equity,2026-06-01,20.5,17.55,16.928218309611427,17.55,16.928218309611427,17.259729036366142,16.495517097140922,17.21964245167339,16.94873,16.149125268315824,16.167212402474032,15.813026570319336,16.993668249779528
2026-05-22,ITA US 01/15/27 C240 Equity,2026-06-01,15.75,13.35,12.727157333618875,13.35,12.727157333618875,13.612035123787193,12.870539957582626,12.304073252614886,12.081936,11.928191307723123,11.441412674094348,9.931466657987661,12.859407547039671
2026-05-22,ITA US 10/16/26 C230 Equity,2026-06-01,15.6,12.8,12.451890072045627,12.8,12.451890072045627,12.271722543817084,12.081448183286064,11.945317323527163,12.082519,10.862686153290133,11.59541105158399,9.88381055350958,12.372069969087951
2026-05-22,ITA US 07/17/26 C230 Equity,2026-06-01,8.85,6.050000000000001,5.614744701223658,6.050000000000001,5.614744701223658,5.46320310450796,5.786342005614923,5.607791896692154,5.5303874,5.485231473971659,6.165159172137692,5.512442886142285,5.327960553388768
2026-05-22,ITA US 01/15/27 C235 Equity,2026-06-01,17.950000000000003,15.45,14.826415860872318,15.45,14.826415860872318,15.487395906161264,14.77194582894642,14.904333038878196,14.495863,12.78313902664005,13.581494324797195,12.85874345967194,14.954413356579131
2026-05-22,ITA US 07/17/26 C250 Equity,2026-06-01,2.325,1.5499999999999998,1.2542070747514977,1.5499999999999998,1.2542070747514977,2.92538009507426,1.8646837133227656,1.983411019895762,1.5578904,1.7465122561494588,2.0749257820047564,1.5154429573293298,1.281170842450618
2026-05-22,ITA US 12/18/26 C240 Equity,2026-06-01,13.8,12.05,11.431889048881239,12.05,11.431889048881239,12.29936160849289,11.711889334919606,11.520784608712198,10.998028,10.733820630105171,10.468928634167085,8.383711260869953,11.627209564391602
2026-05-22,ITA US 10/16/26 C245 Equity,2026-06-01,9.1,7.35,7.00770549819601,7.35,7.00770549819601,7.762474821638624,7.588171522048475,7.492569564098317,6.1736975,6.448751792185343,6.286951438706081,5.0896621602975385,7.1431612394021355
2026-05-22,ITA US 10/16/26 C240 Equity,2026-06-01,10.8,8.55,8.220288712924114,8.55,8.220288712924114,9.000818492021857,8.489074994605396,8.43986397780103,7.128465,8.05418298554599,7.038112932399174,5.8284114082083835,8.214806037986722
2026-05-22,ITA US 10/16/26 C250 Equity,2026-06-01,7.35,6.15,5.922797497709062,6.15,5.922797497709062,6.683163740866858,6.105413785850437,5.656791243839227,5.291495,5.377890516356645,4.684723185486526,3.0866443057677047,5.741819991366751
2026-05-22,ITA US 01/15/27 C250 Equity,2026-06-01,11.600000000000001,10.05,9.426039003566574,10.05,9.426039003566574,10.601562823511873,10.009440113183125,9.570194463375094,9.683518,8.40937554079743,8.50775353139721,5.407344804229922,9.641385646727603
2026-05-22,ITA US 12/18/26 C250 Equity,2026-06-01,10.850000000000001,8.9,8.484746433207887,8.9,8.484746433207887,9.162248736291941,8.92287192456069,8.778697624012628,9.099642,8.408551183139286,7.788150988258893,6.039331015739156,8.512637813485552
2026-05-22,ITA US 10/16/26 C255 Equity,2026-06-01,6.5,4.65,4.347334182981122,4.65,4.347334182981122,5.135062523610918,4.725631351775231,4.426541518119045,3.714905,4.152503180427784,3.0626317262065506,2.5369876544969374,4.390143812458923
2026-05-22,ITA US 12/18/26 C235 Equity,2026-06-01,16.35,14.1,13.469066975639496,14.1,13.469066975639496,14.197135325313809,13.493561108370356,13.0025643700884,13.062304,11.748249067176038,12.3107511313361,11.095559128935687,13.663008674347704
2026-05-22,ITA US 10/16/26 C235 Equity,2026-06-01,12.850000000000001,10.4,10.068239994380633,10.4,10.068239994380633,10.457373902098185,10.15863879846303,9.847476980752418,9.687844,9.059595511501746,9.23430792884172,7.39211704447726,10.019068580123339
2026-05-22,ITA US 01/15/27 C245 Equity,2026-06-01,13.85,11.6,10.965286893373396,11.6,10.965286893373396,12.01086031469291,11.399460531175706,11.094156677721644,10.742421,10.41793344147659,9.902151890180093,7.64945888973623,11.19195392258608
2026-05-26,ITA US 07/17/26 C250 Equity,2026-06-02,1.95,3.0999999999999996,1.8605067443992638,3.0999999999999996,1.8605067443992638,4.661608186929266,4.876970614147076,3.623934590851587,2.6453826,3.6147762281266163,3.182400422980672,6.940828442187584,4.073342191813323
2026-05-26,ITA US 10/16/26 C250 Equity,2026-06-02,6.95,7.25,6.818679176536912,7.25,6.818679176536912,9.83384469663471,8.967187541518314,7.3865620610487674,6.3176866,6.7519029436535405,6.7292150301269436,5.022027825988454,8.254687139990862
2026-05-26,ITA US 10/16/26 C235 Equity,2026-06-02,12.0,12.65,12.39039694878289,12.65,12.39039694878289,14.039172591117275,13.432911510491655,11.502027954324566,10.778346,12.14101068821122,11.159134791516351,9.83718093528432,13.402896734948085
2026-05-26,ITA US 07/17/26 C230 Equity,2026-06-02,7.5,8.2,7.763090228359375,8.2,7.763090228359375,8.56211078637671,9.124627696930016,8.314848069790864,7.1209283,6.672743319996242,8.86037679865981,9.227027980274094,8.729789273673408
2026-05-26,ITA US 12/18/26 C230 Equity,2026-06-02,17.95,18.3,17.85218164341032,18.3,17.85218164341032,19.11970603029122,18.291137516728412,18.422830014333826,17.526224,18.266651051668134,17.63805002862907,16.546662914167985,18.865176021739753
2026-05-26,ITA US 12/18/26 C235 Equity,2026-06-02,15.7,16.35,15.494571954357463,16.35,15.494571954357463,17.69845987813466,16.60039712237576,16.823630555287746,15.275922,15.83918997981113,15.180003266441084,13.744179156240302,17.0137002821534
2026-05-26,ITA US 12/18/26 C240 Equity,2026-06-02,13.95,13.8,13.255059626198955,13.8,13.255059626198955,15.632380327309203,14.694437820575494,12.436526592084563,12.423708,13.298775088211427,12.146208401430044,10.938258676732941,14.562992749076656
2026-05-26,ITA US 12/18/26 C245 Equity,2026-06-02,11.75,11.899999999999999,12.129101922556666,11.899999999999999,12.129101922556666,14.526851029133365,13.556443393697673,11.318555654374146,10.649082,12.202139129425571,10.410734609201173,8.916462321947265,12.839067374245742
2026-05-26,ITA US 10/16/26 C230 Equity,2026-06-02,14.5,15.0,14.765554054036716,15.0,14.765554054036716,16.031216761153743,15.458344922515135,14.198152694720966,13.605013,14.640243991183027,13.950817758684614,12.761806204944534,15.715439387345153
2026-05-26,ITA US 01/15/27 C250 Equity,2026-06-02,11.35,11.8,11.221786255582908,11.8,11.221786255582908,14.157024166792482,13.098461775771641,11.206797186481884,10.72657,12.166896414308463,10.316266945871936,8.22186276082219,12.628376020310634
2026-05-26,ITA US 10/16/26 C240 Equity,2026-06-02,10.4,10.55,10.08322315947814,10.55,10.08322315947814,12.233641900800647,11.587217185180918,9.64240665174261,9.50203,10.566787262418496,9.329261632643703,7.854701332841847,11.360713695168537
2026-05-26,ITA US 01/15/27 C245 Equity,2026-06-02,13.3,13.35,12.753483271103928,13.35,12.753483271103928,15.44955567864169,14.272786575334903,12.104117345928994,12.123127,13.22588709447672,11.628317642204653,10.02964625904592,14.026028702727416
2026-05-26,ITA US 01/15/27 C240 Equity,2026-06-02,15.15,15.65,14.711943700295873,15.65,14.711943700295873,17.176185201683285,15.795287905163386,15.128323693823052,13.826635,14.682235803503689,13.52909825070061,12.838196682974191,16.11190931198335
2026-05-26,ITA US 01/15/27 C230 Equity,2026-06-02,19.35,20.1,19.52704559037769,20.1,19.52704559037769,20.958968040726464,19.875793579388382,19.916111533027095,19.193647,19.430080640043464,18.544661361929542,18.453263374110993,20.632745155082826
2026-05-26,ITA US 12/18/26 C250 Equity,2026-06-02,9.8,10.75,10.283123934346618,10.75,10.283123934346618,12.964665213386805,11.968725630700959,9.947194640440378,10.100406,11.49010150604365,9.87585970483749,8.784087821129546,11.496441246795612
2026-05-26,ITA US 01/15/27 C235 Equity,2026-06-02,17.15,17.55,16.8138218391874,17.55,16.8138218391874,18.9414552082353,17.852818022256493,17.604714240573156,15.864697,16.71996278377452,15.969289131385551,15.92601964404116,18.168503893911012
2026-05-26,ITA US 10/16/26 C245 Equity,2026-06-02,8.6,8.8,8.27498805076095,8.8,8.27498805076095,10.964654265845223,10.257503200879425,8.452729885413357,8.0274315,9.766633651275706,7.818628753266552,6.031085695899899,9.722582205295234
2026-05-26,ITA US 10/16/26 C255 Equity,2026-06-02,6.35,6.05,5.567479245247985,6.05,5.567479245247985,8.270678404941865,7.6164831331081295,5.578317737102427,5.43831,5.051916963447731,4.993624718719417,3.9171640202610747,7.055975382107457
2026-05-27,ITA US 10/16/26 C245 Equity,2026-06-03,7.550000000000001,9.45,9.096469979267182,9.45,9.096469979267182,11.138468563448857,10.435777121859989,8.754208903467966,8.868856,8.946966820061592,9.54708518699376,6.313511050263839,10.027263991345396
2026-05-27,ITA US 01/15/27 C245 Equity,2026-06-03,11.8,13.75,13.18485862224509,13.75,13.18485862224509,15.399245689791645,14.301645374930327,12.294330070779496,12.845815,12.500172005286158,12.99688848061486,10.512736892686705,14.133338297141641
2026-05-27,ITA US 07/17/26 C230 Equity,2026-06-03,6.45,9.149999999999999,8.726608262651473,9.149999999999999,8.726608262651473,9.968467688315357,9.927586291488367,8.459959994296659,8.896234,8.453926906978522,9.950843464397437,9.634854970458134,9.356945265317385
2026-05-27,ITA US 12/18/26 C230 Equity,2026-06-03,16.6,19.35,18.86057354742827,19.35,18.86057354742827,20.09697740268654,18.77559610033842,19.766610279708527,19.934603,19.08815686089459,19.21955368642987,17.586932576951526,19.544894311592344
2026-05-27,ITA US 12/18/26 C240 Equity,2026-06-03,12.3,14.45,13.978117776637767,14.45,13.978117776637767,15.678167569155367,14.735682572971978,12.782284295702421,13.64091,13.32929850926601,13.726821393204576,11.153780097394634,14.802590277724976
2026-05-27,ITA US 10/16/26 C240 Equity,2026-06-03,9.2,11.100000000000001,10.752928537537857,11.100000000000001,10.752928537537857,12.451047031895786,11.765319846871051,9.748017262115969,10.284732,10.067491153289968,10.860847381967092,7.818839400184573,11.562008251537009
2026-05-27,ITA US 07/17/26 C250 Equity,2026-06-03,1.5,2.5250000000000004,2.1669600781137017,2.5250000000000004,2.1669600781137017,4.760162528301937,4.1472364058900695,2.5461723049795655,3.4699416,3.1366672466796954,3.842010021674323,1.8575349625840931,3.0091320119188856
2026-05-27,ITA US 10/16/26 C255 Equity,2026-06-03,5.25,6.6,6.261256034022639,6.6,6.261256034022639,8.576670634823135,7.88760818798803,6.834773948104738,5.802592,5.80006215879411,6.830097017146273,4.186088973350514,7.314416483296278
2026-05-27,ITA US 01/15/27 C240 Equity,2026-06-03,13.649999999999999,15.549999999999999,15.26546225269242,15.549999999999999,15.26546225269242,17.207331690709864,16.08085637652931,14.880231356600358,14.566623,14.613527387310548,15.070273822812846,13.277012614919338,15.950976366765284
2026-05-27,ITA US 10/16/26 C235 Equity,2026-06-03,10.8,13.05,12.575209201159025,13.05,12.575209201159025,13.944982614298134,13.308462463838486,11.715318371817007,12.544081,11.805806738385991,12.682048519345162,9.894700292755774,13.411963640048963
2026-05-27,ITA US 10/16/26 C250 Equity,2026-06-03,5.75,8.5,8.190836962700377,8.5,8.190836962700377,10.36322122878431,9.543532375298785,8.089505154740575,7.0355263,7.575136740881966,8.076825249273366,5.347823990764486,9.084476469097496
2026-05-27,ITA US 12/18/26 C245 Equity,2026-06-03,10.7,12.75,12.269460489131129,12.75,12.269460489131129,14.496648025105758,13.646368405308072,11.621942301130332,11.9755945,12.16774424085606,12.31293680498396,9.362737476711896,13.316181977723375
2026-05-27,ITA US 12/18/26 C250 Equity,2026-06-03,9.15,10.649999999999999,10.80712843834873,10.649999999999999,10.80712843834873,13.011726276117134,11.85595653438537,9.665838922530662,10.196863,10.581017996849006,10.54193350403648,7.0381011927811805,11.133475181741492
2026-05-27,ITA US 12/18/26 C235 Equity,2026-06-03,14.1,16.8,16.32120060481282,16.8,16.32120060481282,17.72755352041964,16.902380644783086,17.657436688755084,16.95702,16.886274014887334,17.063914676842387,14.290364683863343,17.17293742104844
2026-05-27,ITA US 01/15/27 C250 Equity,2026-06-03,10.399999999999999,12.15,11.626679016514867,12.15,11.626679016514867,14.147763742919667,13.1476287795524,11.181491820634147,11.500429,11.889656742414216,11.804802251348418,8.275537133700562,12.689814019238728
2026-05-27,ITA US 10/16/26 C230 Equity,2026-06-03,12.3,16.05,15.779791488282001,16.05,15.779791488282001,16.934194346651296,15.875894571567395,16.695362783396273,15.2482815,14.99407052228196,16.305264254633972,13.23521784730646,16.276709881651847
2026-05-27,ITA US 01/15/27 C235 Equity,2026-06-03,14.95,18.1,17.82964853351304,18.1,17.82964853351304,19.21474037074841,18.25172991731541,18.711945758904744,18.156544,17.655541071705198,17.736453849649013,16.510318362165034,18.486635828406246
2026-05-27,ITA US 01/15/27 C230 Equity,2026-06-03,17.799999999999997,20.549999999999997,20.293215245653403,20.549999999999997,20.293215245653403,21.591763580051648,20.228622188245275,20.04014665328571,20.539082,20.17442566071521,19.67432323003493,19.115182517679028,20.761471875292756
2026-05-28,ITA US 12/18/26 C240 Equity,2026-06-04,14.6,16.6,16.444785154018692,16.6,16.444785154018692,17.61962419128588,16.704683700951264,16.631567324805854,17.044369,16.298613145193475,16.28507873115855,15.535455482303103,16.779942028158246
2026-05-28,ITA US 07/17/26 C250 Equity,2026-06-04,2.6,3.55,3.163954020194357,3.55,3.163954020194357,5.397922718237897,5.3808469952253795,3.0716508496091275,4.64977,3.8750135528458727,3.9461837595924774,5.133666388961216,3.763177278926962
2026-05-28,ITA US 12/18/26 C235 Equity,2026-06-04,17.0,19.5,19.263039040590318,19.5,19.263039040590318,20.277185399116156,18.932293852571473,18.930003628844307,19.758753,18.75700183131645,18.73631115185985,17.57700454982702,19.478815390758427
2026-05-28,ITA US 10/16/26 C245 Equity,2026-06-04,9.0,11.1,11.156107585592279,11.1,11.156107585592279,12.893044305010296,12.25194478261836,9.693173730101847,10.103307,11.332972669753687,10.743405856217409,10.017481647540144,11.508241774732086
2026-05-28,ITA US 01/15/27 C245 Equity,2026-06-04,13.7,15.6,15.15706352878848,15.6,15.15706352878848,16.846690774109135,15.928603772940725,14.786205271856849,14.730361,15.338737274357227,14.105253412874696,13.935679425077335,15.752342417914624
2026-05-28,ITA US 01/15/27 C240 Equity,2026-06-04,15.95,17.95,17.33450249894863,17.95,17.33450249894863,18.38450210759641,17.70920036522808,17.3386021157358,17.929333,17.506150805339516,17.481512912164405,16.495892390347574,17.96852374442493
2026-05-28,ITA US 10/16/26 C255 Equity,2026-06-04,6.550000000000001,7.75,7.572420749779375,7.75,7.572420749779375,9.993990555994223,9.383536108281369,7.585831804602804,7.4912333,8.228796046145193,7.639289998211205,6.57726874077604,8.297270368644302
2026-05-28,ITA US 10/16/26 C230 Equity,2026-06-04,15.75,18.25,18.459744740345855,18.25,18.459744740345855,18.81938295917984,17.95578166241389,17.50956661215939,18.749397,17.50972287539763,17.585536023158877,14.77958043595806,17.785745861734252
2026-05-28,ITA US 10/16/26 C235 Equity,2026-06-04,13.6,15.399999999999999,15.56585753401123,15.399999999999999,15.56585753401123,16.253659396348837,15.325152915478906,14.201671026067402,13.920592,15.060445660909341,14.090430759656353,14.086973666512986,15.451823362522562
2026-05-28,ITA US 12/18/26 C230 Equity,2026-06-04,19.4,21.85,21.67579064984705,21.85,21.67579064984705,22.121011363730624,21.016533715224067,19.81644956084001,20.492899,20.19818974006643,20.857945588257166,18.758716953800313,21.33496895350622
2026-05-28,ITA US 10/16/26 C240 Equity,2026-06-04,10.85,13.1,13.207101272117077,13.1,13.207101272117077,14.289270582560919,13.667901417662927,11.678750004067288,12.232639,12.770185529850744,12.384045485577774,11.848453535504033,13.35353765471347
2026-05-28,ITA US 07/17/26 C230 Equity,2026-06-04,9.3,11.85,11.523247362954592,11.85,11.523247362954592,12.237848315884097,12.411335767187031,7.154700047164431,9.035181,10.130131930291535,10.281498078643212,10.30732747633897,11.423522192659606
2026-05-28,ITA US 12/18/26 C245 Equity,2026-06-04,12.5,14.3,14.11599576798072,14.3,14.11599576798072,15.644074802743779,14.96986860026724,12.576357963897555,13.543992,14.14753933387091,13.223792644715935,11.88858163326049,14.515628295820742
2026-05-28,ITA US 10/16/26 C250 Equity,2026-06-04,7.699999999999999,9.25,9.265574354963922,9.25,9.265574354963922,11.668456957009202,10.592960794222346,8.683057946401696,9.203845,10.095492868109348,9.100066299696485,7.639504502067167,9.56338696561418
2026-05-28,ITA US 01/15/27 C230 Equity,2026-06-04,20.85,23.15,22.795190797403848,23.15,22.795190797403848,23.233686101835886,22.210052485539286,20.936829760571893,21.537132,21.398210802196328,21.601411391912464,19.721958294587346,22.59011073193871
2026-05-28,ITA US 01/15/27 C250 Equity,2026-06-04,12.05,13.7,13.316285392887597,13.7,13.316285392887597,15.355785070928679,14.470739776172412,12.215302191483783,12.836429,13.657740168721645,12.68675106925277,10.966303047222178,13.917728493795785
2026-05-28,ITA US 12/18/26 C250 Equity,2026-06-04,10.75,12.2,11.987042581466385,12.2,11.987042581466385,14.028858776414229,13.334736664089858,11.275817826115432,11.959843,13.330233478955702,11.678602555267517,11.406854785019458,12.570729960377877
2026-05-28,ITA US 01/15/27 C235 Equity,2026-06-04,18.3,20.25,20.046864188854737,20.25,20.046864188854737,20.997763283391368,19.96062744523126,19.187940793610046,19.640469,19.239733166525028,19.137705037930715,19.569872140890812,20.264055694285382
2026-05-29,ITA US 12/18/26 C245 Equity,2026-06-05,12.100000000000001,14.2,14.04861896079002,14.2,14.04861896079002,12.805090508604195,12.505059961658256,12.32001995557075,13.435805,13.565872036098337,12.990205538702432,9.84711170787683,12.541734619729185
2026-05-29,ITA US 12/18/26 C235 Equity,2026-06-05,16.15,19.0,18.973207420294614,19.0,18.973207420294614,17.627094689745903,16.671989130632756,17.827849722532733,17.919704,18.31653405961559,18.078718556974934,15.305350437863265,17.25193494387792
2026-05-29,ITA US 10/16/26 C245 Equity,2026-06-05,9.0,10.65,10.672490858879,10.65,10.672490858879,9.59784698903809,9.353796459912115,9.458244476653107,9.965446,10.933886967306613,10.032154603913858,7.208975997809425,9.056962021936563
2026-05-29,ITA US 01/15/27 C235 Equity,2026-06-05,17.5,20.35,20.405812112201847,20.35,20.405812112201847,18.408264880341704,17.889049337577735,19.112568025028033,19.641909,18.798449721356008,18.417941088433935,17.761981211189624,18.509584231654774
2026-05-29,ITA US 12/18/26 C250 Equity,2026-06-05,10.9,12.1,11.99789257309375,12.1,11.99789257309375,10.943449878436763,10.735853589001147,11.00032759488201,11.778341,12.72082367184367,11.184208383889015,8.643703697892148,10.500988225477847
2026-05-29,ITA US 10/16/26 C250 Equity,2026-06-05,7.4,9.0,9.042975340179947,9.0,9.042975340179947,8.386250406104619,7.912432381500848,8.699081099520285,9.140175,10.102741352029204,9.196525143453506,5.488127597201531,7.488691524057144
2026-05-29,ITA US 01/15/27 C245 Equity,2026-06-05,13.3,15.6,15.100605242691975,15.6,15.100605242691975,13.851906469182415,13.586233234294603,14.706746464802345,14.221671,14.899743416568565,14.039809453202256,11.443552193548514,13.819373615342643
2026-05-29,ITA US 01/15/27 C240 Equity,2026-06-05,15.5,17.95,17.781826215837476,17.95,17.781826215837476,16.02769988100829,15.640153068739643,17.143254271939902,17.052567,18.524398324558792,17.287127957431224,14.0371870171761,16.13275407698548
2026-05-29,ITA US 07/17/26 C250 Equity,2026-06-05,1.925,3.2,3.048565045406036,3.2,3.048565045406036,2.6295885255470104,2.761994476882517,2.875083057814442,4.90073,5.085873895484192,4.276305484543803,2.9902168858803826,1.5999123718997739
2026-05-29,ITA US 12/18/26 C240 Equity,2026-06-05,13.899999999999999,16.450000000000003,16.480888491258188,16.450000000000003,16.480888491258188,14.820796978321095,14.309500356287575,15.763021945601055,15.927599,16.759382381708004,15.693919261097818,12.427416981838734,14.66835663865044
2026-05-29,ITA US 10/16/26 C240 Equity,2026-06-05,11.15,12.6,12.829233505283357,12.6,12.829233505283357,11.19295391481357,11.195535871225504,10.958413057776566,11.441772,12.444200853299401,11.445292717045715,9.198503709255013,11.031476080204929
2026-05-29,ITA US 10/16/26 C255 Equity,2026-06-05,6.2,7.7,7.79667640329372,7.7,7.79667640329372,6.980831830882887,6.5141811213952945,7.157769271391141,6.093761,7.95935411924932,7.370926382121842,4.326792770160596,6.049221886163313
2026-05-29,ITA US 10/16/26 C230 Equity,2026-06-05,14.8,17.9,18.151613534980395,17.9,18.151613534980395,15.825499119833504,15.454533464023111,16.863252490944003,16.792475,17.039742544842365,17.46415469933129,12.602953955311174,15.587328179216646
2026-05-29,ITA US 10/16/26 C235 Equity,2026-06-05,12.5,15.25,15.627427352652488,15.25,15.627427352652488,13.780946474880194,13.546621068295302,14.359390138265795,13.826623,15.009656270052009,14.193255665871444,12.106112663441857,13.637936967011598
2026-05-29,ITA US 12/18/26 C230 Equity,2026-06-05,18.35,21.7,21.840409086041852,21.7,21.840409086041852,19.456013387490806,18.813412014590618,19.707322497839616,20.054968,19.49603840159112,20.889633083047308,16.520197687063582,19.297250711066255
2026-05-29,ITA US 01/15/27 C230 Equity,2026-06-05,19.7,22.9,22.935553242729682,22.9,22.935553242729682,20.478403962368326,19.924226011857726,20.111320574597737,20.448118,20.646161338005765,21.504580287301152,17.10989308463969,20.459379562814224
2026-05-29,ITA US 01/15/27 C250 Equity,2026-06-05,11.5,13.85,13.730033604977212,13.85,13.730033604977212,12.672411007641603,11.909147274189829,11.876576618638115,12.5163765,12.92502210627922,12.146351796004375,8.485102479240124,11.97395083914052
2026-05-29,ITA US 07/17/26 C230 Equity,2026-06-05,7.6,11.45,11.539051045422575,11.45,11.539051045422575,9.825566069825603,10.185356764757929,6.9035681321469164,8.365283,9.744658893931845,10.039527886087262,8.270626713640675,9.201586312887233
2026-06-01,ITA US 10/16/26 C230 Equity,2026-06-08,13.8,15.6,14.735335156649796,15.6,14.735335156649796,12.97711997433392,13.269209908318858,14.406426747802696,13.426011,13.970447291733251,14.538423150272411,14.230550103871918,14.102009148199345
2026-06-01,ITA US 10/16/26 C250 Equity,2026-06-08,7.199999999999999,7.35,6.671061873167752,7.35,6.671061873167752,5.679421508756822,6.078157471971686,6.678502960939872,6.251354,6.912846603759682,7.589526732761462,5.414355869735812,6.073964350458573
2026-06-01,ITA US 01/15/27 C250 Equity,2026-06-08,11.15,11.600000000000001,11.425840118390346,11.600000000000001,11.425840118390346,10.447608289972466,10.43173738749325,9.23643181458907,10.417222,10.128627860638915,10.721300389985567,10.12961899013303,10.21926503862056
2026-06-01,ITA US 07/17/26 C250 Equity,2026-06-08,1.5499999999999998,2.325,1.6034452324406456,2.325,1.6034452324406456,0.6353476534883313,1.09931311711334,2.130829945799457,3.2991188,2.9511962895709143,3.6931357744814477,2.2083795735149696,0.9094361701673725
2026-06-01,ITA US 01/15/27 C235 Equity,2026-06-08,16.4,17.950000000000003,16.88036788747725,17.950000000000003,16.88036788747725,15.469921023051004,15.59921182846829,17.331101503000898,15.804501,16.328574158725022,16.3470286564699,15.393842853587417,16.339271793221748
2026-06-01,ITA US 10/16/26 C240 Equity,2026-06-08,9.649999999999999,10.8,10.027707138187484,10.8,10.027707138187484,8.641285744985927,9.240786003749658,8.458981373004773,9.315598,9.191443452333374,9.574818483551834,7.526874682163174,9.442068229402736
2026-06-01,ITA US 01/15/27 C245 Equity,2026-06-08,12.55,13.85,12.868729619815541,13.85,12.868729619815541,11.778782901092145,11.902591077339869,10.83774194511089,11.298412,11.856727887961686,12.439912806496045,10.418102228909303,12.30048566916277
2026-06-01,ITA US 12/18/26 C230 Equity,2026-06-08,17.45,19.15,18.146732206356607,19.15,18.146732206356607,16.544860997244058,16.566195333600206,18.57120105914708,18.216372,17.748274827233345,18.394713132867224,17.64770657352565,17.60338651044769
2026-06-01,ITA US 01/15/27 C230 Equity,2026-06-08,18.5,20.5,19.37810747065363,20.5,19.37810747065363,17.647361858979995,17.627745921366095,19.13221902665106,19.13224,18.639333645210076,18.792192901595637,18.84776788723463,18.830987176070842
2026-06-01,ITA US 12/18/26 C240 Equity,2026-06-08,13.15,13.8,13.745982743380354,13.8,13.745982743380354,12.187798644164813,12.584829880976407,10.96480766087073,12.216097,12.347278192766119,13.18827662750912,11.980619269438106,12.469665604843872
2026-06-01,ITA US 12/18/26 C250 Equity,2026-06-08,9.0,10.850000000000001,10.140888537171001,10.850000000000001,10.140888537171001,9.05595224612738,9.13889539243333,8.635963875308853,9.708053,10.159714615861244,10.241807235570342,8.469029749139976,9.389086814424788
2026-06-01,ITA US 01/15/27 C240 Equity,2026-06-08,14.4,15.75,14.731889537707378,15.75,14.731889537707378,13.630130241882185,13.59361718972883,14.946871709280103,14.501755,14.045910022724728,14.53659796316588,12.70136488765885,14.146141461423923
2026-06-01,ITA US 10/16/26 C235 Equity,2026-06-08,11.85,12.850000000000001,12.083609201229217,12.850000000000001,12.083609201229217,10.543705040842397,11.207081379757637,9.990135782707325,10.648992,10.297939613314465,12.067339448120396,9.598321610207742,11.479022198339251
2026-06-01,ITA US 10/16/26 C245 Equity,2026-06-08,8.15,9.1,8.368300567543296,9.1,8.368300567543296,7.292276481652473,7.59799285488908,7.694169813970881,7.961093,8.716034687244012,8.832431660436981,6.978155814259116,7.752666538225916
2026-06-01,ITA US 10/16/26 C255 Equity,2026-06-08,5.75,6.5,5.848980876078258,6.5,5.848980876078258,5.266688167049125,5.313468113236901,5.841561270421358,5.750365,5.415219922484675,6.4560864244636855,4.820456674745959,5.343790501550229
2026-06-01,ITA US 07/17/26 C230 Equity,2026-06-08,6.55,8.85,7.921968614734395,8.85,7.921968614734395,6.973238992135156,8.039824912845642,7.529360324626444,7.829805,8.088669225965154,8.732461394513361,9.051855314567945,7.517436898171009
2026-06-01,ITA US 12/18/26 C235 Equity,2026-06-08,15.25,16.35,15.308283519147508,16.35,15.308283519147508,14.020632519587956,14.27847967695571,16.04615357099389,15.038245,15.34589671239873,15.799987958264557,14.409415637904877,14.899228002145364
2026-06-01,ITA US 12/18/26 C245 Equity,2026-06-08,11.25,12.3,11.395200200561677,12.3,11.395200200561677,10.34869847469935,10.511836973435013,9.841823227352233,10.692216,11.097343809678781,11.536733458407756,9.328190706550252,10.821604951877392
2026-06-02,ITA US 12/18/26 C250 Equity,2026-06-09,10.9,9.8,8.9701839081134,9.8,8.9701839081134,6.799948885140552,7.732410193613824,8.566742613495776,9.014279,10.167012090803569,9.809526804090488,6.407030461144113,7.772043074668826
2026-06-02,ITA US 10/16/26 C235 Equity,2026-06-09,12.7,12.0,11.307050448223844,12.0,11.307050448223844,8.272024301613946,9.592604958985083,9.653756790973954,10.517394,11.338083108005975,11.176398890092965,8.404875193540878,9.962539529024763
2026-06-02,ITA US 12/18/26 C230 Equity,2026-06-09,18.85,17.95,16.946946039281176,17.95,16.946946039281176,14.091719738251197,15.262024766354209,17.411830176954105,16.867327,16.500920524028054,17.38134819953013,15.498978541090445,16.067336201537387
2026-06-02,ITA US 12/18/26 C235 Equity,2026-06-09,16.05,15.7,14.618800749674664,15.7,14.618800749674664,11.935235428010033,13.069699097065527,15.154849373394718,15.811959,14.84448168474464,15.364130555158438,12.037726979696101,13.74876257760646
2026-06-02,ITA US 01/15/27 C240 Equity,2026-06-09,15.2,15.15,14.108862116412782,15.15,14.108862116412782,11.968307181140435,12.742194879563426,13.161324925156427,14.47714,14.003190689191227,14.163275669271284,11.658922591791624,13.207869734587277
2026-06-02,ITA US 10/16/26 C230 Equity,2026-06-09,14.9,14.5,13.745983593091674,14.5,13.745983593091674,10.752231291765954,12.086930072441568,11.78145250209716,12.553322,12.942719842617848,13.756086675791732,11.503787938621468,12.631645519189865
2026-06-02,ITA US 07/17/26 C250 Equity,2026-06-09,1.9,1.95,1.4742015625001796,1.95,1.4742015625001796,-0.5734486356880808,0.5778584668986078,1.7165934167458536,2.5296571,2.4200716874281074,3.1923169493386645,1.181417620302474,0.10187546817042703
2026-06-02,ITA US 01/15/27 C235 Equity,2026-06-09,17.4,17.15,16.109948105983495,17.15,16.109948105983495,13.592290072726044,14.48586806869099,16.887727416621374,16.532936,15.93271365643232,16.131227648989476,14.622260155370682,15.155422975737626
2026-06-02,ITA US 10/16/26 C250 Equity,2026-06-09,7.35,6.95,6.474494406467383,6.95,6.474494406467383,3.8961031625865488,4.892550255517698,6.48816503209945,6.0169125,6.273999413061527,6.88980567072623,3.693507032400777,4.949870237338834
2026-06-02,ITA US 01/15/27 C230 Equity,2026-06-09,19.9,19.35,18.255603054077007,19.35,18.255603054077007,15.238677646676418,16.250246742574166,18.778930087047073,18.93539,18.215177038697686,18.096798283224924,16.756455217326216,17.237948389067757
2026-06-02,ITA US 10/16/26 C240 Equity,2026-06-09,10.600000000000001,10.4,9.729706321179028,10.4,9.729706321179028,7.255681710611259,8.505194814981365,8.76940450208544,9.659443,9.840265108940512,9.881953271341278,6.2810742418169525,8.604138606207341
2026-06-02,ITA US 10/16/26 C255 Equity,2026-06-09,6.1,6.35,5.910260297901054,6.35,5.910260297901054,4.074764130799551,5.033168517194028,4.645537441391614,5.3103895,4.935650156925961,5.847584557193483,3.233992766509207,4.796837390377388
2026-06-02,ITA US 12/18/26 C240 Equity,2026-06-09,13.85,13.95,12.974297159127511,13.95,12.974297159127511,10.561633296098288,11.714988611596786,10.845825140204866,12.482295,12.855561930660572,12.713473282988492,9.324517030851384,12.087402881119496
2026-06-02,ITA US 01/15/27 C250 Equity,2026-06-09,11.55,11.35,10.433298191590408,11.35,10.433298191590408,8.467275100612664,9.513529883542201,9.39944922019924,10.389506,10.884632037307782,10.696898750531199,6.897710952513958,9.539298091018779
2026-06-02,ITA US 10/16/26 C245 Equity,2026-06-09,8.65,8.6,7.974959653625897,8.6,7.974959653625897,5.818695566845552,7.0023502871834715,7.915113476938035,8.249642,8.749479137717767,8.630980518989695,4.847619293852919,6.909219063124317
2026-06-02,ITA US 07/17/26 C230 Equity,2026-06-09,8.1,7.5,6.780656582217473,7.5,6.780656582217473,4.0047049520024895,6.250944737592581,6.653263324475162,6.0167947,6.517035882306523,8.286979051182904,6.045500623934179,5.582507860630975
2026-06-02,ITA US 12/18/26 C245 Equity,2026-06-09,12.0,11.75,10.797895157162932,11.75,10.797895157162932,8.71259075478301,9.900215312499498,9.875934564433845,11.337722,12.117812262994306,11.042127522788796,7.557540450490428,10.016348761081815
2026-06-02,ITA US 01/15/27 C245 Equity,2026-06-09,13.7,13.3,12.322117517083699,13.3,12.322117517083699,10.43513413214388,11.28266835598669,10.630336086204565,12.721903,12.737635078209745,12.030721311455732,9.63851155323443,11.480401821782177
2026-06-03,ITA US 10/16/26 C255 Equity,2026-06-10,5.35,5.25,4.767114781798684,5.25,4.767114781798684,3.7463866302088302,4.918205841417187,4.167403229980035,3.912979,4.203923878435008,4.140693809806818,2.573679325711987,4.291443414876769
2026-06-03,ITA US 10/16/26 C240 Equity,2026-06-10,9.4,9.2,8.59707871260774,9.2,8.59707871260774,7.03885355836631,8.289333629441915,7.8610571905121915,7.5300694,8.872512648914268,8.676982112966272,4.433944424263085,7.834142356121402
2026-06-03,ITA US 07/17/26 C230 Equity,2026-06-10,6.6,6.45,5.604070663440957,6.45,5.604070663440957,4.141112162831057,6.20666050035405,5.150156065865992,5.747844,5.32211195542174,6.61215910704041,4.199171110135608,5.078250729095455
2026-06-03,ITA US 12/18/26 C230 Equity,2026-06-10,16.55,16.6,15.328483347729426,16.6,15.328483347729426,13.440363909321642,14.698358171775233,17.26912352601765,16.16983,15.594564081821439,16.022487859526212,12.64159776128852,15.1308442196981
2026-06-03,ITA US 12/18/26 C240 Equity,2026-06-10,12.55,12.3,11.268240085462008,12.3,11.268240085462008,10.0443508399403,11.117120262513192,10.002120420058015,10.837091,11.816227631941498,11.20211158068922,7.054891490253369,10.925086603482011
2026-06-03,ITA US 01/15/27 C245 Equity,2026-06-10,12.2,11.8,10.932776537228321,11.8,10.932776537228321,9.727699271127378,10.811694908292857,9.780892151439751,9.79452,11.5119469563795,10.717605921927584,6.854491747280361,10.442821221237004
2026-06-03,ITA US 01/15/27 C235 Equity,2026-06-10,15.8,14.95,14.578412922192758,14.95,14.578412922192758,12.280519298243913,13.500609376994605,13.512258764728895,13.316307,13.817093196510841,14.00099851825971,10.755113937205097,13.243441427976437
2026-06-03,ITA US 07/17/26 C250 Equity,2026-06-10,1.225,1.5,1.5201761956345377,1.5,1.5201761956345377,1.05740765569462,2.2044325287623003,1.5669450320778693,1.7509154,1.6716271829444231,2.255236738155915,1.9039948170557173,0.5910054719097444
2026-06-03,ITA US 10/16/26 C230 Equity,2026-06-10,13.45,12.3,12.226662565491727,12.3,12.226662565491727,9.483673667101293,10.734980153034826,9.57585929820065,9.954179,11.274046643283665,11.642608034475078,8.575312433882791,10.528495103735214
2026-06-03,ITA US 10/16/26 C245 Equity,2026-06-10,7.7,7.550000000000001,7.043827712695451,7.550000000000001,7.043827712695451,5.620509227063964,6.761578895454862,6.624874465646565,5.161289,5.964640377897326,6.991401765373676,3.7962737326088827,6.265187373690585
2026-06-03,ITA US 10/16/26 C235 Equity,2026-06-10,11.2,10.8,10.152916211508085,10.8,10.152916211508085,8.266518159954682,9.452393056180476,8.621149183658257,8.8353615,9.519901142850895,9.580987981762512,6.61550087479667,9.326837802545523
2026-06-03,ITA US 10/16/26 C250 Equity,2026-06-10,6.65,5.75,6.314190425445908,5.75,6.314190425445908,4.5098311026131555,5.46339452216119,4.186746841162129,4.43395,4.4505312939251835,5.1305533521709386,2.8587563252956474,4.538326858466419
2026-06-03,ITA US 12/18/26 C250 Equity,2026-06-10,9.65,9.15,8.265693086122132,9.15,8.265693086122132,6.791240732061773,7.892726007965641,7.9764187579835,8.104314,8.974275013809356,9.044304061190992,4.565451362920877,7.781287858350108
2026-06-03,ITA US 12/18/26 C245 Equity,2026-06-10,11.0,10.7,9.791425183772827,10.7,9.791425183772827,8.305455724820085,9.486321175974144,8.776693316491164,9.008624,10.30495451272742,10.173759712898867,4.722138638887415,9.286066587500684
2026-06-03,ITA US 01/15/27 C250 Equity,2026-06-10,10.9,10.399999999999999,9.455382266735969,10.399999999999999,9.455382266735969,8.146974455736059,9.244091741690788,8.7157995595624,8.732229,9.159536381661992,9.686836162134536,5.12837812293489,9.006707181732676
2026-06-03,ITA US 12/18/26 C235 Equity,2026-06-10,14.600000000000001,14.1,13.024272467184808,14.1,13.024272467184808,11.376048567503219,12.579543224077128,11.758908850411652,12.989712,13.343348005330022,13.141754671809549,9.536741754818443,12.650463727906104
2026-06-03,ITA US 01/15/27 C240 Equity,2026-06-10,13.899999999999999,13.649999999999999,12.67073919649658,13.649999999999999,12.67073919649658,11.372808342575103,12.345624759683048,11.057532477092499,11.70927,12.540375227522382,12.281567739581577,8.942852560125274,12.211013844110475
2026-06-03,ITA US 01/15/27 C230 Equity,2026-06-10,17.85,17.799999999999997,16.593366904378676,17.799999999999997,16.593366904378676,14.634392599135637,15.698736355098262,17.580067133665903,16.381323,15.96774686003244,16.122709626543745,13.645721619279858,16.184429838942805
2026-06-04,ITA US 10/16/26 C245 Equity,2026-06-11,11.05,9.0,8.632418443982651,9.0,8.632418443982651,7.6403403556747715,8.641605970657492,7.542427971468256,9.226238,10.30032180207689,9.86288047902347,8.828969029155884,7.832658373469084
2026-06-04,ITA US 10/16/26 C255 Equity,2026-06-11,7.8500000000000005,6.550000000000001,6.1196490223855635,6.550000000000001,6.1196490223855635,5.426477054195473,6.13800914561563,5.924607163695106,5.963126,6.891825340466143,7.337257665207094,5.3351183770417165,5.283884129322554
2026-06-04,ITA US 01/15/27 C250 Equity,2026-06-11,14.05,12.05,11.497124756348152,12.05,11.497124756348152,10.737181425726801,11.22832935881841,10.041738849630182,11.451807,14.056065762707275,12.452184231979798,11.418085915951677,10.690313714588358
2026-06-04,ITA US 01/15/27 C235 Equity,2026-06-11,20.549999999999997,18.3,17.850056775698516,18.3,17.850056775698516,15.701128990802578,16.255232695193914,16.89094825980075,17.526773,20.057437940704702,17.899142836415063,18.74571031526303,16.76016019109432
2026-06-04,ITA US 12/18/26 C245 Equity,2026-06-11,14.600000000000001,12.5,11.826662323987295,12.5,11.826662323987295,10.857472226617984,11.427118957103353,10.224071099431528,11.758618,14.176019740300433,12.728170356184247,11.985826244083777,11.129019120625815
2026-06-04,ITA US 01/15/27 C245 Equity,2026-06-11,15.85,13.7,13.214703000776417,13.7,13.214703000776417,12.02920743165716,12.54696371316575,11.040359801333901,12.558935,14.983743678784428,13.460911639142186,13.28292221986065,12.224736044394866
2026-06-04,ITA US 10/16/26 C240 Equity,2026-06-11,13.05,10.85,10.49959409006001,10.85,10.49959409006001,9.120844697929202,10.061129302657406,8.54878437237456,10.16731,11.8512065803213,11.428196373285228,10.485163631243664,9.542595294375042
2026-06-04,ITA US 01/15/27 C240 Equity,2026-06-11,18.200000000000003,15.95,15.336654093836998,15.95,15.336654093836998,13.891529748038423,14.480969241287397,14.722251492667354,15.898923,16.695190829001387,15.334095782083335,15.496720616410318,14.493304021999535
2026-06-04,ITA US 12/18/26 C235 Equity,2026-06-11,19.4,17.0,16.46645737663278,17.0,16.46645737663278,14.32606755047981,15.027761968268297,15.983164873838257,16.519987,19.03407256989817,17.241164449629053,16.359663315393338,15.47602057883107
2026-06-04,ITA US 12/18/26 C250 Equity,2026-06-11,12.7,10.75,10.031961578092394,10.75,10.031961578092394,9.272354326619128,9.919857283653439,8.773248283139942,10.872499,13.168710208614847,11.539307100779059,9.928368857281557,9.422081266352365
2026-06-04,ITA US 07/17/26 C230 Equity,2026-06-11,11.25,9.3,8.73845694931034,9.3,8.73845694931034,7.438094681781854,9.1430438269815,6.889002191879218,7.9789505,9.636180706864033,9.882409121999201,11.14380860301915,7.845717888956079
2026-06-04,ITA US 10/16/26 C235 Equity,2026-06-11,15.5,13.6,13.244333093540483,13.6,13.244333093540483,11.235786091312036,12.109919586793366,10.692792153573784,11.874186,14.44668190560046,13.542830830632246,13.865704498523009,12.151892480458752
2026-06-04,ITA US 07/17/26 C250 Equity,2026-06-11,3.0,2.6,2.158909559825553,2.6,2.158909559825553,2.548958495851309,4.232520988647867,2.040465592741162,3.5685565,3.628453452566138,3.6293782702812685,6.3461416921722105,1.7608610821383481
2026-06-04,ITA US 12/18/26 C230 Equity,2026-06-11,21.9,19.4,18.871001326100213,19.4,18.871001326100213,16.621789093742585,16.95782875252037,17.989829508629597,19.04771,19.763521533491915,19.305591761921704,18.74004429448919,17.60613487240345
2026-06-04,ITA US 10/16/26 C250 Equity,2026-06-11,9.100000000000001,7.699999999999999,7.354807597823763,7.699999999999999,7.354807597823763,6.632695361005207,7.384626158842099,6.209823455339974,6.367437,7.505240997363873,8.283954833106788,7.999412174055733,6.49924269160875
2026-06-04,ITA US 01/15/27 C230 Equity,2026-06-11,23.35,20.85,20.41154132157921,20.85,20.41154132157921,18.168497986310182,18.37816332854512,18.895670189817587,19.577724,20.401988130192525,19.960931112917244,20.24235065884643,19.07779112348186
2026-06-04,ITA US 12/18/26 C240 Equity,2026-06-11,16.85,14.6,13.8710524517901,14.6,13.8710524517901,12.445147314872333,13.081026712088246,11.82404060558886,13.739333,15.749988290446984,14.653763215463043,14.194056565468385,13.152487979971253
2026-06-04,ITA US 10/16/26 C230 Equity,2026-06-11,18.4,15.75,15.417869365406517,15.75,15.417869365406517,13.243683913094285,13.936940695285246,14.239419947015508,15.093652,16.590065930251612,15.511956136043073,16.631245486115148,14.230117869499674
2026-06-05,ITA US 07/17/26 C250 Equity,2026-06-12,2.425,1.925,1.6330972797508863,1.925,1.6330972797508863,3.427868824007362,3.068758361782809,1.7239407216138487,2.7751465,2.914883952224837,2.9161804642571276,3.5633190907162935,1.6487013069265941
2026-06-05,ITA US 12/18/26 C245 Equity,2026-06-12,14.3,12.100000000000001,11.414713336738005,12.100000000000001,11.414713336738005,12.149894693907935,11.670012342389684,10.410230769066976,11.119543,10.976584241713812,11.111524187175071,12.070910578708899,11.632184584092244
2026-06-05,ITA US 07/17/26 C230 Equity,2026-06-12,9.65,7.6,7.344190158927231,7.6,7.344190158927231,7.969047877626429,8.506223555965875,6.277399806218347,6.3840866,6.203396410783316,8.593860342913294,11.63204879500928,7.175363304859965
2026-06-05,ITA US 12/18/26 C250 Equity,2026-06-12,12.35,10.9,10.187521851483849,10.9,10.187521851483849,11.13353624038493,10.630060118051357,8.941785034914204,10.056496,10.150604405353238,9.540998770572642,10.358151824594655,10.540900002353913
2026-06-05,ITA US 10/16/26 C235 Equity,2026-06-12,14.850000000000001,12.5,11.727280267732558,12.5,11.727280267732558,12.156600989282806,11.799906782020656,10.196184401060611,11.5185585,10.599131507131492,11.32593528292174,13.768361202871299,11.916631829890795
2026-06-05,ITA US 10/16/26 C230 Equity,2026-06-12,17.4,14.8,14.355353591346761,14.8,14.355353591346761,13.960935152862433,13.82735203766185,12.390808334974265,13.325123,12.217341044427089,14.314941252779562,16.74769263501459,14.172418270173623
2026-06-05,ITA US 01/15/27 C240 Equity,2026-06-12,17.5,15.5,14.770502305955281,15.5,14.770502305955281,15.426105849025959,14.908940200774436,13.313986003450657,14.303794,13.382443654823518,14.380551610546107,15.901533498730188,15.03413401641317
2026-06-05,ITA US 01/15/27 C230 Equity,2026-06-12,22.15,19.7,18.893761459317385,19.7,18.893761459317385,18.891966080474354,18.466458989881794,17.395230796992163,19.563034,19.478883017881216,18.873233684366895,21.82987299404586,19.121974440491176
2026-06-05,ITA US 01/15/27 C250 Equity,2026-06-12,13.350000000000001,11.5,10.861201164199915,11.5,10.861201164199915,11.852708393178977,11.452381223688372,9.762730380231684,10.527813,10.415112304443863,10.482178222493708,11.231722150779198,11.139016404087823
2026-06-05,ITA US 01/15/27 C235 Equity,2026-06-12,19.8,17.5,16.597156907624502,17.5,16.597156907624502,17.131445787956896,16.585672286398022,15.239561744996204,16.15582,16.294179627703027,16.73443335107412,19.43267824779782,16.982159984962227
2026-06-05,ITA US 12/18/26 C235 Equity,2026-06-12,18.45,16.15,15.446078296326673,16.15,15.446078296326673,15.819725490423771,15.314250935976265,14.319116548266749,15.115242,14.643597086275625,15.872398509522714,17.293700240563222,15.623722364855784
2026-06-05,ITA US 10/16/26 C250 Equity,2026-06-12,9.25,7.4,6.950354056102548,7.4,6.950354056102548,8.018605392363611,7.675414611806162,6.345351777529476,6.3319254,6.432180220441442,6.544860135557227,7.259438934587617,7.1899683841372575
2026-06-05,ITA US 01/15/27 C245 Equity,2026-06-12,15.3,13.3,12.64611979510453,13.3,12.64611979510453,13.475955224515179,12.9794441393553,11.317299798572703,12.173674,12.064724720783513,11.822305278383581,13.66117314958948,12.878580993324734
2026-06-05,ITA US 12/18/26 C230 Equity,2026-06-12,21.05,18.35,17.548421427580305,18.35,17.548421427580305,17.453823476886534,17.024093536809946,16.01618468856928,17.461441,17.99829747971442,17.89892917419123,20.536106000867726,17.73708635201511
2026-06-05,ITA US 10/16/26 C240 Equity,2026-06-12,12.75,11.15,9.600804558197403,11.15,9.600804558197403,10.49826317534772,10.35339343322365,8.938801902332179,9.679877,9.534356372700943,10.106239092554521,10.236305623377463,10.734343357795696
2026-06-05,ITA US 10/16/26 C255 Equity,2026-06-12,7.699999999999999,6.2,5.7736966849476,6.2,5.7736966849476,7.034093167338647,6.596907733149085,4.713449134662229,5.4030566,5.016453327690296,5.267209001972921,6.297811588074536,6.08497491579501
2026-06-05,ITA US 10/16/26 C245 Equity,2026-06-12,10.75,9.0,8.53799354073044,9.0,8.53799354073044,9.222099501437953,9.093009760673548,7.500314657972353,8.665922,8.683576125671763,8.525088710403558,8.804375887400882,8.722511910585165
2026-06-05,ITA US 12/18/26 C240 Equity,2026-06-12,16.3,13.899999999999999,13.183314934530966,13.899999999999999,13.183314934530966,13.712510319341314,13.196277387308472,11.61624297794848,12.369557,12.224319364520301,12.637650863355711,14.822283964991982,13.337509942918482
2026-06-08,ITA US 10/16/26 C240 Equity,2026-06-15,14.350000000000001,9.649999999999999,8.915511505932704,9.649999999999999,8.915511505932704,9.521300791060098,9.317658363610546,8.544370196667714,8.9772835,9.508677962002801,9.815022659287239,8.811783812295628,8.874370288316777
2026-06-08,ITA US 10/16/26 C250 Equity,2026-06-15,10.0,7.199999999999999,6.542709774956595,7.199999999999999,6.542709774956595,7.719767759764144,7.259958588989493,6.314675082492336,6.064737,6.041910511401531,7.054841456427835,6.523002771451466,6.6733094443237455
2026-06-08,ITA US 07/17/26 C230 Equity,2026-06-15,12.15,6.55,5.72824912271776,6.55,5.72824912271776,6.241939191343561,7.015738562585008,5.965064616471407,6.4699306,5.850376015167044,8.131845727581362,8.807253827914366,5.777021173543346
2026-06-08,ITA US 07/17/26 C250 Equity,2026-06-15,2.925,1.5499999999999998,1.1285998388283007,1.5499999999999998,1.1285998388283007,2.689879420195089,2.1733927990188526,1.7222710951235813,2.4515347,2.418890611420128,3.221183639248096,2.8986828279401133,0.9601752490119161
2026-06-08,ITA US 12/18/26 C230 Equity,2026-06-15,23.1,17.45,16.314817138678155,17.45,16.314817138678155,16.33585555730536,15.925850515069449,17.45997124322305,16.823889,17.633535368443823,17.802166797010972,17.316713039521563,16.497191531798293
2026-06-08,ITA US 01/15/27 C250 Equity,2026-06-15,15.0,11.15,10.057278829899191,11.15,10.057278829899191,10.976351477727865,10.41869143850073,9.369956182546694,9.986322,10.957981164252798,11.32880702466696,10.11617021865435,10.274254026056841
2026-06-08,ITA US 12/18/26 C235 Equity,2026-06-15,20.700000000000003,15.25,14.279464231921704,15.25,14.279464231921704,14.749236701983754,14.24390168948472,14.593320002298052,14.345359,15.322307473535682,15.366327998208869,14.948546711600105,14.380643233753444
2026-06-08,ITA US 10/16/26 C255 Equity,2026-06-15,7.8,5.75,5.132136250491369,5.75,5.132136250491369,6.20803024408606,5.752636847150715,4.4379514008756065,5.256135,4.975247709545112,5.430073063450317,5.1878466681027735,5.217252779346152
2026-06-08,ITA US 01/15/27 C230 Equity,2026-06-15,24.5,18.5,17.266608031586873,18.5,17.266608031586873,17.256120563826382,16.9028883060032,18.26442340406468,18.125212,18.55509837242439,18.606008552754677,18.430263756193668,17.473976818144518
2026-06-08,ITA US 12/18/26 C245 Equity,2026-06-15,15.25,11.25,10.44911644793651,11.25,10.44911644793651,11.383817357948747,10.914603026861759,9.950552957745796,10.793137,11.612530058036239,11.827958466248765,10.936132531589712,10.551363238943004
2026-06-08,ITA US 12/18/26 C250 Equity,2026-06-15,12.75,9.0,8.197707599585742,9.0,8.197707599585742,9.127897260005575,8.50287371204784,8.253772643917415,8.8092165,10.167452033066331,10.052938370359659,9.146115935085126,8.02459967540124
2026-06-08,ITA US 01/15/27 C240 Equity,2026-06-15,19.65,14.4,13.271093233972866,14.4,13.271093233972866,14.22155243627888,13.70341124568937,12.927916777422437,13.379142,14.000426602087911,14.202695241746065,14.200943188289477,13.58673793943263
2026-06-08,ITA US 10/16/26 C235 Equity,2026-06-15,16.549999999999997,11.85,11.04587598066084,11.85,11.04587598066084,11.345345920791702,11.001247318385206,10.27422474376518,10.49394,11.357271447676494,11.271005698676456,11.79863428498579,10.964868110161314
2026-06-08,ITA US 10/16/26 C230 Equity,2026-06-15,19.4,13.8,13.201637900458929,13.8,13.201637900458929,13.108330752582262,12.903670219414874,11.876687878081857,12.010856,13.075173332258755,13.659649700960431,14.16899946984248,12.934990422954883
2026-06-08,ITA US 01/15/27 C235 Equity,2026-06-15,22.1,16.4,15.39134723291428,16.4,15.39134723291428,15.806005370498742,15.300858778433957,16.404013064392135,15.663929,15.762801898473084,16.342722734833465,16.32446705805232,15.465568371838552
2026-06-08,ITA US 10/16/26 C245 Equity,2026-06-15,11.850000000000001,8.15,7.4204994309645445,8.15,7.4204994309645445,8.46691524203003,8.0472030183894,7.363732103250072,7.7267547,8.246897350019664,8.610222238243415,8.119140353583228,7.490791523829638
2026-06-08,ITA US 12/18/26 C240 Equity,2026-06-15,18.049999999999997,13.15,12.098907036414843,13.15,12.098907036414843,12.928718604849387,12.421790481167829,11.67343565683134,12.638072,13.413729687034081,13.10293003076658,13.00552701773145,12.373977655300058
2026-06-08,ITA US 01/15/27 C245 Equity,2026-06-15,17.15,12.55,11.684387872138736,12.55,11.684387872138736,12.553664477503647,12.07392230541914,10.897737045675662,11.639285,12.59419762154058,12.35436512627576,12.147807524795848,11.771261550406532
2026-06-09,ITA US 01/15/27 C245 Equity,2026-06-16,17.7,13.7,12.886064716880794,13.7,12.886064716880794,13.155814402039443,13.40477044532984,11.848635425211759,12.11514,12.560874190633662,11.953113852336902,9.599580710329136,13.032635842159873
2026-06-09,ITA US 12/18/26 C235 Equity,2026-06-16,21.4,16.05,15.737561241178692,16.05,15.737561241178692,14.905748056448516,15.188538803992072,16.194257674884515,15.577674,15.638221817744226,15.043313226485822,12.523369059572493,15.153616649547523
2026-06-09,ITA US 01/15/27 C250 Equity,2026-06-16,15.65,11.55,11.08362017546065,11.55,11.08362017546065,11.399116643326426,11.461842300896327,10.091138477842952,9.9505415,10.236775440313354,10.19075280151309,8.349042387619793,10.795243490663163
2026-06-09,ITA US 10/16/26 C230 Equity,2026-06-16,20.6,14.9,14.901775394117454,14.9,14.901775394117454,13.893141900874939,14.371404800489591,13.75285913766224,13.712106,13.81490379000535,13.015909477141358,11.482165504461031,14.109120440919275
2026-06-09,ITA US 10/16/26 C235 Equity,2026-06-16,17.4,12.7,12.282087140252294,12.7,12.282087140252294,11.7667170205025,12.236350076376004,10.945171451130191,10.983619,11.18267605610685,11.124202179925575,10.118287219021244,11.928035159889005
2026-06-09,ITA US 10/16/26 C245 Equity,2026-06-16,12.65,8.65,8.776617448904148,8.65,8.776617448904148,8.711870928167881,8.974563152626658,7.298935460644061,7.923269,7.261902006555546,7.6094924953418674,6.358840742732525,7.9620916809852105
2026-06-09,ITA US 12/18/26 C230 Equity,2026-06-16,24.35,18.85,18.28584702897021,18.85,18.28584702897021,17.533290959452142,17.541751120769767,18.91463327694928,18.685621,18.525716634030527,17.531697690579694,16.143207003966598,17.98043550045261
2026-06-09,ITA US 01/15/27 C240 Equity,2026-06-16,20.1,15.2,14.783861516447098,15.2,14.783861516447098,14.304105072587543,14.451260083970023,14.340810796329873,14.23268,14.702471200818266,13.397373189841854,11.760874865336747,14.260700620326677
2026-06-09,ITA US 01/15/27 C230 Equity,2026-06-16,25.9,19.9,19.602061533702564,19.9,19.602061533702564,18.38369475550195,18.319165910390957,19.9593257716704,20.390234,19.69100149549262,18.04534013093363,17.151775424346486,18.83095283813371
2026-06-09,ITA US 07/17/26 C230 Equity,2026-06-16,13.600000000000001,8.1,7.790338733999726,8.1,7.790338733999726,7.678800552222419,8.944583691881515,6.367340251574784,7.17969,5.830705393539395,7.8241902309191875,7.7343257796773655,7.335396280312599
2026-06-09,ITA US 10/16/26 C250 Equity,2026-06-16,10.350000000000001,7.35,7.425465095801919,7.35,7.425465095801919,7.929885380895686,8.15416947594345,6.072989543294133,5.96065,5.242661997298598,6.268938082891856,4.01404508864516,6.835049951764044
2026-06-09,ITA US 01/15/27 C235 Equity,2026-06-16,22.7,17.4,17.169185524716898,17.4,17.169185524716898,16.221091187307728,16.3899291313378,17.577162814439486,17.242296,17.212362003180534,15.945909113469423,14.761979244074729,16.45210815026577
2026-06-09,ITA US 12/18/26 C245 Equity,2026-06-16,16.25,12.0,11.59874046287963,12.0,11.59874046287963,11.536144776513762,11.756611586635126,10.376242561929917,10.863199,11.595919377341763,10.970086389033975,8.50777824055349,11.2241656314572
2026-06-09,ITA US 07/17/26 C250 Equity,2026-06-16,3.4499999999999997,1.9,1.5851327002266644,1.9,1.5851327002266644,2.8258707474270572,3.2929926417039397,1.5219616695240734,2.1497335,1.5777103505523862,2.352046163218647,2.444035401197919,1.3458807260362513
2026-06-09,ITA US 10/16/26 C240 Equity,2026-06-16,14.95,10.600000000000001,10.326494852859597,10.600000000000001,10.326494852859597,9.951900617892377,10.482675855503121,8.801561434960435,9.291112,8.86007231804929,9.422159175733238,7.2341033350544475,9.858134037413453
2026-06-09,ITA US 10/16/26 C255 Equity,2026-06-16,9.0,6.1,6.084553864194717,6.1,6.084553864194717,6.655283008599467,6.838415563314545,4.499243330545709,5.147089,4.1294583953244155,4.8716243809375595,4.3585007998023855,5.652325589933412
2026-06-09,ITA US 12/18/26 C240 Equity,2026-06-16,18.75,13.85,13.64175403068207,13.85,13.64175403068207,13.133128505628665,13.344269647515437,11.900834732806878,12.178837,12.742915542778729,12.166120676025328,10.30871762940337,12.988131237449702
2026-06-09,ITA US 12/18/26 C250 Equity,2026-06-16,14.100000000000001,10.9,9.755976293896792,10.9,9.755976293896792,9.7536825961907,9.605780530157215,9.165077672642067,9.29724,9.806546289880723,9.814364358399166,7.08953469798187,9.785085674621188
2026-06-10,ITA US 12/18/26 C240 Equity,2026-06-17,20.7,12.55,11.678302140246386,12.55,11.678302140246386,12.899934272093354,12.176303686443829,10.161241415656296,10.493102,10.854935909207562,11.528579510069306,9.251972067072762,12.151829617462043
2026-06-10,ITA US 07/17/26 C230 Equity,2026-06-17,15.65,6.6,5.689004042532485,6.6,5.689004042532485,8.542150216138419,8.457636593529838,6.232497216105665,5.524431,5.7897691167454814,7.044377626390666,8.642629204925973,6.4823621602205845
2026-06-10,ITA US 01/15/27 C240 Equity,2026-06-17,22.2,13.899999999999999,12.834649849917176,13.899999999999999,12.834649849917176,13.987316641767123,13.112317934959703,11.389271367239274,11.755155,11.847054835025375,12.784676351671035,10.744248332997019,13.30879209363691
2026-06-10,ITA US 01/15/27 C235 Equity,2026-06-17,24.75,15.8,14.621409391810264,15.8,14.621409391810264,15.63915826349416,14.741977152520489,15.820185575533962,15.41762,14.292691599857346,14.760107418623651,14.01260706243131,15.125852774563535
2026-06-10,ITA US 01/15/27 C245 Equity,2026-06-17,19.55,12.2,11.089835722909035,12.2,11.089835722909035,12.373234569052823,11.751545538385672,9.96206873057875,10.668367,10.944837321784794,11.323602032426484,7.35795401548658,11.689005823468877
2026-06-10,ITA US 10/16/26 C240 Equity,2026-06-17,16.799999999999997,9.4,8.693480056973092,9.4,8.693480056973092,9.94796014012767,9.20763635812267,7.786044150642229,7.7048874,8.05700284822598,8.85186081180344,6.093807062971643,8.945423481927474
2026-06-10,ITA US 10/16/26 C255 Equity,2026-06-17,10.15,5.35,4.821532216344796,5.35,4.821532216344796,6.17965962410588,5.5029500654277435,4.339755764326254,4.1810813,3.740258936291276,4.38345428118436,3.2007655107005726,5.166085531253947
2026-06-10,ITA US 10/16/26 C250 Equity,2026-06-17,12.25,6.65,6.0412699681689315,6.65,6.0412699681689315,7.564879604108496,6.797096116040247,6.091091791483778,5.511038,4.726031736798037,6.1767141482117225,3.001660461067742,6.394833675571271
2026-06-10,ITA US 10/16/26 C230 Equity,2026-06-17,22.9,13.45,12.620584364793926,13.45,12.620584364793926,13.503256253325745,13.069314867603893,10.945603473917151,11.542537,11.677031503117387,12.837629090005745,10.652089667686095,13.049708686188309
2026-06-10,ITA US 10/16/26 C235 Equity,2026-06-17,20.0,11.2,10.749590409555324,11.2,10.749590409555324,11.692593924675869,11.052800276847677,8.887287286931176,9.258482,9.059250314352065,10.285703188323442,8.181590271145183,10.744763572623034
2026-06-10,ITA US 07/17/26 C250 Equity,2026-06-17,4.7,1.225,0.8167560570837301,1.225,0.8167560570837301,2.8493238564133225,1.9056642224403646,1.6304185973169742,2.059384,1.7171849180751537,2.411311315495986,2.434951698459337,1.0391410449127916
2026-06-10,ITA US 12/18/26 C245 Equity,2026-06-17,18.25,11.0,10.088875889303822,11.0,10.088875889303822,11.368817019394251,10.626393268864954,8.805428566228937,9.313898,9.61428867351517,10.641666400758833,6.730033959452374,10.59585802623437
2026-06-10,ITA US 01/15/27 C230 Equity,2026-06-17,27.85,17.85,16.549612959791332,17.85,16.549612959791332,17.27456954318604,16.54681440628992,18.329445683355598,17.411991,16.851245088347667,16.92091230248496,15.87124742287957,17.135339242084108
2026-06-10,ITA US 12/18/26 C230 Equity,2026-06-17,26.4,16.55,15.43570217648655,16.55,15.43570217648655,16.229503359503425,15.625801113935967,17.087811097460566,16.02509,15.593533752144198,16.57899240815874,15.042460606518862,15.982463441880032
2026-06-10,ITA US 01/15/27 C250 Equity,2026-06-17,16.95,10.9,9.851290809760748,10.9,9.851290809760748,11.032571167588438,10.143229960030329,8.758870281749509,9.096518,8.53232582702581,9.851948786688943,6.610982306362484,10.294383611231094
2026-06-10,ITA US 10/16/26 C245 Equity,2026-06-17,14.5,7.7,7.202492323726973,7.7,7.202492323726973,8.684587268155823,8.047368108082981,6.565698667377212,5.7848973,6.265336740452683,7.393761018404839,5.030328783914127,7.5189833394142
2026-06-10,ITA US 12/18/26 C235 Equity,2026-06-17,23.4,14.600000000000001,13.555400996943735,14.600000000000001,13.555400996943735,14.528063343072319,13.701445177142773,12.368721043083454,13.223711,13.176385459769204,13.976587790315094,11.441709003649528,14.008236172339107
2026-06-10,ITA US 12/18/26 C250 Equity,2026-06-17,16.0,9.65,8.6820271093714,9.65,8.6820271093714,10.183246599944438,9.141618175001982,8.14230790265865,8.363288,8.664385647489661,9.23790990193753,6.198311348512638,9.191820438904093
2026-06-11,ITA US 10/16/26 C230 Equity,2026-06-18,19.95,18.4,18.6045881564837,18.4,18.6045881564837,17.163652189576947,17.240996867109185,16.729594655655998,16.287134,15.754421766648177,15.511373200635754,15.728883968185052,16.993754646598553
2026-06-11,ITA US 01/15/27 C240 Equity,2026-06-18,20.15,18.200000000000003,18.426328111703086,18.200000000000003,18.426328111703086,17.352470411740065,17.108235945083614,17.06334615486656,17.027153,16.394346565666293,15.239279885485548,15.913453995825979,17.254898141634484
2026-06-11,ITA US 10/16/26 C240 Equity,2026-06-18,14.6,13.05,13.236698477424449,13.05,13.236698477424449,12.73018776819648,12.823465265107307,10.79393921767826,11.071326,11.189242734771858,10.859636958668704,12.490911951583152,12.303668642771619
2026-06-11,ITA US 01/15/27 C230 Equity,2026-06-18,25.2,23.35,23.750372129188325,23.35,23.750372129188325,21.485329051797354,21.08399949830648,20.260655180693295,20.621181,20.59377603772908,20.01911809864076,18.88729507180279,21.602699197193463
2026-06-11,ITA US 12/18/26 C235 Equity,2026-06-18,21.1,19.4,19.533803699861636,19.4,19.533803699861636,18.494281544263934,17.86407917755641,18.16909756382314,18.588856,17.490234161932563,16.55938452931293,17.35789684155872,18.33466401385498
2026-06-11,ITA US 12/18/26 C230 Equity,2026-06-18,23.8,21.9,22.193159456037684,21.9,22.193159456037684,20.082108061378236,19.89441902813163,19.567627678538173,19.734617,19.50924175151656,19.057989976421478,17.865638179214773,20.244084888962536
2026-06-11,ITA US 10/16/26 C235 Equity,2026-06-18,17.450000000000003,15.5,15.899203911491915,15.5,15.899203911491915,15.173919510761502,14.961921184637095,13.555746180082053,12.8653145,13.039440850653458,12.51616925934185,14.783292413974765,14.636150835597585
2026-06-11,ITA US 12/18/26 C240 Equity,2026-06-18,18.4,16.85,16.92948691565915,16.85,16.92948691565915,16.05894782537864,15.885022243204464,16.06252058753036,15.6322565,15.33330461033484,14.52566343351549,15.085382055192529,15.972466833654
2026-06-11,ITA US 10/16/26 C250 Equity,2026-06-18,10.65,9.100000000000001,9.175730051505552,9.100000000000001,9.175730051505552,9.79550138491895,9.695238279389882,7.662379939302868,7.623718,7.997757185293444,7.350508264011285,8.74794687314258,8.488565304768015
2026-06-11,ITA US 10/16/26 C255 Equity,2026-06-18,9.0,7.8500000000000005,7.727568648681592,7.8500000000000005,7.727568648681592,8.643996872302527,8.65692439173558,6.615355924218986,6.5833206,5.8500106497005175,5.815437249676254,7.390593935831008,7.367246991988173
2026-06-11,ITA US 12/18/26 C245 Equity,2026-06-18,16.55,14.600000000000001,14.618751093307418,14.600000000000001,14.618751093307418,14.371656461915636,14.189298794501777,11.975419262537907,11.964338,12.549995484849699,11.91770432583917,12.28714290915943,13.81655559469114
2026-06-11,ITA US 01/15/27 C245 Equity,2026-06-18,17.85,15.85,16.00976426193148,15.85,16.00976426193148,15.522174435317776,15.186734398115723,14.466271458231232,14.205786,13.694068706557427,13.157200748341634,13.556073077443793,14.93298877927276
2026-06-11,ITA US 10/16/26 C245 Equity,2026-06-18,12.65,11.05,11.167525819403352,11.05,11.167525819403352,11.147466242951124,11.344959955779345,8.781791171377003,8.4153805,9.016085478184097,8.633250820882019,10.315535550523785,10.40735979224462
2026-06-11,ITA US 01/15/27 C235 Equity,2026-06-18,22.55,20.549999999999997,20.83636645341433,20.549999999999997,20.83636645341433,19.539278560286945,18.851793712408803,18.931928977469187,19.818497,18.398476547300728,17.49092789858984,18.922408150413236,19.39257682388825
2026-06-11,ITA US 01/15/27 C250 Equity,2026-06-18,15.85,14.05,13.926637852779573,14.05,13.926637852779573,14.294157691536935,13.748839197266719,11.479676114174199,11.5224285,12.357395006234562,11.650000303732583,12.114425294780364,13.247854123312333
2026-06-11,ITA US 12/18/26 C250 Equity,2026-06-18,14.25,12.7,12.650092025314283,12.7,12.650092025314283,12.993974765965111,12.628924229351458,10.694712073219716,10.446861,11.184060444606757,10.476163649206025,10.894133841669882,11.967588611944485
2026-06-12,ITA US 10/16/26 C240 Equity,2026-06-22,12.75,12.75,12.298829369252395,12.75,12.298829369252395,11.16927747213259,10.51896617819328,9.759250095684443,9.52767,10.404891782663665,9.607407765330207,6.667682074755261,10.554742448611119
2026-06-12,ITA US 10/16/26 C255 Equity,2026-06-22,7.45,7.699999999999999,7.159857994622131,7.699999999999999,7.159857994622131,6.913103177873559,6.09035251762758,6.296981676159993,5.4219913,6.317206068962338,5.8065546546340565,3.009654908736428,5.685378180963008
2026-06-12,ITA US 12/18/26 C235 Equity,2026-06-22,18.95,18.45,17.872919221712536,18.45,17.872919221712536,16.274119909401485,15.365428285855629,16.9371927685906,16.267168,17.293510661922934,16.101941561608204,13.470652189581996,16.122361979387584
2026-06-12,ITA US 12/18/26 C250 Equity,2026-06-22,12.45,12.35,11.559922290700214,12.35,11.559922290700214,10.92932723100322,9.893657299618031,9.646500382855475,9.872622,11.159564467464783,9.811976069507596,5.474275133421666,10.06700199819914
2026-06-12,ITA US 10/16/26 C250 Equity,2026-06-22,9.1,9.25,8.694039180466342,9.25,8.694039180466342,8.208583193334896,7.435950445612969,7.4967930643785765,7.443136,8.26824394487022,7.250653142773395,2.87724071230537,7.172011121794973
2026-06-12,ITA US 10/16/26 C230 Equity,2026-06-22,18.05,17.4,16.982629897250675,17.4,16.982629897250675,15.290898763553468,14.46605436782198,15.90245968641734,15.056381,16.157874638435583,14.993718032791746,12.087095759400166,14.686102610802298
2026-06-12,ITA US 10/16/26 C235 Equity,2026-06-22,14.95,14.850000000000001,14.414545512191465,14.850000000000001,14.414545512191465,12.954446175511071,12.310599260089644,11.880385573896637,12.009099,12.467864961117076,11.930573279030549,10.064219525507253,12.623817371112892
2026-06-12,ITA US 12/18/26 C240 Equity,2026-06-22,16.75,16.3,15.5961549820754,16.3,15.5961549820754,14.46378300786025,13.473830327592191,14.84309708411372,14.540568,15.261871638097798,13.814358454022877,10.264648194262511,14.004092552895784
2026-06-12,ITA US 01/15/27 C250 Equity,2026-06-22,14.1,13.350000000000001,12.662890392726444,13.350000000000001,12.662890392726444,11.963872582282935,11.051452253577995,10.523917682360938,11.159014,11.876534211375835,10.882771690944889,5.96103180304131,11.11294687780626
2026-06-12,ITA US 10/16/26 C245 Equity,2026-06-22,10.8,10.75,10.29424208265998,10.75,10.29424208265998,9.581394281022177,8.803617388299712,8.284823414907967,8.393264,9.13236213563776,8.256904872202785,5.005020626908129,8.600923089686962
2026-06-12,ITA US 12/18/26 C230 Equity,2026-06-22,21.4,21.05,20.34854501626336,21.05,20.34854501626336,18.507261783781374,17.41608455350989,18.976091323214415,18.787088,19.16563881259679,18.49286908942731,15.512354776337416,18.217131115346348
2026-06-12,ITA US 01/15/27 C245 Equity,2026-06-22,15.75,15.3,14.67818081155213,15.3,14.67818081155213,13.702715482355547,12.70861124447567,13.157645781328725,13.081777,13.968360466861668,12.526656867289983,8.669908974144144,13.001554533632419
2026-06-12,ITA US 01/15/27 C240 Equity,2026-06-22,18.05,17.5,16.738177541925833,17.5,16.738177541925833,15.503405622468371,14.534274496675776,16.027735128014243,15.369184,16.045779903640366,14.559355385981586,11.145165972576478,15.120111312734174
2026-06-15,ITA US 10/16/26 C235 Equity,2026-06-23,14.9,16.549999999999997,15.419608420406798,16.549999999999997,15.419608420406798,14.549659206010514,14.28246197095805,14.883602494550324,12.394658,14.07770944214503,13.390309775712003,15.017491780160006,14.434042047424505
2026-06-15,ITA US 10/16/26 C240 Equity,2026-06-23,12.45,14.350000000000001,13.451033589079223,14.350000000000001,13.451033589079223,12.843296966912432,12.564751856008419,9.903755984036307,10.104482,11.52307698624365,11.052746009060993,13.189721374798609,12.491053120886741
2026-06-15,ITA US 10/16/26 C245 Equity,2026-06-23,10.25,11.850000000000001,10.78300005079104,11.850000000000001,10.78300005079104,10.702294715073368,10.404034668115901,7.9650690463261125,8.615706,9.715212374260538,9.240625344178092,11.524082572405106,10.022894660566177
2026-06-15,ITA US 01/15/27 C250 Equity,2026-06-23,14.15,15.0,13.782876277788876,15.0,13.782876277788876,13.747418178503793,13.319396744726552,12.27763728965463,12.450794,13.088291101455058,12.379044454842651,12.530739137805229,13.202836191681227
2026-06-15,ITA US 12/18/26 C250 Equity,2026-06-23,11.75,12.75,12.157152856385947,12.75,12.157152856385947,11.780419658684135,11.225848435379861,8.972201181825165,10.2178,11.076819988530566,10.690056337258278,11.367438634876846,10.742306797025748
2026-06-15,ITA US 12/18/26 C235 Equity,2026-06-23,18.950000000000003,20.700000000000003,19.282291772546774,20.700000000000003,19.282291772546774,18.29379569414633,17.515158793416855,18.47343480858413,17.042852,16.82522635838065,17.014315386986645,17.64502414717866,18.368648708370948
2026-06-15,ITA US 01/15/27 C245 Equity,2026-06-23,16.05,17.15,15.905591412271994,17.15,15.905591412271994,15.434994031075313,14.767335106501342,15.785791028190049,13.963185,14.708319840911024,14.005459139129735,15.0601442579297,15.112690565343787
2026-06-15,ITA US 10/16/26 C230 Equity,2026-06-23,17.5,19.4,18.469674493755175,19.4,18.469674493755175,16.677281817941886,16.84624370212774,17.73449750232838,16.09125,15.763348964573838,15.758821133867919,15.29343807127306,16.785913129286786
2026-06-15,ITA US 12/18/26 C240 Equity,2026-06-23,16.2,18.049999999999997,16.791034662241074,18.049999999999997,16.791034662241074,16.173579510784396,15.766353742123133,16.63136031694589,15.112114,15.275986254753017,15.354982912503868,16.367221268342227,16.22798614613479
2026-06-15,ITA US 10/16/26 C255 Equity,2026-06-23,7.05,7.8,6.907782090278549,7.8,6.907782090278549,7.24537321642885,6.834523230669855,5.228418857482508,5.990672,5.929799212061392,6.234347554944367,8.632720673289464,5.9534199381096915
2026-06-15,ITA US 12/18/26 C230 Equity,2026-06-23,21.6,23.1,21.696540350681015,23.1,21.696540350681015,19.95364440868916,19.543915164896728,19.344061200736597,17.939894,18.485544467006328,19.360600361988197,19.20943628696948,20.245133502627574
2026-06-15,ITA US 10/16/26 C250 Equity,2026-06-23,8.5,10.0,9.149991574608205,10.0,9.149991574608205,9.379846019263827,8.980124373042004,7.01430135228326,7.9257383,7.368699231499344,8.31722780263894,8.431194179250001,8.193183111474353
2026-06-15,ITA US 01/15/27 C240 Equity,2026-06-23,18.25,19.65,18.46413161065541,19.65,18.46413161065541,17.526187936266933,17.072841325135663,18.082654210068277,16.16714,15.77932615298409,16.124742772054915,16.956588879442318,17.70933673403935
2026-06-16,ITA US 01/15/27 C240 Equity,2026-06-24,18.15,20.1,19.30560117878653,20.1,19.30560117878653,15.732099486555573,16.12787164580592,17.58860986135199,16.418852,16.740983967143787,15.93571669272451,14.03994589514875,17.08694582025855
2026-06-16,ITA US 12/18/26 C245 Equity,2026-06-24,14.75,16.25,15.43538120666642,16.25,15.43538120666642,12.317752331092967,12.614263068077618,14.06310191300248,11.961998,13.332576263957044,12.769779424443097,11.563123118761641,13.280425626392745
2026-06-16,ITA US 12/18/26 C235 Equity,2026-06-24,19.15,21.4,20.32644056255392,21.4,20.32644056255392,16.620066496741117,16.745212107820812,17.865519611338993,17.181559,17.666740246252743,16.779485323105355,14.472502492307326,17.81236579795532
2026-06-16,ITA US 01/15/27 C235 Equity,2026-06-24,20.65,22.7,21.792571362062994,22.7,21.792571362062994,17.953195488242105,18.04506327862923,18.577732177975744,17.366335,18.66965531700565,18.223308150442023,16.193926810097693,19.079090566400275
2026-06-16,ITA US 10/16/26 C230 Equity,2026-06-24,18.200000000000003,20.6,20.068296722578793,20.6,20.068296722578793,15.34190008759493,16.24545475323184,17.526562127267155,16.46017,16.454000240361946,15.6269314700168,12.577997768846112,16.619316630640782
2026-06-16,ITA US 12/18/26 C230 Equity,2026-06-24,21.85,24.35,23.603653498926388,24.35,23.603653498926388,18.75503363949819,19.106264202792822,19.264628511348253,18.20934,19.165445090495105,19.16266954945094,16.961703150042126,20.15826004903972
2026-06-16,ITA US 10/16/26 C245 Equity,2026-06-24,10.45,12.65,12.046951405002,12.65,12.046951405002,8.849645334516712,9.366871382272173,8.570375660950118,8.356364,9.171719987088832,9.364903184268002,8.103692779219443,9.635640050285152
2026-06-16,ITA US 10/16/26 C240 Equity,2026-06-24,13.15,14.95,14.367764591662223,14.95,14.367764591662223,11.025458521437827,11.677614423368338,11.75706579614774,10.972905,12.257348636452331,11.364400588997443,10.892516387074211,12.102477587349329
2026-06-16,ITA US 10/16/26 C250 Equity,2026-06-24,9.2,10.350000000000001,9.79998102810307,10.350000000000001,9.79998102810307,7.193319775036341,7.593578519085536,7.444102176594792,7.650618,7.529745079109721,8.237386615548546,7.312015796311742,7.4582761167154485
2026-06-16,ITA US 10/16/26 C235 Equity,2026-06-24,15.1,17.4,16.63723734696819,17.4,16.63723734696819,12.679953675641606,13.260980330173647,15.025283274680506,13.434226,14.458717776037778,14.000135937945885,11.41057362787834,13.87109499088221
2026-06-16,ITA US 12/18/26 C250 Equity,2026-06-24,12.6,14.100000000000001,13.401227894630651,14.100000000000001,13.401227894630651,10.387200791831301,10.800838034825897,9.913568928160332,10.308759,11.008135194814294,10.627585867451835,9.50555741528747,11.190549948440818
2026-06-16,ITA US 01/15/27 C230 Equity,2026-06-24,23.45,25.9,25.15057052393469,25.9,25.15057052393469,20.227734981071762,20.273376350849354,19.631785623254917,19.045115,19.592460023031762,20.55866149734593,18.447720703929722,21.528621255145698
2026-06-16,ITA US 12/18/26 C240 Equity,2026-06-24,16.85,18.75,17.940885988496063,18.75,17.940885988496063,14.291046979637162,14.577339355426126,16.358117356204758,14.395973,15.388981433108581,14.905555991693783,13.94985067255024,15.646717632631855
2026-06-16,ITA US 01/15/27 C250 Equity,2026-06-24,14.0,15.65,14.834225611283088,15.65,14.834225611283088,12.173730183587836,12.488298522810783,13.30647455329022,12.034285,13.247307039595741,12.713182775389832,10.452242780075872,12.802367275823073
2026-06-16,ITA US 10/16/26 C255 Equity,2026-06-24,7.550000000000001,9.0,8.348865419113052,9.0,8.348865419113052,5.605642008550385,6.015570911752087,6.102037451382737,6.5121384,6.723561922321018,6.873145757136919,5.918251541209294,6.012392770234472
2026-06-16,ITA US 01/15/27 C245 Equity,2026-06-24,16.0,17.7,16.91026189928667,17.7,16.91026189928667,13.842123909248535,13.88433143088162,15.514527359589394,13.981777,14.49852817144478,14.230958132390228,13.34000492362424,14.63310365302798
2026-06-17,ITA US 01/15/27 C250 Equity,2026-06-25,15.25,16.95,15.799010844228672,16.95,15.799010844228672,11.879279784014276,12.148227429624377,14.63721125449696,13.646786,14.37518526363465,12.649730170453878,11.14793992173547,12.708527494498478
2026-06-17,ITA US 01/15/27 C245 Equity,2026-06-25,17.4,19.55,18.463416160880104,19.55,18.463416160880104,14.17317030763834,14.504315297855388,16.82377257148633,15.588716,15.379628482015384,14.39865358803434,13.034771075630632,15.452285845471696
2026-06-17,ITA US 12/18/26 C235 Equity,2026-06-25,21.6,23.4,22.574929148700164,23.4,22.574929148700164,17.08816431088213,17.31752263957024,18.746424636444484,17.019983,17.52494432226077,17.39552785100146,15.341188895271168,18.26978971353094
2026-06-17,ITA US 10/16/26 C250 Equity,2026-06-25,10.2,12.25,11.551499466335292,12.25,11.551499466335292,7.8072969909058525,8.409893153555466,8.268152323366019,8.3195305,8.690742233430239,8.225044566274999,7.544464538044964,8.343213468125198
2026-06-17,ITA US 12/18/26 C245 Equity,2026-06-25,16.25,18.25,17.164513822277947,18.25,17.164513822277947,12.795185230248315,13.0959711402904,15.430576918442643,14.136691,14.661622524704837,12.911480788843512,11.525768283820863,14.071384504467241
2026-06-17,ITA US 01/15/27 C235 Equity,2026-06-25,22.5,24.75,23.8114957154664,24.75,23.8114957154664,18.362062990826402,18.725824350750113,18.87485553125251,17.852688,18.459980195967635,18.564522658304405,16.283932771148965,19.69098621099768
2026-06-17,ITA US 12/18/26 C240 Equity,2026-06-25,18.65,20.7,19.695001518053147,20.7,19.695001518053147,15.236035115777135,15.113648933871742,17.108438528696734,16.04009,16.001066365539714,14.742076456639653,14.270614661337207,16.17745055423626
2026-06-17,ITA US 01/15/27 C230 Equity,2026-06-25,25.85,27.85,26.688885190209287,27.85,26.688885190209287,20.831117442240316,21.13578737424534,21.609227858982866,20.319765,21.33170998047574,21.257568922508035,20.18747146950756,22.21569995864828
2026-06-17,ITA US 12/18/26 C230 Equity,2026-06-25,24.55,26.4,25.27614175607933,26.4,25.27614175607933,19.21536397484653,19.706441683039085,19.096090197468666,18.242552,19.058357773345243,19.041875279355615,18.73939199801553,20.739589300048117
2026-06-17,ITA US 10/16/26 C255 Equity,2026-06-25,8.55,10.15,9.486693253174534,10.15,9.486693253174534,6.273943633578495,6.9110896170832135,7.331219409901136,7.6810107,7.825605569204431,7.209170101310476,5.307521138871729,6.360284792224295
2026-06-17,ITA US 10/16/26 C245 Equity,2026-06-25,12.55,14.5,13.779678862069494,14.5,13.779678862069494,9.641447750752945,10.326866105336768,9.970787443944356,9.77909,11.40495507643494,9.865534205121211,8.604143998988366,10.560363399823979
2026-06-17,ITA US 10/16/26 C240 Equity,2026-06-25,14.75,16.799999999999997,16.145403507107112,16.799999999999997,16.145403507107112,11.617953413829143,11.98644683310301,14.196612635732867,12.837131,13.911936347108648,12.521713464422412,11.044706300673177,12.381903609052394
2026-06-17,ITA US 10/16/26 C235 Equity,2026-06-25,17.5,20.0,19.232364130140503,20.0,19.232364130140503,13.983096617516985,14.520309284152738,16.992417893870684,15.402357,15.516214044317826,14.811570312644207,13.295686646395955,15.06917487064819
2026-06-17,ITA US 10/16/26 C230 Equity,2026-06-25,20.7,22.9,22.17326049526316,22.9,22.17326049526316,16.038558972472035,17.00067376372268,18.504509212027724,16.568733,16.2559342213709,16.818282815985626,15.076751455354023,17.409806520489454
2026-06-17,ITA US 01/15/27 C240 Equity,2026-06-25,20.0,22.2,21.137534107407195,22.2,21.137534107407195,16.529063055338113,16.598255802552337,17.90340271066015,16.44152,16.414114332634263,16.172091986523764,14.52703056451776,17.696385044776466
2026-06-17,ITA US 12/18/26 C250 Equity,2026-06-25,13.95,16.0,14.929537434468594,16.0,14.929537434468594,11.08044342959182,11.695094158489095,13.47638862101827,11.952993,12.806364955359106,10.899655830637743,8.995843808374092,12.062706572636781
