date,contract,target_date,target_t1,naive_forecast,crr_forecast,pred_naive_random_walk,pred_crr_binomial_roll-down,pred_ols,pred_ridge,pred_randomforest,pred_xgboost,pred_lightgbm,pred_catboost,pred_mlp,pred_elasticnet_delta
2026-05-07,ITA US 10/16/26 C240 Equity,2026-05-14,8.85,9.1,8.6077786781927,9.1,8.6077786781927,10.407269944740335,9.435969156647678,11.59407861060534,10.267204,10.249197218350039,9.744375069744454,5.883451820219542,9.859334085110223
2026-05-07,ITA US 12/18/26 C245 Equity,2026-05-14,10.35,10.3,9.443326732105538,10.3,9.443326732105538,11.92733016507512,10.734690772047305,11.925371878519059,10.486864,10.05440398281796,10.912617113060765,7.780277872560416,10.948412165514398
2026-05-07,ITA US 10/16/26 C235 Equity,2026-05-14,10.600000000000001,11.0,10.466482480968457,11.0,10.466482480968457,12.07097798699614,10.875611790163632,13.612586113160697,11.439751,11.298514798450856,10.587937182995372,7.559728974043368,11.558936843145771
2026-05-07,ITA US 01/15/27 C230 Equity,2026-05-14,17.6,16.9,15.919735841824412,16.9,15.919735841824412,17.818438926150435,16.46544538561193,18.741289286457143,17.530676,17.529964456950417,16.80117376813812,15.496102715254334,17.50221859936964
2026-05-07,ITA US 07/17/26 C230 Equity,2026-05-14,6.949999999999999,7.25,6.772733954347176,7.25,6.772733954347176,8.990914526181694,7.24992091872762,9.176994916534706,7.530763,7.683906287240144,6.941271814913269,9.534992825332967,7.82137523861443
2026-05-07,ITA US 10/16/26 C250 Equity,2026-05-14,6.65,6.35,5.87887409868966,6.35,5.87887409868966,7.42452086659327,6.450499557223903,6.013042285646766,5.555656,5.49139962339206,7.867273812354036,4.6899172601309465,6.864194807789029
2026-05-07,ITA US 01/15/27 C245 Equity,2026-05-14,11.3,11.25,10.33437473142885,11.25,10.33437473142885,12.826667655586562,11.5984066070688,13.724286350652475,11.727948,10.973385881290124,11.387315956440446,9.15948268125379,11.990942247780032
2026-05-07,ITA US 12/18/26 C230 Equity,2026-05-14,16.3,15.649999999999999,14.65745751833275,15.649999999999999,14.65745751833275,16.53192510258806,15.449089881449979,17.973799156621077,15.480251,15.91213750550791,15.40455997601755,13.408384585135918,16.193789801880957
2026-05-07,ITA US 10/16/26 C245 Equity,2026-05-14,7.35,7.55,7.049054485276237,7.55,7.049054485276237,8.544451270166348,7.654323836086076,9.176870911802492,7.156853,7.095569339066593,8.229358272013435,5.2176400881062985,8.229255526269608
2026-05-07,ITA US 01/15/27 C235 Equity,2026-05-14,15.399999999999999,14.8,13.836680954985011,14.8,13.836680954985011,15.751695094495588,14.509290350628135,16.578738443960454,14.727588,14.588643725655352,14.705659056015635,13.79338699710734,15.420623564656196
2026-05-07,ITA US 12/18/26 C235 Equity,2026-05-14,14.0,13.6,12.634247865100308,13.6,12.634247865100308,14.567113961362352,13.486699876684636,15.557302388634934,13.333955,12.817085144253223,13.730132286921611,9.397046488363642,14.064382329051893
2026-05-07,ITA US 10/16/26 C230 Equity,2026-05-14,12.85,12.75,12.384772176856856,12.75,12.384772176856856,13.477893855542824,12.225546831987499,15.316066899327591,13.143648,13.715658602699062,12.98408772198033,9.860845895771437,13.208267305202126
2026-05-07,ITA US 01/15/27 C240 Equity,2026-05-14,13.3,12.85,12.065620296343155,12.85,12.065620296343155,14.433171921983686,13.161918659434868,15.394163546816507,13.283108,12.953499723699478,12.664247794803106,10.78105028035792,13.516804002844587
2026-05-07,ITA US 12/18/26 C250 Equity,2026-05-14,8.600000000000001,8.7,7.9113614335302715,8.7,7.9113614335302715,10.319730144831485,9.327544569957176,11.100116266920228,9.130117,9.053186380193539,10.272698796667706,7.634949722492222,9.330560665223073
2026-05-07,ITA US 12/18/26 C240 Equity,2026-05-14,12.75,12.0,11.070441103146244,12.0,11.070441103146244,12.644209525329131,11.700421120128052,14.02294856481873,12.006116,11.655106874085538,11.355592744645106,9.003317354622911,12.512587199068529
2026-05-07,ITA US 10/16/26 C255 Equity,2026-05-14,5.3,5.3,5.110445419282524,5.3,5.110445419282524,7.039420677000802,6.1484552644753085,5.536020608826574,4.696221,4.334574434823594,5.434451024231258,3.4059947599907883,6.212064333236522
2026-05-07,ITA US 01/15/27 C250 Equity,2026-05-14,10.0,10.05,9.301772946233449,10.05,9.301772946233449,12.348239763767163,10.959773089320583,11.890736491142846,10.55345,10.08274562886076,10.349545891343919,7.089622117728547,10.810941693830724
2026-05-07,ITA US 07/17/26 C250 Equity,2026-05-14,2.1500000000000004,2.1,1.8183916104115372,2.1,1.8183916104115372,3.214302622429498,2.4066900496150385,2.1834371080931314,2.068516,1.3719711249516802,3.02899804868731,4.651002530778163,2.5160686836808557
2026-05-08,ITA US 01/15/27 C230 Equity,2026-05-15,14.35,17.25,16.39177367285835,17.25,16.39177367285835,17.933104714049335,17.05226608977907,18.93051951809573,18.919771,19.10358255874371,16.814632301037083,16.428568029037347,17.82896349354194
2026-05-08,ITA US 07/17/26 C250 Equity,2026-05-15,0.875,2.4749999999999996,2.1947018265168103,2.4749999999999996,2.1947018265168103,4.174435977866034,3.773675537164662,2.3810777409693933,2.6632292,2.6691064114621064,2.2734414696110044,4.606068573121491,3.404012924575393
2026-05-08,ITA US 12/18/26 C250 Equity,2026-05-15,6.6,8.85,8.074337550864456,8.85,8.074337550864456,10.503642550608493,9.951359409231767,11.334850699127086,10.3542385,10.190463726876118,9.601842567730577,7.78604761820089,9.629905459638817
2026-05-08,ITA US 07/17/26 C230 Equity,2026-05-15,3.95,7.0,6.578986436597179,7.0,6.578986436597179,8.347005920607529,6.943331325552032,9.151841700758487,8.516987,9.140637710165102,6.645806413864994,8.388310376490766,6.966765746203711
2026-05-08,ITA US 12/18/26 C235 Equity,2026-05-15,11.75,14.2,13.253359234690057,14.2,13.253359234690057,15.415300436372618,14.799643885486342,15.997438277830776,14.884598,15.278358876146484,13.570875316377096,10.960234896449933,14.91402952936681
2026-05-08,ITA US 10/16/26 C245 Equity,2026-05-15,4.65,7.6499999999999995,7.158213208230791,7.6499999999999995,7.158213208230791,9.21307353821389,8.564171876534314,9.176862205276763,7.692597,8.308446563930938,7.528858976515598,6.0296094503080235,8.461066714987385
2026-05-08,ITA US 12/18/26 C230 Equity,2026-05-15,13.4,16.2,15.276014067908243,16.2,15.276014067908243,16.81336860155114,16.23022234007243,18.705990176392202,17.429485,17.694161382389385,16.057261572717604,14.82497326499801,16.933180297318003
2026-05-08,ITA US 01/15/27 C240 Equity,2026-05-15,10.85,13.4,12.538313660247198,13.4,12.538313660247198,14.496149608729343,13.69940278960148,15.580767239938467,14.145623,14.239530546506089,12.865695863462419,11.41296101974854,14.044127022679408
2026-05-08,ITA US 12/18/26 C240 Equity,2026-05-15,10.25,12.25,11.364204315769651,12.25,11.364204315769651,13.397990129279117,12.714665269549766,14.673525720976555,12.95296,13.180927297248976,11.083726396936356,10.872895755697492,13.04834382645547
2026-05-08,ITA US 10/16/26 C230 Equity,2026-05-15,9.149999999999999,12.8,12.23225049026308,12.8,12.23225049026308,13.72617925014022,12.838331847339044,15.331894970777142,14.332407,15.499595942815796,12.943739905361786,10.417066479314785,13.302703859056644
2026-05-08,ITA US 12/18/26 C245 Equity,2026-05-15,8.15,10.2,9.3325827688241,10.2,9.3325827688241,11.914597800074795,11.185221123102997,11.932407513186496,10.885094,10.645072006896388,10.362733460155349,6.875065953562346,10.827704085261567
2026-05-08,ITA US 01/15/27 C235 Equity,2026-05-15,12.5,15.0,14.19005139552139,15.0,14.19005139552139,15.956380252563076,15.166245422666254,17.225495784680778,15.945145,16.260013901010343,14.136473578841665,14.533109224784088,15.690193754198395
2026-05-08,ITA US 01/15/27 C245 Equity,2026-05-15,9.399999999999999,11.5,10.778884378075752,11.5,10.778884378075752,13.093529751829323,12.291465430733592,13.761654134622347,12.402285,11.86350230442972,11.138771533944416,9.750114364328226,12.28022335423217
2026-05-08,ITA US 10/16/26 C240 Equity,2026-05-15,6.45,9.2,8.735856307969565,9.2,8.735856307969565,9.81102182140702,9.062297402629067,11.605687239535214,10.725787,11.234466043475269,9.366282496355748,6.43493952455495,9.360898760204565
2026-05-08,ITA US 10/16/26 C235 Equity,2026-05-15,7.6,10.8,10.262521943062703,10.8,10.262521943062703,12.464258816563142,11.507109536586077,12.385791864367228,11.695544,12.52601060937157,10.202290760157776,7.187288204054724,11.325664608884214
2026-05-08,ITA US 01/15/27 C250 Equity,2026-05-15,8.2,10.05,9.251950237645952,10.05,9.251950237645952,12.339752738596053,11.399131495524372,11.912822447551877,11.261301,11.081295586249242,9.708866257388891,7.397940870129678,10.932747883442577
2026-05-08,ITA US 10/16/26 C250 Equity,2026-05-15,3.7,6.4,6.044018427410096,6.4,6.044018427410096,7.521359844784234,6.8727766220732525,7.245181720002471,6.816466,7.801852759455088,7.433925116780948,4.727581733947673,6.789207279429607
2026-05-08,ITA US 10/16/26 C255 Equity,2026-05-15,3.0,5.25,4.847896160647052,5.25,4.847896160647052,7.325225121101478,6.60843409907529,5.529107998466946,5.0622625,5.309691052874279,4.86701120646449,3.6670212887078963,6.1401695230853415
2026-05-11,ITA US 01/15/27 C240 Equity,2026-05-18,11.4,13.75,13.169764235124209,13.75,13.169764235124209,14.884969192543235,14.29585075573949,15.556920461194116,13.823573,13.800827805646545,13.484679884602162,10.89216628470749,13.872435162678737
2026-05-11,ITA US 10/16/26 C245 Equity,2026-05-18,6.0,8.05,7.7031017551525975,8.05,7.7031017551525975,8.792934119313434,8.462230468912889,10.442354382607752,8.420077,8.85279240513022,8.0455007536914,6.067869168456229,8.213435745869884
2026-05-11,ITA US 01/15/27 C235 Equity,2026-05-18,13.15,16.0,15.419431377493831,16.0,15.419431377493831,15.644989134891397,15.148452619148182,18.50779067883831,16.302242,16.3763413408533,15.981470966868317,15.025743913099317,15.91777536842446
2026-05-11,ITA US 01/15/27 C250 Equity,2026-05-18,8.6,10.45,9.89171912240228,10.45,9.89171912240228,11.583386206690045,10.97447020828502,11.90887002441582,11.060406,10.775826614902016,10.706679284512225,7.694185207211842,10.562408038912956
2026-05-11,ITA US 10/16/26 C230 Equity,2026-05-18,10.2,13.75,13.527603695614502,13.75,13.527603695614502,13.989865355922294,13.449430796071828,15.53131741270405,14.274331,15.309658405496036,14.626871085836015,10.272072096415826,13.711706351695781
2026-05-11,ITA US 01/15/27 C230 Equity,2026-05-18,15.0,18.3,17.717832577921154,18.3,17.717832577921154,17.901720174458518,17.233028561254393,18.7129530382564,18.349297,18.75832260201939,18.575343839876066,17.363098366191466,18.198322095379908
2026-05-11,ITA US 12/18/26 C235 Equity,2026-05-18,12.05,14.8,14.283145565346597,14.8,14.283145565346597,15.436804528448345,15.03229785137423,16.538637376941,15.14166,15.863118322901247,14.974786942080659,10.514186434834167,14.923366552172816
2026-05-11,ITA US 10/16/26 C235 Equity,2026-05-18,8.399999999999999,11.55,11.311869613450071,11.55,11.311869613450071,12.358780949783812,11.719082967922294,13.632655352495531,12.173591,12.822104737164002,12.188017655471063,7.613248497055195,11.621992172200521
2026-05-11,ITA US 12/18/26 C230 Equity,2026-05-18,14.05,17.1,16.6806009972062,17.1,16.6806009972062,16.844190434885522,16.36814691984476,18.725310157843694,17.789743,18.70853260725707,17.626662299203414,16.180519406417883,17.183382259911177
2026-05-11,ITA US 12/18/26 C250 Equity,2026-05-18,7.3,9.350000000000001,8.822161113924373,9.350000000000001,8.822161113924373,9.632061222570522,9.34738405636745,11.549501066127048,10.255381,9.842087282846524,9.99362710318815,7.2820711903222906,9.33903459589211
2026-05-11,ITA US 10/16/26 C250 Equity,2026-05-18,4.65,6.35,6.109883490585929,6.35,6.109883490585929,7.5146671583817435,7.0598649398327105,5.952427328704353,6.06933,6.826704001768343,7.8410886096938395,5.327536395468488,6.585781481933803
2026-05-11,ITA US 12/18/26 C240 Equity,2026-05-18,10.399999999999999,12.850000000000001,12.375117218442965,12.850000000000001,12.375117218442965,13.240138736721072,12.862042362719423,15.295622235587484,13.257788,13.140097089934384,12.64747701733258,10.625620653002247,13.000020599412212
2026-05-11,ITA US 07/17/26 C250 Equity,2026-05-18,1.625,2.375,2.0273566566419357,2.375,2.0273566566419357,2.5986397621588697,2.3025753346115287,2.3830063781896844,2.6130338,2.7982128477597836,2.8209058787570793,3.6462345258274285,2.005028543840837
2026-05-11,ITA US 07/17/26 C230 Equity,2026-05-18,4.85,7.5,6.982352536187664,7.5,6.982352536187664,8.011924931027691,6.982183503985233,9.13002352328942,7.958008,8.753604563131981,7.3977233498009145,10.607489404913478,6.956155871339228
2026-05-11,ITA US 01/15/27 C245 Equity,2026-05-18,9.75,12.15,11.542435235292247,12.15,11.542435235292247,12.702086030376684,12.168247068884252,14.580967872108246,12.707692,12.668543585727043,11.478968253258193,9.998114242724643,12.190062302849036
2026-05-11,ITA US 10/16/26 C240 Equity,2026-05-18,6.75,9.55,9.30496606719968,9.55,9.30496606719968,10.472836690530475,9.726122355647098,11.55613697986746,10.600643,11.068545649391131,11.2602424072319,7.972076207711999,9.638333877901788
2026-05-11,ITA US 12/18/26 C245 Equity,2026-05-18,8.7,10.9,10.378131495339584,10.9,10.378131495339584,11.417790785791768,11.040802126924742,12.516229874808946,11.127345,11.01418674224239,10.89798663717372,6.584734591725183,10.909218942093824
2026-05-11,ITA US 10/16/26 C255 Equity,2026-05-18,3.5250000000000004,5.2,4.871219476199117,5.2,4.871219476199117,6.933363668984,6.604714035463895,5.4869949072193265,4.9516177,4.992627513541641,5.541213716408549,3.9596481100016314,5.721431874507344
2026-05-12,ITA US 10/16/26 C235 Equity,2026-05-19,7.800000000000001,10.9,10.50612774104097,10.9,10.50612774104097,11.169831457288325,10.66673611839976,9.525529311909164,10.362057,9.796197494231278,10.173993637881692,6.834402715007079,10.59507197104234
2026-05-12,ITA US 12/18/26 C240 Equity,2026-05-19,9.8,12.25,11.834830834938446,12.25,11.834830834938446,11.830279946619443,11.491324947977489,10.938222642648086,10.989168,9.774570421343567,10.40831066711912,8.933713808768822,11.85844487309907
2026-05-12,ITA US 10/16/26 C245 Equity,2026-05-19,5.75,7.3999999999999995,7.086478564920609,7.3999999999999995,7.086478564920609,7.636208751076479,7.378856311108685,7.485724926941942,6.894904,6.467088813174704,7.422765744142772,3.370807024717346,7.130494407700528
2026-05-12,ITA US 12/18/26 C245 Equity,2026-05-19,8.3,10.5,9.98406201576194,10.5,9.98406201576194,10.69842839343039,10.2998280950775,9.17510870991638,9.6159935,8.336101215620618,9.13418090009921,5.714174382549671,10.173068257626857
2026-05-12,ITA US 01/15/27 C250 Equity,2026-05-19,7.65,10.05,9.599669728253279,10.05,9.599669728253279,10.487667279795915,9.887399922196074,9.129200374773287,9.270187,7.832688299552942,9.162868364316957,6.479593074598848,9.743880117492388
2026-05-12,ITA US 01/15/27 C240 Equity,2026-05-19,10.75,13.45,13.013704252438016,13.45,13.013704252438016,13.385790985161643,13.038116484134031,11.942505412721012,11.787095,10.447767650471006,11.780442405916506,9.185185632562572,13.120131594609493
2026-05-12,ITA US 12/18/26 C250 Equity,2026-05-19,6.9,8.9,8.426756926691878,8.9,8.426756926691878,8.78184800547211,8.4094361959331,8.934804830215379,9.073433,7.702557237261308,8.885303404196168,7.168116136794815,8.6247234782476
2026-05-12,ITA US 10/16/26 C240 Equity,2026-05-19,6.300000000000001,9.05,8.857562565928703,9.05,8.857562565928703,9.417562860775547,8.990544282589038,9.02074147905807,9.376523,8.483763980658567,9.243937391602568,4.72858211948717,8.79208382572846
2026-05-12,ITA US 01/15/27 C245 Equity,2026-05-19,9.4,11.65,11.191486696616101,11.65,11.191486696616101,11.714602497896617,11.204346408751148,10.222972559824942,10.4127445,9.042808975283636,10.25652073968994,8.616518974968141,11.333380599164986
2026-05-12,ITA US 01/15/27 C235 Equity,2026-05-19,12.55,15.45,14.881593703538579,15.45,14.881593703538579,14.685736724297676,14.25468209980561,14.262225714740463,13.392652,12.761260567847131,13.518453286099291,13.684102843223567,15.042276379168163
2026-05-12,ITA US 07/17/26 C250 Equity,2026-05-19,1.6749999999999998,2.6,2.3455939759612607,2.6,2.3455939759612607,2.5612098362226714,2.3680527215627354,2.368928617907319,2.1097171,1.6032696041969843,2.758964386926637,4.551405622329901,2.2218810544438368
2026-05-12,ITA US 12/18/26 C230 Equity,2026-05-19,13.2,16.45,16.0405507510409,16.45,16.0405507510409,15.488117171212632,15.091292363838303,15.71821242524723,15.304415,14.575319679972495,15.503731531403313,14.510737813164745,16.023003848840503
2026-05-12,ITA US 10/16/26 C230 Equity,2026-05-19,9.75,13.25,12.926660444862492,13.25,12.926660444862492,13.332348758364747,13.01190997051925,11.823929767019026,12.758517,12.153083550844686,13.262146039997129,10.411629451748638,12.822676951817716
2026-05-12,ITA US 12/18/26 C235 Equity,2026-05-19,11.1,14.3,13.88622132378409,14.3,13.88622132378409,13.746611454975115,13.422410914276753,12.396541318621884,12.576368,11.60449270989948,12.118300706611569,9.330045415450694,13.861433018412953
2026-05-12,ITA US 10/16/26 C250 Equity,2026-05-19,5.0,6.25,6.042707623634723,6.25,6.042707623634723,6.14752148061616,6.0477527683254815,5.31531345929466,5.2450414,4.601793084612942,7.503355866159739,3.0184404605291824,5.96015056527272
2026-05-12,ITA US 07/17/26 C230 Equity,2026-05-19,4.65,7.65,7.424599171956348,7.65,7.424599171956348,7.377673796615248,6.536734938814958,7.482923984319812,7.2189484,7.196816850863693,6.485786641355574,10.667834160261881,6.869153967558296
2026-05-12,ITA US 01/15/27 C230 Equity,2026-05-19,14.4,17.55,17.136076661575842,17.55,17.136076661575842,16.659498190391368,16.05751836917392,16.312633603585212,15.706444,15.295631922997703,15.81010712900655,15.532886521213285,16.99963040581966
2026-05-12,ITA US 10/16/26 C255 Equity,2026-05-19,3.75,5.35,5.110646423737449,5.35,5.110646423737449,5.601223272862167,5.611483006976947,5.101040245698453,4.6890936,4.320280882370492,4.698727163634503,2.7004515972897063,5.2985339078385865
2026-05-13,ITA US 01/15/27 C250 Equity,2026-05-20,9.15,10.2,9.749693971766247,10.2,9.749693971766247,10.511879843592862,10.131405003779925,9.147958874294915,8.620473,7.654080759711195,8.861608511419561,6.438134089709809,9.95800921209724
2026-05-13,ITA US 10/16/26 C235 Equity,2026-05-20,9.399999999999999,10.9,10.5736684341112,10.9,10.5736684341112,10.672984017061658,10.463752381044422,9.519794377660629,9.616169,9.646346861615287,10.608621226927683,6.025640383663123,10.556139420493748
2026-05-13,ITA US 10/16/26 C240 Equity,2026-05-20,7.5,8.8,8.493571740408177,8.8,8.493571740408177,8.607281012553013,8.445018705694547,8.841595577856566,8.506536,8.238693439379341,9.802469004267959,4.707090106522814,8.410713572525092
2026-05-13,ITA US 07/17/26 C250 Equity,2026-05-20,1.875,2.925,2.658459143239388,2.925,2.658459143239388,3.5600885642380007,3.35319605697447,3.3745123928960834,2.2290351,1.8222199893039077,1.2255565332608658,3.18865393402123,2.6297365853776253
2026-05-13,ITA US 10/16/26 C245 Equity,2026-05-20,6.4,7.95,7.65312520440609,7.95,7.65312520440609,6.603916986769057,6.717417972385224,8.312273620650027,7.0433226,6.428246935933894,7.337260031853661,4.482085434422049,7.234774217787749
2026-05-13,ITA US 10/16/26 C255 Equity,2026-05-20,4.35,5.0,4.742069324186945,5.0,4.742069324186945,5.602480043699336,5.5794897056447015,4.929307780605303,4.37221,3.926048347020578,4.577818754843474,3.0538142944541993,5.01274473122858
2026-05-13,ITA US 07/17/26 C230 Equity,2026-05-20,5.9,7.65,7.402858597308873,7.65,7.402858597308873,7.390422281990166,6.382415728135715,7.368734036844437,6.6302347,6.980606783211473,5.735234560446824,9.131639321694186,6.7726988708203555
2026-05-13,ITA US 10/16/26 C250 Equity,2026-05-20,5.25,6.55,6.257173805104765,6.55,6.257173805104765,5.360215595829471,5.479322407982746,7.306828099394941,5.594517,5.205018855559355,7.215709467808574,4.1437708545362915,5.907045522279493
2026-05-13,ITA US 10/16/26 C230 Equity,2026-05-20,11.0,13.3,12.99473653631454,13.3,12.99473653631454,12.371602561700591,12.286982076685614,11.83471299259261,11.8438635,11.977089246427022,13.888513934233687,10.519451459808112,12.813397051029566
2026-05-13,ITA US 12/18/26 C240 Equity,2026-05-20,11.1,12.95,12.47680331556833,12.95,12.47680331556833,12.832868116264802,12.77396401214543,11.66175841205623,10.91405,10.257043613444168,11.57387214909254,10.004065392434246,13.023363983853265
2026-05-13,ITA US 12/18/26 C250 Equity,2026-05-20,7.9,8.85,8.257805064776218,8.85,8.257805064776218,8.68953694539804,8.63476329758859,8.9237015158591,8.4305725,7.599062841458359,8.580121780363314,6.525257135145325,8.70053929436288
2026-05-13,ITA US 01/15/27 C245 Equity,2026-05-20,10.35,11.5,11.197134855191162,11.5,11.197134855191162,11.664693533517237,11.30124153136206,10.010718979841725,9.414628,8.589385497133717,10.36904761327369,8.461095495449866,11.247424629115926
2026-05-13,ITA US 12/18/26 C230 Equity,2026-05-20,15.35,16.75,16.224616950676264,16.75,16.224616950676264,15.525988864979247,15.35052641507923,16.257424984189186,15.557951,15.478342206670025,15.666338214811631,14.908189202881665,16.417613854805623
2026-05-13,ITA US 01/15/27 C235 Equity,2026-05-20,14.05,15.649999999999999,15.408253534513149,15.649999999999999,15.408253534513149,14.677933829491199,14.420992096530124,14.627386485703104,12.905211,12.554917147074674,13.680348823401161,13.59236381430831,15.21360933822811
2026-05-13,ITA US 01/15/27 C240 Equity,2026-05-20,12.35,13.75,13.467687694642542,13.75,13.467687694642542,13.250926306244697,12.960893030710485,11.957860372502367,10.878837,10.03170784959701,11.763421609227043,9.788412182952726,13.278448999867994
2026-05-13,ITA US 12/18/26 C235 Equity,2026-05-20,13.0,14.75,14.255012133762214,14.75,14.255012133762214,14.067456040667064,13.8817231076139,12.757662034967515,12.406184,11.743529058344992,12.964306846286902,11.398566671476889,14.498669502759384
2026-05-13,ITA US 12/18/26 C245 Equity,2026-05-20,9.4,10.35,9.848313676521295,10.35,9.848313676521295,10.441954522205311,10.298153768726522,9.158046915110015,8.942187,8.299235485006527,8.878766504697365,5.402590057423429,10.128267989871137
2026-05-13,ITA US 01/15/27 C230 Equity,2026-05-20,16.4,18.15,17.916756121002596,18.15,17.916756121002596,17.292101369691917,16.92345850601427,16.631798851761044,15.898616,15.40751354600333,16.317077267986754,15.914203515162942,17.554958585383257
2026-05-14,ITA US 01/15/27 C245 Equity,2026-05-21,10.350000000000001,11.3,10.39761557758344,11.3,10.39761557758344,11.188652397326818,11.066916794687476,9.56180433007291,9.813948,9.617937041220596,10.618207873836791,8.403731092854706,11.36893908592244
2026-05-14,ITA US 01/15/27 C250 Equity,2026-05-21,9.2,10.0,9.15560583215211,10.0,9.15560583215211,10.596608759314195,10.378372544748252,8.857438532633825,9.139824,8.996787612489689,8.936952640720268,6.689003668445627,10.264251549630666
2026-05-14,ITA US 10/16/26 C255 Equity,2026-05-21,4.325,5.3,4.852671302985447,5.3,4.852671302985447,5.55072839405145,5.851877177472143,4.944960853586594,4.925232,5.045163277739934,4.701516595241827,3.05924097171568,5.695294372674217
2026-05-14,ITA US 10/16/26 C240 Equity,2026-05-21,7.8,8.85,8.114099667486819,8.85,8.114099667486819,8.19179742467156,8.28936694970768,8.771399039477265,9.217978,9.69670205526354,10.271841069935876,5.533005765695164,8.813417519049693
2026-05-14,ITA US 12/18/26 C250 Equity,2026-05-21,7.85,8.600000000000001,7.732265021616247,8.600000000000001,7.732265021616247,8.223533323477334,8.38995651416564,8.622739048277314,8.280756,8.082992885392452,8.681161615210122,6.060141535028588,8.74087810660982
2026-05-14,ITA US 10/16/26 C250 Equity,2026-05-21,5.35,6.65,6.086638928206144,6.65,6.086638928206144,5.590696120722254,5.637711693828656,7.198782446620572,6.1838274,6.862306594981977,7.3498894559365295,5.644461254650204,6.4516011383024905
2026-05-14,ITA US 01/15/27 C235 Equity,2026-05-21,14.05,15.399999999999999,14.448221296857705,15.399999999999999,14.448221296857705,14.506856437239229,14.421999929624878,14.579996608476579,13.272315,13.395068892942316,13.615343697979355,13.751655067990727,15.378360864118054
2026-05-14,ITA US 10/16/26 C230 Equity,2026-05-21,11.0,12.85,12.095906895680452,12.85,12.095906895680452,11.57678360784389,11.515690152324368,11.322677274664859,12.2221155,12.94842405349884,13.35666596226795,9.684125299826736,12.65515168122553
2026-05-14,ITA US 10/16/26 C245 Equity,2026-05-21,6.25,7.35,6.761630842176382,7.35,6.761630842176382,7.276606006184454,7.1428172080703645,7.2526407743422805,6.8192644,7.406918740828203,7.965294510882984,6.21635614106724,7.449782446677651
2026-05-14,ITA US 12/18/26 C245 Equity,2026-05-21,9.3,10.35,9.408672097975,10.35,9.408672097975,10.14527518152153,10.233680776080703,8.921990842987093,9.343141,9.303585466974225,9.795342567361505,6.067509550124296,10.511469168188075
2026-05-14,ITA US 01/15/27 C230 Equity,2026-05-21,16.2,17.6,16.594063180420605,17.6,16.594063180420605,16.771246009774842,16.634015675015835,17.185046126927205,16.535965,16.478111038481288,15.97571348555013,15.548148115814357,17.497681763491165
2026-05-14,ITA US 10/16/26 C235 Equity,2026-05-21,9.5,10.600000000000001,9.90560623444164,10.600000000000001,9.90560623444164,10.24335202625466,10.174094468294623,8.977842619836244,9.836125,10.406522089301571,10.435465553074408,6.782246920824488,10.578360864118057
2026-05-14,ITA US 07/17/26 C250 Equity,2026-05-21,1.75,2.1500000000000004,1.7923451928836003,2.1500000000000004,1.7923451928836003,2.893967373492636,2.5617812949039003,2.687774824947574,2.4534204,2.509719528736867,2.2559447875677154,3.596978618936374,2.2086135339527266
2026-05-14,ITA US 01/15/27 C240 Equity,2026-05-21,12.05,13.3,12.397470852521,13.3,12.397470852521,12.779401463737539,12.590673301278406,11.596001632341396,11.479601,11.475642334276097,11.490241115444949,10.345207989528255,13.17088743678406
2026-05-14,ITA US 12/18/26 C240 Equity,2026-05-21,10.95,12.75,11.768706491475193,12.75,11.768706491475193,11.824684512591137,12.095014989558111,11.325481016325984,11.177464,11.461727212675797,11.140540297187885,8.565933306640051,12.661996307147813
2026-05-14,ITA US 12/18/26 C230 Equity,2026-05-21,15.15,16.3,15.202916025223082,16.3,15.202916025223082,15.07250413583916,15.166540137996734,16.40793250195304,15.857255,15.693623020620342,15.607232973458657,14.209212041064305,16.321055206512014
2026-05-14,ITA US 12/18/26 C235 Equity,2026-05-21,12.8,14.0,12.986436431588695,14.0,12.986436431588695,13.460837851571402,13.488625123543095,11.851271503909407,11.961629,12.128703666236854,12.344279102204395,9.987685918157142,13.988626373726598
2026-05-14,ITA US 07/17/26 C230 Equity,2026-05-21,5.7,6.949999999999999,6.2964537830708975,6.949999999999999,6.2964537830708975,6.896786565702602,6.10429246174464,7.228982175691832,7.483628,8.159485534784924,6.387604991423004,8.633077392997736,6.475537002600381
2026-05-15,ITA US 10/16/26 C240 Equity,2026-05-22,8.55,6.45,5.514629512512759,6.45,5.514629512512759,5.125862712896149,5.704488582609065,7.066070093862656,7.2620125,8.642847186223483,8.024942474333757,6.659231596056686,6.643100315575894
2026-05-15,ITA US 12/18/26 C240 Equity,2026-05-22,12.05,10.25,9.29855751535887,10.25,9.29855751535887,9.55112145234892,10.052899991551683,10.540848634402135,10.173223,10.763874281098708,9.216653124937707,10.078026222793323,10.75153392312801
2026-05-15,ITA US 01/15/27 C235 Equity,2026-05-22,15.45,12.5,11.591272394626015,12.5,11.591272394626015,11.448852608663083,11.87676479571512,13.021104779475076,11.823444,12.173409889468271,11.582016717701267,13.002585832824328,12.771806036536153
2026-05-15,ITA US 10/16/26 C250 Equity,2026-05-22,6.15,3.7,3.3195324665281785,3.7,3.3195324665281785,2.5294857030201374,2.7321284307436073,4.633071828215103,4.2909384,4.793852059629969,4.774592243562481,6.783499896058797,3.8199117868571517
2026-05-15,ITA US 10/16/26 C235 Equity,2026-05-22,10.4,7.6,6.886368631769949,7.6,6.886368631769949,6.410923011476332,6.807958211512382,8.41432473762063,7.765426,9.184296537072408,8.154017445938244,6.800142526268877,7.511951217082154
2026-05-15,ITA US 01/15/27 C245 Equity,2026-05-22,11.6,9.399999999999999,8.57025632763832,9.399999999999999,8.57025632763832,8.937379799855577,9.234978236249102,10.33126147515327,9.492951,9.814858221982362,8.745608087077212,10.107341898799305,9.881691113185433
2026-05-15,ITA US 12/18/26 C235 Equity,2026-05-22,14.1,11.75,10.652456466017474,11.75,10.652456466017474,10.615964744923732,11.238000621612015,12.196409577902193,11.36949,11.98811772347156,10.37635394783064,10.315638332137159,12.114336118801788
2026-05-15,ITA US 01/15/27 C240 Equity,2026-05-22,13.35,10.85,9.987976201188076,10.85,9.987976201188076,10.165236388411397,10.419300190168151,10.940990536349522,10.309468,10.944943010122532,9.667953510161643,11.260418152086206,11.166473758596732
2026-05-15,ITA US 12/18/26 C250 Equity,2026-05-22,8.9,6.6,5.924815724421256,6.6,5.924815724421256,5.305720099342116,5.68811830032971,8.876836146504576,7.2262373,7.920008103439565,7.0819357248857004,7.426109205664203,6.7815985083675745
2026-05-15,ITA US 10/16/26 C255 Equity,2026-05-22,4.65,3.0,2.4096946712766796,3.0,2.4096946712766796,2.1614479930908477,2.6264359256987717,4.196227152405001,3.6556497,4.32192152458011,4.092748330225886,5.2195817001293205,3.4341784307909506
2026-05-15,ITA US 01/15/27 C250 Equity,2026-05-22,10.05,8.2,7.550483567980329,8.2,7.550483567980329,8.207019008768837,8.312992002525622,9.602551904529742,8.234133,8.379215856397598,7.111076152804684,8.50493362780882,8.690032115919683
2026-05-15,ITA US 07/17/26 C250 Equity,2026-05-22,1.5499999999999998,0.875,0.7799906302561044,0.875,0.7799906302561044,-1.5969418043754207,-1.1165161722143928,2.167208453951281,2.0226886,2.4253475825083846,1.6560402421823692,5.4741769911223255,0.7327432204378519
2026-05-15,ITA US 12/18/26 C230 Equity,2026-05-22,16.2,13.4,12.349256167678531,13.4,12.349256167678531,11.974977415354363,12.63952555328645,13.654576347189042,13.088945,13.71808132686757,12.125471886592004,12.67315454518451,13.716666279154257
2026-05-15,ITA US 07/17/26 C230 Equity,2026-05-22,6.050000000000001,3.95,3.4743850806906607,3.95,3.4743850806906607,2.972725874329205,2.9343989469789467,4.661068840554335,4.5066323,5.174140587527234,3.870449820014933,8.377985547993338,3.642791478463221
2026-05-15,ITA US 01/15/27 C230 Equity,2026-05-22,17.55,14.35,13.399171154496765,14.35,13.399171154496765,13.193791672140037,13.561614117657005,14.20292718044634,13.46282,14.045913109440354,12.740602483655291,13.675806891137503,14.51244947537819
2026-05-15,ITA US 12/18/26 C245 Equity,2026-05-22,10.4,8.15,7.463169382299069,8.15,7.463169382299069,7.7162926462074655,8.087028361461183,9.596097072338132,8.2989,8.624904379588532,6.991757304452254,8.381396334645162,8.600847752430221
2026-05-15,ITA US 10/16/26 C230 Equity,2026-05-22,12.8,9.149999999999999,8.575981955070326,9.149999999999999,8.575981955070326,7.312365991512033,7.667077199049801,10.331450701024274,10.087357,11.295440217829952,10.877632044257975,9.107504195276087,8.880642424805233
2026-05-15,ITA US 10/16/26 C245 Equity,2026-05-22,7.35,4.65,4.101240116161079,4.65,4.101240116161079,3.2880036304885625,3.7660068959359414,4.90744214186898,4.9578466,5.81525401514861,5.2650761120180505,6.368193505329388,4.73072742336768
2026-05-18,ITA US 10/16/26 C245 Equity,2026-05-26,8.8,6.0,5.681774255490202,6.0,5.681774255490202,5.483666438461819,6.913555278897058,5.743601785028195,5.900359,6.421159868899041,7.075416844816617,7.089108971542782,7.141044978038892
2026-05-18,ITA US 12/18/26 C235 Equity,2026-05-26,16.35,12.05,11.213666107657119,12.05,11.213666107657119,12.499754773962017,13.443961189764732,14.142979219997033,12.934565,13.076406268390151,11.891946496912226,11.549496188834382,13.318762724912405
2026-05-18,ITA US 10/16/26 C230 Equity,2026-05-26,15.0,10.2,9.78930759490072,10.2,9.78930759490072,10.509584096656212,11.260594528171124,11.862899423332657,11.862703,13.013457206129994,12.178363700944294,10.543336191789454,11.43046673080339
2026-05-18,ITA US 07/17/26 C230 Equity,2026-05-26,8.2,4.85,4.437649578301565,4.85,4.437649578301565,4.984277394146742,5.653682956827037,4.9957748974956555,5.221892,6.353777266153685,6.318741196229143,10.33065612530644,5.512996295772796
2026-05-18,ITA US 10/16/26 C240 Equity,2026-05-26,10.55,6.75,6.404584386713706,6.75,6.404584386713706,7.3786660851603845,8.4846626552586,9.047198691913637,7.684901,8.394144032859941,8.233322025243567,6.90123975546092,8.095128319128644
2026-05-18,ITA US 12/18/26 C250 Equity,2026-05-26,10.75,7.3,6.603780702742349,7.3,6.603780702742349,7.946519659725382,9.049764268264571,9.669611837648118,7.686033,7.914140164144193,7.951244745270762,8.462325731982828,8.71745073408066
2026-05-18,ITA US 07/17/26 C250 Equity,2026-05-26,3.0999999999999996,1.625,1.3412165560504827,1.625,1.3412165560504827,1.2664414932121364,3.3799040398763793,2.1621197664200205,2.0538614,1.6961863082182869,2.498398709087878,6.925032647459284,3.1915581990172424
2026-05-18,ITA US 10/16/26 C250 Equity,2026-05-26,7.25,4.65,4.357986676213217,4.65,4.357986676213217,4.39557316089237,5.9355528621820595,4.975700722865875,4.365927,5.4479126346661,4.989978777487446,5.982775278364471,5.854851964745506
2026-05-18,ITA US 01/15/27 C230 Equity,2026-05-26,20.1,15.0,14.461728544068201,15.0,14.461728544068201,15.410369412616184,16.01386661540741,17.359748986183746,15.698661,16.40926819042994,14.936370834290264,15.189177185208633,16.158514499684426
2026-05-18,ITA US 10/16/26 C235 Equity,2026-05-26,12.65,8.399999999999999,8.086952977439319,8.399999999999999,8.086952977439319,8.966074852500249,9.797984851763763,10.480243347114634,9.120991,9.675692561911635,9.128922787536357,7.942466346058414,9.576232642646769
2026-05-18,ITA US 12/18/26 C230 Equity,2026-05-26,18.3,14.05,13.307258454079378,14.05,13.307258454079378,14.123895158197364,15.045605281632767,15.66762498684546,14.540205,15.664192125153894,14.013993370814116,14.12157305596025,15.301044581950062
2026-05-18,ITA US 01/15/27 C240 Equity,2026-05-26,15.65,11.4,10.84763544905241,11.4,10.84763544905241,12.432445634435384,13.202002096078253,13.630237600612562,11.884358,11.8701642740468,11.25179178949936,11.005344875896792,12.724550467981976
2026-05-18,ITA US 10/16/26 C255 Equity,2026-05-26,6.05,3.5250000000000004,3.27257125511128,3.5250000000000004,3.27257125511128,3.7727573427513885,5.448615440032752,4.67027766815995,3.627885,3.7899240171018422,4.538629320092939,4.13741706602827,5.04672601475955
2026-05-18,ITA US 01/15/27 C235 Equity,2026-05-26,17.55,13.15,12.318016986068848,13.15,12.318016986068848,13.220547586007015,14.082744053760203,15.450196439269561,13.503675,13.784139424053748,13.199402465926738,14.341545040409187,14.295389281891559
2026-05-18,ITA US 01/15/27 C245 Equity,2026-05-26,13.35,9.75,9.198783882701605,9.75,9.198783882701605,11.273977227254987,12.095668747156479,11.730887922398692,10.718116,10.407147814586137,9.689265117288517,10.006300384194589,11.353695389367068
2026-05-18,ITA US 12/18/26 C245 Equity,2026-05-26,11.899999999999999,8.7,8.035188052413217,8.7,8.035188052413217,9.700270212879225,10.69397581686233,11.025173202698825,9.65888,10.171157002221825,9.876857990718989,7.176437056693437,10.098057373689127
2026-05-18,ITA US 01/15/27 C250 Equity,2026-05-26,11.8,8.6,8.037499214823448,8.6,8.037499214823448,10.212408356165133,10.917071347080492,10.977907442252116,9.113775,8.434575064233961,9.00238307855516,7.916457977222842,10.120293157884424
2026-05-18,ITA US 12/18/26 C240 Equity,2026-05-26,13.8,10.399999999999999,9.859896315487756,10.399999999999999,9.859896315487756,11.171895180251866,12.167108986320995,11.873931619042256,11.042799,11.274956004319826,10.70046241744951,9.503733823596761,11.614747290520993
2026-05-19,ITA US 07/17/26 C250 Equity,2026-05-27,2.5250000000000004,1.6749999999999998,1.359085012031939,1.6749999999999998,1.359085012031939,3.236497328000377,3.548210823451596,2.174566225185803,2.8403492,2.4278151864365625,1.5876303820498467,4.320006841297622,3.2630752153340676
2026-05-19,ITA US 12/18/26 C230 Equity,2026-05-27,19.35,13.2,12.250082115442844,13.2,12.250082115442844,13.370594759143653,13.619966627621727,15.510249807089615,14.859456,14.795436399156157,14.865246513410451,12.303014639508032,14.289664803561726
2026-05-19,ITA US 12/18/26 C240 Equity,2026-05-27,14.45,9.8,8.968040502266552,9.8,8.968040502266552,10.600218854378584,10.86674368820129,11.838753477573897,11.715982,11.602198309391609,11.379108326861852,8.643499726939828,11.044308507132968
2026-05-19,ITA US 10/16/26 C235 Equity,2026-05-27,13.05,7.800000000000001,7.224152431916555,7.800000000000001,7.224152431916555,8.69085571407879,8.816317879475962,10.21585232075159,9.635053,10.369688610375471,9.77192869187887,6.1223289635563845,8.855386370306736
2026-05-19,ITA US 12/18/26 C235 Equity,2026-05-27,16.8,11.1,10.158148292195026,11.1,10.158148292195026,12.001030527721511,12.226345327774641,13.671524970926283,12.992928,13.054036737847271,12.719335236207176,9.947701151732899,12.391867746739887
2026-05-19,ITA US 12/18/26 C250 Equity,2026-05-27,10.649999999999999,6.9,6.19668395041014,6.9,6.19668395041014,7.626906525998035,8.013866086237545,9.693077989030314,8.549382,8.624438885413774,8.545408929871947,6.377506483346584,8.225906648914767
2026-05-19,ITA US 12/18/26 C245 Equity,2026-05-27,12.75,8.3,7.532826280985781,8.3,7.532826280985781,9.32144929917106,9.594114001502266,10.665296878362145,9.712691,9.569616566664898,10.101264569287295,6.339730898142805,9.617286527784843
2026-05-19,ITA US 10/16/26 C245 Equity,2026-05-27,9.45,5.75,5.334923461606892,5.75,5.334923461606892,6.145954341128031,6.422363856225538,5.570951692125484,6.6321135,6.882620489584931,7.934128355011077,5.147303595120455,6.744280007257846
2026-05-19,ITA US 07/17/26 C230 Equity,2026-05-27,9.149999999999999,4.65,4.270891111726209,4.65,4.270891111726209,6.039148230622656,5.563734046759681,5.068099857035448,5.76357,6.3188785332612305,5.734756582458853,8.836974203030039,5.534026787883787
2026-05-19,ITA US 01/15/27 C230 Equity,2026-05-27,20.549999999999997,14.4,13.713449706658249,14.4,13.713449706658249,14.92779516322792,14.89941055309111,16.062664661514727,15.53596,15.631540627108244,15.101715801785167,12.553398353893236,15.376556870149422
2026-05-19,ITA US 01/15/27 C240 Equity,2026-05-27,15.549999999999999,10.75,9.968128308077151,10.75,9.968128308077151,11.854298884237753,11.939760410571227,12.36642730617463,12.080108,11.738630141584311,11.782495598810147,9.089843950043068,11.912043934475875
2026-05-19,ITA US 01/15/27 C250 Equity,2026-05-27,12.15,7.65,7.5563462661429766,7.65,7.5563462661429766,10.057450620121475,9.783207177002751,9.719973191597116,8.778358,9.034476878430132,9.341430109537528,7.621496773252909,9.130123452690826
2026-05-19,ITA US 10/16/26 C230 Equity,2026-05-27,16.05,9.75,9.119861275503807,9.75,9.119861275503807,9.917620499193514,10.200924337000087,11.808490024115823,12.121724,12.412613606233837,12.833941330303206,7.21973866296665,10.695713509394212
2026-05-19,ITA US 10/16/26 C255 Equity,2026-05-27,6.6,3.75,3.339809022237667,3.75,3.339809022237667,3.4046490136036613,4.101068844526626,4.718514508949956,4.5479217,4.70422491959218,4.7841200190174344,2.807907539623809,4.691309677663465
2026-05-19,ITA US 01/15/27 C245 Equity,2026-05-27,13.75,9.4,8.64366199554402,9.4,8.64366199554402,11.073420376823663,11.267082066127472,11.63078989430048,11.426903,11.192060070834149,10.963339578436464,7.650333075302784,10.861190990022774
2026-05-19,ITA US 01/15/27 C235 Equity,2026-05-27,18.1,12.55,11.71919972364103,12.55,11.71919972364103,13.21480978653894,13.369950050742016,14.953706035247343,13.935724,14.073942306021587,14.264055744355032,12.538902311970542,13.811024385984677
2026-05-19,ITA US 10/16/26 C250 Equity,2026-05-27,8.5,5.0,4.553507186991861,5.0,4.553507186991861,5.6651969359247945,6.312105088043414,5.404871320227465,6.055124,6.306769826621098,6.944606056785657,4.35057638053975,6.191218216940782
2026-05-19,ITA US 10/16/26 C240 Equity,2026-05-27,11.100000000000001,6.300000000000001,5.776159893690308,6.300000000000001,5.776159893690308,6.848484310408685,7.2034901712306345,6.047458009200533,7.378219,7.840153856455332,9.430065273949396,5.413679931536533,7.420935064112122
2026-05-20,ITA US 10/16/26 C235 Equity,2026-05-28,15.399999999999999,9.399999999999999,9.446898561779493,9.399999999999999,9.446898561779493,12.035155389568379,11.690206269282482,11.725735084949898,12.0917845,12.64322281412501,11.839620411781228,9.5580220448484,11.141879376484324
2026-05-20,ITA US 10/16/26 C250 Equity,2026-05-28,9.25,5.25,5.166139780445243,5.25,5.166139780445243,8.47546669526204,8.49868131343351,5.682420294273544,6.1637454,6.168635308869017,6.644811198478237,7.361987531567096,7.307632351284831
2026-05-20,ITA US 10/16/26 C230 Equity,2026-05-28,18.25,11.0,11.161480935441288,11.0,11.161480935441288,13.784036986388323,13.278546930490739,13.706037136256862,13.61834,15.03541183896617,12.55660492174386,11.92413825120479,12.801199627335178
2026-05-20,ITA US 01/15/27 C230 Equity,2026-05-28,23.15,16.4,16.152645980713906,16.4,16.152645980713906,18.61386377376763,18.051562428825008,19.138415050466598,17.362022,18.130019746315096,16.36247090478811,17.12489614202325,17.91558001053824
2026-05-20,ITA US 12/18/26 C250 Equity,2026-05-28,12.2,7.9,7.6513753374489974,7.9,7.6513753374489974,10.499130991605696,10.454929931451822,10.72317367802247,9.570779,9.319704702138786,8.1291814589864,9.98429075438681,9.865102269019197
2026-05-20,ITA US 12/18/26 C245 Equity,2026-05-28,14.3,9.4,9.059530343871339,9.4,9.059530343871339,12.514702161203912,12.34086268853392,11.706856828938646,11.694515,11.290240362529063,10.440138752142047,9.59615574705165,11.478537088774406
2026-05-20,ITA US 01/15/27 C245 Equity,2026-05-28,15.6,10.35,9.82752254376654,10.35,9.82752254376654,13.30540831629148,13.129623008203993,12.026521727204852,12.06895,12.025728774381713,11.277546458001682,11.31463455617967,12.274320284998346
2026-05-20,ITA US 12/18/26 C235 Equity,2026-05-28,19.5,13.0,12.770328259371745,13.0,12.770328259371745,15.31086163346909,15.086441207139876,15.598341935598752,15.02772,15.492366218243967,13.631812603838503,13.267688661708803,14.865252819505173
2026-05-20,ITA US 01/15/27 C240 Equity,2026-05-28,17.95,12.35,12.073457707621467,12.35,12.073457707621467,14.500180385015344,14.153098996869888,14.897248503580622,13.795155,14.246146872217265,11.867657769735786,13.625170201839154,13.953221938580075
2026-05-20,ITA US 07/17/26 C230 Equity,2026-05-28,11.85,5.9,5.8027592355230615,5.9,5.8027592355230615,8.970613338350473,7.891572380677468,5.680950572583114,6.546351,7.695005761704871,7.70060801309758,12.606019819872056,6.989777898137065
2026-05-20,ITA US 10/16/26 C245 Equity,2026-05-28,11.1,6.4,6.4067645346580795,6.4,6.4067645346580795,9.462728464211587,9.258628449520078,7.363529301330358,7.4305763,7.871936431122755,8.324824393729443,7.602911665615267,8.248060650513043
2026-05-20,ITA US 01/15/27 C250 Equity,2026-05-28,13.7,9.15,8.79154555870778,9.15,8.79154555870778,12.366383891188445,11.99621188551726,11.688628712835696,11.696393,11.220176465185467,10.40085489358686,9.602949364129547,11.084258908263985
2026-05-20,ITA US 12/18/26 C240 Equity,2026-05-28,16.6,11.1,10.566572293249669,11.1,10.566572293249669,13.659282377574097,13.536385256769167,13.75979543170643,13.156541,13.506089368533559,11.336893929936023,12.372738327313996,13.104185628397829
2026-05-20,ITA US 10/16/26 C240 Equity,2026-05-28,13.1,7.5,7.551610760768355,7.5,7.551610760768355,10.384092460964563,10.211379768946328,9.27666018493465,8.572826,8.870579486981864,8.802641899502067,8.411469557718654,9.442498906887405
2026-05-20,ITA US 01/15/27 C235 Equity,2026-05-28,20.25,14.05,13.433827703069051,14.05,13.433827703069051,15.965299081248759,15.691291730052106,15.806784715749652,14.997358,15.987323355383078,14.153940733834288,16.48065810917276,15.761036015729113
2026-05-20,ITA US 07/17/26 C250 Equity,2026-05-28,3.55,1.875,1.6810044225687746,1.875,1.6810044225687746,5.992622762050077,5.724990502142066,2.2176003435177836,2.754701,2.1863513058497936,2.3605923814580088,6.12568649680739,4.102270835438496
2026-05-20,ITA US 10/16/26 C255 Equity,2026-05-28,7.75,4.35,4.072355624217231,4.35,4.072355624217231,7.25120718643707,7.314146405379353,4.971089248239915,4.2804823,4.236925272610599,4.837479914577342,6.544814792995914,6.47668707792277
2026-05-20,ITA US 12/18/26 C230 Equity,2026-05-28,21.85,15.35,15.167508096569184,15.35,15.167508096569184,17.439675840225597,17.09580156502163,17.969315788056985,16.852919,17.899615064154577,16.38986235273853,17.551687845918497,17.289145983330904
2026-05-21,ITA US 01/15/27 C245 Equity,2026-05-29,15.6,10.350000000000001,9.741286005876999,10.350000000000001,9.741286005876999,12.499312412150896,11.556686476383057,11.941066205836785,11.004023,10.504872890927754,10.960043740679247,8.903685300056546,11.477729521934897
2026-05-21,ITA US 01/15/27 C230 Equity,2026-05-29,22.9,16.2,15.526159743817132,16.2,15.526159743817132,17.581208608914572,16.449091923950515,19.116028721087694,17.01016,17.12566781755726,15.987753379880443,15.243531655299643,17.003390939511167
2026-05-21,ITA US 10/16/26 C250 Equity,2026-05-29,9.0,5.35,4.977543194457596,5.35,4.977543194457596,7.2849041789858395,6.728900256203049,5.531328883396789,5.558755,5.682765661849778,5.266537001992672,4.7262216537265385,6.611007030705726
2026-05-21,ITA US 01/15/27 C235 Equity,2026-05-29,20.35,14.05,13.369625005364728,14.05,13.369625005364728,15.173384464976415,14.222475407031466,15.714845159458495,14.026243,14.109989093174933,13.793275338121397,13.629673644984182,14.902832057784291
2026-05-21,ITA US 10/16/26 C255 Equity,2026-05-29,7.7,4.325,4.097031383774781,4.325,4.097031383774781,6.807163917790906,6.207076810394993,4.821923755702139,3.988429,3.8087834700521306,3.6433467637097703,3.4300894584876613,5.732136956912734
2026-05-21,ITA US 01/15/27 C240 Equity,2026-05-29,17.95,12.05,11.408955183135122,12.05,11.408955183135122,14.205039091908542,13.031906852561757,14.197356618536519,12.661617,12.480904178027933,11.631284481896158,11.436992440875622,13.10341405897046
2026-05-21,ITA US 12/18/26 C235 Equity,2026-05-29,19.0,12.8,12.292493852100437,12.8,12.292493852100437,14.54285684841837,13.5118905810703,15.332363949007007,13.382624,13.29906277157874,12.11292492048689,10.895658579061088,13.745362140049926
2026-05-21,ITA US 10/16/26 C240 Equity,2026-05-29,12.6,7.8,7.5722225762963005,7.8,7.5722225762963005,9.201727036777074,8.317656839995855,10.209925213118739,8.506059,8.788688389386664,6.923662635130293,5.772250227154438,8.514137090663128
2026-05-21,ITA US 12/18/26 C245 Equity,2026-05-29,14.2,9.3,8.739265137819514,9.3,8.739265137819514,11.697559866967122,10.83978959339596,11.63174143695342,10.619365,10.19777614823019,9.623160319289445,6.961234019962054,10.52025960420053
2026-05-21,ITA US 07/17/26 C230 Equity,2026-05-29,11.45,5.7,5.2269443671304305,5.7,5.2269443671304305,8.355200464356692,6.560106747671833,5.527651577506386,6.239414,6.53035190618261,7.539354082941103,10.189259536897575,6.174332648882796
2026-05-21,ITA US 10/16/26 C245 Equity,2026-05-29,10.65,6.25,6.02597306082413,6.25,6.02597306082413,9.258825922398309,8.471607600428118,5.897775335648862,6.24867,6.39649824379938,6.798413529167728,4.133416333541924,7.537904431953159
2026-05-21,ITA US 07/17/26 C250 Equity,2026-05-29,3.2,1.75,1.4371564913207964,1.75,1.4371564913207964,3.5835555079124486,2.703153762250336,2.165161706159046,2.2039616,2.1763223402090923,2.377231166887295,3.9406000418994,2.496935407475669
2026-05-21,ITA US 10/16/26 C230 Equity,2026-05-29,17.9,11.0,10.804572336154438,11.0,10.804572336154438,12.682417439644507,11.635658185922493,13.617766675476714,12.715546,13.042345660466376,11.673388796723522,8.641843733437156,11.926764382532015
2026-05-21,ITA US 01/15/27 C250 Equity,2026-05-29,13.85,9.2,8.598422596166241,9.2,8.598422596166241,11.517683157508937,10.436550286600133,11.603367940156625,10.191473,9.619249284355906,9.297979262770113,7.285839836869461,10.245103505419243
2026-05-21,ITA US 12/18/26 C250 Equity,2026-05-29,12.1,7.85,7.227455289528625,7.85,7.227455289528625,10.336046608858755,9.566292088081022,10.46070976644802,8.515933,8.130079305034185,7.3076122775345,6.881941187451443,9.18896419999648
2026-05-21,ITA US 12/18/26 C230 Equity,2026-05-29,21.7,15.15,14.645621082954948,15.15,14.645621082954948,16.62762173949427,15.64743602622291,17.436608467035995,16.032373,16.474354907679853,15.586731908139306,14.605671838403081,16.16929446479765
2026-05-21,ITA US 10/16/26 C235 Equity,2026-05-29,15.25,9.5,9.18154521970042,9.5,9.18154521970042,11.689291457873455,10.56683872349502,11.637425808040895,11.10536,11.104531005018998,9.813178867624984,7.467760937679629,10.507048861560348
2026-05-21,ITA US 12/18/26 C240 Equity,2026-05-29,16.450000000000003,10.95,10.353416523597962,10.95,10.353416523597962,12.669309776886942,11.882129256824355,13.012905395672616,11.614485,11.576697411254765,10.51086442184109,9.220383792487999,12.003414058970458
2026-05-22,ITA US 12/18/26 C230 Equity,2026-06-01,19.15,16.2,15.564767247269828,16.2,15.564767247269828,16.702323295670855,16.17353532918075,19.136334160375014,17.675705,18.425942356247287,16.290077085231236,15.235040708611194,16.80475165053324
2026-05-22,ITA US 12/18/26 C245 Equity,2026-06-01,12.3,10.4,9.788211847845865,10.4,9.788211847845865,11.682235881436904,11.35448780281611,11.867276666747903,11.269579,11.685767411083347,10.973818275365709,6.989547974782822,11.166532276213287
2026-05-22,ITA US 01/15/27 C230 Equity,2026-06-01,20.5,17.55,16.928218309611427,17.55,16.928218309611427,17.815922580090476,17.122375023267125,19.369860963723866,18.653397,19.4120038120851,16.961885086849115,17.001370557480666,18.051956058659066
2026-05-22,ITA US 01/15/27 C240 Equity,2026-06-01,15.75,13.35,12.727157333618875,13.35,12.727157333618875,14.17594761121304,13.688881173149335,15.498950660363048,13.688315,13.852406370396162,12.798763489107994,11.138094861184666,13.949072005945146
2026-05-22,ITA US 10/16/26 C230 Equity,2026-06-01,15.6,12.8,12.451890072045627,12.8,12.451890072045627,13.280911543336305,12.72034352521523,15.258405093725864,14.912311,15.767431836384866,13.607092094728024,11.062962311370276,13.394486140924704
2026-05-22,ITA US 07/17/26 C230 Equity,2026-06-01,8.85,6.050000000000001,5.614744701223658,6.050000000000001,5.614744701223658,7.135018118880984,5.9175004366250565,5.79493963728813,7.020689,8.360167910936683,8.180320249930812,10.57468910957505,5.897237897212819
2026-05-22,ITA US 01/15/27 C235 Equity,2026-06-01,17.950000000000003,15.45,14.826415860872318,15.45,14.826415860872318,16.0759572062075,15.578089029837876,17.879537911422062,15.499328,16.342401216363836,14.703545921266512,14.431158746366435,15.997758521618369
2026-05-22,ITA US 07/17/26 C250 Equity,2026-06-01,2.325,1.5499999999999998,1.2542070747514977,1.5499999999999998,1.2542070747514977,2.5202135868301188,1.9168354296255856,2.1737999433845445,2.422054,2.3496508685493507,2.504179291974573,5.5016754119936335,1.782111494014554
2026-05-22,ITA US 12/18/26 C240 Equity,2026-06-01,13.8,12.05,11.431889048881239,12.05,11.431889048881239,13.009249468772865,12.659928477487437,14.137179023616245,12.823159,13.082871248213502,11.351120726878523,9.406833189148458,12.669603025162228
2026-05-22,ITA US 10/16/26 C245 Equity,2026-06-01,9.1,7.35,7.00770549819601,7.35,7.00770549819601,8.892739292437767,8.818620415753518,9.131090671595679,7.852609,8.548376278810546,7.170714359381144,4.6211742122376105,8.209062358478926
2026-05-22,ITA US 10/16/26 C240 Equity,2026-06-01,10.8,8.55,8.220288712924114,8.55,8.220288712924114,10.016984177277,9.364614838506135,10.605619909340556,9.162991,10.078538293689936,9.203735432414831,7.212433856698438,9.210758727455572
2026-05-22,ITA US 10/16/26 C250 Equity,2026-06-01,7.35,6.15,5.922797497709062,6.15,5.922797497709062,6.933208533336502,6.838897524007529,5.8299744490277385,5.8958583,6.584757350745417,7.3465490753002305,3.955627792030442,6.552598745570945
2026-05-22,ITA US 01/15/27 C250 Equity,2026-06-01,11.600000000000001,10.05,9.426039003566574,10.05,9.426039003566574,12.009712275348868,11.438332012622364,11.789548199209843,10.608585,10.540932655313945,10.09322330296499,6.359418815863748,10.653082841784755
2026-05-22,ITA US 12/18/26 C250 Equity,2026-06-01,10.850000000000001,8.9,8.484746433207887,8.9,8.484746433207887,10.499049643291064,10.421945391728743,11.262756380647676,10.744706,10.810607054990715,10.695173016953028,8.224896244032639,9.495361383079453
2026-05-22,ITA US 10/16/26 C255 Equity,2026-06-01,6.5,4.65,4.347334182981122,4.65,4.347334182981122,6.158158298625384,6.008135246912875,4.995241771322922,4.303629,4.994670387189445,4.399541881694828,2.7704244384673755,5.352663701598165
2026-05-22,ITA US 12/18/26 C235 Equity,2026-06-01,16.35,14.1,13.469066975639496,14.1,13.469066975639496,14.779421285694685,14.259171698043971,15.947544233593286,14.908597,15.7774951851541,13.61753784266061,11.856575731500186,14.713752646495125
2026-05-22,ITA US 10/16/26 C235 Equity,2026-06-01,12.850000000000001,10.4,10.068239994380633,10.4,10.068239994380633,11.807622988835199,11.145584449978061,11.868389820234537,11.750775,12.861534711082511,10.640573400004731,7.690155245604994,11.01375264649513
2026-05-22,ITA US 01/15/27 C245 Equity,2026-06-01,13.85,11.6,10.965286893373396,11.6,10.965286893373396,12.862701922023465,12.448934820024226,13.714971823654674,12.100974,12.352853725898179,10.930379457432952,9.025834785687609,12.31511106431141
2026-05-26,ITA US 07/17/26 C250 Equity,2026-06-02,1.95,3.0999999999999996,1.8605067443992638,3.0999999999999996,1.8605067443992638,3.6404161615941835,4.075863238641011,3.75000329730159,3.238104,3.4889418716319405,2.982935516752452,7.7573868688725005,3.4582800988088715
2026-05-26,ITA US 10/16/26 C250 Equity,2026-06-02,6.95,7.25,6.818679176536912,7.25,6.818679176536912,9.085815741823872,8.505644085414307,8.438902535461205,7.4915233,8.151294338299582,7.444842466496454,6.4076996633611625,7.851769060828834
2026-05-26,ITA US 10/16/26 C235 Equity,2026-06-02,12.0,12.65,12.39039694878289,12.65,12.39039694878289,13.76129470442686,12.848441657430337,13.431168074139814,14.171474,15.06854690174982,12.520394854712755,10.116544388131619,12.961696350332664
2026-05-26,ITA US 07/17/26 C230 Equity,2026-06-02,7.5,8.2,7.763090228359375,8.2,7.763090228359375,9.71281362713768,8.258167825925845,9.530948023787937,9.979817,9.928899747355567,8.546137616905302,14.10865140735827,8.023713899932938
2026-05-26,ITA US 12/18/26 C230 Equity,2026-06-02,17.95,18.3,17.85218164341032,18.3,17.85218164341032,18.145618512944317,17.370910896385933,18.181644069319237,17.782879,17.94852983302728,17.299615712864547,17.112183424888915,18.4429768791686
2026-05-26,ITA US 12/18/26 C235 Equity,2026-06-02,15.7,16.35,15.494571954357463,16.35,15.494571954357463,16.39658579113508,15.746006400721422,17.580813280343037,16.395874,16.233064790902283,15.867609573246222,14.940391267201413,16.651430840724114
2026-05-26,ITA US 12/18/26 C240 Equity,2026-06-02,13.95,13.8,13.255059626198955,13.8,13.255059626198955,14.67983348491552,14.076493681255627,13.835238050347385,13.686884,14.456470524135975,13.319976776389982,12.07911509584683,14.272999752195203
2026-05-26,ITA US 12/18/26 C245 Equity,2026-06-02,11.75,11.899999999999999,12.129101922556666,11.899999999999999,12.129101922556666,13.991370973573982,13.145690429554403,12.341861678931526,12.578433,13.176019599565779,11.278593501114223,9.525731675089915,12.572444224280204
2026-05-26,ITA US 10/16/26 C230 Equity,2026-06-02,14.5,15.0,14.765554054036716,15.0,14.765554054036716,15.412826826444515,14.464325279034796,15.802725718502709,15.994861,16.62407138882427,15.661947262675188,13.635330515518234,15.204663600679032
2026-05-26,ITA US 01/15/27 C250 Equity,2026-06-02,11.35,11.8,11.221786255582908,11.8,11.221786255582908,13.597566708129058,12.919403688762408,12.328254250453648,12.338867,12.920054878194408,10.960909350997863,8.31739860977417,12.360660190465081
2026-05-26,ITA US 10/16/26 C240 Equity,2026-06-02,10.4,10.55,10.08322315947814,10.55,10.08322315947814,11.670312067034036,10.998362547751436,10.646678784941066,11.598252,12.535501150446036,10.418803719045115,8.756029928710188,10.99215639144
2026-05-26,ITA US 01/15/27 C245 Equity,2026-06-02,13.3,13.35,12.753483271103928,13.35,12.753483271103928,14.189772968523659,13.537702105169354,13.717507093964752,13.1898775,13.546057677358366,12.139452299169326,11.563194093986352,13.683167255972876
2026-05-26,ITA US 01/15/27 C240 Equity,2026-06-02,15.15,15.65,14.711943700295873,15.65,14.711943700295873,15.37828906272508,14.768255069810726,16.730505721960178,14.842098,15.056797409590672,14.337735471325104,14.114791470550758,15.614933067136944
2026-05-26,ITA US 01/15/27 C230 Equity,2026-06-02,19.35,20.1,19.52704559037769,20.1,19.52704559037769,19.880878412315855,19.006860461029554,18.626641596120947,18.607794,18.91381477973979,18.85480049655055,19.28070133876787,20.191555667266726
2026-05-26,ITA US 12/18/26 C250 Equity,2026-06-02,9.8,10.75,10.283123934346618,10.75,10.283123934346618,11.927723669118103,11.555172189014783,10.900774762541367,11.710117,12.490280475930035,10.35139897726566,11.272234332324166,11.005484506934694
2026-05-26,ITA US 01/15/27 C235 Equity,2026-06-02,17.15,17.55,16.8138218391874,17.55,16.8138218391874,17.65526283023507,17.01087645162341,18.072070784054773,16.84412,16.776019063853127,16.284712264583504,16.660355015741928,17.80000962882223
2026-05-26,ITA US 10/16/26 C245 Equity,2026-06-02,8.6,8.8,8.27498805076095,8.8,8.27498805076095,10.191645215477877,9.685325700318636,10.139505803531401,10.675486,11.443600657871231,10.241963100135852,7.435766621230523,9.349070781259368
2026-05-26,ITA US 10/16/26 C255 Equity,2026-06-02,6.35,6.05,5.567479245247985,6.05,5.567479245247985,7.813219937108228,7.510930158584025,5.617633666843752,5.7863965,5.821676288130876,5.879785810778764,4.795168163001219,6.773831048605198
2026-05-27,ITA US 10/16/26 C245 Equity,2026-06-03,7.550000000000001,9.45,9.096469979267182,9.45,9.096469979267182,10.020703033969152,9.31791064453125,8.660991381677189,9.130862,9.168493874629721,9.207826015248282,6.34974843780559,9.384796754900655
2026-05-27,ITA US 01/15/27 C245 Equity,2026-06-03,11.8,13.75,13.18485862224509,13.75,13.18485862224509,13.93567575683361,13.085259583602115,11.481657519656304,11.266816,11.074433827577389,11.782292024940622,10.441258549530584,13.561423311879809
2026-05-27,ITA US 07/17/26 C230 Equity,2026-06-03,6.45,9.149999999999999,8.726608262651473,9.149999999999999,8.726608262651473,10.444290393464453,8.2655143535589,8.579499947880212,9.612297,10.395788448997699,10.350661168474014,14.171360058540651,8.376976413603282
2026-05-27,ITA US 12/18/26 C230 Equity,2026-06-03,16.6,19.35,18.86057354742827,19.35,18.86057354742827,18.473951622180145,17.1995090233527,18.0802128086355,17.851076,18.35177849713503,17.192603787385767,16.990023032737366,18.923260967497416
2026-05-27,ITA US 12/18/26 C240 Equity,2026-06-03,12.3,14.45,13.978117776637767,14.45,13.978117776637767,14.080767146639669,13.37431606256475,11.990885423955378,12.205392,12.20457499702451,12.441729028464017,11.217835830179883,14.185078148677052
2026-05-27,ITA US 10/16/26 C240 Equity,2026-06-03,9.2,11.100000000000001,10.752928537537857,11.100000000000001,10.752928537537857,11.458242717232139,10.563605371415363,9.027338182420536,10.009233,10.415671128061435,9.170748395499889,7.850917977563337,10.865921509432265
2026-05-27,ITA US 07/17/26 C250 Equity,2026-06-03,1.5,2.5250000000000004,2.1669600781137017,2.5250000000000004,2.1669600781137017,3.993411901739325,2.981529060234333,2.6878478670534443,2.8823829,3.152809085821648,2.6122105282791033,5.287731387649236,1.9468254970377652
2026-05-27,ITA US 10/16/26 C255 Equity,2026-06-03,5.25,6.6,6.261256034022639,6.6,6.261256034022639,7.81516919595138,7.208209038225793,6.9968510401984165,6.0523877,6.289974730010754,5.546626895471669,4.139099307509733,6.710073039448556
2026-05-27,ITA US 01/15/27 C240 Equity,2026-06-03,13.649999999999999,15.549999999999999,15.26546225269242,15.549999999999999,15.26546225269242,15.9297448124146,14.918541664001044,14.377194284702508,13.30989,13.453666025411115,13.537243369083413,13.32249956128403,15.408451591697899
2026-05-27,ITA US 10/16/26 C235 Equity,2026-06-03,10.8,13.05,12.575209201159025,13.05,12.575209201159025,13.116811649240137,12.046881070309583,11.222389847577539,12.534603,12.630037701266861,11.821466142936062,9.49026298385985,12.644066798540083
2026-05-27,ITA US 10/16/26 C250 Equity,2026-06-03,5.75,8.5,8.190836962700377,8.5,8.190836962700377,8.8660922556052,8.378783219267351,8.211962510715416,7.4617777,7.8829030962941165,7.311680033178157,4.531092504146021,8.31296354832045
2026-05-27,ITA US 12/18/26 C245 Equity,2026-06-03,10.7,12.75,12.269460489131129,12.75,12.269460489131129,13.568421129679415,12.745330804742405,11.05625319141361,10.989956,11.077018786406127,10.900728574438793,7.41104965576217,12.643641052607316
2026-05-27,ITA US 12/18/26 C250 Equity,2026-06-03,9.15,10.649999999999999,10.80712843834873,10.649999999999999,10.80712843834873,11.483739266473936,10.510993466352422,8.77505674081307,9.166887,9.332696353617322,9.12865368916692,8.499508067018306,10.411589168348153
2026-05-27,ITA US 12/18/26 C235 Equity,2026-06-03,14.1,16.8,16.32120060481282,16.8,16.32120060481282,16.68568245475255,15.91368519465238,16.972580801920692,16.506983,16.21941430975805,14.566597159940327,13.244159658204262,16.522109709326934
2026-05-27,ITA US 01/15/27 C250 Equity,2026-06-03,10.399999999999999,12.15,11.626679016514867,12.15,11.626679016514867,13.2432839527972,12.343282192182048,10.337974841176019,10.408222,10.659563718857978,9.931175419536343,7.553315547461453,12.158336054389848
2026-05-27,ITA US 10/16/26 C230 Equity,2026-06-03,12.3,16.05,15.779791488282001,16.05,15.779791488282001,15.71899197701411,14.275179121209863,16.233538831841678,15.746409,15.448127550140411,13.916880649945965,12.627398208944756,15.405333010382693
2026-05-27,ITA US 01/15/27 C235 Equity,2026-06-03,14.95,18.1,17.82964853351304,18.1,17.82964853351304,17.780670106416892,16.958327683963432,17.36480642653595,17.241392,16.69620702598398,16.4972227320997,17.126785033927128,17.920235833435108
2026-05-27,ITA US 01/15/27 C230 Equity,2026-06-03,17.799999999999997,20.549999999999997,20.293215245653403,20.549999999999997,20.293215245653403,20.355801289188975,18.902352948668106,18.124859075837794,18.14569,18.589685348684558,18.01491720270514,18.65342036137934,20.133526477105956
2026-05-28,ITA US 12/18/26 C240 Equity,2026-06-04,14.6,16.6,16.444785154018692,16.6,16.444785154018692,15.85442393677823,15.100954061277065,16.73668417949056,16.02015,15.837954491622511,16.023114654993904,15.623312920883446,15.891459183038565
2026-05-28,ITA US 07/17/26 C250 Equity,2026-06-04,2.6,3.55,3.163954020194357,3.55,3.163954020194357,4.717604402461566,3.7101616532504362,3.4207916694206046,3.481569,3.3356464141017894,4.159781689199294,8.632300267673967,2.279065971376725
2026-05-28,ITA US 12/18/26 C235 Equity,2026-06-04,17.0,19.5,19.263039040590318,19.5,19.263039040590318,18.459403397305422,17.30570747838274,18.032305380612005,17.762938,17.888984187588587,17.464881398028353,16.916805264014005,18.52560497669553
2026-05-28,ITA US 10/16/26 C245 Equity,2026-06-04,9.0,11.1,11.156107585592279,11.1,11.156107585592279,11.658248990570044,10.823446827333644,9.03862875563967,10.860073,10.995646782068338,11.057106043505994,9.738498283536012,10.530900504888582
2026-05-28,ITA US 01/15/27 C245 Equity,2026-06-04,13.7,15.6,15.15706352878848,15.6,15.15706352878848,15.350844171724818,14.652572195883945,14.625696504265477,13.683566,13.356775082351216,13.972018112194084,13.625991739151328,14.917792571476278
2026-05-28,ITA US 01/15/27 C240 Equity,2026-06-04,15.95,17.95,17.33450249894863,17.95,17.33450249894863,17.36226315213714,16.72420809006088,17.11364910267822,16.876125,16.605505833766777,16.870564090199096,16.847585187498016,16.969780210554276
2026-05-28,ITA US 10/16/26 C255 Equity,2026-06-04,6.550000000000001,7.75,7.572420749779375,7.75,7.572420749779375,9.201852091621555,8.562351305761378,7.737428019319052,7.455675,7.344101226916285,6.59820151793178,6.14831425632028,7.369095357184961
2026-05-28,ITA US 10/16/26 C230 Equity,2026-06-04,15.75,18.25,18.459744740345855,18.25,18.459744740345855,18.178736334114426,16.663086890826694,17.240896027473088,17.71233,17.85113952738468,17.609803651661025,14.299580513549696,17.171001272280762
2026-05-28,ITA US 10/16/26 C235 Equity,2026-06-04,13.6,15.399999999999999,15.56585753401123,15.399999999999999,15.56585753401123,15.396631766375798,13.805720009326862,14.263648444473928,14.323533,14.797223026978385,14.237797414653224,13.2141710690602,14.48729169820595
2026-05-28,ITA US 12/18/26 C230 Equity,2026-06-04,19.4,21.85,21.67579064984705,21.85,21.67579064984705,21.000905642560436,19.802470255408373,18.7970104177223,19.449697,19.436547067296452,19.347357693952148,17.77705754510929,20.94579592720349
2026-05-28,ITA US 10/16/26 C240 Equity,2026-06-04,10.85,13.1,13.207101272117077,13.1,13.207101272117077,13.122308169610356,12.11315626179502,11.23496233235009,12.968359,13.265248892214505,12.929736307379935,11.645103270084357,12.32977246152814
2026-05-28,ITA US 07/17/26 C230 Equity,2026-06-04,9.3,11.85,11.523247362954592,11.85,11.523247362954592,13.139499209924095,10.981063901603063,6.696188469551726,9.645605,10.208646235011324,10.398729474810768,11.56922098070879,10.6097768829179
2026-05-28,ITA US 12/18/26 C245 Equity,2026-06-04,12.5,14.3,14.11599576798072,14.3,14.11599576798072,14.829624506841458,14.14933426149113,11.937202870706587,12.644819,12.656124753382592,13.358414019854413,11.081802849473604,13.532964962187885
2026-05-28,ITA US 10/16/26 C250 Equity,2026-06-04,7.699999999999999,9.25,9.265574354963922,9.25,9.265574354963922,9.678657931520293,8.777652958534745,8.653794416119775,9.321298,9.493988573626433,9.90399573724316,8.178098452208477,8.354829174211389
2026-05-28,ITA US 01/15/27 C230 Equity,2026-06-04,20.85,23.15,22.795190797403848,23.15,22.795190797403848,22.630335686698203,21.386865656842254,21.13647852307552,20.413765,20.50922950224281,21.006789287361347,18.404307944915114,22.204640224910147
2026-05-28,ITA US 01/15/27 C250 Equity,2026-06-04,12.05,13.7,13.316285392887597,13.7,13.316285392887597,14.29362710467569,13.547216851292404,11.474361256501545,11.726748,11.938138374149874,12.520549220397642,10.003978312775802,13.041263718714955
2026-05-28,ITA US 12/18/26 C250 Equity,2026-06-04,10.75,12.2,11.987042581466385,12.2,11.987042581466385,13.189024783214368,12.39430941775257,10.374666894758379,11.147267,11.554283237391024,11.404073250705745,10.859279640854822,11.63123076434929
2026-05-28,ITA US 01/15/27 C235 Equity,2026-06-04,18.3,20.25,20.046864188854737,20.25,20.046864188854737,19.922204202248526,18.69757989979195,18.096379685943116,17.812729,17.800977573712306,17.792474991049556,19.25761783286568,19.35153771415804
2026-05-29,ITA US 12/18/26 C245 Equity,2026-06-05,12.100000000000001,14.2,14.04861896079002,14.2,14.04861896079002,14.097506953826183,13.268539152107564,11.814947451394318,12.076923,11.58168271467151,12.909942843500318,10.458931032233535,13.209217193668062
2026-05-29,ITA US 12/18/26 C235 Equity,2026-06-05,16.15,19.0,18.973207420294614,19.0,18.973207420294614,18.2682409652735,16.749171876639252,17.418515781272674,17.508968,16.99950735847883,17.751027160360007,17.124918567940167,17.902163290047636
2026-05-29,ITA US 10/16/26 C245 Equity,2026-06-05,9.0,10.65,10.672490858879,10.65,10.672490858879,10.651076645339643,9.535696046383546,8.723092876035969,9.591933,9.270497777689526,11.25646667776155,8.479515514219372,9.556421601793886
2026-05-29,ITA US 01/15/27 C235 Equity,2026-06-05,17.5,20.35,20.405812112201847,20.35,20.405812112201847,19.863781575443152,18.641817694049067,17.94128343030451,17.809002,17.792907440599976,17.452311484822108,21.65633367965903,19.157023339221116
2026-05-29,ITA US 12/18/26 C250 Equity,2026-06-05,10.9,12.1,11.99789257309375,12.1,11.99789257309375,12.131035777326368,11.431968164243433,10.287553605719664,10.575063,10.189658851560493,11.747181446220914,10.072960250273594,11.235496207194851
2026-05-29,ITA US 10/16/26 C250 Equity,2026-06-05,7.4,9.0,9.042975340179947,9.0,9.042975340179947,9.243607038696464,8.073244464566272,8.57836003719206,9.053451,8.580516246417153,10.42467751024312,6.989616172512784,8.012122764174004
2026-05-29,ITA US 01/15/27 C245 Equity,2026-06-05,13.3,15.6,15.100605242691975,15.6,15.100605242691975,15.162411514396592,14.471176266772044,14.551503630053476,13.072879,12.517800622797937,14.00884121129369,12.950760320444981,14.468889521109922
2026-05-29,ITA US 01/15/27 C240 Equity,2026-06-05,15.5,17.95,17.781826215837476,17.95,17.781826215837476,17.05696918774997,16.331536582988015,16.817687920806286,16.620264,16.85396663156055,18.209124360869826,17.064050718262195,16.799234018083514
2026-05-29,ITA US 07/17/26 C250 Equity,2026-06-05,1.925,3.2,3.048565045406036,3.2,3.048565045406036,4.863775984619622,3.0896039369946457,3.7395890812919683,3.8902597,3.296217224532589,5.427869588887683,8.007547188456043,1.7151726074319384
2026-05-29,ITA US 12/18/26 C240 Equity,2026-06-05,13.899999999999999,16.450000000000003,16.480888491258188,16.450000000000003,16.480888491258188,15.247390604044675,14.345202292247151,15.893425814560082,15.363452,14.51137389413536,16.047049656407612,13.123356659848787,15.227281786964552
2026-05-29,ITA US 10/16/26 C240 Equity,2026-06-05,11.15,12.6,12.829233505283357,12.6,12.829233505283357,13.007917021301433,11.721283842328193,10.526390045460142,11.924459,11.360965382957293,12.469964341948588,9.874708865238588,11.547769038520938
2026-05-29,ITA US 10/16/26 C255 Equity,2026-06-05,6.2,7.7,7.79667640329372,7.7,7.79667640329372,7.882161211464931,6.906505148602153,7.144662290754382,6.859905,6.932352790961461,7.1912439413721865,3.8191235796077363,6.4244283651931084
2026-05-29,ITA US 10/16/26 C230 Equity,2026-06-05,14.8,17.9,18.151613534980395,17.9,18.151613534980395,17.47542153584036,15.863873827178177,16.83647480441857,17.723488,17.12665328209183,18.093699472910522,13.642940689466394,16.594803154680683
2026-05-29,ITA US 10/16/26 C235 Equity,2026-06-05,12.5,15.25,15.627427352652488,15.25,15.627427352652488,16.00593134840144,14.23756720543438,14.144949403971998,14.491301,14.207235645575208,14.99895328281373,13.180164595219498,14.17519257960661
2026-05-29,ITA US 12/18/26 C230 Equity,2026-06-05,18.35,21.7,21.840409086041852,21.7,21.840409086041852,20.605985574580373,19.333813166090287,18.530400212519133,19.466957,19.332089058681323,19.603201233713875,17.645586924022034,20.405068664289225
2026-05-29,ITA US 01/15/27 C230 Equity,2026-06-05,19.7,22.9,22.935553242729682,22.9,22.935553242729682,22.072080673360325,20.81718034051452,20.893297165911044,21.059809,21.17001903437877,20.440217479524566,18.809779611183487,21.66675538579965
2026-05-29,ITA US 01/15/27 C250 Equity,2026-06-05,11.5,13.85,13.730033604977212,13.85,13.730033604977212,13.128280692810238,12.197682997691217,11.482067713534827,10.985644,10.451098256969305,12.637808135437473,7.642709172607547,12.522845795866674
2026-05-29,ITA US 07/17/26 C230 Equity,2026-06-05,7.6,11.45,11.539051045422575,11.45,11.539051045422575,12.795656953344588,10.28966706350698,6.49113135251575,8.969997,8.844637317166905,10.626400651026803,10.98225009807014,9.990586350904625
2026-06-01,ITA US 10/16/26 C230 Equity,2026-06-08,13.8,15.6,14.735335156649796,15.6,14.735335156649796,10.85587060099985,11.085983764302,13.438388302193921,12.318578,11.612919832698799,12.431206255993184,11.918495758909247,13.089662625772501
2026-06-01,ITA US 10/16/26 C250 Equity,2026-06-08,7.199999999999999,7.35,6.671061873167752,7.35,6.671061873167752,4.27757530536352,4.654646868106603,6.849815877805164,5.3989635,5.246593945409555,5.6633961117317,3.241937860250175,5.136145743684452
2026-06-01,ITA US 01/15/27 C250 Equity,2026-06-08,11.15,11.600000000000001,11.425840118390346,11.600000000000001,11.425840118390346,9.106937343889232,9.034879173636657,9.190615740358643,8.824456,8.69734337988482,8.348012569906128,6.263305955718619,9.349297444757461
2026-06-01,ITA US 07/17/26 C250 Equity,2026-06-08,1.5499999999999998,2.325,1.6034452324406456,2.325,1.6034452324406456,-0.5590806530992314,-0.722391379327437,2.5084537875616375,2.0917053,1.9280423163457525,2.7818102934970828,4.473379627553757,-0.4431859825066242
2026-06-01,ITA US 01/15/27 C235 Equity,2026-06-08,16.4,17.950000000000003,16.88036788747725,17.950000000000003,16.88036788747725,13.03444233358929,13.761739609136786,14.956619964161812,14.081362,12.731398664427624,14.28236818208815,15.650681965250964,15.429453390478916
2026-06-01,ITA US 10/16/26 C240 Equity,2026-06-08,9.649999999999999,10.8,10.027707138187484,10.8,10.027707138187484,7.539781347169903,7.920687390437939,8.653788290292994,8.043805,8.076446005452905,7.326179079506296,5.197932889655108,8.523095781308212
2026-06-01,ITA US 01/15/27 C245 Equity,2026-06-08,12.55,13.85,12.868729619815541,13.85,12.868729619815541,9.7613909152378,10.467137620357947,11.35353510488591,10.244753,9.578842647603738,9.912587324210643,9.557291245398854,11.484800796319302
2026-06-01,ITA US 12/18/26 C230 Equity,2026-06-08,17.45,19.15,18.146732206356607,19.15,18.146732206356607,13.993691762278175,14.44836991434103,15.711983287853386,15.129859,14.201087850109396,14.779062091216272,16.238568159334978,16.67050598652771
2026-06-01,ITA US 01/15/27 C230 Equity,2026-06-08,18.5,20.5,19.37810747065363,20.5,19.37810747065363,15.148202286589076,15.619970592899117,15.792178797944228,15.665532,15.094964068695907,15.797777200605232,17.153029875763313,17.927975904262087
2026-06-01,ITA US 12/18/26 C240 Equity,2026-06-08,13.15,13.8,13.745982743380354,13.8,13.745982743380354,11.010890230445886,11.267673012891585,11.310624794115919,11.202051,10.894121983548358,10.712566177851595,9.496397078368753,11.608618277987045
2026-06-01,ITA US 12/18/26 C250 Equity,2026-06-08,9.0,10.850000000000001,10.140888537171001,10.850000000000001,10.140888537171001,6.791699123803745,7.354774368427561,8.659247890790896,8.671605,8.356393735197246,7.522938653503982,4.996414369559247,8.496501852883274
2026-06-01,ITA US 01/15/27 C240 Equity,2026-06-08,14.4,15.75,14.731889537707378,15.75,14.731889537707378,11.266184781074271,11.820421451628468,13.80940082237384,12.339978,11.874966368563198,11.884366919328874,9.470875853070694,13.246926746413196
2026-06-01,ITA US 10/16/26 C235 Equity,2026-06-08,11.85,12.850000000000001,12.083609201229217,12.850000000000001,12.083609201229217,9.344928221487823,9.723231241992401,10.792235086356891,10.221684,9.561346132538285,10.09432603012787,8.083130749007667,10.514513555010177
2026-06-01,ITA US 10/16/26 C245 Equity,2026-06-08,8.15,9.1,8.368300567543296,9.1,8.368300567543296,5.598300056335459,5.949197535796659,8.343953585309114,7.4842234,7.0675012469167955,7.48703194246806,5.258702944297152,6.827330878584929
2026-06-01,ITA US 10/16/26 C255 Equity,2026-06-08,5.75,6.5,5.848980876078258,6.5,5.848980876078258,3.8239073464502784,3.9386669952687736,6.408463106345362,4.814487,5.053692987036399,4.389990983972734,2.578227213550977,4.371466701564306
2026-06-01,ITA US 07/17/26 C230 Equity,2026-06-08,6.55,8.85,7.921968614734395,8.85,7.921968614734395,6.729860617235854,5.7266138109378515,8.318606240535486,7.9411664,7.322909085804348,7.0289080078724435,8.30612451085329,6.214264750923422
2026-06-01,ITA US 12/18/26 C235 Equity,2026-06-08,15.25,16.35,15.308283519147508,16.35,15.308283519147508,12.093575347170823,12.62723407892438,14.271422796898081,13.777918,12.821005879267677,12.918790832307092,12.426754619602582,14.0762002765206
2026-06-01,ITA US 12/18/26 C245 Equity,2026-06-08,11.25,12.3,11.395200200561677,12.3,11.395200200561677,8.494311677349518,9.009377864427341,10.081080707712074,9.716639,9.365735849193936,8.306957181355598,5.897663919533021,9.965644157074507
2026-06-02,ITA US 12/18/26 C250 Equity,2026-06-09,10.9,9.8,8.9701839081134,9.8,8.9701839081134,5.19280628033998,6.699639663387429,8.357226096947297,8.825584,8.67332360785798,9.035424741504663,4.7983024911111185,7.2684004410570875
2026-06-02,ITA US 10/16/26 C235 Equity,2026-06-09,12.7,12.0,11.307050448223844,12.0,11.307050448223844,7.03772920865466,8.42362340999147,9.784896272285076,10.175225,10.578006154083294,10.950199401301193,6.03188776528451,9.464911790495215
2026-06-02,ITA US 12/18/26 C230 Equity,2026-06-09,18.85,17.95,16.946946039281176,17.95,16.946946039281176,12.56085248589023,14.135551851833114,15.413864142534518,15.868481,15.871678436266711,15.155813993400479,15.418194511826218,15.841133584402606
2026-06-02,ITA US 12/18/26 C235 Equity,2026-06-09,16.05,15.7,14.618800749674664,15.7,14.618800749674664,10.436618725774762,12.12839990639014,14.125205701983592,14.553698,14.269590786977268,13.707587881396599,10.369185952580558,13.518761671777423
2026-06-02,ITA US 01/15/27 C240 Equity,2026-06-09,15.2,15.15,14.108862116412782,15.15,14.108862116412782,10.164509884501006,11.701989220345057,12.986083731096757,12.429587,12.662267808078399,12.649779517604518,9.436175819145694,12.954935542627881
2026-06-02,ITA US 10/16/26 C230 Equity,2026-06-09,14.9,14.5,13.745983593091674,14.5,13.745983593091674,9.41490468909169,10.746933929915048,11.8212244221861,12.293913,12.73089756648731,12.704532755200745,10.734546416115144,12.236916780626547
2026-06-02,ITA US 07/17/26 C250 Equity,2026-06-09,1.9,1.95,1.4742015625001796,1.95,1.4742015625001796,-1.7979207401930797,-0.8003123667844179,2.098666748926955,2.2905586,2.2123767159374297,4.3556872037176735,3.9844212885028236,-0.6824175509184347
2026-06-02,ITA US 01/15/27 C235 Equity,2026-06-09,17.4,17.15,16.109948105983495,17.15,16.109948105983495,11.674958062975328,13.298058044809578,15.22662985327817,15.067252,14.751068906059597,15.30536782896524,13.060520176552636,14.88649709912033
2026-06-02,ITA US 10/16/26 C250 Equity,2026-06-09,7.35,6.95,6.474494406467383,6.95,6.474494406467383,1.9556272101271386,3.5542129403871208,6.820058029502536,5.7012386,5.844050982981675,6.8290238064900874,2.802754532571629,4.410159363276787
2026-06-02,ITA US 01/15/27 C230 Equity,2026-06-09,19.9,19.35,18.255603054077007,19.35,18.255603054077007,13.629984781605877,15.154203138470784,16.22161186830647,16.404226,16.757190214713518,16.07135123031347,15.093180071254524,16.894849030508478
2026-06-02,ITA US 10/16/26 C240 Equity,2026-06-09,10.600000000000001,10.4,9.729706321179028,10.4,9.729706321179028,6.1205486250164345,7.588301069571265,8.45503021953813,8.584033,8.997904469532184,8.817517307365051,5.057198017560163,8.235778903383093
2026-06-02,ITA US 10/16/26 C255 Equity,2026-06-09,6.1,6.35,5.910260297901054,6.35,5.910260297901054,2.838549519242898,4.2608545943343525,4.495259043520335,4.718066,4.697441960397269,5.309984027641887,2.430948340827492,4.373997644388538
2026-06-02,ITA US 12/18/26 C240 Equity,2026-06-09,13.85,13.95,12.974297159127511,13.95,12.974297159127511,9.163452430216449,10.873018222004731,11.346777450154336,11.338006,11.39431222283498,10.87143646699991,7.13065823217093,11.71377984033454
2026-06-02,ITA US 01/15/27 C250 Equity,2026-06-09,11.55,11.35,10.433298191590408,11.35,10.433298191590408,7.609009796691009,8.942263283846344,8.98181084552958,9.150122,8.880788515986472,9.593474173031355,3.3799851901624516,9.252231923458293
2026-06-02,ITA US 10/16/26 C245 Equity,2026-06-09,8.65,8.6,7.974959653625897,8.6,7.974959653625897,4.615560632331443,6.095792198664377,8.142085086594085,7.5853257,7.45749776701686,7.669766911439032,4.424395458127806,6.573215446280121
2026-06-02,ITA US 07/17/26 C230 Equity,2026-06-09,8.1,7.5,6.780656582217473,7.5,6.780656582217473,4.576986442498569,4.806562285528184,6.875394268990226,7.1938567,7.683262225118059,6.756874868704805,7.3988043939817425,4.784485046977328
2026-06-02,ITA US 12/18/26 C245 Equity,2026-06-09,12.0,11.75,10.797895157162932,11.75,10.797895157162932,7.919061767356478,9.508419577692246,9.578848911038927,10.427529,10.614634261579969,10.305940663200484,4.657269256332561,9.83627654776284
2026-06-02,ITA US 01/15/27 C245 Equity,2026-06-09,13.7,13.3,12.322117517083699,13.3,12.322117517083699,8.816023042217935,10.388373177252296,11.109355458137538,11.047547,11.09326658579283,11.325096370626918,7.435318112620143,11.273215446280123
2026-06-03,ITA US 10/16/26 C255 Equity,2026-06-10,5.35,5.25,4.767114781798684,5.25,4.767114781798684,1.982701989085749,3.5763959679259507,4.153086696626897,3.718954,3.2090110395406533,2.6855431224281556,0.9640033733117491,3.4597725599395117
2026-06-03,ITA US 10/16/26 C240 Equity,2026-06-10,9.4,9.2,8.59707871260774,9.2,8.59707871260774,4.922475835051975,6.605839070522996,8.3482906733405,7.4259486,7.133219282526301,6.507304763034179,2.761238182659962,6.87897065690102
2026-06-03,ITA US 07/17/26 C230 Equity,2026-06-10,6.6,6.45,5.604070663440957,6.45,5.604070663440957,3.2627177086331347,3.8119976580448807,5.515493319471816,6.0598054,6.241713579640307,4.212987242698254,7.947465042703887,3.9765029217957064
2026-06-03,ITA US 12/18/26 C230 Equity,2026-06-10,16.55,16.6,15.328483347729426,16.6,15.328483347729426,10.636799834741568,12.78288534720679,15.199597123207202,14.857252,14.485655877719344,14.161659529753491,12.771564256052464,14.511196163833128
2026-06-03,ITA US 12/18/26 C240 Equity,2026-06-10,12.55,12.3,11.268240085462008,12.3,11.268240085462008,7.3327005803012995,9.323021964440972,10.081080707712074,10.055265,9.756021433428188,8.112387271516816,6.231588658646406,10.246342226018978
2026-06-03,ITA US 01/15/27 C245 Equity,2026-06-10,12.2,11.8,10.932776537228321,11.8,10.932776537228321,7.266091454380315,9.127729225697582,9.68579577931779,9.280293,8.969093394467002,8.455100167316708,6.470236215107813,9.821139500499742
2026-06-03,ITA US 01/15/27 C235 Equity,2026-06-10,15.8,14.95,14.578412922192758,14.95,14.578412922192758,9.888050371656519,11.686791542022672,13.031548193320134,11.970179,11.707714780035841,11.406822616444071,11.844570760864457,12.35252455773276
2026-06-03,ITA US 07/17/26 C250 Equity,2026-06-10,1.225,1.5,1.5201761956345377,1.5,1.5201761956345377,-0.567133891791018,0.18782446180184742,2.09087001012723,1.6269746,1.1532601324416425,1.809930993089715,4.447785589254948,-0.5826044755219177
2026-06-03,ITA US 10/16/26 C230 Equity,2026-06-10,13.45,12.3,12.226662565491727,12.3,12.226662565491727,6.639285657290696,8.095940114236456,10.073063647346046,9.865388,9.849649084439486,8.548398555543772,7.136814079005959,9.425539231977945
2026-06-03,ITA US 10/16/26 C245 Equity,2026-06-10,7.7,7.550000000000001,7.043827712695451,7.550000000000001,7.043827712695451,3.051377089722413,4.80297564745041,6.862322710047079,5.2540193,5.255447499767126,4.961615423520184,2.9026746696503047,5.416922696723676
2026-06-03,ITA US 10/16/26 C235 Equity,2026-06-10,11.2,10.8,10.152916211508085,10.8,10.152916211508085,5.795246852475563,7.400005943627609,8.653788290292994,7.967395,8.360228900692293,7.34010789848029,5.648087299470736,8.483571189188336
2026-06-03,ITA US 10/16/26 C250 Equity,2026-06-10,6.65,5.75,6.314190425445908,5.75,6.314190425445908,2.213915133678272,3.4092141551803294,4.14916244796234,4.0291038,3.7255735743972456,3.8895177191814767,3.3881273139993504,3.6375548111378744
2026-06-03,ITA US 12/18/26 C250 Equity,2026-06-10,9.65,9.15,8.265693086122132,9.15,8.265693086122132,4.31840805073155,6.242544134515934,8.344353306236135,8.284132,7.897098305700843,7.534134961453606,5.2586401335031505,7.150662744550187
2026-06-03,ITA US 12/18/26 C245 Equity,2026-06-10,11.0,10.7,9.791425183772827,10.7,9.791425183772827,5.874703812245772,7.915905949377176,8.47669742447008,8.799947,8.63808366283639,8.094522777082135,3.2344828567354904,8.597766057478893
2026-06-03,ITA US 01/15/27 C250 Equity,2026-06-10,10.9,10.399999999999999,9.455382266735969,10.399999999999999,9.455382266735969,6.003639355391233,7.774552931169482,8.450249378149135,8.163872,7.728686788885682,7.830090659237391,3.667984817902598,8.369819383794974
2026-06-03,ITA US 12/18/26 C235 Equity,2026-06-10,14.600000000000001,14.1,13.024272467184808,14.1,13.024272467184808,8.878325957906895,10.858739171651965,11.603223530438159,11.708826,11.354558455450894,10.46063043128948,9.248220049624173,12.030318075230037
2026-06-03,ITA US 01/15/27 C240 Equity,2026-06-10,13.899999999999999,13.649999999999999,12.67073919649658,13.649999999999999,12.67073919649658,8.69042881192572,10.5617816680081,11.227154506568594,10.419174,9.906895352876472,9.36128212905476,8.17563175147851,11.565498865263766
2026-06-03,ITA US 01/15/27 C230 Equity,2026-06-10,17.85,17.799999999999997,16.593366904378676,17.799999999999997,16.593366904378676,11.836870955681256,13.795414441482688,15.419744796106926,14.842842,14.09130407674798,14.397126825352245,13.12672822488139,15.526135999301854
2026-06-04,ITA US 10/16/26 C245 Equity,2026-06-11,11.05,9.0,8.632418443982651,9.0,8.632418443982651,6.200017799879703,7.6997858973425055,8.416428716087692,8.953771,8.228416582828984,8.805273699854805,7.30200135819449,7.141729890325643
2026-06-04,ITA US 10/16/26 C255 Equity,2026-06-11,7.8500000000000005,6.550000000000001,6.1196490223855635,6.550000000000001,6.1196490223855635,3.2273429956368833,5.0965273123375745,6.856432374263013,5.386192,4.710384486922921,5.005504754677707,3.007117446225047,4.4282019370642764
2026-06-04,ITA US 01/15/27 C250 Equity,2026-06-11,14.05,12.05,11.497124756348152,12.05,11.497124756348152,8.76465217674183,10.308027591922494,10.022078521462362,10.411404,10.323169058233484,9.691727444151995,9.337326537260306,10.149193083858197
2026-06-04,ITA US 01/15/27 C235 Equity,2026-06-11,20.549999999999997,18.3,17.850056775698516,18.3,17.850056775698516,13.353560165290363,14.823051272201546,15.686577347169935,15.383854,14.583266003800723,14.260616974899003,18.7370388290547,16.13823438780196
2026-06-04,ITA US 12/18/26 C245 Equity,2026-06-11,14.600000000000001,12.5,11.826662323987295,12.5,11.826662323987295,8.705604559994427,10.347889011615807,10.272804617208724,11.350087,11.056275036109259,10.737780047462849,10.39118358853406,10.556207393646801
2026-06-04,ITA US 01/15/27 C245 Equity,2026-06-11,15.85,13.7,13.214703000776417,13.7,13.214703000776417,9.667317025090078,11.26925071656088,11.321506693756714,11.245021,11.012721353668251,10.900061965164431,11.98107278159627,11.632833950625955
2026-06-04,ITA US 10/16/26 C240 Equity,2026-06-11,13.05,10.85,10.49959409006001,10.85,10.49959409006001,7.56545482361843,8.914606567759765,8.757145836204584,9.589157,9.51493629077942,8.50408081241782,9.05597393152603,8.798717045233213
2026-06-04,ITA US 01/15/27 C240 Equity,2026-06-11,18.200000000000003,15.95,15.336654093836998,15.95,15.336654093836998,11.801036673007246,13.400451206549718,14.426554755210534,13.277581,12.562239388333262,13.004093923265112,13.564630073757861,13.914987493013545
2026-06-04,ITA US 12/18/26 C235 Equity,2026-06-11,19.4,17.0,16.46645737663278,17.0,16.46645737663278,12.085291340772425,13.725827718695287,15.323537341521744,15.598534,14.704282429129591,14.38554041339732,14.528813688212468,14.848499897410502
2026-06-04,ITA US 12/18/26 C250 Equity,2026-06-11,12.7,10.75,10.031961578092394,10.75,10.031961578092394,7.001029989853976,8.849908687792649,8.609649061640992,10.484448,9.982622231325958,9.106470918241488,8.347290188398183,8.859458593466728
2026-06-04,ITA US 07/17/26 C230 Equity,2026-06-11,11.25,9.3,8.73845694931034,9.3,8.73845694931034,7.493244509870907,7.32658692639115,8.047384237111265,8.812549,8.713146301076511,8.220908469506492,11.002214500837697,6.845468066935561
2026-06-04,ITA US 10/16/26 C235 Equity,2026-06-11,15.5,13.6,13.244333093540483,13.6,13.244333093540483,9.31831538352958,10.63040614554344,11.291587643685483,11.913534,11.505702180606013,11.279558819507084,11.665065562654043,11.281993152197666
2026-06-04,ITA US 07/17/26 C250 Equity,2026-06-11,3.0,2.6,2.158909559825553,2.6,2.158909559825553,1.345001038109535,2.5700955751798436,2.328590320739117,2.5343046,1.5778375633651367,2.389761063917895,5.247776346027505,0.4129880303286053
2026-06-04,ITA US 12/18/26 C230 Equity,2026-06-11,21.9,19.4,18.871001326100213,19.4,18.871001326100213,14.26336317895494,15.439723657973323,16.383982078576548,16.65386,16.02364511586904,16.34456129299529,16.594544108670565,17.093726764469416
2026-06-04,ITA US 10/16/26 C250 Equity,2026-06-11,9.100000000000001,7.699999999999999,7.354807597823763,7.699999999999999,7.354807597823763,4.346216166550731,5.859839046024302,7.031093724349558,5.9588666,5.643686533189207,5.392909904424743,7.246038669147479,5.593555068180255
2026-06-04,ITA US 01/15/27 C230 Equity,2026-06-11,23.35,20.85,20.41154132157921,20.85,20.41154132157921,16.04765168267562,17.040249214428513,16.445870325924897,16.412998,15.95150651795207,16.770119376379334,17.963290928233,18.636256846735062
2026-06-04,ITA US 12/18/26 C240 Equity,2026-06-11,16.85,14.6,13.8710524517901,14.6,13.8710524517901,9.985377898789201,11.752603406193241,11.933705121522337,13.116762,12.306331415310298,12.139247239925114,13.093588656490898,12.579560405988417
2026-06-04,ITA US 10/16/26 C230 Equity,2026-06-11,18.4,15.75,15.417869365406517,15.75,15.417869365406517,12.015935330459929,12.598082188930636,14.257642552772953,13.921729,13.18562216549445,12.35076120993615,14.114232378060404,13.669895799364449
2026-06-05,ITA US 07/17/26 C250 Equity,2026-06-12,2.425,1.925,1.6330972797508863,1.925,1.6330972797508863,1.8001185233240324,0.5591512736664228,2.1244055568218805,2.736303,3.0188947340954053,3.0288898370961057,3.03962574252595,-0.375596040532187
2026-06-05,ITA US 12/18/26 C245 Equity,2026-06-12,14.3,12.100000000000001,11.414713336738005,12.100000000000001,11.414713336738005,9.893815324689431,9.804333677408975,10.055292263444501,10.919709,11.285950650942254,10.410679175823736,6.794850434571014,10.381029640290166
2026-06-05,ITA US 07/17/26 C230 Equity,2026-06-12,9.65,7.6,7.344190158927231,7.6,7.344190158927231,7.450123373413781,5.489736078111552,6.880490888521034,7.41962,8.085348106264943,6.802640719354469,9.021406600748355,5.3353265204908595
2026-06-05,ITA US 12/18/26 C250 Equity,2026-06-12,12.35,10.9,10.187521851483849,10.9,10.187521851483849,8.584291816734524,8.702508443592555,8.659247890790896,9.788238,10.00057934121159,9.297946661099104,5.920415019042882,9.315981859434984
2026-06-05,ITA US 10/16/26 C235 Equity,2026-06-12,14.850000000000001,12.5,11.727280267732558,12.5,11.727280267732558,9.808777314863027,9.406877279688214,10.206407429330982,10.581078,11.224424803510884,11.908865527751411,7.282304133259033,10.37919551955703
2026-06-05,ITA US 10/16/26 C230 Equity,2026-06-12,17.4,14.8,14.355353591346761,14.8,14.355353591346761,11.593477499979993,11.217020148748244,12.39087222206291,12.577896,13.566993211211038,13.342189658447468,10.454172244205107,12.658699963511703
2026-06-05,ITA US 01/15/27 C240 Equity,2026-06-12,17.5,15.5,14.770502305955281,15.5,14.770502305955281,13.110334433425662,13.038652058787841,13.507727522300234,12.95873,13.5600128136006,13.402431588573574,10.161785620489884,13.828343130373671
2026-06-05,ITA US 01/15/27 C230 Equity,2026-06-12,22.15,19.7,18.893761459317385,19.7,18.893761459317385,16.528849982676256,16.26590385728594,16.4939681772871,16.845484,17.271151421869625,17.732572749050824,17.1621384115366,17.867133571063825
2026-06-05,ITA US 01/15/27 C250 Equity,2026-06-12,13.350000000000001,11.5,10.861201164199915,11.5,10.861201164199915,10.204962061010086,9.917415107988754,9.059636052754996,9.841704,9.984299810306831,10.561436964090799,6.934155907973414,9.977668580945412
2026-06-05,ITA US 01/15/27 C235 Equity,2026-06-12,19.8,17.5,16.597156907624502,17.5,16.597156907624502,14.437250396663785,14.337028766778172,15.517728298518357,15.574122,15.595011632969344,16.380765118154244,14.617842886554563,15.749315848619574
2026-06-05,ITA US 12/18/26 C235 Equity,2026-06-12,18.45,16.15,15.446078296326673,16.15,15.446078296326673,13.329069356324586,13.159927209747194,14.837809237454126,14.921519,14.847139739602099,15.18198449618062,11.276147453036643,14.306785766353933
2026-06-05,ITA US 10/16/26 C250 Equity,2026-06-12,9.25,7.4,6.950354056102548,7.4,6.950354056102548,6.037210536595275,5.802179322048581,6.854855898396149,6.0904956,6.622783983358521,5.575739863154719,3.6145940284767963,5.826247369043527
2026-06-05,ITA US 01/15/27 C245 Equity,2026-06-12,15.3,13.3,12.64611979510453,13.3,12.64611979510453,11.308130252080131,11.11275066863346,11.121299676773093,11.4066,11.539633459270393,11.982544939668795,9.080922869991682,11.704403083311016
2026-06-05,ITA US 12/18/26 C230 Equity,2026-06-12,21.05,18.35,17.548421427580305,18.35,17.548421427580305,14.783673221723244,14.593940764741085,15.802036022839246,16.08156,16.330485955132705,16.614021997036318,15.436699141886423,16.424603488798184
2026-06-05,ITA US 10/16/26 C240 Equity,2026-06-12,12.75,11.15,9.600804558197403,11.15,9.600804558197403,8.538797692754127,8.62561669544414,8.72112194163237,9.078047,9.713271358379002,9.056918549806333,4.658326899591331,9.406344067325115
2026-06-05,ITA US 10/16/26 C255 Equity,2026-06-12,7.699999999999999,6.2,5.7736966849476,6.2,5.7736966849476,5.309382764283134,4.984143823098728,4.414715327795228,5.0242085,5.549695963767189,5.116993636337659,2.9763369532402724,4.748299140721748
2026-06-05,ITA US 10/16/26 C245 Equity,2026-06-12,10.75,9.0,8.53799354073044,9.0,8.53799354073044,7.379995391966057,7.282825245013484,8.342393253173777,8.487632,8.634255066518914,8.119674689171088,4.393112748210338,7.40440308331101
2026-06-05,ITA US 12/18/26 C240 Equity,2026-06-12,16.3,13.899999999999999,13.183314934530966,13.899999999999999,13.183314934530966,11.020870827547064,10.987394507470384,11.368766972082096,11.739491,11.935718397629115,12.085443416314094,9.176278972422443,12.043282965842394
2026-06-08,ITA US 10/16/26 C240 Equity,2026-06-15,14.350000000000001,9.649999999999999,8.915511505932704,9.649999999999999,8.915511505932704,7.034549534829019,7.656096042370571,8.356826376020276,8.106739,8.18176422703315,7.4554149618648555,3.7991453293461195,7.850356680058055
2026-06-08,ITA US 10/16/26 C250 Equity,2026-06-15,10.0,7.199999999999999,6.542709774956595,7.199999999999999,6.542709774956595,4.659159183367159,5.262768679200747,6.84160814512352,5.630362,5.695113954073017,4.354436027821793,3.0937045453261183,5.56907140260826
2026-06-08,ITA US 07/17/26 C230 Equity,2026-06-15,12.15,6.55,5.72824912271776,6.55,5.72824912271776,5.710616118007355,4.578597055834848,6.788495513603542,6.6573777,7.090979905198458,5.169598621814991,6.426250822775395,4.316829314173338
2026-06-08,ITA US 07/17/26 C250 Equity,2026-06-15,2.925,1.5499999999999998,1.1285998388283007,1.5499999999999998,1.1285998388283007,0.07019290565386704,-0.38690295289275767,2.097766414965326,2.2361903,2.224449289855935,2.6905124477714573,3.679145489818104,-0.6155780717684669
2026-06-08,ITA US 12/18/26 C230 Equity,2026-06-15,23.1,17.45,16.314817138678155,17.45,16.314817138678155,13.010849638806096,13.692879805109992,15.445591106107043,15.625285,15.211647770497096,14.68571903944829,13.94096668790225,15.541860266528577
2026-06-08,ITA US 01/15/27 C250 Equity,2026-06-15,15.0,11.15,10.057278829899191,11.15,10.057278829899191,8.070065267365504,8.66650844953833,8.710693274084765,9.151717,8.884709755684062,8.990133278051411,5.149450951029787,9.303167877321778
2026-06-08,ITA US 12/18/26 C235 Equity,2026-06-15,20.700000000000003,15.25,14.279464231921704,15.25,14.279464231921704,11.661111658166307,12.251559170380265,13.463062848677009,13.259465,13.190428922408602,11.969114894656396,9.869712427654553,13.371961621265772
2026-06-08,ITA US 10/16/26 C255 Equity,2026-06-15,7.8,5.75,5.132136250491369,5.75,5.132136250491369,3.501119703862008,4.001885866120132,4.188653764932651,4.40293,4.178961647216571,3.552207107352853,2.230451422220582,4.096612548745692
2026-06-08,ITA US 01/15/27 C230 Equity,2026-06-15,24.5,18.5,17.266608031586873,18.5,17.266608031586873,14.231807344127208,14.859116803398265,15.825254762514373,16.100536,15.369564444214097,16.14406402142849,14.91738078384026,16.561016905773364
2026-06-08,ITA US 12/18/26 C245 Equity,2026-06-15,15.25,11.25,10.44911644793651,11.25,10.44911644793651,8.704380344623623,9.227513149745544,8.91790310066957,9.821203,9.707969912910526,9.475488179385419,6.1903528765969,9.638918148464743
2026-06-08,ITA US 12/18/26 C250 Equity,2026-06-15,12.75,9.0,8.197707599585742,9.0,8.197707599585742,5.70400812551094,6.200017045517957,8.337145147942186,8.889062,8.613902907360135,7.72725252670934,5.11778049205071,6.875577630524872
2026-06-08,ITA US 01/15/27 C240 Equity,2026-06-15,19.65,14.4,13.271093233972866,14.4,13.271093233972866,11.243644774321442,11.871756404642657,11.738198517678518,11.824276,11.58450339654234,11.12406351430706,9.986182241178565,12.68262125271515
2026-06-08,ITA US 10/16/26 C235 Equity,2026-06-15,16.549999999999997,11.85,11.04587598066084,11.85,11.04587598066084,8.598463061222791,8.944007761701378,9.736688915565155,9.438593,9.703681944039664,9.198999110192936,5.987086111645545,9.803171904514834
2026-06-08,ITA US 10/16/26 C230 Equity,2026-06-15,19.4,13.8,13.201637900458929,13.8,13.201637900458929,10.413530385094543,10.592158002523803,11.323147099816708,11.08467,11.128100323184828,10.878295307850726,9.049378791429586,11.758174481969602
2026-06-08,ITA US 01/15/27 C235 Equity,2026-06-15,22.1,16.4,15.39134723291428,16.4,15.39134723291428,12.436416573915935,13.146626146010785,14.849709013023864,14.179689,13.469583181596933,13.859117405210414,12.79617808018931,14.54253947241244
2026-06-08,ITA US 10/16/26 C245 Equity,2026-06-15,11.850000000000001,8.15,7.4204994309645445,8.15,7.4204994309645445,5.522055120789803,5.974098194371517,7.781119677881702,6.7568517,6.700367049186233,5.19144617786953,4.003018219627875,6.353857983933472
2026-06-08,ITA US 12/18/26 C240 Equity,2026-06-15,18.049999999999997,13.15,12.098907036414843,13.15,12.098907036414843,9.80032439922895,10.465607864057862,11.008002897535452,11.285926,11.036201346475178,10.645447576927424,8.729519767851883,11.46346461347036
2026-06-08,ITA US 01/15/27 C245 Equity,2026-06-15,17.15,12.55,11.684387872138736,12.55,11.684387872138736,9.664753317208953,10.266346370980544,10.318935592002205,10.366773,10.17143594406794,10.287685358414802,7.448853482718866,10.877231426954319
2026-06-09,ITA US 01/15/27 C245 Equity,2026-06-16,17.7,13.7,12.886064716880794,13.7,12.886064716880794,10.663908299480475,11.576867434159906,11.251146182985519,11.031147,11.218188063560206,10.712615703732677,9.737062530762634,11.795222091599793
2026-06-09,ITA US 12/18/26 C235 Equity,2026-06-16,21.4,16.05,15.737561241178692,16.05,15.737561241178692,12.291985212650896,12.916926336912812,14.851386076936981,14.389636,14.509077970918698,13.598998937003826,11.347087812038533,13.711979020657214
2026-06-09,ITA US 01/15/27 C250 Equity,2026-06-16,15.65,11.55,11.08362017546065,11.55,11.08362017546065,8.975890321351967,9.581784984576531,9.06780842678857,9.460208,9.914372400540053,9.400339417541392,7.764908664358493,9.49258438138266
2026-06-09,ITA US 10/16/26 C230 Equity,2026-06-16,20.6,14.9,14.901775394117454,14.9,14.901775394117454,12.394784495983945,12.223148622710914,12.985333024317875,12.396039,13.06052573586889,11.642917256091394,10.680405563987474,12.597272906418278
2026-06-09,ITA US 10/16/26 C235 Equity,2026-06-16,17.4,12.7,12.282087140252294,12.7,12.282087140252294,9.435269543805038,9.851072114839171,10.801463887060745,10.559758,11.203729668046117,10.51997013105028,9.23317774171214,10.382556871803882
2026-06-09,ITA US 10/16/26 C245 Equity,2026-06-16,12.65,8.65,8.776617448904148,8.65,8.776617448904148,6.072757864671461,6.51518972242164,8.15128990432898,7.431197,7.540563585109445,6.184205781857133,6.864624139855521,6.395679613683924
2026-06-09,ITA US 12/18/26 C230 Equity,2026-06-16,24.35,18.85,18.28584702897021,18.85,18.28584702897021,14.934759475102476,15.234961379947414,16.2549618684683,16.52638,16.770015499297983,16.63326803254514,16.275366524814075,16.727663603183544
2026-06-09,ITA US 01/15/27 C240 Equity,2026-06-16,20.1,15.2,14.783861516447098,15.2,14.783861516447098,11.458216852017006,12.190763335856923,13.416934476024922,12.207813,12.888455005205977,11.936353790671054,11.287183057537685,12.900186118331487
2026-06-09,ITA US 01/15/27 C230 Equity,2026-06-16,25.9,19.9,19.602061533702564,19.9,19.602061533702564,15.841178834081445,15.99810231772173,16.561497131854487,16.870197,17.353360722727583,16.471915368067574,17.064246063212636,17.56176007789706
2026-06-09,ITA US 07/17/26 C230 Equity,2026-06-16,13.600000000000001,8.1,7.790338733999726,8.1,7.790338733999726,7.3003093155389625,5.978539718353169,7.305823493920513,7.5418735,8.185420065593485,5.217091242888138,10.251375007825636,5.57669991336579
2026-06-09,ITA US 10/16/26 C250 Equity,2026-06-16,10.350000000000001,7.35,7.425465095801919,7.35,7.425465095801919,5.402576955302234,5.9328688217022725,6.855428345315705,5.806265,6.460140323324329,4.664716525927801,3.746689269102468,5.195746895750685
2026-06-09,ITA US 01/15/27 C235 Equity,2026-06-16,22.7,17.4,17.169185524716898,17.4,17.169185524716898,13.18717996437546,13.85109694461329,15.539673839900878,15.293911,15.33717561127872,14.240522939371871,15.299458546473849,15.082556871803881
2026-06-09,ITA US 12/18/26 C245 Equity,2026-06-16,16.25,12.0,11.59874046287963,12.0,11.59874046287963,8.923917092841837,9.669572561679797,9.794273824466467,10.466411,10.782512454869195,9.49321618781931,8.302602454501073,9.838209695949558
2026-06-09,ITA US 07/17/26 C250 Equity,2026-06-16,3.4499999999999997,1.9,1.5851327002266644,1.9,1.5851327002266644,0.1932367289981176,0.12437434739736197,2.0981061674294437,2.395455,2.471435018433597,1.856243876860324,5.482580434171673,-0.6200660299455181
2026-06-09,ITA US 10/16/26 C240 Equity,2026-06-16,14.95,10.600000000000001,10.326494852859597,10.600000000000001,10.326494852859597,7.8027155915445485,8.345748431484257,8.496141195349676,8.652891,9.469789152864708,7.819681884063116,6.264451445452286,8.316456566111821
2026-06-09,ITA US 10/16/26 C255 Equity,2026-06-16,9.0,6.1,6.084553864194717,6.1,6.084553864194717,4.262349764267968,4.8391208278987445,4.399070052512025,4.54399,4.61981393218289,4.293240234769387,4.335583955313744,4.14431370436776
2026-06-09,ITA US 12/18/26 C240 Equity,2026-06-16,18.75,13.85,13.64175403068207,13.85,13.64175403068207,10.188997027377795,10.946282206756184,11.36874921439738,11.374054,11.80881057205731,10.98266494948154,10.389921027292456,11.5810294790867
2026-06-09,ITA US 12/18/26 C250 Equity,2026-06-16,14.100000000000001,10.9,9.755976293896792,10.9,9.755976293896792,5.8304626881878505,6.932848595145099,8.69295064231551,9.94092,10.312342255681022,8.575287736806331,8.241353833820435,8.266826036642177
2026-06-10,ITA US 12/18/26 C240 Equity,2026-06-17,20.7,12.55,11.678302140246386,12.55,11.678302140246386,9.108487357786327,9.696408726360424,10.32806580585487,10.503712,10.221354511684806,9.40011242828843,9.636520855295185,10.719037369526589
2026-06-10,ITA US 07/17/26 C230 Equity,2026-06-17,15.65,6.6,5.689004042532485,6.6,5.689004042532485,6.405395387686848,4.769670052975554,6.801799865815995,6.4743466,6.57926593649486,4.291821374019827,9.186845374043443,4.394626137516316
2026-06-10,ITA US 01/15/27 C240 Equity,2026-06-17,22.2,13.899999999999999,12.834649849917176,13.899999999999999,12.834649849917176,9.985501170179605,10.585799842422574,11.368766972082096,10.918484,10.640675024728438,10.395503119001969,10.512038944541981,11.853133844240105
2026-06-10,ITA US 01/15/27 C235 Equity,2026-06-17,24.75,15.8,14.621409391810264,15.8,14.621409391810264,11.186009083680053,11.870718123688361,14.315804112723248,13.132913,12.832463903585898,12.55237798283106,13.073715373514936,13.613742024155997
2026-06-10,ITA US 01/15/27 C245 Equity,2026-06-17,19.55,12.2,11.089835722909035,12.2,11.089835722909035,8.748625030238331,9.577368074337864,10.063326881275666,9.858686,9.575507514970262,8.83345088035733,6.590889447634605,10.244196028437795
2026-06-10,ITA US 10/16/26 C240 Equity,2026-06-17,16.799999999999997,9.4,8.693480056973092,9.4,8.693480056973092,6.175128111116262,6.487964615227166,8.362474202178888,7.8498545,7.597733384588199,6.592105190718979,5.089440720649025,7.229760401219259
2026-06-10,ITA US 10/16/26 C255 Equity,2026-06-17,10.15,5.35,4.821532216344796,5.35,4.821532216344796,2.8567027598168924,3.13759552079191,4.183550091757016,4.052669,3.7207871575608906,2.6192135741688354,2.252803362637005,3.4885910462165457
2026-06-10,ITA US 10/16/26 C250 Equity,2026-06-17,12.25,6.65,6.0412699681689315,6.65,6.0412699681689315,3.7126565261469135,4.092003607680116,6.776164875691109,5.097883,5.338888015258069,3.810619811681395,2.7109668645681744,4.65744350816704
2026-06-10,ITA US 10/16/26 C230 Equity,2026-06-17,22.9,13.45,12.620584364793926,13.45,12.620584364793926,9.914604919287825,10.314601496125883,11.181892882707789,11.039187,10.776862799244718,10.142713599516918,10.083408179109803,11.398842941292374
2026-06-10,ITA US 10/16/26 C235 Equity,2026-06-17,20.0,11.2,10.749590409555324,11.2,10.749590409555324,8.118099296793254,8.338992508001933,8.909287257296853,8.541332,8.738713275598052,8.0322468584952,7.453879521620763,9.030012471936328
2026-06-10,ITA US 07/17/26 C250 Equity,2026-06-17,4.7,1.225,0.8167560570837301,1.225,0.8167560570837301,-0.7605547034136944,-1.4142874004881527,2.097766414965326,2.0017993,1.6955166677240938,1.190960112135297,4.291572408344201,-0.9988816974970489
2026-06-10,ITA US 12/18/26 C245 Equity,2026-06-17,18.25,11.0,10.088875889303822,11.0,10.088875889303822,7.754017099411173,8.337897962175393,8.70506393808045,9.4404125,9.185415893420712,8.276069567708563,7.007117140479211,9.15129902367831
2026-06-10,ITA US 01/15/27 C230 Equity,2026-06-17,27.85,17.85,16.549612959791332,17.85,16.549612959791332,13.270130522760013,13.912117347704005,15.629879572773133,15.226585,14.586596507606224,14.789104843849739,14.299785246763534,15.624048286369648
2026-06-10,ITA US 12/18/26 C230 Equity,2026-06-17,26.4,16.55,15.43570217648655,16.55,15.43570217648655,12.15116560453274,12.92320586803701,14.971346975895706,14.540939,14.84175017450502,13.978706551173467,14.050436554205582,14.498842941292377
2026-06-10,ITA US 01/15/27 C250 Equity,2026-06-17,16.95,10.9,9.851290809760748,10.9,9.851290809760748,7.142060752029892,7.685496869724447,8.659247890790896,8.70875,8.467866700370967,7.7638764063772125,6.211294155055326,8.75322670439098
2026-06-10,ITA US 10/16/26 C245 Equity,2026-06-17,14.5,7.7,7.202492323726973,7.7,7.202492323726973,5.336693066093391,5.521689298720211,6.954815063929133,5.639935,5.991408835620962,4.238612447675822,5.468234417600741,5.912985745188735
2026-06-10,ITA US 12/18/26 C235 Equity,2026-06-17,23.4,14.600000000000001,13.555400996943735,14.600000000000001,13.555400996943735,10.430041899753494,11.06206183414175,11.863767364170178,12.162068,12.166306704932662,11.453993251121254,10.56323652961526,12.47542874566642
2026-06-10,ITA US 12/18/26 C250 Equity,2026-06-17,16.0,9.65,8.6820271093714,9.65,8.6820271093714,5.93423348398792,6.538588965141001,8.357226096947297,8.6463785,8.40297617249419,7.484825045904371,7.165923944781546,7.719130229677463
2026-06-11,ITA US 10/16/26 C230 Equity,2026-06-18,19.95,18.4,18.6045881564837,18.4,18.6045881564837,16.086416793334564,15.983375453074071,15.786483978939353,15.787512,15.740402539180788,15.264896388120926,17.507220943571816,16.26422366472317
2026-06-11,ITA US 01/15/27 C240 Equity,2026-06-18,20.15,18.200000000000003,18.426328111703086,18.200000000000003,18.426328111703086,15.083974888609038,15.735054091232865,15.667284146912667,16.039711,16.526841455085936,16.026177539664403,19.964946679171685,16.073079588547085
2026-06-11,ITA US 10/16/26 C240 Equity,2026-06-18,14.6,13.05,13.236698477424449,13.05,13.236698477424449,10.856030642067887,11.132061356350171,11.083880046668915,12.170932,12.64169280279786,11.601296201189138,16.401828913477804,10.935369529983864
2026-06-11,ITA US 01/15/27 C230 Equity,2026-06-18,25.2,23.35,23.750372129188325,23.35,23.750372129188325,19.909902162232143,20.04232972185534,20.7119240394094,19.137215,20.67785474883007,20.814381658831344,20.59792483503774,21.060006860947112
2026-06-11,ITA US 12/18/26 C235 Equity,2026-06-18,21.1,19.4,19.533803699861636,19.4,19.533803699861636,16.08400212636812,16.17827888671539,16.42859606508519,17.132027,17.025278862407287,15.927260428958677,20.997642061919723,17.22501765676532
2026-06-11,ITA US 12/18/26 C230 Equity,2026-06-18,23.8,21.9,22.193159456037684,21.9,22.193159456037684,18.60006584491774,18.82089607017305,17.424482297009007,18.300846,19.052696413663217,19.016943164412716,19.903016777407796,19.651115731310863
2026-06-11,ITA US 10/16/26 C235 Equity,2026-06-18,17.450000000000003,15.5,15.899203911491915,15.5,15.899203911491915,13.554396065283742,13.173640087070416,13.516069740200907,13.481371,13.674588199120745,12.33947299765814,17.753505718430763,13.325017656765322
2026-06-11,ITA US 12/18/26 C240 Equity,2026-06-18,18.4,16.85,16.92948691565915,16.85,16.92948691565915,13.371372084587154,14.16010987928309,15.344940201468972,15.629263,15.524783684578201,14.267668704994303,20.575410450808842,14.78679074188575
2026-06-11,ITA US 10/16/26 C250 Equity,2026-06-18,10.65,9.100000000000001,9.175730051505552,9.100000000000001,9.175730051505552,7.3616721792203075,7.991995290975145,8.414283606479911,9.046285,9.20645131016614,8.064588972044842,12.995729586588578,7.158849423811174
2026-06-11,ITA US 10/16/26 C255 Equity,2026-06-18,9.0,7.8500000000000005,7.727568648681592,7.8500000000000005,7.727568648681592,6.5832158887298595,7.454992633759795,7.59998763755805,6.977376,6.566346517614068,4.8524377017154166,11.245782699235026,6.135379889532465
2026-06-11,ITA US 12/18/26 C245 Equity,2026-06-18,16.55,14.600000000000001,14.618751093307418,14.600000000000001,14.618751093307418,12.10956340779749,12.897638509788232,11.955805223779016,13.450835,13.178539321945106,12.611462667720081,16.836965955566857,12.655784357079138
2026-06-11,ITA US 01/15/27 C245 Equity,2026-06-18,17.85,15.85,16.00976426193148,15.85,16.00976426193148,12.898601353612964,13.69495571603314,14.259300387395905,14.1853895,14.656311055991585,13.743032909854604,18.287671980638475,13.80298876520496
2026-06-11,ITA US 10/16/26 C245 Equity,2026-06-18,12.65,11.05,11.167525819403352,11.05,11.167525819403352,9.159086440692356,9.781751920951177,8.785049504056879,10.010963,10.184263308742846,8.44611734588881,14.52175455617592,9.074940996323926
2026-06-11,ITA US 01/15/27 C235 Equity,2026-06-18,22.55,20.549999999999997,20.83636645341433,20.549999999999997,20.83636645341433,16.91930068622164,17.03925254363409,16.49049558332474,17.148956,17.875273210987594,18.162703512048786,23.22182992218952,18.344174296010106
2026-06-11,ITA US 01/15/27 C250 Equity,2026-06-18,15.85,14.05,13.926637852779573,14.05,13.926637852779573,11.794786454563564,12.46575676339828,11.499754546371925,12.684977,13.553716349496101,12.83101130666884,16.35093911638486,12.139692784566385
2026-06-11,ITA US 12/18/26 C250 Equity,2026-06-18,14.25,12.7,12.650092025314283,12.7,12.650092025314283,10.170056564052825,11.08249913828686,10.902426343757455,12.16616,12.285465554080682,11.086971784610919,16.093032598605188,10.820536145321595
2026-06-12,ITA US 10/16/26 C240 Equity,2026-06-22,12.75,12.75,12.298829369252395,12.75,12.298829369252395,11.532684786574187,10.355772345028054,10.787021767651988,10.391015,10.221583756363229,10.671047940405746,6.701458650501842,10.782880888028435
2026-06-12,ITA US 10/16/26 C255 Equity,2026-06-22,7.45,7.699999999999999,7.159857994622131,7.699999999999999,7.159857994622131,7.150487237906052,6.170842846911087,6.949740664105076,5.7984605,6.115239195101327,5.201489106009966,4.005640568652786,5.970873707127665
2026-06-12,ITA US 12/18/26 C235 Equity,2026-06-22,18.95,18.45,17.872919221712536,18.45,17.872919221712536,15.907420747408231,15.010222589242625,15.710423160022389,16.071554,15.809105357846647,16.396006175472593,15.507138808986257,16.509703703042597
2026-06-12,ITA US 12/18/26 C250 Equity,2026-06-22,12.45,12.35,11.559922290700214,12.35,11.559922290700214,10.269833702301453,9.629663275087655,10.10244301811682,10.424762,10.582046884004404,10.002089972800626,6.363872147665453,10.456604618437293
2026-06-12,ITA US 10/16/26 C250 Equity,2026-06-22,9.1,9.25,8.694039180466342,9.25,8.694039180466342,8.23522604264125,7.293376712430391,8.3482906733405,8.02739,7.868522530010509,7.2376575453712775,4.203180517604497,7.43456178772804
2026-06-12,ITA US 10/16/26 C230 Equity,2026-06-22,18.05,17.4,16.982629897250675,17.4,16.982629897250675,15.737683765609061,14.200321697773212,15.392198012750425,15.557893,15.145017933858416,14.77545333987504,10.956540054152542,15.283683970902313
2026-06-12,ITA US 10/16/26 C235 Equity,2026-06-22,14.95,14.850000000000001,14.414545512191465,14.850000000000001,14.414545512191465,13.117193998210977,11.79987783143241,12.506442414408877,12.4324875,12.17751783265008,12.74104766784104,11.448581883102666,12.848016981532165
2026-06-12,ITA US 12/18/26 C240 Equity,2026-06-22,16.75,16.3,15.5961549820754,16.3,15.5961549820754,13.849226009868719,13.117198661203775,14.739414263775478,14.56111,14.27578922013098,15.046615666482648,12.382199191835808,14.409140522513749
2026-06-12,ITA US 01/15/27 C250 Equity,2026-06-22,14.1,13.350000000000001,12.662890392726444,13.350000000000001,12.662890392726444,12.188050284294071,11.34208173787287,11.167010399409017,11.004336,10.816621255196697,11.614986631930943,8.01797369094898,11.641664782968565
2026-06-12,ITA US 10/16/26 C245 Equity,2026-06-22,10.8,10.75,10.29424208265998,10.75,10.29424208265998,9.575928278335642,8.490258668409645,8.506408043079217,8.506922,8.439974889719249,7.915844964666527,5.8540248945512925,8.843872152944561
2026-06-12,ITA US 12/18/26 C230 Equity,2026-06-22,21.4,21.05,20.34854501626336,21.05,20.34854501626336,18.475159344284577,17.320673393944773,16.541557105106957,17.443106,17.66404346501828,18.000385609765377,15.189422608632926,18.964527331657536
2026-06-12,ITA US 01/15/27 C245 Equity,2026-06-22,15.75,15.3,14.67818081155213,15.3,14.67818081155213,13.41384413055576,12.605475548674697,13.429006068066567,12.516813,12.779965793994812,12.82543453284337,10.624262239896735,13.486402235210205
2026-06-12,ITA US 01/15/27 C240 Equity,2026-06-22,18.05,17.5,16.738177541925833,17.5,16.738177541925833,15.15984783393915,14.415950244110013,15.314211198427705,15.0449505,14.762843486310928,15.447953638620833,12.703350884931444,15.547453801003323
2026-06-15,ITA US 10/16/26 C235 Equity,2026-06-23,14.9,16.549999999999997,15.419608420406798,16.549999999999997,15.419608420406798,13.589991211578456,13.006352911186589,14.371610604770153,11.7308,11.534563745536872,9.494192587551858,12.370398248862026,14.071177158754548
2026-06-15,ITA US 10/16/26 C240 Equity,2026-06-23,12.45,14.350000000000001,13.451033589079223,14.350000000000001,13.451033589079223,10.994152094791364,10.76033101787238,11.728028682133528,9.415482,8.710191010522106,7.222989497667161,11.17936838109834,11.7571738223261
2026-06-15,ITA US 10/16/26 C245 Equity,2026-06-23,10.25,11.850000000000001,10.78300005079104,11.850000000000001,10.78300005079104,8.777858539260246,8.645391008364639,9.789065199731999,8.13375,7.312046827040195,7.079503002072564,10.060639021685851,9.33543515546735
2026-06-15,ITA US 01/15/27 C250 Equity,2026-06-23,14.15,15.0,13.782876277788876,15.0,13.782876277788876,12.104948594357444,12.396614868634735,12.834337049938997,10.940879,9.953144478941255,9.359935390975746,10.743700577671628,12.900090946404825
2026-06-15,ITA US 12/18/26 C250 Equity,2026-06-23,11.75,12.75,12.157152856385947,12.75,12.157152856385947,9.463730480263266,9.51965843214664,10.824525629843022,9.3647175,8.650755603294426,7.727406892122066,9.306936146973445,10.187440535076648
2026-06-15,ITA US 12/18/26 C235 Equity,2026-06-23,18.950000000000003,20.700000000000003,19.282291772546774,20.700000000000003,19.282291772546774,16.237033465562863,16.122245490954157,15.800014098464015,14.505717,14.058679805927774,13.995159841172907,15.472419460500298,18.066960354978495
2026-06-15,ITA US 01/15/27 C245 Equity,2026-06-23,16.05,17.15,15.905591412271994,17.15,15.905591412271994,12.793682122966587,13.138253549442744,14.750834642702687,12.286577,11.13552388497565,10.512902222356933,13.105162499762145,14.635435155467345
2026-06-15,ITA US 10/16/26 C230 Equity,2026-06-23,17.5,19.4,18.469674493755175,19.4,18.469674493755175,16.901275770500384,16.45378800268383,15.763531513259043,14.772049,13.573582977996752,13.84376064278142,13.327754260247378,16.908035241173465
2026-06-15,ITA US 12/18/26 C240 Equity,2026-06-23,16.2,18.049999999999997,16.791034662241074,18.049999999999997,16.791034662241074,13.960938306163627,14.272624035028672,15.012798777116013,13.561693,12.39741085287801,11.542371455163892,15.626358871063646,15.827294151388637
2026-06-15,ITA US 10/16/26 C255 Equity,2026-06-23,7.05,7.8,6.907782090278549,7.8,6.907782090278549,5.5193575458603465,5.358363993556807,7.570438144777265,5.2979226,4.613349059470759,2.8968230588273993,6.472861081301517,5.217571462093074
2026-06-15,ITA US 12/18/26 C230 Equity,2026-06-23,21.6,23.1,21.696540350681015,23.1,21.696540350681015,18.692630782527992,18.701166385876412,20.463655730041047,16.911657,16.723691798301896,16.76416212179681,17.548882295955735,20.557177891346587
2026-06-15,ITA US 10/16/26 C250 Equity,2026-06-23,8.5,10.0,9.149991574608205,10.0,9.149991574608205,7.314573674468557,7.2578679297239095,8.432682500497547,7.0991826,6.286043270501149,5.845486932417158,6.472920328321747,7.416862683929979
2026-06-15,ITA US 01/15/27 C240 Equity,2026-06-23,18.25,19.65,18.46413161065541,19.65,18.46413161065541,15.572504819557764,15.891281395253452,15.697398569331353,13.947579,13.247404399348946,12.435910058535116,15.44457623558605,17.274774882418033
2026-06-16,ITA US 01/15/27 C240 Equity,2026-06-24,18.15,20.1,19.30560117878653,20.1,19.30560117878653,15.483881284741946,15.630410607654827,15.788450201147919,14.717964,14.509299825581865,13.261128385195455,15.44189222465803,16.995557660315505
2026-06-16,ITA US 12/18/26 C245 Equity,2026-06-24,14.75,16.25,15.43538120666642,16.25,15.43538120666642,12.112451741751475,12.005560123400041,14.322662548938903,12.221945,11.547600081980942,10.359037614847372,10.296685891925856,13.13187594591216
2026-06-16,ITA US 12/18/26 C235 Equity,2026-06-24,19.15,21.4,20.32644056255392,21.4,20.32644056255392,16.75242181523295,16.556158539826924,16.530246595510718,15.799832,16.134051695480206,14.681710990017635,14.795262933811843,18.151936586171782
2026-06-16,ITA US 01/15/27 C235 Equity,2026-06-24,20.65,22.7,21.792571362062994,22.7,21.792571362062994,17.802652361304887,17.678874202632336,20.072979425253855,16.707355,16.740760613580104,15.667725663105585,17.221969081850094,19.45193658617178
2026-06-16,ITA US 10/16/26 C230 Equity,2026-06-24,18.200000000000003,20.6,20.068296722578793,20.6,20.068296722578793,16.882576556356746,16.545689005985658,15.864800101249717,14.956238,13.96660988325745,14.609691936944499,15.623764047882654,17.373823838591296
2026-06-16,ITA US 12/18/26 C230 Equity,2026-06-24,21.85,24.35,23.603653498926388,24.35,23.603653498926388,19.168816224954277,19.14207326930271,21.791536175564822,18.996674,19.310001044037932,16.974909998021463,19.33227892887549,21.03129375632566
2026-06-16,ITA US 10/16/26 C245 Equity,2026-06-24,10.45,12.65,12.046951405002,12.65,12.046951405002,8.74204359669728,8.458212850711362,10.718586811814928,8.871824,8.921743964870775,7.831167410646292,7.12375461501402,9.292694387258546
2026-06-16,ITA US 10/16/26 C240 Equity,2026-06-24,13.15,14.95,14.367764591662223,14.95,14.367764591662223,11.412819706603536,10.923128428265969,12.845716484479977,10.639889,10.594920407685409,8.744029081793855,10.17581522633606,11.818974870997046
2026-06-16,ITA US 10/16/26 C250 Equity,2026-06-24,9.2,10.350000000000001,9.79998102810307,10.350000000000001,9.79998102810307,6.995425041205905,6.6258576632515345,8.448836430539105,7.370937,7.590646023070809,6.406094270996446,6.416083263730575,7.16817443107333
2026-06-16,ITA US 10/16/26 C235 Equity,2026-06-24,15.1,17.4,16.63723734696819,17.4,16.63723734696819,13.473241170738111,12.933441526085163,14.922379263284641,13.635344,12.641903482437558,11.697626601808265,11.137147911846748,14.13566613839145
2026-06-16,ITA US 12/18/26 C250 Equity,2026-06-24,12.6,14.100000000000001,13.401227894630651,14.100000000000001,13.401227894630651,10.336660131282994,10.342344485995666,11.583634343415072,9.703884,9.395706342120064,8.154799470021686,8.359260844521923,11.103187763675017
2026-06-16,ITA US 01/15/27 C230 Equity,2026-06-24,23.45,25.9,25.15057052393469,25.9,25.15057052393469,20.234179437241515,20.114384621876773,22.03981433875525,19.283669,19.709891318261093,18.391548516348042,19.837458753879165,22.303703509528752
2026-06-16,ITA US 12/18/26 C240 Equity,2026-06-24,16.85,18.75,17.940885988496063,18.75,17.940885988496063,13.295651785200196,13.481785113784612,15.523709794751502,14.134118,13.292563107973924,12.41447806288654,14.264571102405686,15.475070408759114
2026-06-16,ITA US 01/15/27 C250 Equity,2026-06-24,14.0,15.65,14.834225611283088,15.65,14.834225611283088,12.155299499443228,12.261467844763086,13.522115041930816,11.69447,11.708966324437222,9.871435182790743,10.996329250437128,12.83829476013587
2026-06-16,ITA US 10/16/26 C255 Equity,2026-06-24,7.550000000000001,9.0,8.348865419113052,9.0,8.348865419113052,5.690941856707043,5.469881170835247,8.341255844215937,6.845429,6.6476314000302255,5.958215214580225,3.7972109774177802,5.699309143438843
2026-06-16,ITA US 01/15/27 C245 Equity,2026-06-24,16.0,17.7,16.91026189928667,17.7,16.91026189928667,12.942419693645013,12.975533992613181,14.916303102725486,13.471741,12.711851665841602,11.867907253953705,12.572375839957466,14.534762137376612
2026-06-17,ITA US 01/15/27 C250 Equity,2026-06-25,15.25,16.95,15.799010844228672,16.95,15.799010844228672,10.813827266815856,11.396363213774972,14.836114662331836,13.133282,12.98205531526598,12.451741134605216,10.906215642862282,12.582837987304803
2026-06-17,ITA US 01/15/27 C245 Equity,2026-06-25,17.4,19.55,18.463416160880104,19.55,18.463416160880104,13.178928713161177,13.784922438638604,15.779397130457022,14.873514,14.488662029170461,14.42513388119014,14.053338149349749,15.428030230022227
2026-06-17,ITA US 12/18/26 C235 Equity,2026-06-25,21.6,23.4,22.574929148700164,23.4,22.574929148700164,16.751943597472206,17.08241135279283,20.646384318769094,17.627045,17.74185943127708,17.90936081082841,16.630402116832855,18.937345453066822
2026-06-17,ITA US 10/16/26 C250 Equity,2026-06-25,10.2,12.25,11.551499466335292,12.25,11.551499466335292,7.2033868787012985,7.396016216639134,10.07723321895897,8.998053,9.272542099178924,8.160926729802553,7.769830245706311,8.129584873346497
2026-06-17,ITA US 12/18/26 C245 Equity,2026-06-25,16.25,18.25,17.164513822277947,18.25,17.164513822277947,11.59179366300354,12.195843453408672,15.156531786648005,13.626764,13.05010425868719,12.304366333200633,11.773921532023348,13.929399799931089
2026-06-17,ITA US 01/15/27 C235 Equity,2026-06-25,22.5,24.75,23.8114957154664,24.75,23.8114957154664,18.309818806000365,18.75569841038535,21.918334292606072,19.337688,19.2268072441794,18.66539310669573,18.348600568028065,20.462093276059964
2026-06-17,ITA US 12/18/26 C240 Equity,2026-06-25,18.65,20.7,19.695001518053147,20.7,19.695001518053147,13.947938052041403,14.092670078886233,15.856432126798373,14.785959,15.049183212156137,15.17934539506242,14.609509469197155,16.320223809848578
2026-06-17,ITA US 01/15/27 C230 Equity,2026-06-25,25.85,27.85,26.688885190209287,27.85,26.688885190209287,21.138804324500818,21.43371523858457,26.936256965737403,21.882128,22.150097157070075,21.552487083191984,21.6706359125327,23.45536146621479
2026-06-17,ITA US 12/18/26 C230 Equity,2026-06-25,24.55,26.4,25.27614175607933,26.4,25.27614175607933,19.385432690313692,19.845869593367368,22.127294311215763,19.818705,19.872646725828346,19.38447013902505,20.21427421014048,21.91283138394915
2026-06-17,ITA US 10/16/26 C255 Equity,2026-06-25,8.55,10.15,9.486693253174534,10.15,9.486693253174534,6.498947733721764,6.558476964512519,8.406642679624166,7.436011,7.379824766712971,6.414805058008886,4.297140402498499,6.1241535210702756
2026-06-17,ITA US 10/16/26 C245 Equity,2026-06-25,12.55,14.5,13.779678862069494,14.5,13.779678862069494,9.34537032439166,9.459705144322825,11.796550549021768,10.167655,10.163613697839045,10.211775101104305,9.551180706172438,10.288200329977057
2026-06-17,ITA US 10/16/26 C240 Equity,2026-06-25,14.75,16.799999999999997,16.145403507107112,16.799999999999997,16.145403507107112,11.401579446830834,11.106923701201945,14.91207606544457,12.877941,12.524133606775356,11.037453433544531,10.389592872820174,12.358537088338151
2026-06-17,ITA US 10/16/26 C235 Equity,2026-06-25,17.5,20.0,19.232364130140503,20.0,19.232364130140503,14.261389300161712,14.218524516282711,15.900597909382919,15.877017,15.035531571049795,15.718501785648623,13.988548117603258,15.660718896087669
2026-06-17,ITA US 10/16/26 C230 Equity,2026-06-25,20.7,22.9,22.17326049526316,22.9,22.17326049526316,17.28431562417272,17.379115697792027,20.21136298228026,16.557007,16.75225907087628,16.144363973378002,15.827734518549555,18.386657490959944
2026-06-17,ITA US 01/15/27 C240 Equity,2026-06-25,20.0,22.2,21.137534107407195,22.2,21.137534107407195,15.903788736444945,16.181173822255463,17.096545631017587,15.859147,16.08351891431122,15.589681624654917,15.290329753667859,17.905746306527412
2026-06-17,ITA US 12/18/26 C250 Equity,2026-06-25,13.95,16.0,14.929537434468594,16.0,14.929537434468594,10.592642639816795,11.379376032558543,14.237523067592308,11.8209,11.17066801184179,11.07737313226718,10.70925125997842,12.003809335075005
